date,channel,source,medium,campaign,device,city,payment_method,purchases,units_sold,gross_revenue_sar,discount_sar,refund_sar,net_revenue_sar,cost_sar
2025-01-01,Organic Search,google,organic,Always-on SEO,mobile,Riyadh,mada,11,11,2329.0,0.0,219.0,2110.0,703.0
2025-01-01,Direct,direct,none,Unassigned,desktop,Jeddah,mastercard,7,8,1892.0,147.4,0.0,1744.6,596.0
2025-01-01,Email,newsletter,email,Lifecycle,tablet,Dammam,apple_pay,10,11,2609.0,69.7,0.0,2539.3,821.0
2025-01-02,Paid Search,google,cpc,KSA Growth,desktop,Dammam,apple_pay,5,5,1095.0,13.9,0.0,1081.1,337.0
2025-01-02,Paid Social,instagram,paid_social,Creator Offers,tablet,Makkah,stc_pay,6,6,1384.0,35.9,0.0,1348.1,442.0
2025-01-02,Affiliates,partners,affiliate,Partner Network,mobile,Madinah,visa,7,8,1622.0,46.8,224.1,1351.1,501.0
2025-01-03,Direct,direct,none,Unassigned,tablet,Madinah,visa,8,10,2070.0,8.9,278.0,1783.1,634.0
2025-01-03,Email,newsletter,email,Lifecycle,mobile,Khobar,mada,6,6,1064.0,44.7,0.0,1019.3,301.0
2025-01-03,Organic Search,google,organic,Always-on SEO,desktop,Riyadh,mastercard,6,7,1473.0,27.9,0.0,1445.1,447.0
2025-01-04,Paid Social,instagram,paid_social,Creator Offers,mobile,Riyadh,mastercard,9,11,2539.0,21.9,0.0,2517.1,791.0
2025-01-04,Affiliates,partners,affiliate,Partner Network,desktop,Jeddah,apple_pay,7,8,2092.0,32.9,0.0,2059.1,677.0
2025-01-04,Paid Search,google,cpc,KSA Growth,tablet,Dammam,stc_pay,7,8,1902.0,27.9,0.0,1874.1,590.0
2025-01-05,Email,newsletter,email,Lifecycle,desktop,Dammam,stc_pay,6,7,1583.0,0.0,0.0,1583.0,503.0
2025-01-05,Organic Search,google,organic,Always-on SEO,tablet,Makkah,visa,7,8,1782.0,8.9,0.0,1773.1,548.0
2025-01-05,Direct,direct,none,Unassigned,mobile,Madinah,mada,10,12,2638.0,0.0,0.0,2638.0,814.0
2025-01-06,Affiliates,partners,affiliate,Partner Network,tablet,Madinah,mada,13,15,3085.0,63.7,359.0,2662.3,955.0
2025-01-06,Paid Search,google,cpc,KSA Growth,mobile,Khobar,mastercard,7,8,1672.0,41.8,0.0,1630.2,508.0
2025-01-06,Paid Social,instagram,paid_social,Creator Offers,desktop,Riyadh,apple_pay,11,12,2698.0,75.6,0.0,2622.4,846.0
2025-01-07,Organic Search,google,organic,Always-on SEO,mobile,Riyadh,apple_pay,6,6,1514.0,19.9,0.0,1494.1,500.0
2025-01-07,Direct,direct,none,Unassigned,desktop,Jeddah,stc_pay,5,5,1225.0,35.9,0.0,1189.1,399.0
2025-01-07,Email,newsletter,email,Lifecycle,tablet,Dammam,visa,4,4,816.0,0.0,0.0,816.0,238.0
2025-01-08,Paid Search,google,cpc,KSA Growth,desktop,Dammam,visa,12,16,3584.0,107.6,574.2,2902.2,1126.0
2025-01-08,Paid Social,instagram,paid_social,Creator Offers,tablet,Makkah,mada,14,15,3305.0,46.8,249.0,3009.2,1015.0
2025-01-08,Affiliates,partners,affiliate,Partner Network,mobile,Madinah,mastercard,9,9,2041.0,43.8,0.0,1997.2,653.0
2025-01-09,Direct,direct,none,Unassigned,tablet,Madinah,mastercard,10,10,2260.0,47.8,159.0,2053.2,720.0
2025-01-09,Email,newsletter,email,Lifecycle,mobile,Khobar,apple_pay,10,12,2888.0,32.9,199.0,2656.1,904.0
2025-01-09,Organic Search,google,organic,Always-on SEO,desktop,Riyadh,stc_pay,6,7,1573.0,0.0,179.0,1394.0,497.0
2025-01-10,Paid Social,instagram,paid_social,Creator Offers,mobile,Riyadh,stc_pay,6,6,1404.0,0.0,0.0,1404.0,448.0
2025-01-10,Affiliates,partners,affiliate,Partner Network,desktop,Jeddah,visa,8,8,1692.0,13.9,0.0,1678.1,516.0
2025-01-10,Paid Search,google,cpc,KSA Growth,tablet,Dammam,mada,10,10,2420.0,15.9,0.0,2404.1,767.0
2025-01-11,Email,newsletter,email,Lifecycle,desktop,Dammam,mada,8,9,1991.0,0.0,0.0,1991.0,595.0
2025-01-11,Organic Search,google,organic,Always-on SEO,tablet,Makkah,mastercard,9,9,2041.0,0.0,0.0,2041.0,653.0
2025-01-11,Direct,direct,none,Unassigned,mobile,Madinah,apple_pay,4,4,996.0,0.0,0.0,996.0,324.0
2025-01-12,Affiliates,partners,affiliate,Partner Network,tablet,Madinah,apple_pay,6,6,1624.0,62.8,0.0,1561.2,539.0
2025-01-12,Paid Search,google,cpc,KSA Growth,mobile,Khobar,stc_pay,8,8,1732.0,55.8,139.0,1537.2,538.0
2025-01-12,Paid Social,instagram,paid_social,Creator Offers,desktop,Riyadh,visa,7,7,1393.0,18.9,0.0,1374.1,422.0
2025-01-13,Organic Search,google,organic,Always-on SEO,mobile,Riyadh,visa,10,10,2130.0,36.8,179.0,1914.2,642.0
2025-01-13,Direct,direct,none,Unassigned,desktop,Jeddah,mada,8,9,1981.0,62.7,0.0,1918.3,603.0
2025-01-13,Email,newsletter,email,Lifecycle,tablet,Dammam,mastercard,9,11,2599.0,138.5,199.0,2261.5,847.0
2025-01-14,Paid Search,google,cpc,KSA Growth,desktop,Dammam,mastercard,8,9,2311.0,19.9,0.0,2291.1,766.0
2025-01-14,Paid Social,instagram,paid_social,Creator Offers,tablet,Makkah,apple_pay,7,7,1563.0,8.9,0.0,1554.1,491.0
2025-01-14,Affiliates,partners,affiliate,Partner Network,mobile,Madinah,stc_pay,8,8,1722.0,47.8,0.0,1674.2,532.0
2025-01-15,Direct,direct,none,Unassigned,tablet,Madinah,stc_pay,13,16,3394.0,86.6,0.0,3307.4,1053.0
2025-01-15,Email,newsletter,email,Lifecycle,mobile,Khobar,visa,8,8,1552.0,8.9,0.0,1543.1,465.0
2025-01-15,Organic Search,google,organic,Always-on SEO,desktop,Riyadh,mada,6,6,1314.0,41.8,0.0,1272.2,404.0
2025-01-16,Paid Social,instagram,paid_social,Creator Offers,mobile,Riyadh,mada,6,6,1284.0,32.9,0.0,1251.1,392.0
2025-01-16,Affiliates,partners,affiliate,Partner Network,desktop,Jeddah,mastercard,10,10,2330.0,18.9,299.0,2012.1,738.0
2025-01-16,Paid Search,google,cpc,KSA Growth,tablet,Dammam,apple_pay,13,14,3126.0,85.7,0.0,3040.3,966.0
2025-01-17,Email,newsletter,email,Lifecycle,desktop,Dammam,apple_pay,8,8,1812.0,0.0,0.0,1812.0,562.0
2025-01-17,Organic Search,google,organic,Always-on SEO,tablet,Makkah,stc_pay,7,7,1533.0,35.9,219.0,1278.1,477.0
2025-01-17,Direct,direct,none,Unassigned,mobile,Madinah,visa,5,5,975.0,24.9,0.0,950.1,277.0
2025-01-18,Affiliates,partners,affiliate,Partner Network,tablet,Madinah,visa,8,8,1552.0,69.7,159.0,1323.3,465.0
2025-01-18,Paid Search,google,cpc,KSA Growth,mobile,Khobar,mada,11,11,2439.0,102.6,0.0,2336.4,769.0
2025-01-18,Paid Social,instagram,paid_social,Creator Offers,desktop,Riyadh,mastercard,9,11,2749.0,54.7,199.0,2495.3,891.0
2025-01-19,Organic Search,google,organic,Always-on SEO,mobile,Riyadh,mastercard,9,10,2270.0,114.6,0.0,2155.4,722.0
2025-01-19,Direct,direct,none,Unassigned,desktop,Jeddah,apple_pay,6,7,1703.0,64.7,179.1,1459.2,542.0
2025-01-19,Email,newsletter,email,Lifecycle,tablet,Dammam,stc_pay,8,9,1941.0,51.8,0.0,1889.2,587.0
2025-01-20,Paid Search,google,cpc,KSA Growth,desktop,Dammam,stc_pay,5,5,1175.0,63.7,0.0,1111.3,375.0
2025-01-20,Paid Social,instagram,paid_social,Creator Offers,tablet,Makkah,visa,7,8,1622.0,18.9,0.0,1603.1,484.0
2025-01-20,Affiliates,partners,affiliate,Partner Network,mobile,Madinah,mada,7,9,2291.0,69.7,0.0,2221.3,755.0
2025-01-21,Direct,direct,none,Unassigned,tablet,Madinah,mada,7,7,1513.0,13.9,159.0,1340.1,465.0
2025-01-21,Email,newsletter,email,Lifecycle,mobile,Khobar,mastercard,7,7,1713.0,62.8,0.0,1650.2,563.0
2025-01-21,Organic Search,google,organic,Always-on SEO,desktop,Riyadh,apple_pay,6,6,1374.0,8.9,0.0,1365.1,436.0
2025-01-22,Paid Social,instagram,paid_social,Creator Offers,mobile,Riyadh,apple_pay,3,3,837.0,0.0,0.0,837.0,281.0
2025-01-22,Affiliates,partners,affiliate,Partner Network,desktop,Jeddah,stc_pay,3,4,746.0,35.8,0.0,710.2,216.0
2025-01-22,Paid Search,google,cpc,KSA Growth,tablet,Dammam,visa,11,12,2838.0,60.7,0.0,2777.3,912.0
2025-01-23,Email,newsletter,email,Lifecycle,desktop,Dammam,visa,9,9,1941.0,41.8,0.0,1899.2,585.0
2025-01-23,Organic Search,google,organic,Always-on SEO,tablet,Makkah,mada,7,7,1653.0,63.8,358.0,1231.2,535.0
2025-01-23,Direct,direct,none,Unassigned,mobile,Madinah,mastercard,11,11,2359.0,62.7,0.0,2296.3,719.0
2025-01-24,Affiliates,partners,affiliate,Partner Network,tablet,Madinah,mastercard,5,5,1325.0,15.9,0.0,1309.1,445.0
2025-01-24,Paid Search,google,cpc,KSA Growth,mobile,Khobar,apple_pay,7,8,1812.0,0.0,0.0,1812.0,570.0
2025-01-24,Paid Social,instagram,paid_social,Creator Offers,desktop,Riyadh,stc_pay,11,11,2389.0,42.8,0.0,2346.2,746.0
2025-01-25,Organic Search,google,organic,Always-on SEO,mobile,Riyadh,stc_pay,5,6,1214.0,66.6,0.0,1147.4,354.0
2025-01-25,Direct,direct,none,Unassigned,desktop,Jeddah,visa,8,8,1762.0,72.7,0.0,1689.3,536.0
2025-01-25,Email,newsletter,email,Lifecycle,tablet,Dammam,mada,12,14,3086.0,102.5,0.0,2983.5,956.0
2025-01-26,Paid Search,google,cpc,KSA Growth,desktop,Dammam,mada,10,11,2549.0,27.9,199.0,2322.1,823.0
2025-01-26,Paid Social,instagram,paid_social,Creator Offers,tablet,Makkah,mastercard,11,11,2359.0,45.8,219.0,2094.2,719.0
2025-01-26,Affiliates,partners,affiliate,Partner Network,mobile,Madinah,apple_pay,5,6,1354.0,35.8,359.0,959.2,424.0
2025-01-27,Direct,direct,none,Unassigned,tablet,Madinah,apple_pay,12,12,2688.0,110.5,0.0,2577.5,840.0
2025-01-27,Email,newsletter,email,Lifecycle,mobile,Khobar,stc_pay,6,8,1422.0,0.0,278.0,1144.0,403.0
2025-01-27,Organic Search,google,organic,Always-on SEO,desktop,Riyadh,visa,5,5,1035.0,37.8,0.0,997.2,321.0
2025-01-28,Paid Social,instagram,paid_social,Creator Offers,mobile,Riyadh,visa,9,9,2121.0,18.9,279.0,1823.1,673.0
2025-01-28,Affiliates,partners,affiliate,Partner Network,desktop,Jeddah,mada,5,6,1354.0,32.9,0.0,1321.1,424.0
2025-01-28,Paid Search,google,cpc,KSA Growth,tablet,Dammam,mastercard,5,5,1225.0,8.9,0.0,1216.1,399.0
2025-01-29,Email,newsletter,email,Lifecycle,desktop,Dammam,mastercard,6,7,1663.0,35.9,0.0,1627.1,525.0
2025-01-29,Organic Search,google,organic,Always-on SEO,tablet,Makkah,apple_pay,7,8,1622.0,49.8,374.1,1198.1,501.0
2025-01-29,Direct,direct,none,Unassigned,mobile,Madinah,stc_pay,7,7,1463.0,65.7,0.0,1397.3,441.0
2025-01-30,Affiliates,partners,affiliate,Partner Network,tablet,Madinah,stc_pay,5,6,1124.0,0.0,0.0,1124.0,317.0
2025-01-30,Paid Search,google,cpc,KSA Growth,mobile,Khobar,visa,9,11,2649.0,126.5,0.0,2522.5,840.0
2025-01-30,Paid Social,instagram,paid_social,Creator Offers,desktop,Riyadh,mada,6,8,2232.0,65.8,0.0,2166.2,743.0
2025-01-31,Organic Search,google,organic,Always-on SEO,mobile,Riyadh,mada,10,11,2689.0,62.6,0.0,2626.4,875.0
2025-01-31,Direct,direct,none,Unassigned,desktop,Jeddah,mastercard,7,7,1653.0,24.9,0.0,1628.1,519.0
2025-01-31,Email,newsletter,email,Lifecycle,tablet,Dammam,apple_pay,4,4,816.0,17.9,0.0,798.1,238.0
2025-02-01,Paid Search,google,cpc,KSA Growth,desktop,Dammam,apple_pay,7,9,2031.0,81.6,0.0,1949.4,649.0
2025-02-01,Paid Social,instagram,paid_social,Creator Offers,tablet,Makkah,stc_pay,8,8,1742.0,38.8,125.1,1578.1,524.0
2025-02-01,Affiliates,partners,affiliate,Partner Network,mobile,Madinah,visa,12,13,2827.0,104.5,299.0,2423.5,875.0
2025-02-02,Direct,direct,none,Unassigned,tablet,Madinah,visa,4,5,1205.0,65.8,0.0,1139.2,399.0
2025-02-02,Email,newsletter,email,Lifecycle,mobile,Khobar,mada,12,14,3026.0,66.6,0.0,2959.4,935.0
2025-02-02,Organic Search,google,organic,Always-on SEO,desktop,Riyadh,mastercard,17,17,3813.0,48.8,299.0,3465.2,1205.0
2025-02-03,Paid Social,instagram,paid_social,Creator Offers,mobile,Riyadh,mastercard,6,6,1404.0,0.0,279.0,1125.0,448.0
2025-02-03,Affiliates,partners,affiliate,Partner Network,desktop,Jeddah,apple_pay,5,5,1035.0,51.7,0.0,983.3,305.0
2025-02-03,Paid Search,google,cpc,KSA Growth,tablet,Dammam,stc_pay,6,6,1284.0,43.8,0.0,1240.2,392.0
2025-02-04,Email,newsletter,email,Lifecycle,desktop,Dammam,stc_pay,12,13,2827.0,38.8,170.1,2618.1,875.0
2025-02-04,Organic Search,google,organic,Always-on SEO,tablet,Makkah,visa,4,6,1334.0,95.6,0.0,1238.4,430.0
2025-02-04,Direct,direct,none,Unassigned,mobile,Madinah,mada,13,14,2986.0,67.7,527.0,2391.3,918.0
2025-02-05,Affiliates,partners,affiliate,Partner Network,tablet,Madinah,mada,6,6,1624.0,0.0,279.0,1345.0,539.0
2025-02-05,Paid Search,google,cpc,KSA Growth,mobile,Khobar,mastercard,8,10,2150.0,61.7,0.0,2088.3,666.0
2025-02-05,Paid Social,instagram,paid_social,Creator Offers,desktop,Riyadh,apple_pay,11,11,2389.0,103.5,125.1,2160.4,746.0
2025-02-06,Organic Search,google,organic,Always-on SEO,mobile,Riyadh,apple_pay,13,16,3694.0,82.6,159.0,3452.4,1137.0
2025-02-06,Direct,direct,none,Unassigned,desktop,Jeddah,stc_pay,6,6,1284.0,13.9,125.1,1145.0,392.0
2025-02-06,Email,newsletter,email,Lifecycle,tablet,Dammam,visa,9,9,2081.0,32.9,0.0,2048.1,667.0
2025-02-07,Paid Search,google,cpc,KSA Growth,desktop,Dammam,visa,8,9,2251.0,120.6,0.0,2130.4,723.0
2025-02-07,Paid Social,instagram,paid_social,Creator Offers,tablet,Makkah,mada,7,8,1652.0,37.7,299.0,1315.3,515.0
2025-02-07,Affiliates,partners,affiliate,Partner Network,mobile,Madinah,mastercard,8,9,1901.0,0.0,0.0,1901.0,581.0
2025-02-08,Direct,direct,none,Unassigned,tablet,Madinah,mastercard,7,9,1991.0,85.7,0.0,1905.3,619.0
2025-02-08,Email,newsletter,email,Lifecycle,mobile,Khobar,apple_pay,4,4,736.0,17.9,0.0,718.1,211.0
2025-02-08,Organic Search,google,organic,Always-on SEO,desktop,Riyadh,stc_pay,5,5,1035.0,13.9,189.0,832.1,321.0
2025-02-09,Paid Social,instagram,paid_social,Creator Offers,mobile,Riyadh,stc_pay,5,5,1125.0,0.0,0.0,1125.0,349.0
2025-02-09,Affiliates,partners,affiliate,Partner Network,desktop,Jeddah,visa,10,10,2330.0,71.7,478.0,1780.3,738.0
2025-02-09,Paid Search,google,cpc,KSA Growth,tablet,Dammam,mada,4,4,1136.0,29.9,0.0,1106.1,375.0
2025-02-10,Email,newsletter,email,Lifecycle,desktop,Dammam,mada,10,10,2170.0,62.7,0.0,2107.3,664.0
2025-02-10,Organic Search,google,organic,Always-on SEO,tablet,Makkah,mastercard,12,13,2887.0,29.9,0.0,2857.1,901.0
2025-02-10,Direct,direct,none,Unassigned,mobile,Madinah,apple_pay,6,7,1483.0,60.7,0.0,1422.3,447.0
2025-02-11,Affiliates,partners,affiliate,Partner Network,tablet,Madinah,apple_pay,7,7,1393.0,18.9,0.0,1374.1,422.0
2025-02-11,Paid Search,google,cpc,KSA Growth,mobile,Khobar,stc_pay,8,9,2061.0,0.0,329.0,1732.0,657.0
2025-02-11,Paid Social,instagram,paid_social,Creator Offers,desktop,Riyadh,visa,6,7,1953.0,35.8,0.0,1917.2,660.0
2025-02-12,Organic Search,google,organic,Always-on SEO,mobile,Riyadh,visa,9,10,2280.0,27.9,0.0,2252.1,728.0
2025-02-12,Direct,direct,none,Unassigned,desktop,Jeddah,mada,5,5,1225.0,28.8,0.0,1196.2,399.0
2025-02-12,Email,newsletter,email,Lifecycle,tablet,Dammam,mastercard,7,7,1363.0,17.9,0.0,1345.1,395.0
2025-02-13,Paid Search,google,cpc,KSA Growth,desktop,Dammam,mastercard,12,12,2688.0,34.8,0.0,2653.2,840.0
2025-02-13,Paid Social,instagram,paid_social,Creator Offers,tablet,Makkah,apple_pay,7,7,1463.0,13.9,0.0,1449.1,441.0
2025-02-13,Affiliates,partners,affiliate,Partner Network,mobile,Madinah,stc_pay,7,8,1932.0,46.8,0.0,1885.2,618.0
2025-02-14,Direct,direct,none,Unassigned,tablet,Madinah,stc_pay,7,8,1712.0,57.7,189.0,1465.3,526.0
2025-02-14,Email,newsletter,email,Lifecycle,mobile,Khobar,visa,4,4,966.0,32.9,0.0,933.1,308.0
2025-02-14,Organic Search,google,organic,Always-on SEO,desktop,Riyadh,mada,8,8,1732.0,8.9,299.0,1424.1,538.0
2025-02-15,Paid Social,instagram,paid_social,Creator Offers,mobile,Riyadh,mada,5,5,1225.0,0.0,0.0,1225.0,399.0
2025-02-15,Affiliates,partners,affiliate,Partner Network,desktop,Jeddah,mastercard,8,9,2021.0,47.8,0.0,1973.2,637.0
2025-02-15,Paid Search,google,cpc,KSA Growth,tablet,Dammam,apple_pay,8,8,1762.0,24.9,0.0,1737.1,536.0
2025-02-16,Email,newsletter,email,Lifecycle,desktop,Dammam,apple_pay,5,5,975.0,24.9,0.0,950.1,277.0
2025-02-16,Organic Search,google,organic,Always-on SEO,tablet,Makkah,stc_pay,6,7,1453.0,50.7,0.0,1402.3,441.0
2025-02-16,Direct,direct,none,Unassigned,mobile,Madinah,visa,8,10,2150.0,55.7,0.0,2094.3,654.0
2025-02-17,Affiliates,partners,affiliate,Partner Network,tablet,Madinah,visa,6,6,1624.0,0.0,0.0,1624.0,539.0
2025-02-17,Paid Search,google,cpc,KSA Growth,mobile,Khobar,mada,12,13,2877.0,37.8,0.0,2839.2,895.0
2025-02-17,Paid Social,instagram,paid_social,Creator Offers,desktop,Riyadh,mastercard,6,6,1064.0,0.0,0.0,1064.0,301.0
2025-02-18,Organic Search,google,organic,Always-on SEO,mobile,Riyadh,mastercard,4,5,1115.0,42.8,0.0,1072.2,332.0
2025-02-18,Direct,direct,none,Unassigned,desktop,Jeddah,apple_pay,7,8,1892.0,49.8,159.0,1683.2,596.0
2025-02-18,Email,newsletter,email,Lifecycle,tablet,Dammam,stc_pay,4,4,956.0,60.8,0.0,895.2,302.0
2025-02-19,Paid Search,google,cpc,KSA Growth,desktop,Dammam,stc_pay,8,8,1952.0,68.7,0.0,1883.3,629.0
2025-02-19,Paid Social,instagram,paid_social,Creator Offers,tablet,Makkah,visa,11,12,2538.0,88.7,0.0,2449.3,768.0
2025-02-19,Affiliates,partners,affiliate,Partner Network,mobile,Madinah,mada,4,4,926.0,8.9,0.0,917.1,304.0
2025-02-20,Direct,direct,none,Unassigned,tablet,Madinah,mada,6,7,1573.0,0.0,398.0,1175.0,497.0
2025-02-20,Email,newsletter,email,Lifecycle,mobile,Khobar,mastercard,11,12,2668.0,98.5,0.0,2569.5,829.0
2025-02-20,Organic Search,google,organic,Always-on SEO,desktop,Riyadh,apple_pay,7,8,1652.0,48.8,0.0,1603.2,500.0
2025-02-21,Paid Social,instagram,paid_social,Creator Offers,mobile,Riyadh,apple_pay,8,8,1762.0,0.0,0.0,1762.0,536.0
2025-02-21,Affiliates,partners,affiliate,Partner Network,desktop,Jeddah,stc_pay,10,11,2519.0,27.9,0.0,2491.1,793.0
2025-02-21,Paid Search,google,cpc,KSA Growth,tablet,Dammam,visa,5,5,1225.0,29.9,0.0,1195.1,399.0
2025-02-22,Email,newsletter,email,Lifecycle,desktop,Dammam,visa,5,5,1295.0,19.9,0.0,1275.1,418.0
2025-02-22,Organic Search,google,organic,Always-on SEO,tablet,Makkah,mada,8,8,1722.0,101.6,0.0,1620.4,532.0
2025-02-22,Direct,direct,none,Unassigned,mobile,Madinah,mastercard,8,8,1742.0,18.9,0.0,1723.1,524.0
2025-02-23,Affiliates,partners,affiliate,Partner Network,tablet,Madinah,mastercard,8,8,1552.0,17.9,0.0,1534.1,465.0
2025-02-23,Paid Search,google,cpc,KSA Growth,mobile,Khobar,apple_pay,8,8,1872.0,27.9,0.0,1844.1,602.0
2025-02-23,Paid Social,instagram,paid_social,Creator Offers,desktop,Riyadh,stc_pay,6,6,1624.0,55.8,0.0,1568.2,539.0
2025-02-24,Organic Search,google,organic,Always-on SEO,mobile,Riyadh,stc_pay,9,9,2081.0,18.9,688.0,1374.1,667.0
2025-02-24,Direct,direct,none,Unassigned,desktop,Jeddah,visa,9,9,2011.0,19.9,0.0,1991.1,621.0
2025-02-24,Email,newsletter,email,Lifecycle,tablet,Dammam,mada,6,6,1174.0,17.9,0.0,1156.1,340.0
2025-02-25,Paid Search,google,cpc,KSA Growth,desktop,Dammam,mada,7,8,1712.0,35.9,0.0,1676.1,526.0
2025-02-25,Paid Social,instagram,paid_social,Creator Offers,tablet,Makkah,mastercard,7,7,1463.0,0.0,0.0,1463.0,441.0
2025-02-25,Affiliates,partners,affiliate,Partner Network,mobile,Madinah,apple_pay,12,12,2688.0,92.6,0.0,2595.4,840.0
2025-02-26,Direct,direct,none,Unassigned,tablet,Madinah,apple_pay,7,7,1513.0,68.6,0.0,1444.4,465.0
2025-02-26,Email,newsletter,email,Lifecycle,mobile,Khobar,stc_pay,7,8,2042.0,74.7,0.0,1967.3,684.0
2025-02-26,Organic Search,google,organic,Always-on SEO,desktop,Riyadh,visa,8,9,2031.0,53.7,161.1,1816.2,632.0
2025-02-27,Paid Social,instagram,paid_social,Creator Offers,mobile,Riyadh,visa,16,20,4780.0,151.4,0.0,4628.6,1529.0
2025-02-27,Affiliates,partners,affiliate,Partner Network,desktop,Jeddah,mada,6,7,1313.0,8.9,0.0,1304.1,375.0
2025-02-27,Paid Search,google,cpc,KSA Growth,tablet,Dammam,mastercard,5,5,1125.0,40.8,0.0,1084.2,349.0
2025-02-28,Email,newsletter,email,Lifecycle,desktop,Dammam,mastercard,5,6,1224.0,0.0,0.0,1224.0,348.0
2025-02-28,Organic Search,google,organic,Always-on SEO,tablet,Makkah,apple_pay,9,10,2200.0,32.9,299.0,1868.1,696.0
2025-02-28,Direct,direct,none,Unassigned,mobile,Madinah,stc_pay,11,11,2359.0,73.7,0.0,2285.3,719.0
2025-03-01,Affiliates,partners,affiliate,Partner Network,tablet,Madinah,stc_pay,18,18,4312.0,46.8,299.0,3966.2,1379.0
2025-03-01,Paid Search,google,cpc,KSA Growth,mobile,Khobar,visa,11,11,2409.0,47.8,0.0,2361.2,757.0
2025-03-01,Paid Social,instagram,paid_social,Creator Offers,desktop,Riyadh,mada,9,10,1990.0,0.0,0.0,1990.0,591.0
2025-03-02,Organic Search,google,organic,Always-on SEO,mobile,Riyadh,mada,15,15,3255.0,18.9,0.0,3236.1,1007.0
2025-03-02,Direct,direct,none,Unassigned,desktop,Jeddah,mastercard,13,15,3375.0,71.7,0.0,3303.3,1037.0
2025-03-02,Email,newsletter,email,Lifecycle,tablet,Dammam,apple_pay,6,6,1514.0,46.8,159.0,1308.2,500.0
2025-03-03,Paid Search,google,cpc,KSA Growth,desktop,Dammam,apple_pay,8,8,1952.0,13.9,0.0,1938.1,629.0
2025-03-03,Paid Social,instagram,paid_social,Creator Offers,tablet,Makkah,stc_pay,8,8,1812.0,33.8,159.0,1619.2,562.0
2025-03-03,Affiliates,partners,affiliate,Partner Network,mobile,Madinah,visa,5,5,1175.0,35.9,179.0,960.1,375.0
2025-03-04,Direct,direct,none,Unassigned,tablet,Madinah,visa,19,21,4689.0,149.4,159.0,4380.6,1465.0
2025-03-04,Email,newsletter,email,Lifecycle,mobile,Khobar,mada,8,9,1691.0,50.8,249.0,1391.2,500.0
2025-03-04,Organic Search,google,organic,Always-on SEO,desktop,Riyadh,mastercard,8,9,2071.0,68.7,0.0,2002.3,663.0
2025-03-05,Paid Social,instagram,paid_social,Creator Offers,mobile,Riyadh,mastercard,10,11,2699.0,46.8,0.0,2652.2,850.0
2025-03-05,Affiliates,partners,affiliate,Partner Network,desktop,Jeddah,apple_pay,12,13,2867.0,15.9,0.0,2851.1,889.0
2025-03-05,Paid Search,google,cpc,KSA Growth,tablet,Dammam,stc_pay,7,8,1902.0,113.6,323.1,1465.3,590.0
2025-03-06,Email,newsletter,email,Lifecycle,desktop,Dammam,stc_pay,13,14,3026.0,90.7,0.0,2935.3,932.0
2025-03-06,Organic Search,google,organic,Always-on SEO,tablet,Makkah,visa,18,19,4281.0,106.5,0.0,4174.5,1343.0
2025-03-06,Direct,direct,none,Unassigned,mobile,Madinah,mada,7,8,1682.0,40.8,0.0,1641.2,508.0
2025-03-07,Affiliates,partners,affiliate,Partner Network,tablet,Madinah,mada,5,5,875.0,0.0,0.0,875.0,246.0
2025-03-07,Paid Search,google,cpc,KSA Growth,mobile,Khobar,mastercard,17,18,3942.0,70.6,329.0,3542.4,1228.0
2025-03-07,Paid Social,instagram,paid_social,Creator Offers,desktop,Riyadh,apple_pay,5,5,1325.0,27.9,359.0,938.1,445.0
2025-03-08,Organic Search,google,organic,Always-on SEO,mobile,Riyadh,apple_pay,7,7,1813.0,80.7,0.0,1732.3,594.0
2025-03-08,Direct,direct,none,Unassigned,desktop,Jeddah,stc_pay,14,14,3166.0,33.8,0.0,3132.2,984.0
2025-03-08,Email,newsletter,email,Lifecycle,tablet,Dammam,visa,17,18,3972.0,26.8,0.0,3945.2,1216.0
2025-03-09,Paid Search,google,cpc,KSA Growth,desktop,Dammam,visa,12,13,2877.0,62.7,224.1,2590.2,895.0
2025-03-09,Paid Social,instagram,paid_social,Creator Offers,tablet,Makkah,mada,21,24,5136.0,73.7,178.0,4884.3,1567.0
2025-03-09,Affiliates,partners,affiliate,Partner Network,mobile,Madinah,mastercard,11,11,2469.0,108.4,638.0,1722.6,773.0
2025-03-10,Direct,direct,none,Unassigned,tablet,Madinah,mastercard,6,6,1314.0,41.8,0.0,1272.2,404.0
2025-03-10,Email,newsletter,email,Lifecycle,mobile,Khobar,apple_pay,11,14,3056.0,132.5,0.0,2923.5,947.0
2025-03-10,Organic Search,google,organic,Always-on SEO,desktop,Riyadh,stc_pay,8,8,1732.0,92.6,224.1,1415.3,538.0
2025-03-11,Paid Social,instagram,paid_social,Creator Offers,mobile,Riyadh,stc_pay,8,8,1872.0,46.7,0.0,1825.3,586.0
2025-03-11,Affiliates,partners,affiliate,Partner Network,desktop,Jeddah,visa,15,15,3255.0,53.8,329.0,2872.2,1007.0
2025-03-11,Paid Search,google,cpc,KSA Growth,tablet,Dammam,mada,7,8,1842.0,62.7,139.0,1640.3,558.0
2025-03-12,Email,newsletter,email,Lifecycle,desktop,Dammam,mada,8,8,1742.0,13.9,0.0,1728.1,524.0
2025-03-12,Organic Search,google,organic,Always-on SEO,tablet,Makkah,mastercard,5,6,1254.0,0.0,0.0,1254.0,380.0
2025-03-12,Direct,direct,none,Unassigned,mobile,Madinah,apple_pay,12,17,3543.0,66.7,0.0,3476.3,1080.0
2025-03-13,Affiliates,partners,affiliate,Partner Network,tablet,Madinah,apple_pay,12,12,2688.0,67.6,350.1,2270.3,840.0
2025-03-13,Paid Search,google,cpc,KSA Growth,mobile,Khobar,stc_pay,17,18,4172.0,145.4,179.0,3847.6,1342.0
2025-03-13,Paid Social,instagram,paid_social,Creator Offers,desktop,Riyadh,visa,11,11,2389.0,121.5,0.0,2267.5,746.0
2025-03-14,Organic Search,google,organic,Always-on SEO,mobile,Riyadh,visa,17,17,3723.0,194.2,0.0,3528.8,1145.0
2025-03-14,Direct,direct,none,Unassigned,desktop,Jeddah,mada,9,9,2121.0,46.8,0.0,2074.2,673.0
2025-03-14,Email,newsletter,email,Lifecycle,tablet,Dammam,mastercard,21,25,5845.0,124.5,0.0,5720.5,1881.0
2025-03-15,Paid Search,google,cpc,KSA Growth,desktop,Dammam,mastercard,15,17,3863.0,96.6,0.0,3766.4,1227.0
2025-03-15,Paid Social,instagram,paid_social,Creator Offers,tablet,Makkah,apple_pay,8,9,2011.0,73.7,0.0,1937.3,623.0
2025-03-15,Affiliates,partners,affiliate,Partner Network,mobile,Madinah,stc_pay,14,15,3525.0,13.9,518.0,2993.1,1120.0
2025-03-16,Direct,direct,none,Unassigned,tablet,Madinah,stc_pay,14,15,3445.0,68.6,967.0,2409.4,1099.0
2025-03-16,Email,newsletter,email,Lifecycle,mobile,Khobar,visa,12,14,2996.0,74.7,0.0,2921.3,931.0
2025-03-16,Organic Search,google,organic,Always-on SEO,desktop,Riyadh,mada,8,10,2230.0,62.6,250.2,1917.2,704.0
2025-03-17,Paid Social,instagram,paid_social,Creator Offers,mobile,Riyadh,mada,5,5,1125.0,0.0,0.0,1125.0,349.0
2025-03-17,Affiliates,partners,affiliate,Partner Network,desktop,Jeddah,mastercard,9,10,2440.0,0.0,0.0,2440.0,804.0
2025-03-17,Paid Search,google,cpc,KSA Growth,tablet,Dammam,apple_pay,9,11,2399.0,0.0,0.0,2399.0,739.0
2025-03-18,Email,newsletter,email,Lifecycle,desktop,Dammam,apple_pay,7,7,1563.0,73.7,0.0,1489.3,491.0
2025-03-18,Organic Search,google,organic,Always-on SEO,tablet,Makkah,stc_pay,11,12,2818.0,129.5,139.0,2549.5,900.0
2025-03-18,Direct,direct,none,Unassigned,mobile,Madinah,visa,8,9,1901.0,54.8,0.0,1846.2,567.0
2025-03-19,Affiliates,partners,affiliate,Partner Network,tablet,Madinah,visa,10,10,2030.0,18.9,279.0,1732.1,609.0
2025-03-19,Paid Search,google,cpc,KSA Growth,mobile,Khobar,mada,11,15,3255.0,30.8,318.0,2906.2,1005.0
2025-03-19,Paid Social,instagram,paid_social,Creator Offers,desktop,Riyadh,mastercard,8,9,2251.0,87.7,0.0,2163.3,749.0
2025-03-20,Organic Search,google,organic,Always-on SEO,mobile,Riyadh,mastercard,10,10,2330.0,61.7,0.0,2268.3,738.0
2025-03-20,Direct,direct,none,Unassigned,desktop,Jeddah,apple_pay,7,9,2031.0,24.9,0.0,2006.1,629.0
2025-03-20,Email,newsletter,email,Lifecycle,tablet,Dammam,stc_pay,8,10,2080.0,8.9,0.0,2071.1,622.0
2025-03-21,Paid Search,google,cpc,KSA Growth,desktop,Dammam,stc_pay,15,16,3624.0,65.7,159.0,3399.3,1150.0
2025-03-21,Paid Social,instagram,paid_social,Creator Offers,tablet,Makkah,visa,7,8,1712.0,87.6,0.0,1624.4,512.0
2025-03-21,Affiliates,partners,affiliate,Partner Network,mobile,Madinah,mada,13,13,2827.0,39.8,189.0,2598.2,875.0
2025-03-22,Direct,direct,none,Unassigned,tablet,Madinah,mada,20,21,4749.0,82.6,179.1,4487.3,1497.0
2025-03-22,Email,newsletter,email,Lifecycle,mobile,Khobar,mastercard,8,8,1892.0,19.9,0.0,1872.1,612.0
2025-03-22,Organic Search,google,organic,Always-on SEO,desktop,Riyadh,apple_pay,9,9,1921.0,74.7,89.0,1757.3,593.0
2025-03-23,Paid Social,instagram,paid_social,Creator Offers,mobile,Riyadh,apple_pay,11,11,2529.0,27.8,0.0,2501.2,797.0
2025-03-23,Affiliates,partners,affiliate,Partner Network,desktop,Jeddah,stc_pay,9,9,1851.0,108.5,0.0,1742.5,559.0
2025-03-23,Paid Search,google,cpc,KSA Growth,tablet,Dammam,visa,7,9,2031.0,0.0,0.0,2031.0,613.0
2025-03-24,Email,newsletter,email,Lifecycle,desktop,Dammam,visa,13,15,3335.0,31.8,0.0,3303.2,1027.0
2025-03-24,Organic Search,google,organic,Always-on SEO,tablet,Makkah,mada,10,12,2588.0,17.8,0.0,2570.2,809.0
2025-03-24,Direct,direct,none,Unassigned,mobile,Madinah,mastercard,13,14,3126.0,13.9,0.0,3112.1,966.0
2025-03-25,Affiliates,partners,affiliate,Partner Network,tablet,Madinah,mastercard,19,20,4560.0,86.6,219.0,4254.4,1446.0
2025-03-25,Paid Search,google,cpc,KSA Growth,mobile,Khobar,apple_pay,11,12,2498.0,75.6,0.0,2422.4,781.0
2025-03-25,Paid Social,instagram,paid_social,Creator Offers,desktop,Riyadh,stc_pay,9,9,1831.0,17.9,0.0,1813.1,548.0
2025-03-26,Organic Search,google,organic,Always-on SEO,mobile,Riyadh,stc_pay,9,9,1851.0,13.9,0.0,1837.1,559.0
2025-03-26,Direct,direct,none,Unassigned,desktop,Jeddah,visa,15,16,3574.0,113.5,678.2,2782.3,1096.0
2025-03-26,Email,newsletter,email,Lifecycle,tablet,Dammam,mada,11,12,2728.0,57.7,299.0,2371.3,854.0
2025-03-27,Paid Search,google,cpc,KSA Growth,desktop,Dammam,mada,8,9,2151.0,65.8,0.0,2085.2,690.0
2025-03-27,Paid Social,instagram,paid_social,Creator Offers,tablet,Makkah,mastercard,7,7,1563.0,65.8,269.1,1228.1,491.0
2025-03-27,Affiliates,partners,affiliate,Partner Network,mobile,Madinah,apple_pay,10,12,2568.0,64.6,0.0,2503.4,798.0
2025-03-28,Direct,direct,none,Unassigned,tablet,Madinah,apple_pay,14,15,3525.0,42.7,80.1,3402.2,1121.0
2025-03-28,Email,newsletter,email,Lifecycle,mobile,Khobar,stc_pay,8,8,1552.0,41.7,0.0,1510.3,465.0
2025-03-28,Organic Search,google,organic,Always-on SEO,desktop,Riyadh,visa,11,11,2439.0,68.8,199.0,2171.2,769.0
2025-03-29,Paid Social,instagram,paid_social,Creator Offers,mobile,Riyadh,visa,17,19,4301.0,72.7,251.1,3977.2,1353.0
2025-03-29,Affiliates,partners,affiliate,Partner Network,desktop,Jeddah,mada,7,8,2142.0,55.8,0.0,2086.2,715.0
2025-03-29,Paid Search,google,cpc,KSA Growth,tablet,Dammam,mastercard,9,9,2011.0,51.8,0.0,1959.2,621.0
2025-03-30,Email,newsletter,email,Lifecycle,desktop,Dammam,mastercard,12,12,2688.0,82.7,0.0,2605.3,840.0
2025-03-30,Organic Search,google,organic,Always-on SEO,tablet,Makkah,apple_pay,10,10,2210.0,38.8,0.0,2171.2,696.0
2025-03-30,Direct,direct,none,Unassigned,mobile,Madinah,stc_pay,10,12,2938.0,110.6,179.0,2648.4,942.0
2025-03-31,Affiliates,partners,affiliate,Partner Network,tablet,Madinah,stc_pay,9,9,1831.0,0.0,0.0,1831.0,548.0
2025-03-31,Paid Search,google,cpc,KSA Growth,mobile,Khobar,visa,6,7,1593.0,0.0,139.0,1454.0,487.0
2025-03-31,Paid Social,instagram,paid_social,Creator Offers,desktop,Riyadh,mada,10,10,2360.0,47.8,179.1,2133.1,750.0
2025-04-01,Organic Search,google,organic,Always-on SEO,mobile,Riyadh,mada,9,10,2380.0,79.7,0.0,2300.3,761.0
2025-04-01,Direct,direct,none,Unassigned,desktop,Jeddah,mastercard,9,9,2011.0,68.6,0.0,1942.4,621.0
2025-04-01,Email,newsletter,email,Lifecycle,tablet,Dammam,apple_pay,13,14,3206.0,86.6,438.0,2681.4,1001.0
2025-04-02,Paid Search,google,cpc,KSA Growth,desktop,Dammam,apple_pay,6,6,1394.0,33.8,0.0,1360.2,442.0
2025-04-02,Paid Social,instagram,paid_social,Creator Offers,tablet,Makkah,stc_pay,4,4,786.0,24.9,0.0,761.1,222.0
2025-04-02,Affiliates,partners,affiliate,Partner Network,mobile,Madinah,visa,4,6,1334.0,51.7,0.0,1282.3,430.0
2025-04-03,Direct,direct,none,Unassigned,tablet,Madinah,visa,7,7,1513.0,32.9,0.0,1480.1,465.0
2025-04-03,Email,newsletter,email,Lifecycle,mobile,Khobar,mada,5,5,1325.0,32.9,0.0,1292.1,445.0
2025-04-03,Organic Search,google,organic,Always-on SEO,desktop,Riyadh,mastercard,11,12,2598.0,49.8,0.0,2548.2,812.0
2025-04-04,Paid Social,instagram,paid_social,Creator Offers,mobile,Riyadh,mastercard,7,7,1653.0,108.6,323.1,1221.3,519.0
2025-04-04,Affiliates,partners,affiliate,Partner Network,desktop,Jeddah,apple_pay,11,12,2518.0,39.8,0.0,2478.2,758.0
2025-04-04,Paid Search,google,cpc,KSA Growth,tablet,Dammam,stc_pay,9,9,2121.0,80.7,0.0,2040.3,673.0
2025-04-05,Email,newsletter,email,Lifecycle,desktop,Dammam,stc_pay,9,10,2080.0,69.7,0.0,2010.3,620.0
2025-04-05,Organic Search,google,organic,Always-on SEO,tablet,Makkah,visa,14,15,3195.0,93.5,199.0,2902.5,979.0
2025-04-05,Direct,direct,none,Unassigned,mobile,Madinah,mada,4,4,996.0,35.8,0.0,960.2,324.0
2025-04-06,Affiliates,partners,affiliate,Partner Network,tablet,Madinah,mada,3,4,1046.0,104.6,0.0,941.4,330.0
2025-04-06,Paid Search,google,cpc,KSA Growth,mobile,Khobar,mastercard,11,12,2658.0,107.6,298.0,2252.4,828.0
2025-04-06,Paid Social,instagram,paid_social,Creator Offers,desktop,Riyadh,apple_pay,4,5,825.0,0.0,179.0,646.0,235.0
2025-04-07,Organic Search,google,organic,Always-on SEO,mobile,Riyadh,apple_pay,5,5,1035.0,17.9,0.0,1017.1,305.0
2025-04-07,Direct,direct,none,Unassigned,desktop,Jeddah,stc_pay,12,13,2967.0,136.5,161.1,2669.4,923.0
2025-04-07,Email,newsletter,email,Lifecycle,tablet,Dammam,visa,5,5,1155.0,0.0,0.0,1155.0,363.0
2025-04-08,Paid Search,google,cpc,KSA Growth,desktop,Dammam,visa,9,10,2230.0,19.9,0.0,2210.1,708.0
2025-04-08,Paid Social,instagram,paid_social,Creator Offers,tablet,Makkah,mada,10,10,2170.0,64.7,0.0,2105.3,664.0
2025-04-08,Affiliates,partners,affiliate,Partner Network,mobile,Madinah,mastercard,15,17,3813.0,93.6,0.0,3719.4,1205.0
2025-04-09,Direct,direct,none,Unassigned,tablet,Madinah,mastercard,4,4,946.0,0.0,0.0,946.0,316.0
2025-04-09,Email,newsletter,email,Lifecycle,mobile,Khobar,apple_pay,8,8,1552.0,48.8,296.1,1207.1,465.0
2025-04-09,Organic Search,google,organic,Always-on SEO,desktop,Riyadh,stc_pay,8,8,1872.0,46.8,0.0,1825.2,602.0
2025-04-10,Paid Social,instagram,paid_social,Creator Offers,mobile,Riyadh,stc_pay,10,12,2868.0,68.7,618.3,2181.0,899.0
2025-04-10,Affiliates,partners,affiliate,Partner Network,desktop,Jeddah,visa,10,10,2330.0,17.9,0.0,2312.1,738.0
2025-04-10,Paid Search,google,cpc,KSA Growth,tablet,Dammam,mada,7,7,1653.0,156.4,269.1,1227.5,519.0
2025-04-11,Email,newsletter,email,Lifecycle,desktop,Dammam,mada,5,5,1295.0,27.9,0.0,1267.1,418.0
2025-04-11,Organic Search,google,organic,Always-on SEO,tablet,Makkah,mastercard,12,13,2887.0,49.7,0.0,2837.3,901.0
2025-04-11,Direct,direct,none,Unassigned,mobile,Madinah,apple_pay,7,8,1642.0,0.0,159.0,1483.0,490.0
2025-04-12,Affiliates,partners,affiliate,Partner Network,tablet,Madinah,apple_pay,7,7,1393.0,50.7,170.1,1172.2,422.0
2025-04-12,Paid Search,google,cpc,KSA Growth,mobile,Khobar,stc_pay,5,5,1035.0,32.8,0.0,1002.2,321.0
2025-04-12,Paid Social,instagram,paid_social,Creator Offers,desktop,Riyadh,visa,4,4,966.0,32.9,0.0,933.1,308.0
2025-04-13,Organic Search,google,organic,Always-on SEO,mobile,Riyadh,visa,4,4,956.0,51.8,0.0,904.2,302.0
2025-04-13,Direct,direct,none,Unassigned,desktop,Jeddah,mada,6,6,1404.0,0.0,0.0,1404.0,448.0
2025-04-13,Email,newsletter,email,Lifecycle,tablet,Dammam,mastercard,9,9,1851.0,32.9,0.0,1818.1,559.0
2025-04-14,Paid Search,google,cpc,KSA Growth,desktop,Dammam,mastercard,15,15,3435.0,40.7,279.0,3115.3,1095.0
2025-04-14,Paid Social,instagram,paid_social,Creator Offers,tablet,Makkah,apple_pay,7,7,1463.0,32.9,0.0,1430.1,441.0
2025-04-14,Affiliates,partners,affiliate,Partner Network,mobile,Madinah,stc_pay,9,10,2240.0,34.8,0.0,2205.2,714.0
2025-04-15,Direct,direct,none,Unassigned,tablet,Madinah,stc_pay,5,5,1035.0,0.0,0.0,1035.0,321.0
2025-04-15,Email,newsletter,email,Lifecycle,mobile,Khobar,visa,3,3,767.0,76.7,0.0,690.3,247.0
2025-04-15,Organic Search,google,organic,Always-on SEO,desktop,Riyadh,mada,7,8,1842.0,96.6,378.0,1367.4,574.0
2025-04-16,Paid Social,instagram,paid_social,Creator Offers,mobile,Riyadh,mada,7,7,1653.0,8.9,0.0,1644.1,519.0
2025-04-16,Affiliates,partners,affiliate,Partner Network,desktop,Jeddah,mastercard,4,5,1065.0,26.8,0.0,1038.2,309.0
2025-04-16,Paid Search,google,cpc,KSA Growth,tablet,Dammam,apple_pay,6,6,1284.0,40.8,0.0,1243.2,392.0
2025-04-17,Email,newsletter,email,Lifecycle,desktop,Dammam,apple_pay,8,8,1742.0,18.9,170.1,1553.0,524.0
2025-04-17,Organic Search,google,organic,Always-on SEO,tablet,Makkah,stc_pay,5,5,1095.0,27.9,0.0,1067.1,337.0
2025-04-17,Direct,direct,none,Unassigned,mobile,Madinah,visa,11,12,2658.0,76.7,0.0,2581.3,813.0
2025-04-18,Affiliates,partners,affiliate,Partner Network,tablet,Madinah,visa,5,5,1325.0,0.0,0.0,1325.0,445.0
2025-04-18,Paid Search,google,cpc,KSA Growth,mobile,Khobar,mada,8,8,1732.0,53.8,161.1,1517.1,538.0
2025-04-18,Paid Social,instagram,paid_social,Creator Offers,desktop,Riyadh,mastercard,11,11,2389.0,77.7,296.1,2015.2,746.0
2025-04-19,Organic Search,google,organic,Always-on SEO,mobile,Riyadh,mastercard,5,6,1334.0,24.9,398.0,911.1,399.0
2025-04-19,Direct,direct,none,Unassigned,desktop,Jeddah,apple_pay,8,8,1762.0,49.8,0.0,1712.2,536.0
2025-04-19,Email,newsletter,email,Lifecycle,tablet,Dammam,stc_pay,6,6,1514.0,0.0,0.0,1514.0,500.0
2025-04-20,Paid Search,google,cpc,KSA Growth,desktop,Dammam,stc_pay,12,12,2688.0,70.6,0.0,2617.4,840.0
2025-04-20,Paid Social,instagram,paid_social,Creator Offers,tablet,Makkah,visa,7,8,1652.0,29.9,0.0,1622.1,515.0
2025-04-20,Affiliates,partners,affiliate,Partner Network,mobile,Madinah,mada,8,9,2081.0,42.8,0.0,2038.2,669.0
2025-04-21,Direct,direct,none,Unassigned,tablet,Madinah,mada,10,10,2250.0,87.7,0.0,2162.3,714.0
2025-04-21,Email,newsletter,email,Lifecycle,mobile,Khobar,mastercard,6,6,1064.0,26.8,0.0,1037.2,301.0
2025-04-21,Organic Search,google,organic,Always-on SEO,desktop,Riyadh,apple_pay,8,8,1872.0,0.0,219.0,1653.0,602.0
2025-04-22,Paid Social,instagram,paid_social,Creator Offers,mobile,Riyadh,apple_pay,5,6,1374.0,68.7,0.0,1305.3,420.0
2025-04-22,Affiliates,partners,affiliate,Partner Network,desktop,Jeddah,stc_pay,4,4,956.0,32.9,159.0,764.1,302.0
2025-04-22,Paid Search,google,cpc,KSA Growth,tablet,Dammam,visa,11,13,2917.0,136.5,299.0,2481.5,903.0
2025-04-23,Email,newsletter,email,Lifecycle,desktop,Dammam,visa,5,5,1295.0,43.8,0.0,1251.2,418.0
2025-04-23,Organic Search,google,organic,Always-on SEO,tablet,Makkah,mada,8,10,1990.0,0.0,0.0,1990.0,605.0
2025-04-23,Direct,direct,none,Unassigned,mobile,Madinah,mastercard,13,13,2867.0,39.8,189.0,2638.2,889.0
2025-04-24,Affiliates,partners,affiliate,Partner Network,tablet,Madinah,mastercard,10,11,2359.0,46.8,0.0,2312.2,730.0
2025-04-24,Paid Search,google,cpc,KSA Growth,mobile,Khobar,apple_pay,12,12,2688.0,41.8,249.0,2397.2,840.0
2025-04-24,Paid Social,instagram,paid_social,Creator Offers,desktop,Riyadh,stc_pay,15,16,3594.0,83.5,0.0,3510.5,1122.0
2025-04-25,Organic Search,google,organic,Always-on SEO,mobile,Riyadh,stc_pay,9,10,2440.0,0.0,0.0,2440.0,804.0
2025-04-25,Direct,direct,none,Unassigned,desktop,Jeddah,visa,17,17,3913.0,41.8,0.0,3871.2,1239.0
2025-04-25,Email,newsletter,email,Lifecycle,tablet,Dammam,mada,7,7,1363.0,17.9,0.0,1345.1,395.0
2025-04-26,Paid Search,google,cpc,KSA Growth,desktop,Dammam,mada,6,6,1394.0,38.8,0.0,1355.2,442.0
2025-04-26,Paid Social,instagram,paid_social,Creator Offers,tablet,Makkah,mastercard,4,4,786.0,0.0,0.0,786.0,222.0
2025-04-26,Affiliates,partners,affiliate,Partner Network,mobile,Madinah,apple_pay,7,7,1653.0,35.9,0.0,1617.1,535.0
2025-04-27,Direct,direct,none,Unassigned,tablet,Madinah,apple_pay,6,6,1314.0,0.0,0.0,1314.0,404.0
2025-04-27,Email,newsletter,email,Lifecycle,mobile,Khobar,stc_pay,9,9,2141.0,0.0,0.0,2141.0,683.0
2025-04-27,Organic Search,google,organic,Always-on SEO,desktop,Riyadh,visa,4,4,946.0,0.0,199.0,747.0,316.0
2025-04-28,Paid Social,instagram,paid_social,Creator Offers,mobile,Riyadh,visa,5,5,1225.0,27.9,0.0,1197.1,399.0
2025-04-28,Affiliates,partners,affiliate,Partner Network,desktop,Jeddah,mada,4,4,816.0,24.9,0.0,791.1,238.0
2025-04-28,Paid Search,google,cpc,KSA Growth,tablet,Dammam,mastercard,5,5,1125.0,0.0,0.0,1125.0,349.0
2025-04-29,Email,newsletter,email,Lifecycle,desktop,Dammam,mastercard,4,4,786.0,17.9,249.0,519.1,222.0
2025-04-29,Organic Search,google,organic,Always-on SEO,tablet,Makkah,apple_pay,5,5,1095.0,13.9,0.0,1081.1,337.0
2025-04-29,Direct,direct,none,Unassigned,mobile,Madinah,stc_pay,5,5,1295.0,0.0,0.0,1295.0,418.0
2025-04-30,Affiliates,partners,affiliate,Partner Network,tablet,Madinah,stc_pay,11,13,2837.0,97.6,0.0,2739.4,880.0
2025-04-30,Paid Search,google,cpc,KSA Growth,mobile,Khobar,visa,7,10,2110.0,19.9,498.0,1592.1,647.0
2025-04-30,Paid Social,instagram,paid_social,Creator Offers,desktop,Riyadh,mada,4,5,955.0,8.9,0.0,946.1,278.0
2025-05-01,Organic Search,google,organic,Always-on SEO,mobile,Riyadh,mada,11,13,2667.0,73.7,197.1,2396.2,798.0
2025-05-01,Direct,direct,none,Unassigned,desktop,Jeddah,mastercard,6,6,1284.0,24.9,329.0,930.1,392.0
2025-05-01,Email,newsletter,email,Lifecycle,tablet,Dammam,apple_pay,10,10,2330.0,95.6,0.0,2234.4,738.0
2025-05-02,Paid Search,google,cpc,KSA Growth,desktop,Dammam,apple_pay,8,8,1952.0,88.7,0.0,1863.3,629.0
2025-05-02,Paid Social,instagram,paid_social,Creator Offers,tablet,Makkah,stc_pay,5,5,1295.0,19.9,0.0,1275.1,418.0
2025-05-02,Affiliates,partners,affiliate,Partner Network,mobile,Madinah,visa,8,9,1911.0,71.7,0.0,1839.3,587.0
2025-05-03,Direct,direct,none,Unassigned,tablet,Madinah,visa,10,11,2339.0,0.0,0.0,2339.0,738.0
2025-05-03,Email,newsletter,email,Lifecycle,mobile,Khobar,mada,8,8,1552.0,35.8,0.0,1516.2,465.0
2025-05-03,Organic Search,google,organic,Always-on SEO,desktop,Riyadh,mastercard,9,9,2171.0,101.6,199.0,1870.4,696.0
2025-05-04,Paid Social,instagram,paid_social,Creator Offers,mobile,Riyadh,mastercard,3,3,607.0,0.0,0.0,607.0,173.0
2025-05-04,Affiliates,partners,affiliate,Partner Network,desktop,Jeddah,apple_pay,12,12,2688.0,27.9,0.0,2660.1,840.0
2025-05-04,Paid Search,google,cpc,KSA Growth,tablet,Dammam,stc_pay,12,12,2688.0,83.5,336.1,2268.4,840.0
2025-05-05,Email,newsletter,email,Lifecycle,desktop,Dammam,stc_pay,4,5,1155.0,27.9,0.0,1127.1,367.0
2025-05-05,Organic Search,google,organic,Always-on SEO,tablet,Makkah,visa,4,4,926.0,17.9,0.0,908.1,304.0
2025-05-05,Direct,direct,none,Unassigned,mobile,Madinah,mada,8,8,1742.0,35.8,249.0,1457.2,524.0
2025-05-06,Affiliates,partners,affiliate,Partner Network,tablet,Madinah,mada,6,6,1064.0,58.7,0.0,1005.3,301.0
2025-05-06,Paid Search,google,cpc,KSA Growth,mobile,Khobar,mastercard,8,10,2390.0,57.8,0.0,2332.2,778.0
2025-05-06,Paid Social,instagram,paid_social,Creator Offers,desktop,Riyadh,apple_pay,5,7,1963.0,160.5,0.0,1802.5,665.0
2025-05-07,Organic Search,google,organic,Always-on SEO,mobile,Riyadh,apple_pay,7,8,2012.0,57.8,0.0,1954.2,655.0
2025-05-07,Direct,direct,none,Unassigned,desktop,Jeddah,stc_pay,5,5,1225.0,0.0,299.0,926.0,399.0
2025-05-07,Email,newsletter,email,Lifecycle,tablet,Dammam,visa,7,8,1542.0,90.6,0.0,1451.4,444.0
2025-05-08,Paid Search,google,cpc,KSA Growth,desktop,Dammam,visa,4,4,926.0,0.0,0.0,926.0,304.0
2025-05-08,Paid Social,instagram,paid_social,Creator Offers,tablet,Makkah,mada,6,7,1553.0,39.8,0.0,1513.2,469.0
2025-05-08,Affiliates,partners,affiliate,Partner Network,mobile,Madinah,mastercard,8,8,1952.0,32.9,0.0,1919.1,629.0
2025-05-09,Direct,direct,none,Unassigned,tablet,Madinah,mastercard,6,6,1314.0,35.8,0.0,1278.2,404.0
2025-05-09,Email,newsletter,email,Lifecycle,mobile,Khobar,apple_pay,7,7,1713.0,87.6,0.0,1625.4,563.0
2025-05-09,Organic Search,google,organic,Always-on SEO,desktop,Riyadh,stc_pay,8,11,2479.0,62.6,0.0,2416.4,793.0
2025-05-10,Paid Social,instagram,paid_social,Creator Offers,mobile,Riyadh,stc_pay,9,11,2479.0,13.9,0.0,2465.1,759.0
2025-05-10,Affiliates,partners,affiliate,Partner Network,desktop,Jeddah,visa,5,7,1583.0,59.8,0.0,1523.2,470.0
2025-05-10,Paid Search,google,cpc,KSA Growth,tablet,Dammam,mada,4,4,796.0,35.8,0.0,760.2,228.0
2025-05-11,Email,newsletter,email,Lifecycle,desktop,Dammam,mada,4,4,786.0,0.0,0.0,786.0,222.0
2025-05-11,Organic Search,google,organic,Always-on SEO,tablet,Makkah,mastercard,15,15,3345.0,36.8,89.0,3219.2,1051.0
2025-05-11,Direct,direct,none,Unassigned,mobile,Madinah,apple_pay,5,5,1295.0,15.9,199.0,1080.1,418.0
2025-05-12,Affiliates,partners,affiliate,Partner Network,tablet,Madinah,apple_pay,12,13,3047.0,24.9,0.0,3022.1,977.0
2025-05-12,Paid Search,google,cpc,KSA Growth,mobile,Khobar,stc_pay,9,9,1921.0,24.9,0.0,1896.1,593.0
2025-05-12,Paid Social,instagram,paid_social,Creator Offers,desktop,Riyadh,visa,6,8,1422.0,43.8,0.0,1378.2,403.0
2025-05-13,Organic Search,google,organic,Always-on SEO,mobile,Riyadh,visa,6,6,1174.0,35.8,0.0,1138.2,340.0
2025-05-13,Direct,direct,none,Unassigned,desktop,Jeddah,mada,12,12,2688.0,29.9,0.0,2658.1,840.0
2025-05-13,Email,newsletter,email,Lifecycle,tablet,Dammam,mastercard,9,9,2081.0,35.9,0.0,2045.1,667.0
2025-05-14,Paid Search,google,cpc,KSA Growth,desktop,Dammam,mastercard,10,10,2220.0,27.9,139.0,2053.1,702.0
2025-05-14,Paid Social,instagram,paid_social,Creator Offers,tablet,Makkah,apple_pay,7,10,2030.0,101.6,0.0,1928.4,625.0
2025-05-14,Affiliates,partners,affiliate,Partner Network,mobile,Madinah,stc_pay,5,6,1354.0,35.8,0.0,1318.2,424.0
2025-05-15,Direct,direct,none,Unassigned,tablet,Madinah,stc_pay,9,9,1921.0,66.7,0.0,1854.3,593.0
2025-05-15,Email,newsletter,email,Lifecycle,mobile,Khobar,visa,6,6,1064.0,43.8,0.0,1020.2,301.0
2025-05-15,Organic Search,google,organic,Always-on SEO,desktop,Riyadh,mada,10,10,2260.0,19.9,0.0,2240.1,720.0
2025-05-16,Paid Social,instagram,paid_social,Creator Offers,mobile,Riyadh,mada,16,19,4191.0,74.7,0.0,4116.3,1299.0
2025-05-16,Affiliates,partners,affiliate,Partner Network,desktop,Jeddah,mastercard,12,14,3346.0,18.9,0.0,3327.1,1071.0
2025-05-16,Paid Search,google,cpc,KSA Growth,tablet,Dammam,apple_pay,4,4,1136.0,55.8,0.0,1080.2,375.0
2025-05-17,Email,newsletter,email,Lifecycle,desktop,Dammam,apple_pay,7,7,1563.0,0.0,0.0,1563.0,491.0
2025-05-17,Organic Search,google,organic,Always-on SEO,tablet,Makkah,stc_pay,5,5,1175.0,17.9,0.0,1157.1,375.0
2025-05-17,Direct,direct,none,Unassigned,mobile,Madinah,visa,11,11,2599.0,59.7,0.0,2539.3,816.0
2025-05-18,Affiliates,partners,affiliate,Partner Network,tablet,Madinah,visa,10,11,2249.0,0.0,0.0,2249.0,676.0
2025-05-18,Paid Search,google,cpc,KSA Growth,mobile,Khobar,mada,5,5,1035.0,46.8,0.0,988.2,321.0
2025-05-18,Paid Social,instagram,paid_social,Creator Offers,desktop,Riyadh,mastercard,9,10,2340.0,63.7,0.0,2276.3,744.0
2025-05-19,Organic Search,google,organic,Always-on SEO,mobile,Riyadh,mastercard,10,11,2519.0,48.8,0.0,2470.2,793.0
2025-05-19,Direct,direct,none,Unassigned,desktop,Jeddah,apple_pay,12,12,2688.0,90.7,0.0,2597.3,840.0
2025-05-19,Email,newsletter,email,Lifecycle,tablet,Dammam,stc_pay,6,6,1174.0,38.8,179.0,956.2,340.0
2025-05-20,Paid Search,google,cpc,KSA Growth,desktop,Dammam,stc_pay,6,6,1394.0,42.8,0.0,1351.2,442.0
2025-05-20,Paid Social,instagram,paid_social,Creator Offers,tablet,Makkah,visa,8,8,1742.0,0.0,0.0,1742.0,524.0
2025-05-20,Affiliates,partners,affiliate,Partner Network,mobile,Madinah,mada,5,6,1234.0,32.9,0.0,1201.1,372.0
2025-05-21,Direct,direct,none,Unassigned,tablet,Madinah,mada,4,4,876.0,0.0,0.0,876.0,278.0
2025-05-21,Email,newsletter,email,Lifecycle,mobile,Khobar,mastercard,6,6,1624.0,35.9,0.0,1588.1,539.0
2025-05-21,Organic Search,google,organic,Always-on SEO,desktop,Riyadh,apple_pay,7,7,1593.0,8.9,0.0,1584.1,503.0
2025-05-22,Paid Social,instagram,paid_social,Creator Offers,mobile,Riyadh,apple_pay,4,4,1136.0,0.0,359.0,777.0,375.0
2025-05-22,Affiliates,partners,affiliate,Partner Network,desktop,Jeddah,stc_pay,9,10,2010.0,21.9,0.0,1988.1,602.0
2025-05-22,Paid Search,google,cpc,KSA Growth,tablet,Dammam,visa,8,8,1762.0,0.0,0.0,1762.0,536.0
2025-05-23,Email,newsletter,email,Lifecycle,desktop,Dammam,visa,10,10,2300.0,97.6,161.1,2041.3,722.0
2025-05-23,Organic Search,google,organic,Always-on SEO,tablet,Makkah,mada,5,5,1095.0,18.9,0.0,1076.1,337.0
2025-05-23,Direct,direct,none,Unassigned,mobile,Madinah,mastercard,6,6,1384.0,60.7,0.0,1323.3,442.0
2025-05-24,Affiliates,partners,affiliate,Partner Network,tablet,Madinah,mastercard,6,6,1624.0,0.0,0.0,1624.0,539.0
2025-05-24,Paid Search,google,cpc,KSA Growth,mobile,Khobar,apple_pay,6,6,1374.0,0.0,0.0,1374.0,436.0
2025-05-24,Paid Social,instagram,paid_social,Creator Offers,desktop,Riyadh,stc_pay,5,5,875.0,17.9,219.0,638.1,246.0
2025-05-25,Organic Search,google,organic,Always-on SEO,mobile,Riyadh,stc_pay,6,7,1353.0,13.9,0.0,1339.1,389.0
2025-05-25,Direct,direct,none,Unassigned,desktop,Jeddah,visa,4,6,1124.0,0.0,0.0,1124.0,318.0
2025-05-25,Email,newsletter,email,Lifecycle,tablet,Dammam,mada,9,11,2569.0,159.5,458.1,1951.4,831.0
2025-05-26,Paid Search,google,cpc,KSA Growth,desktop,Dammam,mada,10,11,2359.0,48.8,0.0,2310.2,737.0
2025-05-26,Paid Social,instagram,paid_social,Creator Offers,tablet,Makkah,mastercard,8,8,1812.0,0.0,0.0,1812.0,562.0
2025-05-26,Affiliates,partners,affiliate,Partner Network,mobile,Madinah,apple_pay,5,6,1264.0,53.8,0.0,1210.2,399.0
2025-05-27,Direct,direct,none,Unassigned,tablet,Madinah,apple_pay,12,13,2777.0,45.8,178.0,2553.2,864.0
2025-05-27,Email,newsletter,email,Lifecycle,mobile,Khobar,stc_pay,8,8,1552.0,18.9,0.0,1533.1,465.0
2025-05-27,Organic Search,google,organic,Always-on SEO,desktop,Riyadh,visa,10,10,2260.0,101.6,89.0,2069.4,720.0
2025-05-28,Paid Social,instagram,paid_social,Creator Offers,mobile,Riyadh,visa,5,6,1454.0,24.9,0.0,1429.1,470.0
2025-05-28,Affiliates,partners,affiliate,Partner Network,desktop,Jeddah,mada,10,10,2330.0,51.8,0.0,2278.2,738.0
2025-05-28,Paid Search,google,cpc,KSA Growth,tablet,Dammam,mastercard,8,9,2091.0,29.9,89.0,1972.1,653.0
2025-05-29,Email,newsletter,email,Lifecycle,desktop,Dammam,mastercard,5,5,1295.0,27.9,0.0,1267.1,418.0
2025-05-29,Organic Search,google,organic,Always-on SEO,tablet,Makkah,apple_pay,7,8,1712.0,74.7,323.1,1314.2,526.0
2025-05-29,Direct,direct,none,Unassigned,mobile,Madinah,stc_pay,7,8,1712.0,17.9,0.0,1694.1,512.0
2025-05-30,Affiliates,partners,affiliate,Partner Network,tablet,Madinah,stc_pay,12,14,3096.0,8.9,0.0,3087.1,962.0
2025-05-30,Paid Search,google,cpc,KSA Growth,mobile,Khobar,visa,6,6,1314.0,15.9,189.0,1109.1,404.0
2025-05-30,Paid Social,instagram,paid_social,Creator Offers,desktop,Riyadh,mada,12,13,2907.0,15.9,0.0,2891.1,907.0
2025-05-31,Organic Search,google,organic,Always-on SEO,mobile,Riyadh,mada,9,10,2170.0,112.6,0.0,2057.4,691.0
2025-05-31,Direct,direct,none,Unassigned,desktop,Jeddah,mastercard,6,6,1404.0,103.6,0.0,1300.4,448.0
2025-05-31,Email,newsletter,email,Lifecycle,tablet,Dammam,apple_pay,8,8,1692.0,54.8,0.0,1637.2,516.0
2025-06-01,Paid Search,google,cpc,KSA Growth,desktop,Dammam,apple_pay,9,10,2190.0,106.6,219.0,1864.4,688.0
2025-06-01,Paid Social,instagram,paid_social,Creator Offers,tablet,Makkah,stc_pay,13,15,3415.0,29.9,0.0,3385.1,1081.0
2025-06-01,Affiliates,partners,affiliate,Partner Network,mobile,Madinah,visa,13,16,3604.0,236.9,170.1,3197.0,1128.0
2025-06-02,Direct,direct,none,Unassigned,tablet,Madinah,visa,9,10,2370.0,13.9,0.0,2356.1,757.0
2025-06-02,Email,newsletter,email,Lifecycle,mobile,Khobar,mada,7,9,2291.0,15.9,0.0,2275.1,740.0
2025-06-02,Organic Search,google,organic,Always-on SEO,desktop,Riyadh,mastercard,6,6,1374.0,8.9,359.0,1006.1,436.0
2025-06-03,Paid Social,instagram,paid_social,Creator Offers,mobile,Riyadh,mastercard,11,12,2778.0,124.5,0.0,2653.5,868.0
2025-06-03,Affiliates,partners,affiliate,Partner Network,desktop,Jeddah,apple_pay,8,9,2021.0,49.7,0.0,1971.3,637.0
2025-06-03,Paid Search,google,cpc,KSA Growth,tablet,Dammam,stc_pay,17,17,3813.0,100.5,556.1,3156.4,1189.0
2025-06-04,Email,newsletter,email,Lifecycle,desktop,Dammam,stc_pay,10,11,2659.0,50.8,0.0,2608.2,859.0
2025-06-04,Organic Search,google,organic,Always-on SEO,tablet,Makkah,visa,12,12,2688.0,58.7,249.0,2380.3,840.0
2025-06-04,Direct,direct,none,Unassigned,mobile,Madinah,mada,5,7,1793.0,75.7,0.0,1717.3,573.0
2025-06-05,Affiliates,partners,affiliate,Partner Network,tablet,Madinah,mada,11,13,2937.0,30.8,0.0,2906.2,914.0
2025-06-05,Paid Search,google,cpc,KSA Growth,mobile,Khobar,mastercard,8,10,2070.0,29.9,0.0,2040.1,634.0
2025-06-05,Paid Social,instagram,paid_social,Creator Offers,desktop,Riyadh,apple_pay,12,13,2887.0,114.5,0.0,2772.5,901.0
2025-06-06,Organic Search,google,organic,Always-on SEO,mobile,Riyadh,apple_pay,5,5,1035.0,39.8,0.0,995.2,305.0
2025-06-06,Direct,direct,none,Unassigned,desktop,Jeddah,stc_pay,8,9,1961.0,55.7,0.0,1905.3,597.0
2025-06-06,Email,newsletter,email,Lifecycle,tablet,Dammam,visa,5,5,1155.0,18.9,0.0,1136.1,363.0
2025-06-07,Paid Search,google,cpc,KSA Growth,desktop,Dammam,visa,12,12,2688.0,71.7,0.0,2616.3,840.0
2025-06-07,Paid Social,instagram,paid_social,Creator Offers,tablet,Makkah,mada,7,7,1563.0,63.8,0.0,1499.2,491.0
2025-06-07,Affiliates,partners,affiliate,Partner Network,mobile,Madinah,mastercard,9,9,2051.0,48.8,0.0,2002.2,653.0
2025-06-08,Direct,direct,none,Unassigned,tablet,Madinah,mastercard,6,7,1673.0,24.9,0.0,1648.1,530.0
2025-06-08,Email,newsletter,email,Lifecycle,mobile,Khobar,apple_pay,5,5,875.0,39.8,139.0,696.2,246.0
2025-06-08,Organic Search,google,organic,Always-on SEO,desktop,Riyadh,stc_pay,6,7,1593.0,0.0,0.0,1593.0,487.0
2025-06-09,Paid Social,instagram,paid_social,Creator Offers,mobile,Riyadh,stc_pay,5,5,1125.0,0.0,0.0,1125.0,349.0
2025-06-09,Affiliates,partners,affiliate,Partner Network,desktop,Jeddah,visa,8,9,2101.0,66.7,0.0,2034.3,679.0
2025-06-09,Paid Search,google,cpc,KSA Growth,tablet,Dammam,mada,3,3,837.0,0.0,0.0,837.0,281.0
2025-06-10,Email,newsletter,email,Lifecycle,desktop,Dammam,mada,7,7,1563.0,29.9,0.0,1533.1,491.0
2025-06-10,Organic Search,google,organic,Always-on SEO,tablet,Makkah,mastercard,5,5,1175.0,29.9,0.0,1145.1,375.0
2025-06-10,Direct,direct,none,Unassigned,mobile,Madinah,apple_pay,9,10,2220.0,51.8,558.0,1610.2,668.0
2025-06-11,Affiliates,partners,affiliate,Partner Network,tablet,Madinah,apple_pay,7,7,1393.0,0.0,0.0,1393.0,422.0
2025-06-11,Paid Search,google,cpc,KSA Growth,mobile,Khobar,stc_pay,4,4,876.0,18.9,0.0,857.1,278.0
2025-06-11,Paid Social,instagram,paid_social,Creator Offers,desktop,Riyadh,visa,3,3,767.0,27.9,251.1,488.0,247.0
2025-06-12,Organic Search,google,organic,Always-on SEO,mobile,Riyadh,visa,11,13,3007.0,78.7,0.0,2928.3,942.0
2025-06-12,Direct,direct,none,Unassigned,desktop,Jeddah,mada,10,11,2399.0,61.7,0.0,2337.3,737.0
2025-06-12,Email,newsletter,email,Lifecycle,tablet,Dammam,mastercard,7,8,1542.0,0.0,0.0,1542.0,444.0
2025-06-13,Paid Search,google,cpc,KSA Growth,desktop,Dammam,mastercard,10,11,2569.0,104.5,0.0,2464.5,833.0
2025-06-13,Paid Social,instagram,paid_social,Creator Offers,tablet,Makkah,apple_pay,10,11,2439.0,46.8,0.0,2392.2,757.0
2025-06-13,Affiliates,partners,affiliate,Partner Network,mobile,Madinah,stc_pay,19,20,4620.0,153.4,0.0,4466.6,1458.0
2025-06-14,Direct,direct,none,Unassigned,tablet,Madinah,stc_pay,5,5,1035.0,70.6,0.0,964.4,321.0
2025-06-14,Email,newsletter,email,Lifecycle,mobile,Khobar,visa,8,8,1892.0,15.9,0.0,1876.1,612.0
2025-06-14,Organic Search,google,organic,Always-on SEO,desktop,Riyadh,mada,13,15,3385.0,152.4,0.0,3232.6,1056.0
2025-06-15,Paid Social,instagram,paid_social,Creator Offers,mobile,Riyadh,mada,14,15,3525.0,80.7,0.0,3444.3,1121.0
2025-06-15,Affiliates,partners,affiliate,Partner Network,desktop,Jeddah,mastercard,11,13,2767.0,44.7,0.0,2722.3,832.0
2025-06-15,Paid Search,google,cpc,KSA Growth,tablet,Dammam,apple_pay,9,10,2280.0,65.7,0.0,2214.3,716.0
2025-06-16,Email,newsletter,email,Lifecycle,desktop,Dammam,apple_pay,8,8,1742.0,32.9,0.0,1709.1,524.0
2025-06-16,Organic Search,google,organic,Always-on SEO,tablet,Makkah,stc_pay,5,6,1284.0,15.9,0.0,1268.1,392.0
2025-06-16,Direct,direct,none,Unassigned,mobile,Madinah,visa,3,3,637.0,15.9,0.0,621.1,187.0
2025-06-17,Affiliates,partners,affiliate,Partner Network,tablet,Madinah,visa,12,13,2867.0,116.5,179.1,2571.4,889.0
2025-06-17,Paid Search,google,cpc,KSA Growth,mobile,Khobar,mada,5,5,1125.0,47.8,0.0,1077.2,365.0
2025-06-17,Paid Social,instagram,paid_social,Creator Offers,desktop,Riyadh,mastercard,5,5,875.0,24.9,0.0,850.1,246.0
2025-06-18,Organic Search,google,organic,Always-on SEO,mobile,Riyadh,mastercard,9,11,2279.0,48.8,0.0,2230.2,679.0
2025-06-18,Direct,direct,none,Unassigned,desktop,Jeddah,apple_pay,8,8,1762.0,37.8,0.0,1724.2,536.0
2025-06-18,Email,newsletter,email,Lifecycle,tablet,Dammam,stc_pay,7,7,1813.0,19.9,0.0,1793.1,594.0
2025-06-19,Paid Search,google,cpc,KSA Growth,desktop,Dammam,stc_pay,6,7,1573.0,52.8,0.0,1520.2,481.0
2025-06-19,Paid Social,instagram,paid_social,Creator Offers,tablet,Makkah,visa,7,7,1563.0,35.8,279.0,1248.2,491.0
2025-06-19,Affiliates,partners,affiliate,Partner Network,mobile,Madinah,mada,7,8,1752.0,82.6,0.0,1669.4,544.0
2025-06-20,Direct,direct,none,Unassigned,tablet,Madinah,mada,16,16,3634.0,24.8,628.0,2981.2,1156.0
2025-06-20,Email,newsletter,email,Lifecycle,mobile,Khobar,mastercard,7,7,1393.0,47.7,0.0,1345.3,422.0
2025-06-20,Organic Search,google,organic,Always-on SEO,desktop,Riyadh,apple_pay,13,14,2996.0,54.6,249.0,2692.4,931.0
2025-06-21,Paid Social,instagram,paid_social,Creator Offers,mobile,Riyadh,apple_pay,4,5,985.0,0.0,0.0,985.0,283.0
2025-06-21,Affiliates,partners,affiliate,Partner Network,desktop,Jeddah,stc_pay,8,10,2350.0,0.0,0.0,2350.0,779.0
2025-06-21,Paid Search,google,cpc,KSA Growth,tablet,Dammam,visa,9,11,2389.0,101.5,717.0,1570.5,731.0
2025-06-22,Email,newsletter,email,Lifecycle,desktop,Dammam,visa,8,9,2111.0,17.9,279.0,1814.1,656.0
2025-06-22,Organic Search,google,organic,Always-on SEO,tablet,Makkah,mada,6,7,1483.0,24.9,0.0,1458.1,466.0
2025-06-22,Direct,direct,none,Unassigned,mobile,Madinah,mastercard,6,7,1523.0,36.8,0.0,1486.2,465.0
2025-06-23,Affiliates,partners,affiliate,Partner Network,tablet,Madinah,mastercard,6,6,1064.0,27.8,0.0,1036.2,301.0
2025-06-23,Paid Search,google,cpc,KSA Growth,mobile,Khobar,apple_pay,10,10,2260.0,99.6,0.0,2160.4,720.0
2025-06-23,Paid Social,instagram,paid_social,Creator Offers,desktop,Riyadh,stc_pay,7,9,2231.0,101.7,0.0,2129.3,743.0
2025-06-24,Organic Search,google,organic,Always-on SEO,mobile,Riyadh,stc_pay,6,6,1514.0,68.8,0.0,1445.2,500.0
2025-06-24,Direct,direct,none,Unassigned,desktop,Jeddah,visa,6,7,1683.0,0.0,0.0,1683.0,531.0
2025-06-24,Email,newsletter,email,Lifecycle,tablet,Dammam,mada,10,10,2130.0,45.7,0.0,2084.3,642.0
2025-06-25,Paid Search,google,cpc,KSA Growth,desktop,Dammam,mada,8,8,1722.0,8.9,0.0,1713.1,532.0
2025-06-25,Paid Social,instagram,paid_social,Creator Offers,tablet,Makkah,mastercard,11,11,2599.0,76.7,329.0,2193.3,816.0
2025-06-25,Affiliates,partners,affiliate,Partner Network,mobile,Madinah,apple_pay,14,15,3215.0,109.5,0.0,3105.5,991.0
2025-06-26,Direct,direct,none,Unassigned,tablet,Madinah,apple_pay,7,8,1672.0,99.6,0.0,1572.4,508.0
2025-06-26,Email,newsletter,email,Lifecycle,mobile,Khobar,stc_pay,6,6,1624.0,32.9,0.0,1591.1,539.0
2025-06-26,Organic Search,google,organic,Always-on SEO,desktop,Riyadh,visa,5,5,1125.0,29.9,0.0,1095.1,365.0
2025-06-27,Paid Social,instagram,paid_social,Creator Offers,mobile,Riyadh,visa,4,4,1136.0,0.0,0.0,1136.0,375.0
2025-06-27,Affiliates,partners,affiliate,Partner Network,desktop,Jeddah,mada,6,7,1263.0,0.0,0.0,1263.0,364.0
2025-06-27,Paid Search,google,cpc,KSA Growth,tablet,Dammam,mastercard,7,8,1702.0,57.8,0.0,1644.2,510.0
2025-06-28,Email,newsletter,email,Lifecycle,desktop,Dammam,mastercard,9,9,1941.0,21.9,0.0,1919.1,585.0
2025-06-28,Organic Search,google,organic,Always-on SEO,tablet,Makkah,apple_pay,12,16,3594.0,164.3,299.0,3130.7,1104.0
2025-06-28,Direct,direct,none,Unassigned,mobile,Madinah,stc_pay,4,5,1275.0,35.9,0.0,1239.1,407.0
2025-06-29,Affiliates,partners,affiliate,Partner Network,tablet,Madinah,stc_pay,6,8,2142.0,94.6,286.2,1761.2,719.0
2025-06-29,Paid Search,google,cpc,KSA Growth,mobile,Khobar,visa,6,7,1573.0,0.0,0.0,1573.0,497.0
2025-06-29,Paid Social,instagram,paid_social,Creator Offers,desktop,Riyadh,mada,8,9,1771.0,27.8,0.0,1743.2,532.0
2025-06-30,Organic Search,google,organic,Always-on SEO,mobile,Riyadh,mada,9,11,2339.0,8.9,0.0,2330.1,723.0
2025-06-30,Direct,direct,none,Unassigned,desktop,Jeddah,mastercard,11,11,2509.0,71.7,0.0,2437.3,791.0
2025-06-30,Email,newsletter,email,Lifecycle,tablet,Dammam,apple_pay,6,7,1673.0,0.0,0.0,1673.0,543.0
2025-07-01,Paid Search,google,cpc,KSA Growth,desktop,Dammam,apple_pay,9,10,2370.0,149.5,0.0,2220.5,774.0
2025-07-01,Paid Social,instagram,paid_social,Creator Offers,tablet,Makkah,stc_pay,8,9,2171.0,77.7,0.0,2093.3,699.0
2025-07-01,Affiliates,partners,affiliate,Partner Network,mobile,Madinah,visa,8,8,1722.0,8.9,0.0,1713.1,532.0
2025-07-02,Direct,direct,none,Unassigned,tablet,Madinah,visa,14,14,3246.0,85.7,323.1,2837.2,1038.0
2025-07-02,Email,newsletter,email,Lifecycle,mobile,Khobar,mada,9,10,2020.0,24.9,0.0,1995.1,603.0
2025-07-02,Organic Search,google,organic,Always-on SEO,desktop,Riyadh,mastercard,6,7,1593.0,0.0,0.0,1593.0,487.0
2025-07-03,Paid Social,instagram,paid_social,Creator Offers,mobile,Riyadh,mastercard,4,5,1015.0,43.8,0.0,971.2,295.0
2025-07-03,Affiliates,partners,affiliate,Partner Network,desktop,Jeddah,apple_pay,9,10,2170.0,55.6,159.0,1955.4,691.0
2025-07-03,Paid Search,google,cpc,KSA Growth,tablet,Dammam,stc_pay,10,12,2758.0,134.4,249.0,2374.6,874.0
2025-07-04,Email,newsletter,email,Lifecycle,desktop,Dammam,stc_pay,8,8,1812.0,29.9,159.0,1623.1,562.0
2025-07-04,Organic Search,google,organic,Always-on SEO,tablet,Makkah,visa,7,7,1533.0,22.8,0.0,1510.2,477.0
2025-07-04,Direct,direct,none,Unassigned,mobile,Madinah,mada,15,15,3335.0,74.7,0.0,3260.3,1027.0
2025-07-05,Affiliates,partners,affiliate,Partner Network,tablet,Madinah,mada,11,11,2389.0,53.7,80.1,2255.2,746.0
2025-07-05,Paid Search,google,cpc,KSA Growth,mobile,Khobar,mastercard,10,12,2948.0,18.9,658.0,2271.1,978.0
2025-07-05,Paid Social,instagram,paid_social,Creator Offers,desktop,Riyadh,apple_pay,9,10,2470.0,81.7,0.0,2388.3,804.0
2025-07-06,Organic Search,google,organic,Always-on SEO,mobile,Riyadh,apple_pay,7,8,2172.0,64.7,0.0,2107.3,731.0
2025-07-06,Direct,direct,none,Unassigned,desktop,Jeddah,stc_pay,4,5,1415.0,35.9,0.0,1379.1,458.0
2025-07-06,Email,newsletter,email,Lifecycle,tablet,Dammam,visa,5,5,1035.0,42.8,0.0,992.2,305.0
2025-07-07,Paid Search,google,cpc,KSA Growth,desktop,Dammam,visa,10,10,2210.0,54.8,0.0,2155.2,696.0
2025-07-07,Paid Social,instagram,paid_social,Creator Offers,tablet,Makkah,mada,12,12,2688.0,19.9,0.0,2668.1,840.0
2025-07-07,Affiliates,partners,affiliate,Partner Network,mobile,Madinah,mastercard,10,10,2220.0,8.9,359.0,1852.1,702.0
2025-07-08,Direct,direct,none,Unassigned,tablet,Madinah,mastercard,6,7,1453.0,49.7,0.0,1403.3,439.0
2025-07-08,Email,newsletter,email,Lifecycle,mobile,Khobar,apple_pay,9,9,2141.0,32.9,179.0,1929.1,683.0
2025-07-08,Organic Search,google,organic,Always-on SEO,desktop,Riyadh,stc_pay,5,5,1125.0,0.0,0.0,1125.0,365.0
2025-07-09,Paid Social,instagram,paid_social,Creator Offers,mobile,Riyadh,stc_pay,8,9,2171.0,19.9,598.0,1553.1,680.0
2025-07-09,Affiliates,partners,affiliate,Partner Network,desktop,Jeddah,visa,5,5,1035.0,0.0,0.0,1035.0,305.0
2025-07-09,Paid Search,google,cpc,KSA Growth,tablet,Dammam,mada,11,12,2868.0,21.9,0.0,2846.1,928.0
2025-07-10,Email,newsletter,email,Lifecycle,desktop,Dammam,mada,6,7,1523.0,0.0,0.0,1523.0,465.0
2025-07-10,Organic Search,google,organic,Always-on SEO,tablet,Makkah,mastercard,5,6,1374.0,0.0,0.0,1374.0,420.0
2025-07-10,Direct,direct,none,Unassigned,mobile,Madinah,apple_pay,6,6,1384.0,19.9,0.0,1364.1,442.0
2025-07-11,Affiliates,partners,affiliate,Partner Network,tablet,Madinah,apple_pay,10,10,2360.0,17.9,299.0,2043.1,750.0
2025-07-11,Paid Search,google,cpc,KSA Growth,mobile,Khobar,stc_pay,10,11,2499.0,57.8,0.0,2441.2,785.0
2025-07-11,Paid Social,instagram,paid_social,Creator Offers,desktop,Riyadh,visa,3,4,696.0,0.0,0.0,696.0,193.0
2025-07-12,Organic Search,google,organic,Always-on SEO,mobile,Riyadh,visa,13,15,3465.0,55.8,0.0,3409.2,1078.0
2025-07-12,Direct,direct,none,Unassigned,desktop,Jeddah,mada,6,6,1284.0,37.8,0.0,1246.2,392.0
2025-07-12,Email,newsletter,email,Lifecycle,tablet,Dammam,mastercard,7,8,2002.0,70.7,0.0,1931.3,649.0
2025-07-13,Paid Search,google,cpc,KSA Growth,desktop,Dammam,mastercard,9,11,2569.0,29.8,0.0,2539.2,835.0
2025-07-13,Paid Social,instagram,paid_social,Creator Offers,tablet,Makkah,apple_pay,4,4,996.0,0.0,0.0,996.0,324.0
2025-07-13,Affiliates,partners,affiliate,Partner Network,mobile,Madinah,stc_pay,6,6,1394.0,0.0,0.0,1394.0,442.0
2025-07-14,Direct,direct,none,Unassigned,tablet,Madinah,stc_pay,10,10,2250.0,58.7,0.0,2191.3,714.0
2025-07-14,Email,newsletter,email,Lifecycle,mobile,Khobar,visa,4,4,736.0,0.0,0.0,736.0,211.0
2025-07-14,Organic Search,google,organic,Always-on SEO,desktop,Riyadh,mada,8,8,1872.0,0.0,0.0,1872.0,602.0
2025-07-15,Paid Social,instagram,paid_social,Creator Offers,mobile,Riyadh,mada,4,6,1184.0,21.9,0.0,1162.1,334.0
2025-07-15,Affiliates,partners,affiliate,Partner Network,desktop,Jeddah,mastercard,7,7,1813.0,0.0,0.0,1813.0,594.0
2025-07-15,Paid Search,google,cpc,KSA Growth,tablet,Dammam,apple_pay,9,9,2011.0,57.8,0.0,1953.2,621.0
2025-07-16,Email,newsletter,email,Lifecycle,desktop,Dammam,apple_pay,5,6,1494.0,0.0,0.0,1494.0,479.0
2025-07-16,Organic Search,google,organic,Always-on SEO,tablet,Makkah,stc_pay,6,6,1394.0,0.0,219.0,1175.0,442.0
2025-07-16,Direct,direct,none,Unassigned,mobile,Madinah,visa,12,13,2877.0,72.7,539.1,2265.2,895.0
2025-07-17,Affiliates,partners,affiliate,Partner Network,tablet,Madinah,visa,8,8,1552.0,38.8,0.0,1513.2,465.0
2025-07-17,Paid Search,google,cpc,KSA Growth,mobile,Khobar,mada,9,9,2171.0,69.7,0.0,2101.3,696.0
2025-07-17,Paid Social,instagram,paid_social,Creator Offers,desktop,Riyadh,mastercard,9,10,2340.0,27.9,0.0,2312.1,744.0
2025-07-18,Organic Search,google,organic,Always-on SEO,mobile,Riyadh,mastercard,12,14,2966.0,35.9,0.0,2930.1,919.0
2025-07-18,Direct,direct,none,Unassigned,desktop,Jeddah,apple_pay,13,16,3574.0,18.9,0.0,3555.1,1098.0
2025-07-18,Email,newsletter,email,Lifecycle,tablet,Dammam,stc_pay,5,5,1035.0,42.8,0.0,992.2,305.0
2025-07-19,Paid Search,google,cpc,KSA Growth,desktop,Dammam,stc_pay,9,10,2410.0,90.7,89.0,2230.3,790.0
2025-07-19,Paid Social,instagram,paid_social,Creator Offers,tablet,Makkah,visa,6,6,1304.0,18.9,0.0,1285.1,398.0
2025-07-19,Affiliates,partners,affiliate,Partner Network,mobile,Madinah,mada,5,5,1095.0,27.9,0.0,1067.1,337.0
2025-07-20,Direct,direct,none,Unassigned,tablet,Madinah,mada,8,8,1872.0,68.7,0.0,1803.3,602.0
2025-07-20,Email,newsletter,email,Lifecycle,mobile,Khobar,mastercard,6,6,1624.0,0.0,0.0,1624.0,539.0
2025-07-20,Organic Search,google,organic,Always-on SEO,desktop,Riyadh,apple_pay,6,6,1374.0,53.8,0.0,1320.2,436.0
2025-07-21,Paid Social,instagram,paid_social,Creator Offers,mobile,Riyadh,apple_pay,6,7,1603.0,35.9,0.0,1567.1,509.0
2025-07-21,Affiliates,partners,affiliate,Partner Network,desktop,Jeddah,stc_pay,9,10,2150.0,48.8,0.0,2101.2,653.0
2025-07-21,Paid Search,google,cpc,KSA Growth,tablet,Dammam,visa,5,5,1125.0,18.9,0.0,1106.1,349.0
2025-07-22,Email,newsletter,email,Lifecycle,desktop,Dammam,visa,13,15,3475.0,87.7,0.0,3387.3,1097.0
2025-07-22,Organic Search,google,organic,Always-on SEO,tablet,Makkah,mada,9,9,2041.0,132.5,323.1,1585.4,653.0
2025-07-22,Direct,direct,none,Unassigned,mobile,Madinah,mastercard,7,7,1563.0,36.8,0.0,1526.2,491.0
2025-07-23,Affiliates,partners,affiliate,Partner Network,tablet,Madinah,mastercard,10,10,2360.0,82.7,0.0,2277.3,750.0
2025-07-23,Paid Search,google,cpc,KSA Growth,mobile,Khobar,apple_pay,9,9,1921.0,58.7,0.0,1862.3,593.0
2025-07-23,Paid Social,instagram,paid_social,Creator Offers,desktop,Riyadh,stc_pay,5,5,875.0,26.8,0.0,848.2,246.0
2025-07-24,Organic Search,google,organic,Always-on SEO,mobile,Riyadh,stc_pay,7,9,1841.0,0.0,0.0,1841.0,538.0
2025-07-24,Direct,direct,none,Unassigned,desktop,Jeddah,visa,10,11,2669.0,27.9,139.0,2502.1,838.0
2025-07-24,Email,newsletter,email,Lifecycle,tablet,Dammam,mada,6,6,1514.0,0.0,0.0,1514.0,500.0
2025-07-25,Paid Search,google,cpc,KSA Growth,desktop,Dammam,mada,6,7,1493.0,60.8,0.0,1432.2,459.0
2025-07-25,Paid Social,instagram,paid_social,Creator Offers,tablet,Makkah,mastercard,12,13,2847.0,108.5,0.0,2738.5,883.0
2025-07-25,Affiliates,partners,affiliate,Partner Network,mobile,Madinah,apple_pay,8,9,1941.0,63.7,0.0,1877.3,599.0
2025-07-26,Direct,direct,none,Unassigned,tablet,Madinah,apple_pay,11,12,2628.0,19.9,249.0,2359.1,824.0
2025-07-26,Email,newsletter,email,Lifecycle,mobile,Khobar,stc_pay,14,15,3045.0,75.6,0.0,2969.4,937.0
2025-07-26,Organic Search,google,organic,Always-on SEO,desktop,Riyadh,visa,9,10,2370.0,39.8,139.0,2191.2,757.0
2025-07-27,Paid Social,instagram,paid_social,Creator Offers,mobile,Riyadh,visa,6,9,1771.0,59.7,0.0,1711.3,525.0
2025-07-27,Affiliates,partners,affiliate,Partner Network,desktop,Jeddah,mada,7,7,1813.0,112.6,0.0,1700.4,594.0
2025-07-27,Paid Search,google,cpc,KSA Growth,tablet,Dammam,mastercard,9,10,2230.0,134.5,139.0,1956.5,688.0
2025-07-28,Email,newsletter,email,Lifecycle,desktop,Dammam,mastercard,14,17,3813.0,49.8,0.0,3763.2,1163.0
2025-07-28,Organic Search,google,organic,Always-on SEO,tablet,Makkah,apple_pay,10,10,2210.0,116.4,0.0,2093.6,696.0
2025-07-28,Direct,direct,none,Unassigned,mobile,Madinah,stc_pay,5,5,975.0,60.7,0.0,914.3,277.0
2025-07-29,Affiliates,partners,affiliate,Partner Network,tablet,Madinah,stc_pay,7,7,1393.0,18.9,329.0,1045.1,422.0
2025-07-29,Paid Search,google,cpc,KSA Growth,mobile,Khobar,visa,9,10,2310.0,62.8,0.0,2247.2,731.0
2025-07-29,Paid Social,instagram,paid_social,Creator Offers,desktop,Riyadh,mada,5,5,1325.0,32.9,655.1,637.0,445.0
2025-07-30,Organic Search,google,organic,Always-on SEO,mobile,Riyadh,mada,9,10,2360.0,48.8,0.0,2311.2,750.0
2025-07-30,Direct,direct,none,Unassigned,desktop,Jeddah,mastercard,8,8,1872.0,49.8,0.0,1822.2,586.0
2025-07-30,Email,newsletter,email,Lifecycle,tablet,Dammam,apple_pay,14,16,3574.0,46.8,0.0,3527.2,1113.0
2025-07-31,Paid Search,google,cpc,KSA Growth,desktop,Dammam,apple_pay,16,19,4521.0,103.4,0.0,4417.6,1446.0
2025-07-31,Paid Social,instagram,paid_social,Creator Offers,tablet,Makkah,stc_pay,11,11,2599.0,0.0,279.0,2320.0,816.0
2025-07-31,Affiliates,partners,affiliate,Partner Network,mobile,Madinah,visa,6,6,1294.0,18.9,0.0,1275.1,398.0
2025-08-01,Direct,direct,none,Unassigned,tablet,Madinah,visa,12,12,2688.0,60.8,0.0,2627.2,840.0
2025-08-01,Email,newsletter,email,Lifecycle,mobile,Khobar,mada,12,13,2967.0,26.8,0.0,2940.2,923.0
2025-08-01,Organic Search,google,organic,Always-on SEO,desktop,Riyadh,mastercard,7,8,1842.0,67.7,179.1,1595.2,574.0
2025-08-02,Paid Social,instagram,paid_social,Creator Offers,mobile,Riyadh,mastercard,8,8,1872.0,28.8,0.0,1843.2,586.0
2025-08-02,Affiliates,partners,affiliate,Partner Network,desktop,Jeddah,apple_pay,13,14,3316.0,37.8,0.0,3278.2,1055.0
2025-08-02,Paid Search,google,cpc,KSA Growth,tablet,Dammam,stc_pay,10,10,2420.0,62.7,718.1,1639.2,767.0
2025-08-03,Email,newsletter,email,Lifecycle,desktop,Dammam,stc_pay,10,11,2479.0,54.8,0.0,2424.2,771.0
2025-08-03,Organic Search,google,organic,Always-on SEO,tablet,Makkah,visa,6,7,1483.0,71.6,0.0,1411.4,453.0
2025-08-03,Direct,direct,none,Unassigned,mobile,Madinah,mada,4,4,996.0,35.9,0.0,960.1,324.0
2025-08-04,Affiliates,partners,affiliate,Partner Network,tablet,Madinah,mada,6,6,1624.0,63.8,0.0,1560.2,539.0
2025-08-04,Paid Search,google,cpc,KSA Growth,mobile,Khobar,mastercard,4,5,1145.0,29.9,0.0,1115.1,377.0
2025-08-04,Paid Social,instagram,paid_social,Creator Offers,desktop,Riyadh,apple_pay,12,13,2967.0,136.5,0.0,2830.5,923.0
2025-08-05,Organic Search,google,organic,Always-on SEO,mobile,Riyadh,apple_pay,8,8,1692.0,27.8,139.0,1525.2,516.0
2025-08-05,Direct,direct,none,Unassigned,desktop,Jeddah,stc_pay,10,12,2828.0,0.0,159.0,2669.0,889.0
2025-08-05,Email,newsletter,email,Lifecycle,tablet,Dammam,visa,7,8,2092.0,49.8,0.0,2042.2,677.0
2025-08-06,Paid Search,google,cpc,KSA Growth,desktop,Dammam,visa,9,11,2429.0,81.6,0.0,2347.4,769.0
2025-08-06,Paid Social,instagram,paid_social,Creator Offers,tablet,Makkah,mada,7,9,1921.0,0.0,89.0,1832.0,595.0
2025-08-06,Affiliates,partners,affiliate,Partner Network,mobile,Madinah,mastercard,8,10,1950.0,0.0,0.0,1950.0,591.0
2025-08-07,Direct,direct,none,Unassigned,tablet,Madinah,mastercard,7,9,1991.0,24.9,0.0,1966.1,619.0
2025-08-07,Email,newsletter,email,Lifecycle,mobile,Khobar,apple_pay,6,7,1153.0,0.0,219.0,934.0,325.0
2025-08-07,Organic Search,google,organic,Always-on SEO,desktop,Riyadh,stc_pay,4,5,1205.0,65.8,139.0,1000.2,399.0
2025-08-08,Paid Social,instagram,paid_social,Creator Offers,mobile,Riyadh,stc_pay,13,13,2937.0,74.7,299.0,2563.3,911.0
2025-08-08,Affiliates,partners,affiliate,Partner Network,desktop,Jeddah,visa,5,5,1155.0,27.9,0.0,1127.1,363.0
2025-08-08,Paid Search,google,cpc,KSA Growth,tablet,Dammam,mada,14,16,3744.0,83.7,0.0,3660.3,1161.0
2025-08-09,Email,newsletter,email,Lifecycle,desktop,Dammam,mada,13,13,2847.0,13.9,0.0,2833.1,883.0
2025-08-09,Organic Search,google,organic,Always-on SEO,tablet,Makkah,mastercard,11,11,2489.0,83.6,0.0,2405.4,779.0
2025-08-09,Direct,direct,none,Unassigned,mobile,Madinah,apple_pay,10,10,2300.0,31.8,0.0,2268.2,722.0
2025-08-10,Affiliates,partners,affiliate,Partner Network,tablet,Madinah,apple_pay,11,11,2389.0,60.7,125.1,2203.2,746.0
2025-08-10,Paid Search,google,cpc,KSA Growth,mobile,Khobar,stc_pay,12,14,3106.0,36.8,0.0,3069.2,968.0
2025-08-10,Paid Social,instagram,paid_social,Creator Offers,desktop,Riyadh,visa,14,16,3644.0,71.6,558.0,3014.4,1142.0
2025-08-11,Organic Search,google,organic,Always-on SEO,mobile,Riyadh,visa,13,13,2877.0,46.8,0.0,2830.2,895.0
2025-08-11,Direct,direct,none,Unassigned,desktop,Jeddah,mada,9,11,2509.0,105.6,199.0,2204.4,771.0
2025-08-11,Email,newsletter,email,Lifecycle,tablet,Dammam,mastercard,11,11,2329.0,78.7,0.0,2250.3,703.0
2025-08-12,Paid Search,google,cpc,KSA Growth,desktop,Dammam,mastercard,9,10,2380.0,162.4,179.0,2038.6,774.0
2025-08-12,Paid Social,instagram,paid_social,Creator Offers,tablet,Makkah,apple_pay,17,19,4161.0,120.5,0.0,4040.5,1267.0
2025-08-12,Affiliates,partners,affiliate,Partner Network,mobile,Madinah,stc_pay,9,9,2041.0,19.9,299.0,1722.1,653.0
2025-08-13,Direct,direct,none,Unassigned,tablet,Madinah,stc_pay,9,9,2171.0,27.9,199.0,1944.1,696.0
2025-08-13,Email,newsletter,email,Lifecycle,mobile,Khobar,visa,10,10,2360.0,76.7,219.0,2064.3,750.0
2025-08-13,Organic Search,google,organic,Always-on SEO,desktop,Riyadh,mada,11,12,2738.0,17.9,89.0,2631.1,878.0
2025-08-14,Paid Social,instagram,paid_social,Creator Offers,mobile,Riyadh,mada,8,9,2091.0,49.8,279.0,1762.2,653.0
2025-08-14,Affiliates,partners,affiliate,Partner Network,desktop,Jeddah,mastercard,5,6,1124.0,51.8,0.0,1072.2,329.0
2025-08-14,Paid Search,google,cpc,KSA Growth,tablet,Dammam,apple_pay,15,18,3792.0,0.0,0.0,3792.0,1151.0
2025-08-15,Email,newsletter,email,Lifecycle,desktop,Dammam,apple_pay,7,10,2040.0,32.9,296.1,1711.0,602.0
2025-08-15,Organic Search,google,organic,Always-on SEO,tablet,Makkah,stc_pay,7,8,1812.0,27.9,0.0,1784.1,578.0
2025-08-15,Direct,direct,none,Unassigned,mobile,Madinah,visa,4,4,996.0,15.9,0.0,980.1,324.0
2025-08-16,Affiliates,partners,affiliate,Partner Network,tablet,Madinah,visa,10,10,2360.0,45.8,0.0,2314.2,750.0
2025-08-16,Paid Search,google,cpc,KSA Growth,mobile,Khobar,mada,5,6,1424.0,19.9,0.0,1404.1,459.0
2025-08-16,Paid Social,instagram,paid_social,Creator Offers,desktop,Riyadh,mastercard,7,7,1393.0,41.8,0.0,1351.2,422.0
2025-08-17,Organic Search,google,organic,Always-on SEO,mobile,Riyadh,mastercard,10,10,2130.0,111.5,0.0,2018.5,642.0
2025-08-17,Direct,direct,none,Unassigned,desktop,Jeddah,apple_pay,5,5,1125.0,0.0,0.0,1125.0,349.0
2025-08-17,Email,newsletter,email,Lifecycle,tablet,Dammam,stc_pay,7,7,1813.0,0.0,0.0,1813.0,594.0
2025-08-18,Paid Search,google,cpc,KSA Growth,desktop,Dammam,stc_pay,11,13,2807.0,61.6,0.0,2745.4,868.0
2025-08-18,Paid Social,instagram,paid_social,Creator Offers,tablet,Makkah,visa,5,7,1773.0,101.6,0.0,1671.4,562.0
2025-08-18,Affiliates,partners,affiliate,Partner Network,mobile,Madinah,mada,14,15,3435.0,86.6,0.0,3348.4,1095.0
2025-08-19,Direct,direct,none,Unassigned,tablet,Madinah,mada,13,15,3175.0,168.1,0.0,3006.9,986.0
2025-08-19,Email,newsletter,email,Lifecycle,mobile,Khobar,mastercard,12,12,2688.0,17.9,0.0,2670.1,840.0
2025-08-19,Organic Search,google,organic,Always-on SEO,desktop,Riyadh,apple_pay,5,5,1035.0,37.8,0.0,997.2,321.0
2025-08-20,Paid Social,instagram,paid_social,Creator Offers,mobile,Riyadh,apple_pay,16,17,3683.0,32.9,0.0,3650.1,1129.0
2025-08-20,Affiliates,partners,affiliate,Partner Network,desktop,Jeddah,stc_pay,11,11,2549.0,64.7,0.0,2484.3,805.0
2025-08-20,Paid Search,google,cpc,KSA Growth,tablet,Dammam,visa,10,10,2200.0,69.7,0.0,2130.3,676.0
2025-08-21,Email,newsletter,email,Lifecycle,desktop,Dammam,visa,5,5,1295.0,29.9,0.0,1265.1,418.0
2025-08-21,Organic Search,google,organic,Always-on SEO,tablet,Makkah,mada,9,10,2240.0,0.0,0.0,2240.0,708.0
2025-08-21,Direct,direct,none,Unassigned,mobile,Madinah,mastercard,18,18,3992.0,168.3,189.0,3634.7,1238.0
2025-08-22,Affiliates,partners,affiliate,Partner Network,tablet,Madinah,mastercard,10,10,2030.0,33.8,0.0,1996.2,609.0
2025-08-22,Paid Search,google,cpc,KSA Growth,mobile,Khobar,apple_pay,10,10,2260.0,56.7,329.0,1874.3,720.0
2025-08-22,Paid Social,instagram,paid_social,Creator Offers,desktop,Riyadh,stc_pay,5,6,1524.0,0.0,0.0,1524.0,506.0
2025-08-23,Organic Search,google,organic,Always-on SEO,mobile,Riyadh,stc_pay,7,8,2172.0,27.9,0.0,2144.1,731.0
2025-08-23,Direct,direct,none,Unassigned,desktop,Jeddah,visa,5,5,1225.0,8.9,0.0,1216.1,399.0
2025-08-23,Email,newsletter,email,Lifecycle,tablet,Dammam,mada,6,7,1263.0,35.8,0.0,1227.2,364.0
2025-08-24,Paid Search,google,cpc,KSA Growth,desktop,Dammam,mada,9,11,2589.0,24.9,0.0,2564.1,839.0
2025-08-24,Paid Social,instagram,paid_social,Creator Offers,tablet,Makkah,mastercard,5,5,975.0,0.0,179.0,796.0,277.0
2025-08-24,Affiliates,partners,affiliate,Partner Network,mobile,Madinah,apple_pay,6,8,1902.0,0.0,0.0,1902.0,602.0
2025-08-25,Direct,direct,none,Unassigned,tablet,Madinah,apple_pay,8,10,2230.0,40.8,0.0,2189.2,706.0
2025-08-25,Email,newsletter,email,Lifecycle,mobile,Khobar,stc_pay,6,7,1783.0,98.7,0.0,1684.3,582.0
2025-08-25,Organic Search,google,organic,Always-on SEO,desktop,Riyadh,visa,9,9,1921.0,108.6,0.0,1812.4,593.0
2025-08-26,Paid Social,instagram,paid_social,Creator Offers,mobile,Riyadh,visa,5,6,1314.0,0.0,0.0,1314.0,423.0
2025-08-26,Affiliates,partners,affiliate,Partner Network,desktop,Jeddah,mada,6,7,1313.0,42.8,0.0,1270.2,375.0
2025-08-26,Paid Search,google,cpc,KSA Growth,tablet,Dammam,mastercard,15,17,3683.0,152.3,251.1,3279.6,1119.0
2025-08-27,Email,newsletter,email,Lifecycle,desktop,Dammam,mastercard,5,5,975.0,21.9,0.0,953.1,277.0
2025-08-27,Organic Search,google,organic,Always-on SEO,tablet,Makkah,apple_pay,10,10,2220.0,70.7,170.1,1979.2,702.0
2025-08-27,Direct,direct,none,Unassigned,mobile,Madinah,stc_pay,4,5,1195.0,0.0,0.0,1195.0,385.0
2025-08-28,Affiliates,partners,affiliate,Partner Network,tablet,Madinah,stc_pay,9,11,2699.0,172.3,0.0,2526.7,881.0
2025-08-28,Paid Search,google,cpc,KSA Growth,mobile,Khobar,visa,10,12,2638.0,133.5,323.1,2181.4,830.0
2025-08-28,Paid Social,instagram,paid_social,Creator Offers,desktop,Riyadh,mada,10,10,2030.0,76.6,0.0,1953.4,609.0
2025-08-29,Organic Search,google,organic,Always-on SEO,mobile,Riyadh,mada,8,10,2080.0,32.9,0.0,2047.1,622.0
2025-08-29,Direct,direct,none,Unassigned,desktop,Jeddah,mastercard,13,16,3604.0,92.6,0.0,3511.4,1100.0
2025-08-29,Email,newsletter,email,Lifecycle,tablet,Dammam,apple_pay,12,13,2907.0,88.6,0.0,2818.4,907.0
2025-08-30,Paid Search,google,cpc,KSA Growth,desktop,Dammam,apple_pay,16,16,3504.0,119.6,0.0,3384.4,1094.0
2025-08-30,Paid Social,instagram,paid_social,Creator Offers,tablet,Makkah,stc_pay,9,10,2210.0,81.7,0.0,2128.3,678.0
2025-08-30,Affiliates,partners,affiliate,Partner Network,mobile,Madinah,visa,11,12,2768.0,75.7,558.0,2134.3,862.0
2025-08-31,Direct,direct,none,Unassigned,tablet,Madinah,visa,12,12,2688.0,13.9,0.0,2674.1,840.0
2025-08-31,Email,newsletter,email,Lifecycle,mobile,Khobar,mada,6,6,1064.0,8.9,0.0,1055.1,301.0
2025-08-31,Organic Search,google,organic,Always-on SEO,desktop,Riyadh,mastercard,16,17,3703.0,63.6,0.0,3639.4,1153.0
2025-09-01,Paid Social,instagram,paid_social,Creator Offers,mobile,Riyadh,mastercard,7,8,1812.0,0.0,0.0,1812.0,546.0
2025-09-01,Affiliates,partners,affiliate,Partner Network,desktop,Jeddah,apple_pay,5,5,1155.0,32.9,0.0,1122.1,363.0
2025-09-01,Paid Search,google,cpc,KSA Growth,tablet,Dammam,stc_pay,9,9,2011.0,29.9,0.0,1981.1,621.0
2025-09-02,Email,newsletter,email,Lifecycle,desktop,Dammam,stc_pay,4,5,1275.0,15.9,0.0,1259.1,407.0
2025-09-02,Organic Search,google,organic,Always-on SEO,tablet,Makkah,visa,12,14,3096.0,124.4,0.0,2971.6,962.0
2025-09-02,Direct,direct,none,Unassigned,mobile,Madinah,mada,8,9,1901.0,42.8,0.0,1858.2,567.0
2025-09-03,Affiliates,partners,affiliate,Partner Network,tablet,Madinah,mada,6,6,1064.0,43.8,0.0,1020.2,301.0
2025-09-03,Paid Search,google,cpc,KSA Growth,mobile,Khobar,mastercard,9,11,2499.0,32.9,0.0,2466.1,786.0
2025-09-03,Paid Social,instagram,paid_social,Creator Offers,desktop,Riyadh,apple_pay,10,10,2360.0,26.8,199.0,2134.2,750.0
2025-09-04,Organic Search,google,organic,Always-on SEO,mobile,Riyadh,apple_pay,8,8,1902.0,54.7,329.0,1518.3,618.0
2025-09-04,Direct,direct,none,Unassigned,desktop,Jeddah,stc_pay,11,11,2529.0,123.4,80.1,2325.5,797.0
2025-09-04,Email,newsletter,email,Lifecycle,tablet,Dammam,visa,14,14,3076.0,63.7,179.1,2833.2,958.0
2025-09-05,Paid Search,google,cpc,KSA Growth,desktop,Dammam,visa,9,9,2051.0,55.7,359.0,1636.3,653.0
2025-09-05,Paid Social,instagram,paid_social,Creator Offers,tablet,Makkah,mada,19,20,4340.0,137.4,0.0,4202.6,1336.0
2025-09-05,Affiliates,partners,affiliate,Partner Network,mobile,Madinah,mastercard,9,9,2041.0,13.9,299.0,1728.1,653.0
2025-09-06,Direct,direct,none,Unassigned,tablet,Madinah,mastercard,6,6,1314.0,13.9,0.0,1300.1,404.0
2025-09-06,Email,newsletter,email,Lifecycle,mobile,Khobar,apple_pay,8,9,2221.0,93.7,0.0,2127.3,733.0
2025-09-06,Organic Search,google,organic,Always-on SEO,desktop,Riyadh,stc_pay,9,9,1921.0,24.9,0.0,1896.1,593.0
2025-09-07,Paid Social,instagram,paid_social,Creator Offers,mobile,Riyadh,stc_pay,11,13,2967.0,133.4,179.0,2654.6,926.0
2025-09-07,Affiliates,partners,affiliate,Partner Network,desktop,Jeddah,visa,8,8,1692.0,46.8,299.0,1346.2,516.0
2025-09-07,Paid Search,google,cpc,KSA Growth,tablet,Dammam,mada,7,7,1563.0,32.8,389.1,1141.1,475.0
2025-09-08,Email,newsletter,email,Lifecycle,desktop,Dammam,mada,9,10,2140.0,13.9,159.0,1967.1,646.0
2025-09-08,Organic Search,google,organic,Always-on SEO,tablet,Makkah,mastercard,7,8,1812.0,68.8,614.1,1129.1,578.0
2025-09-08,Direct,direct,none,Unassigned,mobile,Madinah,apple_pay,5,6,1454.0,31.8,0.0,1422.2,461.0
2025-09-09,Affiliates,partners,affiliate,Partner Network,tablet,Madinah,apple_pay,5,5,1325.0,0.0,0.0,1325.0,445.0
2025-09-09,Paid Search,google,cpc,KSA Growth,mobile,Khobar,stc_pay,6,6,1374.0,8.9,0.0,1365.1,436.0
2025-09-09,Paid Social,instagram,paid_social,Creator Offers,desktop,Riyadh,visa,5,5,875.0,21.9,0.0,853.1,246.0
2025-09-10,Organic Search,google,organic,Always-on SEO,mobile,Riyadh,visa,9,10,2070.0,43.8,438.0,1588.2,626.0
2025-09-10,Direct,direct,none,Unassigned,desktop,Jeddah,mada,6,7,1613.0,65.8,0.0,1547.2,513.0
2025-09-10,Email,newsletter,email,Lifecycle,tablet,Dammam,mastercard,8,8,1902.0,35.9,323.1,1543.0,618.0
2025-09-11,Paid Search,google,cpc,KSA Growth,desktop,Dammam,mastercard,11,11,2469.0,54.8,139.0,2275.2,773.0
2025-09-11,Paid Social,instagram,paid_social,Creator Offers,tablet,Makkah,apple_pay,14,15,3315.0,48.7,0.0,3266.3,1021.0
2025-09-11,Affiliates,partners,affiliate,Partner Network,mobile,Madinah,stc_pay,7,9,1761.0,69.6,197.1,1494.3,536.0
2025-09-12,Direct,direct,none,Unassigned,tablet,Madinah,stc_pay,15,18,4152.0,70.6,508.1,3573.3,1307.0
2025-09-12,Email,newsletter,email,Lifecycle,mobile,Khobar,visa,17,17,3563.0,129.3,0.0,3433.7,1086.0
2025-09-12,Organic Search,google,organic,Always-on SEO,desktop,Riyadh,mada,12,12,2688.0,69.7,296.1,2322.2,840.0
2025-09-13,Paid Social,instagram,paid_social,Creator Offers,mobile,Riyadh,mada,3,3,607.0,0.0,0.0,607.0,173.0
2025-09-13,Affiliates,partners,affiliate,Partner Network,desktop,Jeddah,mastercard,8,9,2091.0,43.8,0.0,2047.2,673.0
2025-09-13,Paid Search,google,cpc,KSA Growth,tablet,Dammam,apple_pay,9,9,2011.0,57.8,0.0,1953.2,621.0
2025-09-14,Email,newsletter,email,Lifecycle,desktop,Dammam,apple_pay,12,12,2688.0,13.9,279.0,2395.1,840.0
2025-09-14,Organic Search,google,organic,Always-on SEO,tablet,Makkah,stc_pay,10,11,2349.0,104.4,0.0,2244.6,731.0
2025-09-14,Direct,direct,none,Unassigned,mobile,Madinah,visa,6,6,1304.0,21.9,0.0,1282.1,398.0
2025-09-15,Affiliates,partners,affiliate,Partner Network,tablet,Madinah,visa,8,8,1552.0,21.9,0.0,1530.1,465.0
2025-09-15,Paid Search,google,cpc,KSA Growth,mobile,Khobar,mada,4,6,1424.0,0.0,438.0,986.0,466.0
2025-09-15,Paid Social,instagram,paid_social,Creator Offers,desktop,Riyadh,mastercard,4,4,966.0,0.0,0.0,966.0,308.0
2025-09-16,Organic Search,google,organic,Always-on SEO,mobile,Riyadh,mastercard,8,9,2231.0,35.9,0.0,2195.1,739.0
2025-09-16,Direct,direct,none,Unassigned,desktop,Jeddah,apple_pay,9,11,2479.0,67.7,0.0,2411.3,759.0
2025-09-16,Email,newsletter,email,Lifecycle,tablet,Dammam,stc_pay,8,8,1692.0,29.9,0.0,1662.1,516.0
2025-09-17,Paid Search,google,cpc,KSA Growth,desktop,Dammam,stc_pay,9,10,2410.0,29.9,0.0,2380.1,790.0
2025-09-17,Paid Social,instagram,paid_social,Creator Offers,tablet,Makkah,visa,3,3,647.0,0.0,0.0,647.0,187.0
2025-09-17,Affiliates,partners,affiliate,Partner Network,mobile,Madinah,mada,5,6,1254.0,46.8,309.1,898.1,380.0
2025-09-18,Direct,direct,none,Unassigned,tablet,Madinah,mada,11,11,2439.0,26.8,0.0,2412.2,769.0
2025-09-18,Email,newsletter,email,Lifecycle,mobile,Khobar,mastercard,6,6,1624.0,52.8,0.0,1571.2,539.0
2025-09-18,Organic Search,google,organic,Always-on SEO,desktop,Riyadh,apple_pay,5,6,1324.0,69.7,0.0,1254.3,426.0
2025-09-19,Paid Social,instagram,paid_social,Creator Offers,mobile,Riyadh,apple_pay,8,8,1872.0,35.9,323.1,1513.0,586.0
2025-09-19,Affiliates,partners,affiliate,Partner Network,desktop,Jeddah,stc_pay,9,10,2030.0,0.0,0.0,2030.0,608.0
2025-09-19,Paid Search,google,cpc,KSA Growth,tablet,Dammam,visa,9,11,2449.0,105.5,249.0,2094.5,763.0
2025-09-20,Email,newsletter,email,Lifecycle,desktop,Dammam,visa,16,18,3702.0,50.7,319.2,3332.1,1121.0
2025-09-20,Organic Search,google,organic,Always-on SEO,tablet,Makkah,mada,13,15,3235.0,69.7,0.0,3165.3,989.0
2025-09-20,Direct,direct,none,Unassigned,mobile,Madinah,mastercard,8,9,2111.0,35.9,0.0,2075.1,656.0
2025-09-21,Affiliates,partners,affiliate,Partner Network,tablet,Madinah,mastercard,13,15,3485.0,17.9,0.0,3467.1,1117.0
2025-09-21,Paid Search,google,cpc,KSA Growth,mobile,Khobar,apple_pay,11,11,2409.0,80.6,0.0,2328.4,757.0
2025-09-21,Paid Social,instagram,paid_social,Creator Offers,desktop,Riyadh,stc_pay,9,9,1831.0,42.8,0.0,1788.2,548.0
2025-09-22,Organic Search,google,organic,Always-on SEO,mobile,Riyadh,stc_pay,8,9,1831.0,27.8,329.0,1474.2,551.0
2025-09-22,Direct,direct,none,Unassigned,desktop,Jeddah,visa,25,28,6292.0,60.7,0.0,6231.3,1964.0
2025-09-22,Email,newsletter,email,Lifecycle,tablet,Dammam,mada,10,10,2330.0,70.6,0.0,2259.4,738.0
2025-09-23,Paid Search,google,cpc,KSA Growth,desktop,Dammam,mada,12,13,2777.0,45.7,0.0,2731.3,864.0
2025-09-23,Paid Social,instagram,paid_social,Creator Offers,tablet,Makkah,mastercard,11,12,2718.0,15.9,0.0,2702.1,856.0
2025-09-23,Affiliates,partners,affiliate,Partner Network,mobile,Madinah,apple_pay,8,8,1722.0,32.8,0.0,1689.2,532.0
2025-09-24,Direct,direct,none,Unassigned,tablet,Madinah,apple_pay,7,8,1842.0,38.8,0.0,1803.2,574.0
2025-09-24,Email,newsletter,email,Lifecycle,mobile,Khobar,stc_pay,9,9,1831.0,65.7,0.0,1765.3,548.0
2025-09-24,Organic Search,google,organic,Always-on SEO,desktop,Riyadh,visa,6,7,1473.0,31.8,0.0,1441.2,447.0
2025-09-25,Paid Social,instagram,paid_social,Creator Offers,mobile,Riyadh,visa,9,10,2320.0,0.0,159.0,2161.0,734.0
2025-09-25,Affiliates,partners,affiliate,Partner Network,desktop,Jeddah,mada,4,4,956.0,48.8,189.0,718.2,302.0
2025-09-25,Paid Search,google,cpc,KSA Growth,tablet,Dammam,mastercard,19,19,4341.0,115.5,0.0,4225.5,1359.0
2025-09-26,Email,newsletter,email,Lifecycle,desktop,Dammam,mastercard,11,11,2359.0,86.6,0.0,2272.4,719.0
2025-09-26,Organic Search,google,organic,Always-on SEO,tablet,Makkah,apple_pay,10,10,2210.0,21.9,0.0,2188.1,696.0
2025-09-26,Direct,direct,none,Unassigned,mobile,Madinah,stc_pay,6,6,1304.0,0.0,0.0,1304.0,398.0
2025-09-27,Affiliates,partners,affiliate,Partner Network,tablet,Madinah,stc_pay,5,6,1124.0,63.7,0.0,1060.3,317.0
2025-09-27,Paid Search,google,cpc,KSA Growth,mobile,Khobar,visa,8,8,1872.0,15.9,0.0,1856.1,602.0
2025-09-27,Paid Social,instagram,paid_social,Creator Offers,desktop,Riyadh,mada,5,6,1684.0,15.9,0.0,1668.1,582.0
2025-09-28,Organic Search,google,organic,Always-on SEO,mobile,Riyadh,mada,12,12,2688.0,24.9,0.0,2663.1,840.0
2025-09-28,Direct,direct,none,Unassigned,desktop,Jeddah,mastercard,9,10,2100.0,116.5,0.0,1983.5,645.0
2025-09-28,Email,newsletter,email,Lifecycle,tablet,Dammam,apple_pay,5,5,1035.0,63.7,0.0,971.3,305.0
2025-09-29,Paid Search,google,cpc,KSA Growth,desktop,Dammam,apple_pay,6,6,1394.0,46.8,197.1,1150.1,442.0
2025-09-29,Paid Social,instagram,paid_social,Creator Offers,tablet,Makkah,stc_pay,8,8,1742.0,27.9,0.0,1714.1,524.0
2025-09-29,Affiliates,partners,affiliate,Partner Network,mobile,Madinah,visa,7,8,1842.0,61.7,0.0,1780.3,590.0
2025-09-30,Direct,direct,none,Unassigned,tablet,Madinah,visa,9,10,2390.0,13.9,159.0,2217.1,763.0
2025-09-30,Email,newsletter,email,Lifecycle,mobile,Khobar,mada,6,7,1783.0,96.7,0.0,1686.3,582.0
2025-09-30,Organic Search,google,organic,Always-on SEO,desktop,Riyadh,mastercard,16,18,4082.0,75.5,0.0,4006.5,1317.0
2025-10-01,Paid Social,instagram,paid_social,Creator Offers,mobile,Riyadh,mastercard,4,4,1136.0,85.7,0.0,1050.3,375.0
2025-10-01,Affiliates,partners,affiliate,Partner Network,desktop,Jeddah,apple_pay,5,5,1035.0,29.9,0.0,1005.1,305.0
2025-10-01,Paid Search,google,cpc,KSA Growth,tablet,Dammam,stc_pay,4,4,796.0,40.8,0.0,755.2,228.0
2025-10-02,Email,newsletter,email,Lifecycle,desktop,Dammam,stc_pay,10,11,2519.0,80.6,329.0,2109.4,789.0
2025-10-02,Organic Search,google,organic,Always-on SEO,tablet,Makkah,visa,17,18,3962.0,104.6,0.0,3857.4,1226.0
2025-10-02,Direct,direct,none,Unassigned,mobile,Madinah,mada,5,5,1295.0,47.8,0.0,1247.2,418.0
2025-10-03,Affiliates,partners,affiliate,Partner Network,tablet,Madinah,mada,10,11,2609.0,49.8,0.0,2559.2,821.0
2025-10-03,Paid Search,google,cpc,KSA Growth,mobile,Khobar,mastercard,7,9,2021.0,0.0,0.0,2021.0,623.0
2025-10-03,Paid Social,instagram,paid_social,Creator Offers,desktop,Riyadh,apple_pay,5,6,1094.0,0.0,0.0,1094.0,313.0
2025-10-04,Organic Search,google,organic,Always-on SEO,mobile,Riyadh,apple_pay,5,5,1035.0,72.7,0.0,962.3,305.0
2025-10-04,Direct,direct,none,Unassigned,desktop,Jeddah,stc_pay,16,17,3673.0,135.4,0.0,3537.6,1123.0
2025-10-04,Email,newsletter,email,Lifecycle,tablet,Dammam,visa,12,13,3047.0,36.8,0.0,3010.2,977.0
2025-10-05,Paid Search,google,cpc,KSA Growth,desktop,Dammam,visa,7,7,1653.0,0.0,0.0,1653.0,535.0
2025-10-05,Paid Social,instagram,paid_social,Creator Offers,tablet,Makkah,mada,9,10,2280.0,77.7,179.0,2023.3,700.0
2025-10-05,Affiliates,partners,affiliate,Partner Network,mobile,Madinah,mastercard,4,4,926.0,0.0,0.0,926.0,304.0
2025-10-06,Direct,direct,none,Unassigned,tablet,Madinah,mastercard,8,8,1732.0,0.0,0.0,1732.0,538.0
2025-10-06,Email,newsletter,email,Lifecycle,mobile,Khobar,apple_pay,8,8,1552.0,46.8,189.0,1316.2,465.0
2025-10-06,Organic Search,google,organic,Always-on SEO,desktop,Riyadh,stc_pay,14,17,3613.0,44.7,0.0,3568.3,1107.0
2025-10-07,Paid Social,instagram,paid_social,Creator Offers,mobile,Riyadh,stc_pay,7,7,1563.0,54.7,249.0,1259.3,475.0
2025-10-07,Affiliates,partners,affiliate,Partner Network,desktop,Jeddah,visa,5,6,1354.0,0.0,0.0,1354.0,424.0
2025-10-07,Paid Search,google,cpc,KSA Growth,tablet,Dammam,mada,4,4,1136.0,29.9,359.0,747.1,375.0
2025-10-08,Email,newsletter,email,Lifecycle,desktop,Dammam,mada,8,10,2100.0,45.8,143.1,1911.1,647.0
2025-10-08,Organic Search,google,organic,Always-on SEO,tablet,Makkah,mastercard,5,5,1175.0,35.9,179.0,960.1,375.0
2025-10-08,Direct,direct,none,Unassigned,mobile,Madinah,apple_pay,7,7,1463.0,0.0,0.0,1463.0,441.0
2025-10-09,Affiliates,partners,affiliate,Partner Network,tablet,Madinah,apple_pay,9,11,2269.0,45.7,558.0,1665.3,674.0
2025-10-09,Paid Search,google,cpc,KSA Growth,mobile,Khobar,stc_pay,12,12,2688.0,59.7,299.0,2329.3,840.0
2025-10-09,Paid Social,instagram,paid_social,Creator Offers,desktop,Riyadh,visa,5,5,1325.0,15.9,0.0,1309.1,445.0
2025-10-10,Organic Search,google,organic,Always-on SEO,mobile,Riyadh,visa,8,9,2101.0,58.7,0.0,2042.3,679.0
2025-10-10,Direct,direct,none,Unassigned,desktop,Jeddah,mada,4,6,1714.0,91.7,0.0,1622.3,552.0
2025-10-10,Email,newsletter,email,Lifecycle,tablet,Dammam,mastercard,7,7,1363.0,47.8,0.0,1315.2,395.0
2025-10-11,Paid Search,google,cpc,KSA Growth,desktop,Dammam,mastercard,11,12,2668.0,92.6,0.0,2575.4,828.0
2025-10-11,Paid Social,instagram,paid_social,Creator Offers,tablet,Makkah,apple_pay,6,6,1304.0,0.0,0.0,1304.0,398.0
2025-10-11,Affiliates,partners,affiliate,Partner Network,mobile,Madinah,stc_pay,5,5,1095.0,15.9,0.0,1079.1,337.0
2025-10-12,Direct,direct,none,Unassigned,tablet,Madinah,stc_pay,8,9,2231.0,99.7,0.0,2131.3,739.0
2025-10-12,Email,newsletter,email,Lifecycle,mobile,Khobar,visa,6,8,2202.0,0.0,0.0,2202.0,716.0
2025-10-12,Organic Search,google,organic,Always-on SEO,desktop,Riyadh,mada,7,7,1593.0,35.9,219.0,1338.1,503.0
2025-10-13,Paid Social,instagram,paid_social,Creator Offers,mobile,Riyadh,mada,3,3,837.0,0.0,199.0,638.0,281.0
2025-10-13,Affiliates,partners,affiliate,Partner Network,desktop,Jeddah,mastercard,9,10,2010.0,51.8,0.0,1958.2,602.0
2025-10-13,Paid Search,google,cpc,KSA Growth,tablet,Dammam,apple_pay,8,9,1961.0,55.7,0.0,1905.3,597.0
2025-10-14,Email,newsletter,email,Lifecycle,desktop,Dammam,apple_pay,16,18,3842.0,100.5,299.0,3442.5,1169.0
2025-10-14,Organic Search,google,organic,Always-on SEO,tablet,Makkah,stc_pay,5,7,1583.0,27.9,0.0,1555.1,501.0
2025-10-14,Direct,direct,none,Unassigned,mobile,Madinah,visa,10,10,2170.0,0.0,0.0,2170.0,664.0
2025-10-15,Affiliates,partners,affiliate,Partner Network,tablet,Madinah,visa,8,9,2221.0,17.9,0.0,2203.1,733.0
2025-10-15,Paid Search,google,cpc,KSA Growth,mobile,Khobar,mada,5,6,1304.0,19.9,0.0,1284.1,414.0
2025-10-15,Paid Social,instagram,paid_social,Creator Offers,desktop,Riyadh,mastercard,8,8,1552.0,24.9,0.0,1527.1,465.0
2025-10-16,Organic Search,google,organic,Always-on SEO,mobile,Riyadh,mastercard,6,6,1174.0,31.8,0.0,1142.2,340.0
2025-10-16,Direct,direct,none,Unassigned,desktop,Jeddah,apple_pay,8,8,1762.0,41.8,0.0,1720.2,536.0
2025-10-16,Email,newsletter,email,Lifecycle,tablet,Dammam,stc_pay,7,8,2012.0,27.9,0.0,1984.1,655.0
2025-10-17,Paid Search,google,cpc,KSA Growth,desktop,Dammam,stc_pay,14,15,3345.0,49.7,0.0,3295.3,1051.0
2025-10-17,Paid Social,instagram,paid_social,Creator Offers,tablet,Makkah,visa,12,12,2688.0,115.6,323.1,2249.3,840.0
2025-10-17,Affiliates,partners,affiliate,Partner Network,mobile,Madinah,mada,8,9,1971.0,53.7,0.0,1917.3,603.0
2025-10-18,Direct,direct,none,Unassigned,tablet,Madinah,mada,7,8,1952.0,51.7,0.0,1900.3,640.0
2025-10-18,Email,newsletter,email,Lifecycle,mobile,Khobar,mastercard,8,11,2059.0,53.7,0.0,2005.3,604.0
2025-10-18,Organic Search,google,organic,Always-on SEO,desktop,Riyadh,apple_pay,4,4,876.0,13.9,0.0,862.1,278.0
2025-10-19,Paid Social,instagram,paid_social,Creator Offers,mobile,Riyadh,apple_pay,4,4,796.0,13.9,0.0,782.1,228.0
2025-10-19,Affiliates,partners,affiliate,Partner Network,desktop,Jeddah,stc_pay,10,11,2419.0,92.6,0.0,2326.4,762.0
2025-10-19,Paid Search,google,cpc,KSA Growth,tablet,Dammam,visa,6,6,1404.0,94.6,179.1,1130.3,448.0
2025-10-20,Email,newsletter,email,Lifecycle,desktop,Dammam,visa,6,6,1384.0,88.6,0.0,1295.4,442.0
2025-10-20,Organic Search,google,organic,Always-on SEO,tablet,Makkah,mada,11,13,3037.0,36.8,0.0,3000.2,944.0
2025-10-20,Direct,direct,none,Unassigned,mobile,Madinah,mastercard,4,5,1005.0,31.8,0.0,973.2,289.0
2025-10-21,Affiliates,partners,affiliate,Partner Network,tablet,Madinah,mastercard,6,6,1064.0,40.8,249.0,774.2,301.0
2025-10-21,Paid Search,google,cpc,KSA Growth,mobile,Khobar,apple_pay,8,8,1872.0,57.8,0.0,1814.2,602.0
2025-10-21,Paid Social,instagram,paid_social,Creator Offers,desktop,Riyadh,stc_pay,6,6,1624.0,88.7,0.0,1535.3,539.0
2025-10-22,Organic Search,google,organic,Always-on SEO,mobile,Riyadh,stc_pay,4,4,956.0,76.7,0.0,879.3,302.0
2025-10-22,Direct,direct,none,Unassigned,desktop,Jeddah,visa,4,5,1415.0,35.9,323.1,1056.0,458.0
2025-10-22,Email,newsletter,email,Lifecycle,tablet,Dammam,mada,7,9,1881.0,38.8,179.0,1663.2,556.0
2025-10-23,Paid Search,google,cpc,KSA Growth,desktop,Dammam,mada,6,6,1394.0,0.0,0.0,1394.0,442.0
2025-10-23,Paid Social,instagram,paid_social,Creator Offers,tablet,Makkah,mastercard,9,10,2130.0,50.8,0.0,2079.2,640.0
2025-10-23,Affiliates,partners,affiliate,Partner Network,mobile,Madinah,apple_pay,12,12,2688.0,40.8,179.0,2468.2,840.0
2025-10-24,Direct,direct,none,Unassigned,tablet,Madinah,apple_pay,8,10,2400.0,63.8,0.0,2336.2,784.0
2025-10-24,Email,newsletter,email,Lifecycle,mobile,Khobar,stc_pay,11,11,2499.0,74.7,0.0,2424.3,785.0
2025-10-24,Organic Search,google,organic,Always-on SEO,desktop,Riyadh,visa,10,11,2339.0,69.7,637.2,1632.1,738.0
2025-10-25,Paid Social,instagram,paid_social,Creator Offers,mobile,Riyadh,visa,4,5,1415.0,0.0,0.0,1415.0,458.0
2025-10-25,Affiliates,partners,affiliate,Partner Network,desktop,Jeddah,mada,6,6,1174.0,39.8,0.0,1134.2,340.0
2025-10-25,Paid Search,google,cpc,KSA Growth,tablet,Dammam,mastercard,7,7,1563.0,0.0,0.0,1563.0,475.0
2025-10-26,Email,newsletter,email,Lifecycle,desktop,Dammam,mastercard,9,11,2269.0,122.4,0.0,2146.6,675.0
2025-10-26,Organic Search,google,organic,Always-on SEO,tablet,Makkah,apple_pay,8,9,2311.0,0.0,0.0,2311.0,766.0
2025-10-26,Direct,direct,none,Unassigned,mobile,Madinah,stc_pay,6,6,1384.0,38.8,0.0,1345.2,442.0
2025-10-27,Affiliates,partners,affiliate,Partner Network,tablet,Madinah,stc_pay,5,5,1325.0,0.0,0.0,1325.0,445.0
2025-10-27,Paid Search,google,cpc,KSA Growth,mobile,Khobar,visa,6,6,1374.0,35.9,0.0,1338.1,436.0
2025-10-27,Paid Social,instagram,paid_social,Creator Offers,desktop,Riyadh,mada,13,14,2966.0,117.4,0.0,2848.6,919.0
2025-10-28,Organic Search,google,organic,Always-on SEO,mobile,Riyadh,mada,4,5,1065.0,29.9,0.0,1035.1,309.0
2025-10-28,Direct,direct,none,Unassigned,desktop,Jeddah,mastercard,7,7,1563.0,76.7,0.0,1486.3,475.0
2025-10-28,Email,newsletter,email,Lifecycle,tablet,Dammam,apple_pay,6,7,1873.0,15.9,0.0,1857.1,637.0
2025-10-29,Paid Search,google,cpc,KSA Growth,desktop,Dammam,apple_pay,7,8,1812.0,35.9,0.0,1776.1,578.0
2025-10-29,Paid Social,instagram,paid_social,Creator Offers,tablet,Makkah,stc_pay,6,7,1583.0,35.9,0.0,1547.1,503.0
2025-10-29,Affiliates,partners,affiliate,Partner Network,mobile,Madinah,visa,4,4,926.0,0.0,0.0,926.0,304.0
2025-10-30,Direct,direct,none,Unassigned,tablet,Madinah,visa,8,8,1732.0,91.6,199.0,1441.4,538.0
2025-10-30,Email,newsletter,email,Lifecycle,mobile,Khobar,mada,6,6,1064.0,0.0,0.0,1064.0,301.0
2025-10-30,Organic Search,google,organic,Always-on SEO,desktop,Riyadh,mastercard,5,5,1035.0,32.9,0.0,1002.1,321.0
2025-10-31,Paid Social,instagram,paid_social,Creator Offers,mobile,Riyadh,mastercard,7,9,1911.0,70.7,296.1,1544.2,573.0
2025-10-31,Affiliates,partners,affiliate,Partner Network,desktop,Jeddah,apple_pay,8,9,2061.0,77.7,0.0,1983.3,661.0
2025-10-31,Paid Search,google,cpc,KSA Growth,tablet,Dammam,stc_pay,15,16,3724.0,133.4,170.1,3420.5,1182.0
2025-11-01,Email,newsletter,email,Lifecycle,desktop,Dammam,stc_pay,9,10,2120.0,17.8,279.0,1823.2,653.0
2025-11-01,Organic Search,google,organic,Always-on SEO,tablet,Makkah,visa,10,11,2429.0,125.5,0.0,2303.5,763.0
2025-11-01,Direct,direct,none,Unassigned,mobile,Madinah,mada,14,15,3415.0,58.7,0.0,3356.3,1054.0
2025-11-02,Affiliates,partners,affiliate,Partner Network,tablet,Madinah,mada,10,12,2448.0,43.8,0.0,2404.2,737.0
2025-11-02,Paid Search,google,cpc,KSA Growth,mobile,Khobar,mastercard,10,10,2260.0,74.7,0.0,2185.3,720.0
2025-11-02,Paid Social,instagram,paid_social,Creator Offers,desktop,Riyadh,apple_pay,8,8,1892.0,68.8,296.1,1527.1,612.0
2025-11-03,Organic Search,google,organic,Always-on SEO,mobile,Riyadh,apple_pay,12,13,2967.0,0.0,0.0,2967.0,923.0
2025-11-03,Direct,direct,none,Unassigned,desktop,Jeddah,stc_pay,5,5,1225.0,0.0,279.0,946.0,399.0
2025-11-03,Email,newsletter,email,Lifecycle,tablet,Dammam,visa,5,5,1035.0,0.0,0.0,1035.0,305.0
2025-11-04,Paid Search,google,cpc,KSA Growth,desktop,Dammam,visa,4,4,926.0,17.9,359.0,549.1,304.0
2025-11-04,Paid Social,instagram,paid_social,Creator Offers,tablet,Makkah,mada,6,8,1702.0,43.8,0.0,1658.2,514.0
2025-11-04,Affiliates,partners,affiliate,Partner Network,mobile,Madinah,mastercard,4,4,816.0,0.0,0.0,816.0,254.0
2025-11-05,Direct,direct,none,Unassigned,tablet,Madinah,mastercard,6,6,1314.0,41.8,329.0,943.2,404.0
2025-11-05,Email,newsletter,email,Lifecycle,mobile,Khobar,apple_pay,4,4,966.0,15.9,0.0,950.1,308.0
2025-11-05,Organic Search,google,organic,Always-on SEO,desktop,Riyadh,stc_pay,7,8,1792.0,57.8,0.0,1734.2,564.0
2025-11-06,Paid Social,instagram,paid_social,Creator Offers,mobile,Riyadh,stc_pay,12,15,3375.0,98.6,1126.1,2150.3,1063.0
2025-11-06,Affiliates,partners,affiliate,Partner Network,desktop,Jeddah,visa,7,7,1363.0,47.8,0.0,1315.2,395.0
2025-11-06,Paid Search,google,cpc,KSA Growth,tablet,Dammam,mada,13,14,3236.0,15.9,0.0,3220.1,1005.0
2025-11-07,Email,newsletter,email,Lifecycle,desktop,Dammam,mada,4,5,1005.0,75.6,0.0,929.4,289.0
2025-11-07,Organic Search,google,organic,Always-on SEO,tablet,Makkah,mastercard,7,7,1653.0,52.8,0.0,1600.2,535.0
2025-11-07,Direct,direct,none,Unassigned,mobile,Madinah,apple_pay,13,13,2847.0,71.7,179.0,2596.3,883.0
2025-11-08,Affiliates,partners,affiliate,Partner Network,tablet,Madinah,apple_pay,3,3,767.0,0.0,0.0,767.0,247.0
2025-11-08,Paid Search,google,cpc,KSA Growth,mobile,Khobar,stc_pay,13,15,3265.0,58.7,0.0,3206.3,1011.0
2025-11-08,Paid Social,instagram,paid_social,Creator Offers,desktop,Riyadh,visa,10,10,2030.0,41.7,0.0,1988.3,609.0
2025-11-09,Organic Search,google,organic,Always-on SEO,mobile,Riyadh,visa,7,7,1363.0,118.4,0.0,1244.6,395.0
2025-11-09,Direct,direct,none,Unassigned,desktop,Jeddah,mada,10,11,2699.0,94.6,0.0,2604.4,850.0
2025-11-09,Email,newsletter,email,Lifecycle,tablet,Dammam,mastercard,11,11,2549.0,121.5,89.0,2338.5,805.0
2025-11-10,Paid Search,google,cpc,KSA Growth,desktop,Dammam,mastercard,4,4,816.0,34.8,0.0,781.2,254.0
2025-11-10,Paid Social,instagram,paid_social,Creator Offers,tablet,Makkah,apple_pay,11,12,2558.0,35.8,0.0,2522.2,780.0
2025-11-10,Affiliates,partners,affiliate,Partner Network,mobile,Madinah,stc_pay,7,8,1832.0,21.9,0.0,1810.1,571.0
2025-11-11,Direct,direct,none,Unassigned,tablet,Madinah,stc_pay,6,6,1374.0,80.7,0.0,1293.3,436.0
2025-11-11,Email,newsletter,email,Lifecycle,mobile,Khobar,visa,11,11,2389.0,75.7,0.0,2313.3,746.0
2025-11-11,Organic Search,google,organic,Always-on SEO,desktop,Riyadh,mada,9,12,2888.0,29.9,0.0,2858.1,935.0
2025-11-12,Paid Social,instagram,paid_social,Creator Offers,mobile,Riyadh,mada,5,5,1125.0,13.9,0.0,1111.1,349.0
2025-11-12,Affiliates,partners,affiliate,Partner Network,desktop,Jeddah,mastercard,10,10,2330.0,63.7,0.0,2266.3,738.0
2025-11-12,Paid Search,google,cpc,KSA Growth,tablet,Dammam,apple_pay,15,16,3804.0,33.8,0.0,3770.2,1204.0
2025-11-13,Email,newsletter,email,Lifecycle,desktop,Dammam,apple_pay,6,6,1384.0,93.6,0.0,1290.4,442.0
2025-11-13,Organic Search,google,organic,Always-on SEO,tablet,Makkah,stc_pay,8,9,1911.0,59.7,0.0,1851.3,587.0
2025-11-13,Direct,direct,none,Unassigned,mobile,Madinah,visa,10,11,2499.0,18.9,0.0,2480.1,783.0
2025-11-14,Affiliates,partners,affiliate,Partner Network,tablet,Madinah,visa,7,7,1393.0,64.7,0.0,1328.3,422.0
2025-11-14,Paid Search,google,cpc,KSA Growth,mobile,Khobar,mada,12,12,2688.0,95.6,170.1,2422.3,840.0
2025-11-14,Paid Social,instagram,paid_social,Creator Offers,desktop,Riyadh,mastercard,8,8,1892.0,71.7,0.0,1820.3,612.0
2025-11-15,Organic Search,google,organic,Always-on SEO,mobile,Riyadh,mastercard,9,9,2081.0,18.9,0.0,2062.1,667.0
2025-11-15,Direct,direct,none,Unassigned,desktop,Jeddah,apple_pay,4,5,1335.0,27.9,0.0,1307.1,436.0
2025-11-15,Email,newsletter,email,Lifecycle,tablet,Dammam,stc_pay,7,7,1363.0,57.7,170.1,1135.2,395.0
2025-11-16,Paid Search,google,cpc,KSA Growth,desktop,Dammam,stc_pay,5,5,1175.0,35.9,179.0,960.1,375.0
2025-11-16,Paid Social,instagram,paid_social,Creator Offers,tablet,Makkah,visa,5,5,975.0,32.8,0.0,942.2,277.0
2025-11-16,Affiliates,partners,affiliate,Partner Network,mobile,Madinah,mada,7,7,1653.0,63.8,0.0,1589.2,535.0
2025-11-17,Direct,direct,none,Unassigned,tablet,Madinah,mada,7,7,1513.0,0.0,348.0,1165.0,465.0
2025-11-17,Email,newsletter,email,Lifecycle,mobile,Khobar,mastercard,14,14,3176.0,98.5,0.0,3077.5,1004.0
2025-11-17,Organic Search,google,organic,Always-on SEO,desktop,Riyadh,apple_pay,6,6,1374.0,81.6,0.0,1292.4,436.0
2025-11-18,Paid Social,instagram,paid_social,Creator Offers,mobile,Riyadh,apple_pay,12,14,3266.0,102.6,329.0,2834.4,1017.0
2025-11-18,Affiliates,partners,affiliate,Partner Network,desktop,Jeddah,stc_pay,7,8,1542.0,8.9,0.0,1533.1,444.0
2025-11-18,Paid Search,google,cpc,KSA Growth,tablet,Dammam,visa,8,10,2120.0,86.5,0.0,2033.5,640.0
2025-11-19,Email,newsletter,email,Lifecycle,desktop,Dammam,visa,5,6,1114.0,0.0,0.0,1114.0,312.0
2025-11-19,Organic Search,google,organic,Always-on SEO,tablet,Makkah,mada,6,6,1294.0,0.0,0.0,1294.0,398.0
2025-11-19,Direct,direct,none,Unassigned,mobile,Madinah,mastercard,6,7,1683.0,95.7,0.0,1587.3,536.0
2025-11-20,Affiliates,partners,affiliate,Partner Network,tablet,Madinah,mastercard,5,5,1325.0,51.8,143.1,1130.1,445.0
2025-11-20,Paid Search,google,cpc,KSA Growth,mobile,Khobar,apple_pay,6,7,1463.0,0.0,0.0,1463.0,460.0
2025-11-20,Paid Social,instagram,paid_social,Creator Offers,desktop,Riyadh,stc_pay,10,10,2030.0,49.7,0.0,1980.3,609.0
2025-11-21,Organic Search,google,organic,Always-on SEO,mobile,Riyadh,stc_pay,5,6,1284.0,21.9,0.0,1262.1,376.0
2025-11-21,Direct,direct,none,Unassigned,desktop,Jeddah,visa,5,6,1344.0,57.7,0.0,1286.3,416.0
2025-11-21,Email,newsletter,email,Lifecycle,tablet,Dammam,mada,8,10,2250.0,0.0,0.0,2250.0,716.0
2025-11-22,Paid Search,google,cpc,KSA Growth,desktop,Dammam,mada,10,10,2220.0,60.7,219.1,1940.2,702.0
2025-11-22,Paid Social,instagram,paid_social,Creator Offers,tablet,Makkah,mastercard,18,20,4510.0,130.5,0.0,4379.5,1408.0
2025-11-22,Affiliates,partners,affiliate,Partner Network,mobile,Madinah,apple_pay,10,10,2210.0,65.8,518.0,1626.2,696.0
2025-11-23,Direct,direct,none,Unassigned,tablet,Madinah,apple_pay,7,7,1593.0,0.0,179.0,1414.0,503.0
2025-11-23,Email,newsletter,email,Lifecycle,mobile,Khobar,stc_pay,5,7,1263.0,0.0,0.0,1263.0,352.0
2025-11-23,Organic Search,google,organic,Always-on SEO,desktop,Riyadh,visa,11,11,2439.0,44.7,0.0,2394.3,769.0
2025-11-24,Paid Social,instagram,paid_social,Creator Offers,mobile,Riyadh,visa,5,5,1125.0,68.7,0.0,1056.3,349.0
2025-11-24,Affiliates,partners,affiliate,Partner Network,desktop,Jeddah,mada,10,10,2330.0,101.5,0.0,2228.5,738.0
2025-11-24,Paid Search,google,cpc,KSA Growth,tablet,Dammam,mastercard,5,5,1225.0,0.0,199.0,1026.0,399.0
2025-11-25,Email,newsletter,email,Lifecycle,desktop,Dammam,mastercard,8,8,1812.0,28.8,0.0,1783.2,562.0
2025-11-25,Organic Search,google,organic,Always-on SEO,tablet,Makkah,apple_pay,10,10,2210.0,83.6,159.0,1967.4,696.0
2025-11-25,Direct,direct,none,Unassigned,mobile,Madinah,stc_pay,9,10,2100.0,17.9,0.0,2082.1,628.0
2025-11-26,Affiliates,partners,affiliate,Partner Network,tablet,Madinah,stc_pay,5,6,1124.0,26.8,0.0,1097.2,317.0
2025-11-26,Paid Search,google,cpc,KSA Growth,mobile,Khobar,visa,5,6,1174.0,0.0,0.0,1174.0,356.0
2025-11-26,Paid Social,instagram,paid_social,Creator Offers,desktop,Riyadh,mada,7,7,1713.0,27.9,0.0,1685.1,563.0
2025-11-27,Organic Search,google,organic,Always-on SEO,mobile,Riyadh,mada,10,11,2529.0,0.0,0.0,2529.0,799.0
2025-11-27,Direct,direct,none,Unassigned,desktop,Jeddah,mastercard,11,12,2618.0,93.6,0.0,2524.4,821.0
2025-11-27,Email,newsletter,email,Lifecycle,tablet,Dammam,apple_pay,8,8,1692.0,51.8,0.0,1640.2,516.0
2025-11-28,Paid Search,google,cpc,KSA Growth,desktop,Dammam,apple_pay,6,6,1394.0,35.9,179.0,1179.1,442.0
2025-11-28,Paid Social,instagram,paid_social,Creator Offers,tablet,Makkah,stc_pay,9,9,1941.0,43.8,0.0,1897.2,585.0
2025-11-28,Affiliates,partners,affiliate,Partner Network,mobile,Madinah,visa,9,9,2041.0,38.8,0.0,2002.2,653.0
2025-11-29,Direct,direct,none,Unassigned,tablet,Madinah,visa,5,6,1194.0,13.9,0.0,1180.1,364.0
2025-11-29,Email,newsletter,email,Lifecycle,mobile,Khobar,mada,5,5,1325.0,48.8,0.0,1276.2,445.0
2025-11-29,Organic Search,google,organic,Always-on SEO,desktop,Riyadh,mastercard,13,14,3246.0,13.9,0.0,3232.1,1038.0
2025-11-30,Paid Social,instagram,paid_social,Creator Offers,mobile,Riyadh,mastercard,8,8,1872.0,38.8,0.0,1833.2,586.0
2025-11-30,Affiliates,partners,affiliate,Partner Network,desktop,Jeddah,apple_pay,7,7,1363.0,8.9,0.0,1354.1,395.0
2025-11-30,Paid Search,google,cpc,KSA Growth,tablet,Dammam,stc_pay,9,9,2121.0,48.8,0.0,2072.2,673.0
2025-12-01,Email,newsletter,email,Lifecycle,desktop,Dammam,stc_pay,7,8,1712.0,67.7,189.0,1455.3,512.0
2025-12-01,Organic Search,google,organic,Always-on SEO,tablet,Makkah,visa,6,6,1294.0,18.9,0.0,1275.1,398.0
2025-12-01,Direct,direct,none,Unassigned,mobile,Madinah,mada,9,9,2031.0,43.8,0.0,1987.2,629.0
2025-12-02,Affiliates,partners,affiliate,Partner Network,tablet,Madinah,mada,4,4,966.0,27.9,0.0,938.1,308.0
2025-12-02,Paid Search,google,cpc,KSA Growth,mobile,Khobar,mastercard,9,9,1921.0,38.8,0.0,1882.2,593.0
2025-12-02,Paid Social,instagram,paid_social,Creator Offers,desktop,Riyadh,apple_pay,9,9,1831.0,52.7,0.0,1778.3,548.0
2025-12-03,Organic Search,google,organic,Always-on SEO,mobile,Riyadh,apple_pay,9,9,1851.0,17.9,0.0,1833.1,559.0
2025-12-03,Direct,direct,none,Unassigned,desktop,Jeddah,stc_pay,14,17,3823.0,84.6,0.0,3738.4,1206.0
2025-12-03,Email,newsletter,email,Lifecycle,tablet,Dammam,visa,6,6,1514.0,0.0,359.0,1155.0,500.0
2025-12-04,Paid Search,google,cpc,KSA Growth,desktop,Dammam,visa,12,13,2867.0,61.7,224.1,2581.2,889.0
2025-12-04,Paid Social,instagram,paid_social,Creator Offers,tablet,Makkah,mada,5,6,1494.0,0.0,0.0,1494.0,479.0
2025-12-04,Affiliates,partners,affiliate,Partner Network,mobile,Madinah,mastercard,11,12,2678.0,24.9,224.1,2429.0,834.0
2025-12-05,Direct,direct,none,Unassigned,tablet,Madinah,mastercard,9,9,1921.0,24.9,0.0,1896.1,593.0
2025-12-05,Email,newsletter,email,Lifecycle,mobile,Khobar,apple_pay,6,7,1283.0,0.0,0.0,1283.0,368.0
2025-12-05,Organic Search,google,organic,Always-on SEO,desktop,Riyadh,stc_pay,7,8,1712.0,46.8,0.0,1665.2,526.0
2025-12-06,Paid Social,instagram,paid_social,Creator Offers,mobile,Riyadh,stc_pay,9,12,2888.0,49.8,0.0,2838.2,920.0
2025-12-06,Affiliates,partners,affiliate,Partner Network,desktop,Jeddah,visa,8,8,1902.0,28.8,0.0,1873.2,618.0
2025-12-06,Paid Search,google,cpc,KSA Growth,tablet,Dammam,mada,6,6,1404.0,8.9,0.0,1395.1,448.0
2025-12-07,Email,newsletter,email,Lifecycle,desktop,Dammam,mada,11,13,2907.0,17.9,199.0,2690.1,911.0
2025-12-07,Organic Search,google,organic,Always-on SEO,tablet,Makkah,mastercard,10,11,2349.0,140.3,0.0,2208.7,731.0
2025-12-07,Direct,direct,none,Unassigned,mobile,Madinah,apple_pay,7,8,1602.0,43.8,0.0,1558.2,476.0
2025-12-08,Affiliates,partners,affiliate,Partner Network,tablet,Madinah,apple_pay,6,7,1253.0,22.8,0.0,1230.2,356.0
2025-12-08,Paid Search,google,cpc,KSA Growth,mobile,Khobar,stc_pay,8,8,1872.0,40.8,0.0,1831.2,602.0
2025-12-08,Paid Social,instagram,paid_social,Creator Offers,desktop,Riyadh,visa,9,9,2141.0,59.7,0.0,2081.3,683.0
2025-12-09,Organic Search,google,organic,Always-on SEO,mobile,Riyadh,visa,5,6,1484.0,19.9,0.0,1464.1,484.0
2025-12-09,Direct,direct,none,Unassigned,desktop,Jeddah,mada,10,13,2917.0,0.0,0.0,2917.0,898.0
2025-12-09,Email,newsletter,email,Lifecycle,tablet,Dammam,mastercard,7,9,1721.0,0.0,0.0,1721.0,497.0
2025-12-10,Paid Search,google,cpc,KSA Growth,desktop,Dammam,mastercard,3,3,747.0,0.0,0.0,747.0,255.0
2025-12-10,Paid Social,instagram,paid_social,Creator Offers,tablet,Makkah,apple_pay,8,9,1991.0,18.9,0.0,1972.1,595.0
2025-12-10,Affiliates,partners,affiliate,Partner Network,mobile,Madinah,stc_pay,6,7,1453.0,46.8,0.0,1406.2,441.0
2025-12-11,Direct,direct,none,Unassigned,tablet,Madinah,stc_pay,13,13,2907.0,83.6,0.0,2823.4,907.0
2025-12-11,Email,newsletter,email,Lifecycle,mobile,Khobar,visa,6,7,1823.0,68.8,0.0,1754.2,600.0
2025-12-11,Organic Search,google,organic,Always-on SEO,desktop,Riyadh,mada,10,10,2250.0,51.8,0.0,2198.2,714.0
2025-12-12,Paid Social,instagram,paid_social,Creator Offers,mobile,Riyadh,mada,9,10,2230.0,98.6,0.0,2131.4,688.0
2025-12-12,Affiliates,partners,affiliate,Partner Network,desktop,Jeddah,mastercard,5,5,1035.0,29.9,0.0,1005.1,305.0
2025-12-12,Paid Search,google,cpc,KSA Growth,tablet,Dammam,apple_pay,4,4,796.0,0.0,0.0,796.0,228.0
2025-12-13,Email,newsletter,email,Lifecycle,desktop,Dammam,apple_pay,5,5,975.0,13.9,0.0,961.1,277.0
2025-12-13,Organic Search,google,organic,Always-on SEO,tablet,Makkah,stc_pay,14,15,3195.0,21.9,299.0,2874.1,979.0
2025-12-13,Direct,direct,none,Unassigned,mobile,Madinah,visa,8,10,2170.0,95.6,0.0,2074.4,666.0
2025-12-14,Affiliates,partners,affiliate,Partner Network,tablet,Madinah,visa,3,3,767.0,43.8,0.0,723.2,247.0
2025-12-14,Paid Search,google,cpc,KSA Growth,mobile,Khobar,mada,9,11,2399.0,79.7,179.1,2140.2,736.0
2025-12-14,Paid Social,instagram,paid_social,Creator Offers,desktop,Riyadh,mastercard,9,9,1831.0,17.9,0.0,1813.1,548.0
2025-12-15,Organic Search,google,organic,Always-on SEO,mobile,Riyadh,mastercard,5,5,1035.0,0.0,0.0,1035.0,305.0
2025-12-15,Direct,direct,none,Unassigned,desktop,Jeddah,apple_pay,6,6,1284.0,18.9,0.0,1265.1,392.0
2025-12-15,Email,newsletter,email,Lifecycle,tablet,Dammam,stc_pay,8,9,2091.0,65.8,0.0,2025.2,673.0
2025-12-16,Paid Search,google,cpc,KSA Growth,desktop,Dammam,stc_pay,6,7,1493.0,48.8,0.0,1444.2,459.0
2025-12-16,Paid Social,instagram,paid_social,Creator Offers,tablet,Makkah,visa,7,7,1563.0,15.9,0.0,1547.1,491.0
2025-12-16,Affiliates,partners,affiliate,Partner Network,mobile,Madinah,mada,12,13,2937.0,65.7,0.0,2871.3,911.0
2025-12-17,Direct,direct,none,Unassigned,tablet,Madinah,mada,7,8,1682.0,54.8,0.0,1627.2,527.0
2025-12-17,Email,newsletter,email,Lifecycle,mobile,Khobar,mastercard,7,7,1393.0,17.9,0.0,1375.1,422.0
2025-12-17,Organic Search,google,organic,Always-on SEO,desktop,Riyadh,apple_pay,7,8,1672.0,19.9,189.0,1463.1,508.0
2025-12-18,Paid Social,instagram,paid_social,Creator Offers,mobile,Riyadh,apple_pay,7,7,1563.0,0.0,0.0,1563.0,475.0
2025-12-18,Affiliates,partners,affiliate,Partner Network,desktop,Jeddah,stc_pay,8,10,2370.0,46.7,0.0,2323.3,756.0
2025-12-18,Paid Search,google,cpc,KSA Growth,tablet,Dammam,visa,8,8,1872.0,52.8,0.0,1819.2,586.0
2025-12-19,Email,newsletter,email,Lifecycle,desktop,Dammam,visa,13,14,3066.0,78.6,89.0,2898.4,950.0
2025-12-19,Organic Search,google,organic,Always-on SEO,tablet,Makkah,mada,7,7,1533.0,0.0,0.0,1533.0,477.0
2025-12-19,Direct,direct,none,Unassigned,mobile,Madinah,mastercard,7,8,1682.0,17.9,490.1,1174.0,508.0
2025-12-20,Affiliates,partners,affiliate,Partner Network,tablet,Madinah,mastercard,10,12,2348.0,40.8,0.0,2307.2,693.0
2025-12-20,Paid Search,google,cpc,KSA Growth,mobile,Khobar,apple_pay,18,20,4610.0,176.1,0.0,4433.9,1448.0
2025-12-20,Paid Social,instagram,paid_social,Creator Offers,desktop,Riyadh,stc_pay,7,7,1713.0,60.8,0.0,1652.2,563.0
2025-12-21,Organic Search,google,organic,Always-on SEO,mobile,Riyadh,stc_pay,6,7,1703.0,19.9,0.0,1683.1,555.0
2025-12-21,Direct,direct,none,Unassigned,desktop,Jeddah,visa,8,8,1872.0,27.9,0.0,1844.1,586.0
2025-12-21,Email,newsletter,email,Lifecycle,tablet,Dammam,mada,8,11,2219.0,0.0,0.0,2219.0,669.0
2025-12-22,Paid Search,google,cpc,KSA Growth,desktop,Dammam,mada,6,7,1693.0,0.0,179.0,1514.0,536.0
2025-12-22,Paid Social,instagram,paid_social,Creator Offers,tablet,Makkah,mastercard,6,6,1304.0,50.8,0.0,1253.2,398.0
2025-12-22,Affiliates,partners,affiliate,Partner Network,mobile,Madinah,apple_pay,7,7,1653.0,0.0,0.0,1653.0,535.0
2025-12-23,Direct,direct,none,Unassigned,tablet,Madinah,apple_pay,8,9,2231.0,13.9,0.0,2217.1,739.0
2025-12-23,Email,newsletter,email,Lifecycle,mobile,Khobar,stc_pay,4,4,966.0,60.8,0.0,905.2,308.0
2025-12-23,Organic Search,google,organic,Always-on SEO,desktop,Riyadh,visa,5,5,1125.0,0.0,359.0,766.0,365.0
2025-12-24,Paid Social,instagram,paid_social,Creator Offers,mobile,Riyadh,visa,12,12,2688.0,33.8,0.0,2654.2,840.0
2025-12-24,Affiliates,partners,affiliate,Partner Network,desktop,Jeddah,mada,7,7,1363.0,76.7,0.0,1286.3,395.0
2025-12-24,Paid Search,google,cpc,KSA Growth,tablet,Dammam,mastercard,4,5,985.0,0.0,0.0,985.0,283.0
2025-12-25,Email,newsletter,email,Lifecycle,desktop,Dammam,mastercard,8,8,1742.0,45.8,0.0,1696.2,524.0
2025-12-25,Organic Search,google,organic,Always-on SEO,tablet,Makkah,apple_pay,9,10,2240.0,73.7,0.0,2166.3,714.0
2025-12-25,Direct,direct,none,Unassigned,mobile,Madinah,stc_pay,11,11,2359.0,22.8,0.0,2336.2,719.0
2025-12-26,Affiliates,partners,affiliate,Partner Network,tablet,Madinah,stc_pay,8,8,1892.0,42.7,0.0,1849.3,612.0
2025-12-26,Paid Search,google,cpc,KSA Growth,mobile,Khobar,visa,13,13,2887.0,150.4,269.1,2467.5,901.0
2025-12-26,Paid Social,instagram,paid_social,Creator Offers,desktop,Riyadh,mada,8,8,1552.0,48.7,0.0,1503.3,465.0
2025-12-27,Organic Search,google,organic,Always-on SEO,mobile,Riyadh,mada,7,7,1363.0,31.8,0.0,1331.2,395.0
2025-12-27,Direct,direct,none,Unassigned,desktop,Jeddah,mastercard,5,7,1593.0,49.8,0.0,1543.2,487.0
2025-12-27,Email,newsletter,email,Lifecycle,tablet,Dammam,apple_pay,9,10,2170.0,0.0,0.0,2170.0,691.0
2025-12-28,Paid Search,google,cpc,KSA Growth,desktop,Dammam,apple_pay,5,6,1284.0,0.0,0.0,1284.0,392.0
2025-12-28,Paid Social,instagram,paid_social,Creator Offers,tablet,Makkah,stc_pay,4,4,996.0,79.7,0.0,916.3,324.0
2025-12-28,Affiliates,partners,affiliate,Partner Network,mobile,Madinah,visa,7,7,1533.0,0.0,249.0,1284.0,477.0
2025-12-29,Direct,direct,none,Unassigned,tablet,Madinah,visa,10,11,2339.0,21.9,197.1,2120.0,738.0
2025-12-29,Email,newsletter,email,Lifecycle,mobile,Khobar,mada,6,6,1064.0,13.9,0.0,1050.1,301.0
2025-12-29,Organic Search,google,organic,Always-on SEO,desktop,Riyadh,mastercard,11,11,2439.0,31.8,0.0,2407.2,769.0
2025-12-30,Paid Social,instagram,paid_social,Creator Offers,mobile,Riyadh,mastercard,9,9,2121.0,27.9,0.0,2093.1,673.0
2025-12-30,Affiliates,partners,affiliate,Partner Network,desktop,Jeddah,apple_pay,6,6,1514.0,27.9,0.0,1486.1,500.0
2025-12-30,Paid Search,google,cpc,KSA Growth,tablet,Dammam,stc_pay,13,15,3465.0,79.7,368.0,3017.3,1073.0
2025-12-31,Email,newsletter,email,Lifecycle,desktop,Dammam,stc_pay,7,8,1762.0,0.0,268.0,1494.0,552.0
2025-12-31,Organic Search,google,organic,Always-on SEO,tablet,Makkah,visa,6,6,1394.0,29.9,0.0,1364.1,442.0
2025-12-31,Direct,direct,none,Unassigned,mobile,Madinah,mada,8,9,2021.0,75.7,219.0,1726.3,607.0
