date,channel,source,medium,campaign,device,product_id,sessions,active_user_days,product_views,add_to_carts,begin_checkouts,tracked_purchases
2025-01-01,Organic Search,google,organic,Always-on SEO,mobile,P001,7,6,4,1,1,1
2025-01-01,Organic Search,google,organic,Always-on SEO,mobile,P002,11,9,7,2,1,1
2025-01-01,Organic Search,google,organic,Always-on SEO,mobile,P003,16,13,10,3,2,1
2025-01-01,Organic Search,google,organic,Always-on SEO,mobile,P004,10,9,7,2,1,1
2025-01-01,Organic Search,google,organic,Always-on SEO,mobile,P005,15,12,10,3,2,1
2025-01-01,Organic Search,google,organic,Always-on SEO,mobile,P006,10,8,6,2,1,1
2025-01-01,Organic Search,google,organic,Always-on SEO,mobile,P007,14,12,9,3,2,1
2025-01-01,Organic Search,google,organic,Always-on SEO,mobile,P008,9,7,6,2,1,1
2025-01-01,Organic Search,google,organic,Always-on SEO,mobile,P009,13,11,9,2,2,1
2025-01-01,Organic Search,google,organic,Always-on SEO,mobile,P010,8,6,5,1,1,1
2025-01-01,Organic Search,google,organic,Always-on SEO,mobile,P011,12,10,8,2,1,1
2025-01-01,Organic Search,google,organic,Always-on SEO,mobile,P012,7,5,4,1,1,0
2025-01-01,Direct,direct,none,Unassigned,desktop,P001,10,9,7,2,1,0
2025-01-01,Direct,direct,none,Unassigned,desktop,P002,15,14,11,2,1,1
2025-01-01,Direct,direct,none,Unassigned,desktop,P003,9,8,6,1,1,0
2025-01-01,Direct,direct,none,Unassigned,desktop,P004,14,13,10,2,1,1
2025-01-01,Direct,direct,none,Unassigned,desktop,P005,8,7,6,1,1,0
2025-01-01,Direct,direct,none,Unassigned,desktop,P006,13,12,9,2,1,1
2025-01-01,Direct,direct,none,Unassigned,desktop,P007,7,6,5,1,1,0
2025-01-01,Direct,direct,none,Unassigned,desktop,P008,12,11,9,2,1,1
2025-01-01,Direct,direct,none,Unassigned,desktop,P009,18,15,12,3,1,1
2025-01-01,Direct,direct,none,Unassigned,desktop,P010,11,10,8,2,1,1
2025-01-01,Direct,direct,none,Unassigned,desktop,P011,17,14,11,2,1,1
2025-01-01,Direct,direct,none,Unassigned,desktop,P012,10,9,7,2,1,0
2025-01-01,Email,newsletter,email,Lifecycle,tablet,P001,13,9,10,3,1,1
2025-01-01,Email,newsletter,email,Lifecycle,tablet,P002,7,5,5,1,1,0
2025-01-01,Email,newsletter,email,Lifecycle,tablet,P003,12,9,9,2,1,1
2025-01-01,Email,newsletter,email,Lifecycle,tablet,P004,16,12,13,3,2,1
2025-01-01,Email,newsletter,email,Lifecycle,tablet,P005,11,8,8,2,1,1
2025-01-01,Email,newsletter,email,Lifecycle,tablet,P006,15,11,12,3,2,1
2025-01-01,Email,newsletter,email,Lifecycle,tablet,P007,10,7,8,2,1,1
2025-01-01,Email,newsletter,email,Lifecycle,tablet,P008,14,11,11,3,2,1
2025-01-01,Email,newsletter,email,Lifecycle,tablet,P009,9,6,7,2,1,1
2025-01-01,Email,newsletter,email,Lifecycle,tablet,P010,13,10,11,3,1,1
2025-01-01,Email,newsletter,email,Lifecycle,tablet,P011,8,6,6,2,1,0
2025-01-01,Email,newsletter,email,Lifecycle,tablet,P012,12,9,10,3,1,1
2025-01-02,Paid Search,google,cpc,KSA Growth,desktop,P001,7,5,4,1,0,0
2025-01-02,Paid Search,google,cpc,KSA Growth,desktop,P002,11,9,7,1,1,1
2025-01-02,Paid Search,google,cpc,KSA Growth,desktop,P003,6,5,4,1,0,0
2025-01-02,Paid Search,google,cpc,KSA Growth,desktop,P004,10,8,7,1,1,0
2025-01-02,Paid Search,google,cpc,KSA Growth,desktop,P005,14,12,9,2,1,1
2025-01-02,Paid Search,google,cpc,KSA Growth,desktop,P006,9,8,6,1,1,0
2025-01-02,Paid Search,google,cpc,KSA Growth,desktop,P007,13,11,9,2,1,1
2025-01-02,Paid Search,google,cpc,KSA Growth,desktop,P008,8,7,5,1,0,0
2025-01-02,Paid Search,google,cpc,KSA Growth,desktop,P009,12,10,8,1,1,1
2025-01-02,Paid Search,google,cpc,KSA Growth,desktop,P010,7,6,5,1,0,0
2025-01-02,Paid Search,google,cpc,KSA Growth,desktop,P011,11,10,8,1,1,1
2025-01-02,Paid Search,google,cpc,KSA Growth,desktop,P012,7,5,4,1,0,0
2025-01-02,Paid Social,instagram,paid_social,Creator Offers,tablet,P001,9,8,7,1,1,0
2025-01-02,Paid Social,instagram,paid_social,Creator Offers,tablet,P002,13,11,9,2,1,1
2025-01-02,Paid Social,instagram,paid_social,Creator Offers,tablet,P003,8,7,6,1,1,0
2025-01-02,Paid Social,instagram,paid_social,Creator Offers,tablet,P004,12,10,9,2,1,1
2025-01-02,Paid Social,instagram,paid_social,Creator Offers,tablet,P005,7,6,5,1,0,0
2025-01-02,Paid Social,instagram,paid_social,Creator Offers,tablet,P006,11,10,8,2,1,1
2025-01-02,Paid Social,instagram,paid_social,Creator Offers,tablet,P007,6,6,5,1,0,0
2025-01-02,Paid Social,instagram,paid_social,Creator Offers,tablet,P008,10,9,8,2,1,1
2025-01-02,Paid Social,instagram,paid_social,Creator Offers,tablet,P009,6,5,4,1,0,0
2025-01-02,Paid Social,instagram,paid_social,Creator Offers,tablet,P010,10,8,7,1,1,1
2025-01-02,Paid Social,instagram,paid_social,Creator Offers,tablet,P011,14,12,10,2,1,1
2025-01-02,Paid Social,instagram,paid_social,Creator Offers,tablet,P012,9,8,7,1,1,0
2025-01-02,Affiliates,partners,affiliate,Partner Network,mobile,P001,10,8,7,2,1,1
2025-01-02,Affiliates,partners,affiliate,Partner Network,mobile,P002,6,4,4,1,1,0
2025-01-02,Affiliates,partners,affiliate,Partner Network,mobile,P003,10,7,7,2,1,1
2025-01-02,Affiliates,partners,affiliate,Partner Network,mobile,P004,5,4,3,1,0,0
2025-01-02,Affiliates,partners,affiliate,Partner Network,mobile,P005,9,7,6,2,1,1
2025-01-02,Affiliates,partners,affiliate,Partner Network,mobile,P006,12,9,9,2,1,1
2025-01-02,Affiliates,partners,affiliate,Partner Network,mobile,P007,8,6,6,2,1,0
2025-01-02,Affiliates,partners,affiliate,Partner Network,mobile,P008,12,9,8,2,1,1
2025-01-02,Affiliates,partners,affiliate,Partner Network,mobile,P009,7,6,5,1,1,0
2025-01-02,Affiliates,partners,affiliate,Partner Network,mobile,P010,11,8,8,2,1,1
2025-01-02,Affiliates,partners,affiliate,Partner Network,mobile,P011,7,5,4,1,1,0
2025-01-02,Affiliates,partners,affiliate,Partner Network,mobile,P012,10,8,7,2,1,1
2025-01-03,Direct,direct,none,Unassigned,tablet,P001,6,4,4,1,1,0
2025-01-03,Direct,direct,none,Unassigned,tablet,P002,10,7,6,2,1,1
2025-01-03,Direct,direct,none,Unassigned,tablet,P003,6,4,4,1,0,0
2025-01-03,Direct,direct,none,Unassigned,tablet,P004,9,7,6,1,1,1
2025-01-03,Direct,direct,none,Unassigned,tablet,P005,5,3,3,1,0,0
2025-01-03,Direct,direct,none,Unassigned,tablet,P006,8,6,5,1,1,1
2025-01-03,Direct,direct,none,Unassigned,tablet,P007,12,9,8,2,1,1
2025-01-03,Direct,direct,none,Unassigned,tablet,P008,8,6,5,1,1,1
2025-01-03,Direct,direct,none,Unassigned,tablet,P009,11,8,7,2,1,1
2025-01-03,Direct,direct,none,Unassigned,tablet,P010,7,5,5,1,1,1
2025-01-03,Direct,direct,none,Unassigned,tablet,P011,11,8,7,2,1,1
2025-01-03,Direct,direct,none,Unassigned,tablet,P012,6,4,4,1,1,0
2025-01-03,Email,newsletter,email,Lifecycle,mobile,P001,6,5,5,1,1,1
2025-01-03,Email,newsletter,email,Lifecycle,mobile,P002,9,7,7,2,1,1
2025-01-03,Email,newsletter,email,Lifecycle,mobile,P003,6,5,5,1,1,0
2025-01-03,Email,newsletter,email,Lifecycle,mobile,P004,9,7,7,2,1,1
2025-01-03,Email,newsletter,email,Lifecycle,mobile,P005,5,4,4,1,1,0
2025-01-03,Email,newsletter,email,Lifecycle,mobile,P006,8,6,6,2,1,1
2025-01-03,Email,newsletter,email,Lifecycle,mobile,P007,5,4,4,1,0,0
2025-01-03,Email,newsletter,email,Lifecycle,mobile,P008,7,6,6,2,1,1
2025-01-03,Email,newsletter,email,Lifecycle,mobile,P009,4,3,3,1,0,0
2025-01-03,Email,newsletter,email,Lifecycle,mobile,P010,7,6,6,2,1,1
2025-01-03,Email,newsletter,email,Lifecycle,mobile,P011,4,3,3,1,0,0
2025-01-03,Email,newsletter,email,Lifecycle,mobile,P012,6,5,5,1,1,0
2025-01-03,Organic Search,google,organic,Always-on SEO,desktop,P001,12,10,8,2,1,1
2025-01-03,Organic Search,google,organic,Always-on SEO,desktop,P002,7,6,5,1,0,0
2025-01-03,Organic Search,google,organic,Always-on SEO,desktop,P003,11,9,7,1,1,1
2025-01-03,Organic Search,google,organic,Always-on SEO,desktop,P004,7,5,4,1,0,0
2025-01-03,Organic Search,google,organic,Always-on SEO,desktop,P005,11,8,7,1,1,1
2025-01-03,Organic Search,google,organic,Always-on SEO,desktop,P006,6,4,4,1,0,0
2025-01-03,Organic Search,google,organic,Always-on SEO,desktop,P007,10,8,6,1,1,0
2025-01-03,Organic Search,google,organic,Always-on SEO,desktop,P008,14,11,9,2,1,1
2025-01-03,Organic Search,google,organic,Always-on SEO,desktop,P009,9,7,6,1,1,0
2025-01-03,Organic Search,google,organic,Always-on SEO,desktop,P010,13,10,9,2,1,1
2025-01-03,Organic Search,google,organic,Always-on SEO,desktop,P011,8,6,5,1,0,0
2025-01-03,Organic Search,google,organic,Always-on SEO,desktop,P012,12,9,8,2,1,1
2025-01-04,Paid Social,instagram,paid_social,Creator Offers,mobile,P001,10,9,7,2,1,1
2025-01-04,Paid Social,instagram,paid_social,Creator Offers,mobile,P002,16,14,11,2,1,1
2025-01-04,Paid Social,instagram,paid_social,Creator Offers,mobile,P003,9,8,7,1,1,0
2025-01-04,Paid Social,instagram,paid_social,Creator Offers,mobile,P004,14,13,10,2,1,1
2025-01-04,Paid Social,instagram,paid_social,Creator Offers,mobile,P005,8,7,6,1,1,0
2025-01-04,Paid Social,instagram,paid_social,Creator Offers,mobile,P006,13,12,9,2,1,1
2025-01-04,Paid Social,instagram,paid_social,Creator Offers,mobile,P007,7,6,5,1,1,0
2025-01-04,Paid Social,instagram,paid_social,Creator Offers,mobile,P008,12,11,9,2,1,1
2025-01-04,Paid Social,instagram,paid_social,Creator Offers,mobile,P009,18,16,12,3,2,1
2025-01-04,Paid Social,instagram,paid_social,Creator Offers,mobile,P010,11,10,8,2,1,1
2025-01-04,Paid Social,instagram,paid_social,Creator Offers,mobile,P011,17,15,12,2,1,1
2025-01-04,Paid Social,instagram,paid_social,Creator Offers,mobile,P012,10,9,7,1,1,1
2025-01-04,Affiliates,partners,affiliate,Partner Network,desktop,P001,10,8,6,2,1,1
2025-01-04,Affiliates,partners,affiliate,Partner Network,desktop,P002,5,4,3,1,0,0
2025-01-04,Affiliates,partners,affiliate,Partner Network,desktop,P003,9,7,6,1,1,1
2025-01-04,Affiliates,partners,affiliate,Partner Network,desktop,P004,12,10,8,2,1,1
2025-01-04,Affiliates,partners,affiliate,Partner Network,desktop,P005,8,7,5,1,1,0
2025-01-04,Affiliates,partners,affiliate,Partner Network,desktop,P006,12,9,7,2,1,1
2025-01-04,Affiliates,partners,affiliate,Partner Network,desktop,P007,7,6,5,1,1,0
2025-01-04,Affiliates,partners,affiliate,Partner Network,desktop,P008,11,9,7,2,1,1
2025-01-04,Affiliates,partners,affiliate,Partner Network,desktop,P009,7,5,4,1,1,0
2025-01-04,Affiliates,partners,affiliate,Partner Network,desktop,P010,10,8,7,2,1,1
2025-01-04,Affiliates,partners,affiliate,Partner Network,desktop,P011,6,5,4,1,0,0
2025-01-04,Affiliates,partners,affiliate,Partner Network,desktop,P012,9,8,6,2,1,1
2025-01-04,Paid Search,google,cpc,KSA Growth,tablet,P001,13,11,10,3,1,1
2025-01-04,Paid Search,google,cpc,KSA Growth,tablet,P002,8,7,6,2,1,0
2025-01-04,Paid Search,google,cpc,KSA Growth,tablet,P003,12,10,9,2,1,1
2025-01-04,Paid Search,google,cpc,KSA Growth,tablet,P004,7,6,6,1,1,0
2025-01-04,Paid Search,google,cpc,KSA Growth,tablet,P005,11,10,9,2,1,1
2025-01-04,Paid Search,google,cpc,KSA Growth,tablet,P006,6,5,5,1,1,0
2025-01-04,Paid Search,google,cpc,KSA Growth,tablet,P007,10,9,8,2,1,1
2025-01-04,Paid Search,google,cpc,KSA Growth,tablet,P008,6,5,4,1,1,0
2025-01-04,Paid Search,google,cpc,KSA Growth,tablet,P009,10,8,7,2,1,1
2025-01-04,Paid Search,google,cpc,KSA Growth,tablet,P010,14,12,10,3,1,1
2025-01-04,Paid Search,google,cpc,KSA Growth,tablet,P011,9,7,7,2,1,0
2025-01-04,Paid Search,google,cpc,KSA Growth,tablet,P012,13,11,10,2,1,1
2025-01-05,Email,newsletter,email,Lifecycle,desktop,P001,6,5,5,1,1,0
2025-01-05,Email,newsletter,email,Lifecycle,desktop,P002,8,7,7,2,1,1
2025-01-05,Email,newsletter,email,Lifecycle,desktop,P003,5,4,4,1,0,0
2025-01-05,Email,newsletter,email,Lifecycle,desktop,P004,8,6,6,1,1,1
2025-01-05,Email,newsletter,email,Lifecycle,desktop,P005,5,4,4,1,0,0
2025-01-05,Email,newsletter,email,Lifecycle,desktop,P006,7,6,6,1,1,1
2025-01-05,Email,newsletter,email,Lifecycle,desktop,P007,4,3,3,1,0,0
2025-01-05,Email,newsletter,email,Lifecycle,desktop,P008,7,6,5,1,1,1
2025-01-05,Email,newsletter,email,Lifecycle,desktop,P009,4,3,3,1,0,0
2025-01-05,Email,newsletter,email,Lifecycle,desktop,P010,6,5,5,1,1,1
2025-01-05,Email,newsletter,email,Lifecycle,desktop,P011,9,7,7,2,1,1
2025-01-05,Email,newsletter,email,Lifecycle,desktop,P012,6,5,5,1,1,0
2025-01-05,Organic Search,google,organic,Always-on SEO,tablet,P001,12,11,8,2,1,1
2025-01-05,Organic Search,google,organic,Always-on SEO,tablet,P002,7,6,5,1,1,0
2025-01-05,Organic Search,google,organic,Always-on SEO,tablet,P003,11,10,7,2,1,1
2025-01-05,Organic Search,google,organic,Always-on SEO,tablet,P004,6,6,4,1,0,0
2025-01-05,Organic Search,google,organic,Always-on SEO,tablet,P005,11,9,7,2,1,1
2025-01-05,Organic Search,google,organic,Always-on SEO,tablet,P006,15,13,10,3,1,1
2025-01-05,Organic Search,google,organic,Always-on SEO,tablet,P007,10,9,6,2,1,0
2025-01-05,Organic Search,google,organic,Always-on SEO,tablet,P008,14,13,9,2,1,1
2025-01-05,Organic Search,google,organic,Always-on SEO,tablet,P009,9,8,6,2,1,0
2025-01-05,Organic Search,google,organic,Always-on SEO,tablet,P010,13,12,9,2,1,1
2025-01-05,Organic Search,google,organic,Always-on SEO,tablet,P011,8,7,5,1,1,0
2025-01-05,Organic Search,google,organic,Always-on SEO,tablet,P012,12,11,8,2,1,1
2025-01-05,Direct,direct,none,Unassigned,mobile,P001,17,14,12,3,2,1
2025-01-05,Direct,direct,none,Unassigned,mobile,P002,11,9,7,2,1,1
2025-01-05,Direct,direct,none,Unassigned,mobile,P003,16,13,11,3,1,1
2025-01-05,Direct,direct,none,Unassigned,mobile,P004,10,8,7,2,1,1
2025-01-05,Direct,direct,none,Unassigned,mobile,P005,15,12,10,3,1,1
2025-01-05,Direct,direct,none,Unassigned,mobile,P006,9,7,6,2,1,1
2025-01-05,Direct,direct,none,Unassigned,mobile,P007,14,11,9,2,1,1
2025-01-05,Direct,direct,none,Unassigned,mobile,P008,8,6,5,1,1,0
2025-01-05,Direct,direct,none,Unassigned,mobile,P009,13,10,9,2,1,1
2025-01-05,Direct,direct,none,Unassigned,mobile,P010,7,6,5,1,1,0
2025-01-05,Direct,direct,none,Unassigned,mobile,P011,12,10,8,2,1,1
2025-01-05,Direct,direct,none,Unassigned,mobile,P012,16,13,11,3,2,1
2025-01-06,Affiliates,partners,affiliate,Partner Network,tablet,P001,13,11,10,3,1,1
2025-01-06,Affiliates,partners,affiliate,Partner Network,tablet,P002,18,16,14,4,2,1
2025-01-06,Affiliates,partners,affiliate,Partner Network,tablet,P003,12,10,9,2,1,1
2025-01-06,Affiliates,partners,affiliate,Partner Network,tablet,P004,17,15,14,3,2,1
2025-01-06,Affiliates,partners,affiliate,Partner Network,tablet,P005,11,9,8,2,1,1
2025-01-06,Affiliates,partners,affiliate,Partner Network,tablet,P006,16,14,13,3,2,1
2025-01-06,Affiliates,partners,affiliate,Partner Network,tablet,P007,9,8,8,2,1,1
2025-01-06,Affiliates,partners,affiliate,Partner Network,tablet,P008,15,13,12,3,2,1
2025-01-06,Affiliates,partners,affiliate,Partner Network,tablet,P009,8,8,7,2,1,1
2025-01-06,Affiliates,partners,affiliate,Partner Network,tablet,P010,14,12,11,3,2,1
2025-01-06,Affiliates,partners,affiliate,Partner Network,tablet,P011,7,7,6,1,1,1
2025-01-06,Affiliates,partners,affiliate,Partner Network,tablet,P012,13,11,10,3,1,1
2025-01-06,Paid Search,google,cpc,KSA Growth,mobile,P001,10,8,7,2,1,1
2025-01-06,Paid Search,google,cpc,KSA Growth,mobile,P002,6,5,4,1,1,0
2025-01-06,Paid Search,google,cpc,KSA Growth,mobile,P003,9,8,6,2,1,1
2025-01-06,Paid Search,google,cpc,KSA Growth,mobile,P004,5,4,4,1,1,0
2025-01-06,Paid Search,google,cpc,KSA Growth,mobile,P005,9,7,6,2,1,1
2025-01-06,Paid Search,google,cpc,KSA Growth,mobile,P006,5,4,3,1,0,0
2025-01-06,Paid Search,google,cpc,KSA Growth,mobile,P007,8,7,5,1,1,1
2025-01-06,Paid Search,google,cpc,KSA Growth,mobile,P008,11,9,8,2,1,1
2025-01-06,Paid Search,google,cpc,KSA Growth,mobile,P009,7,6,5,1,1,0
2025-01-06,Paid Search,google,cpc,KSA Growth,mobile,P010,10,9,7,2,1,1
2025-01-06,Paid Search,google,cpc,KSA Growth,mobile,P011,7,6,4,1,1,0
2025-01-06,Paid Search,google,cpc,KSA Growth,mobile,P012,10,8,7,2,1,1
2025-01-06,Paid Social,instagram,paid_social,Creator Offers,desktop,P001,7,6,5,2,1,1
2025-01-06,Paid Social,instagram,paid_social,Creator Offers,desktop,P002,12,9,9,3,1,1
2025-01-06,Paid Social,instagram,paid_social,Creator Offers,desktop,P003,16,13,13,4,2,1
2025-01-06,Paid Social,instagram,paid_social,Creator Offers,desktop,P004,11,9,8,2,1,1
2025-01-06,Paid Social,instagram,paid_social,Creator Offers,desktop,P005,15,13,12,3,2,1
2025-01-06,Paid Social,instagram,paid_social,Creator Offers,desktop,P006,10,8,8,2,1,1
2025-01-06,Paid Social,instagram,paid_social,Creator Offers,desktop,P007,14,12,11,3,2,1
2025-01-06,Paid Social,instagram,paid_social,Creator Offers,desktop,P008,9,7,7,2,1,1
2025-01-06,Paid Social,instagram,paid_social,Creator Offers,desktop,P009,13,11,10,3,2,1
2025-01-06,Paid Social,instagram,paid_social,Creator Offers,desktop,P010,8,6,6,2,1,1
2025-01-06,Paid Social,instagram,paid_social,Creator Offers,desktop,P011,13,10,10,3,1,1
2025-01-06,Paid Social,instagram,paid_social,Creator Offers,desktop,P012,7,5,5,1,1,0
2025-01-07,Organic Search,google,organic,Always-on SEO,mobile,P001,9,7,6,1,1,1
2025-01-07,Organic Search,google,organic,Always-on SEO,mobile,P002,5,4,3,1,0,0
2025-01-07,Organic Search,google,organic,Always-on SEO,mobile,P003,8,7,6,1,1,0
2025-01-07,Organic Search,google,organic,Always-on SEO,mobile,P004,12,10,8,2,1,1
2025-01-07,Organic Search,google,organic,Always-on SEO,mobile,P005,8,6,5,1,1,0
2025-01-07,Organic Search,google,organic,Always-on SEO,mobile,P006,11,9,7,2,1,1
2025-01-07,Organic Search,google,organic,Always-on SEO,mobile,P007,7,6,5,1,0,0
2025-01-07,Organic Search,google,organic,Always-on SEO,mobile,P008,10,9,7,1,1,1
2025-01-07,Organic Search,google,organic,Always-on SEO,mobile,P009,6,5,4,1,0,0
2025-01-07,Organic Search,google,organic,Always-on SEO,mobile,P010,10,8,6,1,1,1
2025-01-07,Organic Search,google,organic,Always-on SEO,mobile,P011,6,5,4,1,0,0
2025-01-07,Organic Search,google,organic,Always-on SEO,mobile,P012,9,7,6,1,1,1
2025-01-07,Direct,direct,none,Unassigned,desktop,P001,13,11,8,2,1,1
2025-01-07,Direct,direct,none,Unassigned,desktop,P002,8,7,5,1,0,0
2025-01-07,Direct,direct,none,Unassigned,desktop,P003,12,10,8,1,1,1
2025-01-07,Direct,direct,none,Unassigned,desktop,P004,7,6,5,1,0,0
2025-01-07,Direct,direct,none,Unassigned,desktop,P005,11,10,7,1,1,1
2025-01-07,Direct,direct,none,Unassigned,desktop,P006,6,6,4,1,0,0
2025-01-07,Direct,direct,none,Unassigned,desktop,P007,10,9,7,1,1,0
2025-01-07,Direct,direct,none,Unassigned,desktop,P008,6,5,3,1,0,0
2025-01-07,Direct,direct,none,Unassigned,desktop,P009,10,8,6,1,1,0
2025-01-07,Direct,direct,none,Unassigned,desktop,P010,13,12,9,2,1,1
2025-01-07,Direct,direct,none,Unassigned,desktop,P011,9,8,6,1,1,0
2025-01-07,Direct,direct,none,Unassigned,desktop,P012,13,11,8,1,1,1
2025-01-07,Email,newsletter,email,Lifecycle,tablet,P001,5,4,4,1,0,0
2025-01-07,Email,newsletter,email,Lifecycle,tablet,P002,8,7,6,1,1,0
2025-01-07,Email,newsletter,email,Lifecycle,tablet,P003,4,4,3,1,0,0
2025-01-07,Email,newsletter,email,Lifecycle,tablet,P004,7,6,5,1,1,0
2025-01-07,Email,newsletter,email,Lifecycle,tablet,P005,11,9,8,2,1,1
2025-01-07,Email,newsletter,email,Lifecycle,tablet,P006,7,5,5,1,1,0
2025-01-07,Email,newsletter,email,Lifecycle,tablet,P007,10,8,7,1,1,1
2025-01-07,Email,newsletter,email,Lifecycle,tablet,P008,6,5,5,1,0,0
2025-01-07,Email,newsletter,email,Lifecycle,tablet,P009,9,7,7,1,1,1
2025-01-07,Email,newsletter,email,Lifecycle,tablet,P010,6,4,4,1,0,0
2025-01-07,Email,newsletter,email,Lifecycle,tablet,P011,9,7,6,1,1,1
2025-01-07,Email,newsletter,email,Lifecycle,tablet,P012,5,4,4,1,0,0
2025-01-08,Paid Search,google,cpc,KSA Growth,desktop,P001,14,13,10,3,2,1
2025-01-08,Paid Search,google,cpc,KSA Growth,desktop,P002,8,7,6,2,1,1
2025-01-08,Paid Search,google,cpc,KSA Growth,desktop,P003,13,12,9,3,2,1
2025-01-08,Paid Search,google,cpc,KSA Growth,desktop,P004,7,6,5,1,1,1
2025-01-08,Paid Search,google,cpc,KSA Growth,desktop,P005,12,11,9,2,1,1
2025-01-08,Paid Search,google,cpc,KSA Growth,desktop,P006,18,15,12,3,2,1
2025-01-08,Paid Search,google,cpc,KSA Growth,desktop,P007,11,10,8,2,1,1
2025-01-08,Paid Search,google,cpc,KSA Growth,desktop,P008,16,14,12,3,2,1
2025-01-08,Paid Search,google,cpc,KSA Growth,desktop,P009,10,9,7,2,1,1
2025-01-08,Paid Search,google,cpc,KSA Growth,desktop,P010,15,13,11,3,2,1
2025-01-08,Paid Search,google,cpc,KSA Growth,desktop,P011,9,8,6,2,1,1
2025-01-08,Paid Search,google,cpc,KSA Growth,desktop,P012,14,13,10,3,2,1
2025-01-08,Paid Social,instagram,paid_social,Creator Offers,tablet,P001,17,14,13,4,2,2
2025-01-08,Paid Social,instagram,paid_social,Creator Offers,tablet,P002,11,9,8,2,2,1
2025-01-08,Paid Social,instagram,paid_social,Creator Offers,tablet,P003,16,13,12,3,2,1
2025-01-08,Paid Social,instagram,paid_social,Creator Offers,tablet,P004,10,8,8,2,2,1
2025-01-08,Paid Social,instagram,paid_social,Creator Offers,tablet,P005,15,12,12,3,2,1
2025-01-08,Paid Social,instagram,paid_social,Creator Offers,tablet,P006,9,7,7,2,1,1
2025-01-08,Paid Social,instagram,paid_social,Creator Offers,tablet,P007,14,11,11,3,2,1
2025-01-08,Paid Social,instagram,paid_social,Creator Offers,tablet,P008,8,7,6,2,1,1
2025-01-08,Paid Social,instagram,paid_social,Creator Offers,tablet,P009,13,11,10,3,2,1
2025-01-08,Paid Social,instagram,paid_social,Creator Offers,tablet,P010,7,6,5,1,1,1
2025-01-08,Paid Social,instagram,paid_social,Creator Offers,tablet,P011,12,10,9,2,2,1
2025-01-08,Paid Social,instagram,paid_social,Creator Offers,tablet,P012,17,14,13,4,2,1
2025-01-08,Affiliates,partners,affiliate,Partner Network,mobile,P001,10,8,7,2,1,1
2025-01-08,Affiliates,partners,affiliate,Partner Network,mobile,P002,15,12,11,2,1,1
2025-01-08,Affiliates,partners,affiliate,Partner Network,mobile,P003,8,7,6,1,1,0
2025-01-08,Affiliates,partners,affiliate,Partner Network,mobile,P004,14,11,10,2,1,1
2025-01-08,Affiliates,partners,affiliate,Partner Network,mobile,P005,7,6,5,1,1,0
2025-01-08,Affiliates,partners,affiliate,Partner Network,mobile,P006,13,11,9,2,1,1
2025-01-08,Affiliates,partners,affiliate,Partner Network,mobile,P007,18,15,13,3,2,1
2025-01-08,Affiliates,partners,affiliate,Partner Network,mobile,P008,12,10,8,2,1,1
2025-01-08,Affiliates,partners,affiliate,Partner Network,mobile,P009,17,14,12,3,1,1
2025-01-08,Affiliates,partners,affiliate,Partner Network,mobile,P010,11,9,7,2,1,1
2025-01-08,Affiliates,partners,affiliate,Partner Network,mobile,P011,16,13,11,2,1,1
2025-01-08,Affiliates,partners,affiliate,Partner Network,mobile,P012,10,8,7,1,1,0
2025-01-09,Direct,direct,none,Unassigned,tablet,P001,14,12,10,2,2,1
2025-01-09,Direct,direct,none,Unassigned,tablet,P002,9,7,6,2,1,1
2025-01-09,Direct,direct,none,Unassigned,tablet,P003,13,11,9,2,1,1
2025-01-09,Direct,direct,none,Unassigned,tablet,P004,8,7,5,1,1,0
2025-01-09,Direct,direct,none,Unassigned,tablet,P005,12,11,9,2,1,1
2025-01-09,Direct,direct,none,Unassigned,tablet,P006,7,6,5,1,1,0
2025-01-09,Direct,direct,none,Unassigned,tablet,P007,11,10,8,2,1,1
2025-01-09,Direct,direct,none,Unassigned,tablet,P008,16,14,11,3,2,1
2025-01-09,Direct,direct,none,Unassigned,tablet,P009,10,9,7,2,1,1
2025-01-09,Direct,direct,none,Unassigned,tablet,P010,15,13,10,3,2,1
2025-01-09,Direct,direct,none,Unassigned,tablet,P011,10,8,7,2,1,1
2025-01-09,Direct,direct,none,Unassigned,tablet,P012,14,12,10,2,1,1
2025-01-09,Email,newsletter,email,Lifecycle,mobile,P001,5,4,4,1,1,0
2025-01-09,Email,newsletter,email,Lifecycle,mobile,P002,8,7,6,2,1,1
2025-01-09,Email,newsletter,email,Lifecycle,mobile,P003,12,10,9,2,1,1
2025-01-09,Email,newsletter,email,Lifecycle,mobile,P004,8,6,6,2,1,1
2025-01-09,Email,newsletter,email,Lifecycle,mobile,P005,11,9,9,2,1,1
2025-01-09,Email,newsletter,email,Lifecycle,mobile,P006,7,6,5,1,1,1
2025-01-09,Email,newsletter,email,Lifecycle,mobile,P007,10,9,8,2,1,1
2025-01-09,Email,newsletter,email,Lifecycle,mobile,P008,6,5,5,1,1,1
2025-01-09,Email,newsletter,email,Lifecycle,mobile,P009,10,8,7,2,1,1
2025-01-09,Email,newsletter,email,Lifecycle,mobile,P010,5,5,4,1,1,1
2025-01-09,Email,newsletter,email,Lifecycle,mobile,P011,9,8,7,2,1,1
2025-01-09,Email,newsletter,email,Lifecycle,mobile,P012,5,4,4,1,1,0
2025-01-09,Organic Search,google,organic,Always-on SEO,desktop,P001,7,6,5,1,1,0
2025-01-09,Organic Search,google,organic,Always-on SEO,desktop,P002,10,9,7,2,1,1
2025-01-09,Organic Search,google,organic,Always-on SEO,desktop,P003,6,5,4,1,0,0
2025-01-09,Organic Search,google,organic,Always-on SEO,desktop,P004,9,8,6,2,1,1
2025-01-09,Organic Search,google,organic,Always-on SEO,desktop,P005,5,5,4,1,0,0
2025-01-09,Organic Search,google,organic,Always-on SEO,desktop,P006,9,8,6,1,1,1
2025-01-09,Organic Search,google,organic,Always-on SEO,desktop,P007,5,4,3,1,0,0
2025-01-09,Organic Search,google,organic,Always-on SEO,desktop,P008,8,7,5,1,1,1
2025-01-09,Organic Search,google,organic,Always-on SEO,desktop,P009,11,10,8,2,1,1
2025-01-09,Organic Search,google,organic,Always-on SEO,desktop,P010,7,6,5,1,1,0
2025-01-09,Organic Search,google,organic,Always-on SEO,desktop,P011,11,9,7,2,1,1
2025-01-09,Organic Search,google,organic,Always-on SEO,desktop,P012,7,6,4,1,0,0
2025-01-10,Paid Social,instagram,paid_social,Creator Offers,mobile,P001,11,9,8,2,1,1
2025-01-10,Paid Social,instagram,paid_social,Creator Offers,mobile,P002,7,6,5,1,1,0
2025-01-10,Paid Social,instagram,paid_social,Creator Offers,mobile,P003,10,8,7,1,1,1
2025-01-10,Paid Social,instagram,paid_social,Creator Offers,mobile,P004,6,5,4,1,0,0
2025-01-10,Paid Social,instagram,paid_social,Creator Offers,mobile,P005,9,8,7,1,1,1
2025-01-10,Paid Social,instagram,paid_social,Creator Offers,mobile,P006,5,4,4,1,0,0
2025-01-10,Paid Social,instagram,paid_social,Creator Offers,mobile,P007,9,7,6,1,1,1
2025-01-10,Paid Social,instagram,paid_social,Creator Offers,mobile,P008,5,4,3,1,0,0
2025-01-10,Paid Social,instagram,paid_social,Creator Offers,mobile,P009,8,7,6,1,1,0
2025-01-10,Paid Social,instagram,paid_social,Creator Offers,mobile,P010,11,9,8,2,1,1
2025-01-10,Paid Social,instagram,paid_social,Creator Offers,mobile,P011,7,6,5,1,1,0
2025-01-10,Paid Social,instagram,paid_social,Creator Offers,mobile,P012,10,9,7,1,1,1
2025-01-10,Affiliates,partners,affiliate,Partner Network,desktop,P001,6,5,5,1,1,0
2025-01-10,Affiliates,partners,affiliate,Partner Network,desktop,P002,10,9,8,2,1,1
2025-01-10,Affiliates,partners,affiliate,Partner Network,desktop,P003,5,5,4,1,1,0
2025-01-10,Affiliates,partners,affiliate,Partner Network,desktop,P004,9,8,7,2,1,1
2025-01-10,Affiliates,partners,affiliate,Partner Network,desktop,P005,12,11,10,3,1,1
2025-01-10,Affiliates,partners,affiliate,Partner Network,desktop,P006,8,7,7,2,1,1
2025-01-10,Affiliates,partners,affiliate,Partner Network,desktop,P007,12,10,9,2,1,1
2025-01-10,Affiliates,partners,affiliate,Partner Network,desktop,P008,7,7,6,2,1,1
2025-01-10,Affiliates,partners,affiliate,Partner Network,desktop,P009,11,10,9,2,1,1
2025-01-10,Affiliates,partners,affiliate,Partner Network,desktop,P010,7,6,5,1,1,0
2025-01-10,Affiliates,partners,affiliate,Partner Network,desktop,P011,10,9,8,2,1,1
2025-01-10,Affiliates,partners,affiliate,Partner Network,desktop,P012,6,5,5,1,1,0
2025-01-10,Paid Search,google,cpc,KSA Growth,tablet,P001,11,9,7,2,1,1
2025-01-10,Paid Search,google,cpc,KSA Growth,tablet,P002,15,13,11,2,2,1
2025-01-10,Paid Search,google,cpc,KSA Growth,tablet,P003,10,8,7,2,1,1
2025-01-10,Paid Search,google,cpc,KSA Growth,tablet,P004,14,12,10,2,2,1
2025-01-10,Paid Search,google,cpc,KSA Growth,tablet,P005,9,7,6,1,1,1
2025-01-10,Paid Search,google,cpc,KSA Growth,tablet,P006,13,11,10,2,1,1
2025-01-10,Paid Search,google,cpc,KSA Growth,tablet,P007,8,6,5,1,1,0
2025-01-10,Paid Search,google,cpc,KSA Growth,tablet,P008,13,10,9,2,1,1
2025-01-10,Paid Search,google,cpc,KSA Growth,tablet,P009,7,6,5,1,1,0
2025-01-10,Paid Search,google,cpc,KSA Growth,tablet,P010,12,9,8,2,1,1
2025-01-10,Paid Search,google,cpc,KSA Growth,tablet,P011,16,13,12,3,2,1
2025-01-10,Paid Search,google,cpc,KSA Growth,tablet,P012,11,9,7,2,1,1
2025-01-11,Email,newsletter,email,Lifecycle,desktop,P001,12,11,9,2,1,1
2025-01-11,Email,newsletter,email,Lifecycle,desktop,P002,8,7,6,2,1,1
2025-01-11,Email,newsletter,email,Lifecycle,desktop,P003,12,10,8,2,1,1
2025-01-11,Email,newsletter,email,Lifecycle,desktop,P004,7,6,5,1,1,0
2025-01-11,Email,newsletter,email,Lifecycle,desktop,P005,11,9,8,2,1,1
2025-01-11,Email,newsletter,email,Lifecycle,desktop,P006,7,6,5,1,1,0
2025-01-11,Email,newsletter,email,Lifecycle,desktop,P007,10,9,7,2,1,1
2025-01-11,Email,newsletter,email,Lifecycle,desktop,P008,6,5,4,1,1,0
2025-01-11,Email,newsletter,email,Lifecycle,desktop,P009,10,8,7,2,1,1
2025-01-11,Email,newsletter,email,Lifecycle,desktop,P010,5,4,4,1,0,0
2025-01-11,Email,newsletter,email,Lifecycle,desktop,P011,9,8,6,2,1,1
2025-01-11,Email,newsletter,email,Lifecycle,desktop,P012,12,11,9,2,1,1
2025-01-11,Organic Search,google,organic,Always-on SEO,tablet,P001,6,5,5,1,1,1
2025-01-11,Organic Search,google,organic,Always-on SEO,tablet,P002,9,8,7,2,1,1
2025-01-11,Organic Search,google,organic,Always-on SEO,tablet,P003,5,4,4,1,1,0
2025-01-11,Organic Search,google,organic,Always-on SEO,tablet,P004,9,7,7,2,1,1
2025-01-11,Organic Search,google,organic,Always-on SEO,tablet,P005,5,4,3,1,1,0
2025-01-11,Organic Search,google,organic,Always-on SEO,tablet,P006,8,6,6,2,1,1
2025-01-11,Organic Search,google,organic,Always-on SEO,tablet,P007,11,9,9,2,2,1
2025-01-11,Organic Search,google,organic,Always-on SEO,tablet,P008,7,6,6,2,1,1
2025-01-11,Organic Search,google,organic,Always-on SEO,tablet,P009,10,9,8,2,1,1
2025-01-11,Organic Search,google,organic,Always-on SEO,tablet,P010,7,5,5,2,1,1
2025-01-11,Organic Search,google,organic,Always-on SEO,tablet,P011,10,8,8,2,1,1
2025-01-11,Organic Search,google,organic,Always-on SEO,tablet,P012,6,5,4,1,1,0
2025-01-11,Direct,direct,none,Unassigned,mobile,P001,8,7,5,1,1,0
2025-01-11,Direct,direct,none,Unassigned,mobile,P002,12,10,8,1,1,1
2025-01-11,Direct,direct,none,Unassigned,mobile,P003,7,6,5,1,0,0
2025-01-11,Direct,direct,none,Unassigned,mobile,P004,11,9,7,1,1,1
2025-01-11,Direct,direct,none,Unassigned,mobile,P005,7,6,4,1,0,0
2025-01-11,Direct,direct,none,Unassigned,mobile,P006,10,9,7,1,1,1
2025-01-11,Direct,direct,none,Unassigned,mobile,P007,6,5,4,1,0,0
2025-01-11,Direct,direct,none,Unassigned,mobile,P008,10,8,6,1,1,1
2025-01-11,Direct,direct,none,Unassigned,mobile,P009,5,5,4,1,0,0
2025-01-11,Direct,direct,none,Unassigned,mobile,P010,9,8,6,1,1,0
2025-01-11,Direct,direct,none,Unassigned,mobile,P011,5,4,3,1,0,0
2025-01-11,Direct,direct,none,Unassigned,mobile,P012,8,7,5,1,1,0
2025-01-12,Affiliates,partners,affiliate,Partner Network,tablet,P001,6,5,5,1,0,0
2025-01-12,Affiliates,partners,affiliate,Partner Network,tablet,P002,10,8,8,2,1,1
2025-01-12,Affiliates,partners,affiliate,Partner Network,tablet,P003,14,12,12,3,1,1
2025-01-12,Affiliates,partners,affiliate,Partner Network,tablet,P004,9,8,8,2,1,0
2025-01-12,Affiliates,partners,affiliate,Partner Network,tablet,P005,14,11,11,2,1,1
2025-01-12,Affiliates,partners,affiliate,Partner Network,tablet,P006,9,7,7,1,1,0
2025-01-12,Affiliates,partners,affiliate,Partner Network,tablet,P007,13,11,10,2,1,1
2025-01-12,Affiliates,partners,affiliate,Partner Network,tablet,P008,8,6,6,1,1,0
2025-01-12,Affiliates,partners,affiliate,Partner Network,tablet,P009,12,10,10,2,1,1
2025-01-12,Affiliates,partners,affiliate,Partner Network,tablet,P010,7,6,6,1,0,0
2025-01-12,Affiliates,partners,affiliate,Partner Network,tablet,P011,11,9,9,2,1,1
2025-01-12,Affiliates,partners,affiliate,Partner Network,tablet,P012,6,5,5,1,0,0
2025-01-12,Paid Search,google,cpc,KSA Growth,mobile,P001,7,6,5,1,1,1
2025-01-12,Paid Search,google,cpc,KSA Growth,mobile,P002,10,9,8,2,1,1
2025-01-12,Paid Search,google,cpc,KSA Growth,mobile,P003,6,6,5,1,1,0
2025-01-12,Paid Search,google,cpc,KSA Growth,mobile,P004,10,9,7,2,1,1
2025-01-12,Paid Search,google,cpc,KSA Growth,mobile,P005,5,5,4,1,1,0
2025-01-12,Paid Search,google,cpc,KSA Growth,mobile,P006,9,8,7,2,1,1
2025-01-12,Paid Search,google,cpc,KSA Growth,mobile,P007,5,4,4,1,0,0
2025-01-12,Paid Search,google,cpc,KSA Growth,mobile,P008,8,7,6,2,1,1
2025-01-12,Paid Search,google,cpc,KSA Growth,mobile,P009,12,10,9,2,1,1
2025-01-12,Paid Search,google,cpc,KSA Growth,mobile,P010,7,7,6,1,1,1
2025-01-12,Paid Search,google,cpc,KSA Growth,mobile,P011,11,10,9,2,1,1
2025-01-12,Paid Search,google,cpc,KSA Growth,mobile,P012,7,6,5,1,1,0
2025-01-12,Paid Social,instagram,paid_social,Creator Offers,desktop,P001,9,7,8,2,1,1
2025-01-12,Paid Social,instagram,paid_social,Creator Offers,desktop,P002,5,4,4,1,1,0
2025-01-12,Paid Social,instagram,paid_social,Creator Offers,desktop,P003,9,7,7,2,1,1
2025-01-12,Paid Social,instagram,paid_social,Creator Offers,desktop,P004,12,10,10,3,1,1
2025-01-12,Paid Social,instagram,paid_social,Creator Offers,desktop,P005,8,6,6,2,1,0
2025-01-12,Paid Social,instagram,paid_social,Creator Offers,desktop,P006,12,9,9,3,1,1
2025-01-12,Paid Social,instagram,paid_social,Creator Offers,desktop,P007,7,6,6,2,1,0
2025-01-12,Paid Social,instagram,paid_social,Creator Offers,desktop,P008,11,9,9,2,1,1
2025-01-12,Paid Social,instagram,paid_social,Creator Offers,desktop,P009,7,5,5,2,1,0
2025-01-12,Paid Social,instagram,paid_social,Creator Offers,desktop,P010,10,8,8,2,1,1
2025-01-12,Paid Social,instagram,paid_social,Creator Offers,desktop,P011,6,5,5,1,1,0
2025-01-12,Paid Social,instagram,paid_social,Creator Offers,desktop,P012,9,7,7,2,1,1
2025-01-13,Organic Search,google,organic,Always-on SEO,mobile,P001,6,5,5,1,1,1
2025-01-13,Organic Search,google,organic,Always-on SEO,mobile,P002,10,9,7,2,1,1
2025-01-13,Organic Search,google,organic,Always-on SEO,mobile,P003,6,5,4,1,1,0
2025-01-13,Organic Search,google,organic,Always-on SEO,mobile,P004,9,8,7,2,1,1
2025-01-13,Organic Search,google,organic,Always-on SEO,mobile,P005,13,12,10,3,2,1
2025-01-13,Organic Search,google,organic,Always-on SEO,mobile,P006,9,7,6,2,1,1
2025-01-13,Organic Search,google,organic,Always-on SEO,mobile,P007,13,11,9,2,2,1
2025-01-13,Organic Search,google,organic,Always-on SEO,mobile,P008,8,7,6,2,1,1
2025-01-13,Organic Search,google,organic,Always-on SEO,mobile,P009,12,10,8,2,1,1
2025-01-13,Organic Search,google,organic,Always-on SEO,mobile,P010,7,6,5,1,1,1
2025-01-13,Organic Search,google,organic,Always-on SEO,mobile,P011,11,9,8,2,1,1
2025-01-13,Organic Search,google,organic,Always-on SEO,mobile,P012,6,5,4,1,1,0
2025-01-13,Direct,direct,none,Unassigned,desktop,P001,8,6,6,1,1,1
2025-01-13,Direct,direct,none,Unassigned,desktop,P002,12,9,9,2,1,1
2025-01-13,Direct,direct,none,Unassigned,desktop,P003,8,6,5,1,1,0
2025-01-13,Direct,direct,none,Unassigned,desktop,P004,12,8,8,2,1,1
2025-01-13,Direct,direct,none,Unassigned,desktop,P005,7,5,5,1,1,0
2025-01-13,Direct,direct,none,Unassigned,desktop,P006,11,8,7,2,1,1
2025-01-13,Direct,direct,none,Unassigned,desktop,P007,6,4,4,1,1,0
2025-01-13,Direct,direct,none,Unassigned,desktop,P008,10,7,7,2,1,1
2025-01-13,Direct,direct,none,Unassigned,desktop,P009,5,4,4,1,0,0
2025-01-13,Direct,direct,none,Unassigned,desktop,P010,9,7,6,1,1,1
2025-01-13,Direct,direct,none,Unassigned,desktop,P011,13,9,9,2,1,1
2025-01-13,Direct,direct,none,Unassigned,desktop,P012,8,6,6,1,1,1
2025-01-13,Email,newsletter,email,Lifecycle,tablet,P001,13,12,9,2,1,1
2025-01-13,Email,newsletter,email,Lifecycle,tablet,P002,8,7,5,1,1,0
2025-01-13,Email,newsletter,email,Lifecycle,tablet,P003,12,11,8,2,1,1
2025-01-13,Email,newsletter,email,Lifecycle,tablet,P004,7,6,4,1,1,0
2025-01-13,Email,newsletter,email,Lifecycle,tablet,P005,11,10,8,2,1,1
2025-01-13,Email,newsletter,email,Lifecycle,tablet,P006,16,14,11,3,2,1
2025-01-13,Email,newsletter,email,Lifecycle,tablet,P007,10,9,7,2,1,1
2025-01-13,Email,newsletter,email,Lifecycle,tablet,P008,15,13,10,3,1,1
2025-01-13,Email,newsletter,email,Lifecycle,tablet,P009,9,8,6,2,1,1
2025-01-13,Email,newsletter,email,Lifecycle,tablet,P010,14,13,10,3,1,1
2025-01-13,Email,newsletter,email,Lifecycle,tablet,P011,9,8,6,2,1,0
2025-01-13,Email,newsletter,email,Lifecycle,tablet,P012,13,12,9,2,1,1
2025-01-14,Paid Search,google,cpc,KSA Growth,desktop,P001,10,7,6,1,1,0
2025-01-14,Paid Search,google,cpc,KSA Growth,desktop,P002,15,11,10,2,1,1
2025-01-14,Paid Search,google,cpc,KSA Growth,desktop,P003,8,6,6,1,1,0
2025-01-14,Paid Search,google,cpc,KSA Growth,desktop,P004,14,10,9,2,1,1
2025-01-14,Paid Search,google,cpc,KSA Growth,desktop,P005,7,6,5,1,0,0
2025-01-14,Paid Search,google,cpc,KSA Growth,desktop,P006,13,10,9,2,1,1
2025-01-14,Paid Search,google,cpc,KSA Growth,desktop,P007,18,13,12,3,1,1
2025-01-14,Paid Search,google,cpc,KSA Growth,desktop,P008,12,9,8,2,1,1
2025-01-14,Paid Search,google,cpc,KSA Growth,desktop,P009,17,13,11,3,1,1
2025-01-14,Paid Search,google,cpc,KSA Growth,desktop,P010,11,8,7,2,1,1
2025-01-14,Paid Search,google,cpc,KSA Growth,desktop,P011,16,12,11,2,1,1
2025-01-14,Paid Search,google,cpc,KSA Growth,desktop,P012,10,7,6,1,1,0
2025-01-14,Paid Social,instagram,paid_social,Creator Offers,tablet,P001,12,9,8,1,1,1
2025-01-14,Paid Social,instagram,paid_social,Creator Offers,tablet,P002,16,13,11,2,1,1
2025-01-14,Paid Social,instagram,paid_social,Creator Offers,tablet,P003,11,8,7,1,1,0
2025-01-14,Paid Social,instagram,paid_social,Creator Offers,tablet,P004,15,12,10,2,1,1
2025-01-14,Paid Social,instagram,paid_social,Creator Offers,tablet,P005,10,8,6,1,1,0
2025-01-14,Paid Social,instagram,paid_social,Creator Offers,tablet,P006,14,12,10,2,1,1
2025-01-14,Paid Social,instagram,paid_social,Creator Offers,tablet,P007,9,7,6,1,1,0
2025-01-14,Paid Social,instagram,paid_social,Creator Offers,tablet,P008,13,11,9,2,1,1
2025-01-14,Paid Social,instagram,paid_social,Creator Offers,tablet,P009,8,6,5,1,1,0
2025-01-14,Paid Social,instagram,paid_social,Creator Offers,tablet,P010,12,10,8,2,1,1
2025-01-14,Paid Social,instagram,paid_social,Creator Offers,tablet,P011,7,5,5,1,0,0
2025-01-14,Paid Social,instagram,paid_social,Creator Offers,tablet,P012,11,9,8,1,1,1
2025-01-14,Affiliates,partners,affiliate,Partner Network,mobile,P001,16,14,10,2,1,1
2025-01-14,Affiliates,partners,affiliate,Partner Network,mobile,P002,9,8,6,1,1,0
2025-01-14,Affiliates,partners,affiliate,Partner Network,mobile,P003,15,13,10,2,1,1
2025-01-14,Affiliates,partners,affiliate,Partner Network,mobile,P004,8,7,6,1,0,0
2025-01-14,Affiliates,partners,affiliate,Partner Network,mobile,P005,14,12,9,2,1,1
2025-01-14,Affiliates,partners,affiliate,Partner Network,mobile,P006,7,6,5,1,0,0
2025-01-14,Affiliates,partners,affiliate,Partner Network,mobile,P007,12,11,8,2,1,1
2025-01-14,Affiliates,partners,affiliate,Partner Network,mobile,P008,18,16,12,2,1,1
2025-01-14,Affiliates,partners,affiliate,Partner Network,mobile,P009,11,10,8,1,1,1
2025-01-14,Affiliates,partners,affiliate,Partner Network,mobile,P010,17,15,11,2,1,1
2025-01-14,Affiliates,partners,affiliate,Partner Network,mobile,P011,10,9,7,1,1,0
2025-01-14,Affiliates,partners,affiliate,Partner Network,mobile,P012,16,14,10,2,1,1
2025-01-15,Direct,direct,none,Unassigned,tablet,P001,12,9,7,2,1,1
2025-01-15,Direct,direct,none,Unassigned,tablet,P002,17,14,11,3,2,1
2025-01-15,Direct,direct,none,Unassigned,tablet,P003,10,8,7,1,1,1
2025-01-15,Direct,direct,none,Unassigned,tablet,P004,16,13,10,2,2,1
2025-01-15,Direct,direct,none,Unassigned,tablet,P005,9,7,6,1,1,1
2025-01-15,Direct,direct,none,Unassigned,tablet,P006,15,12,9,2,2,1
2025-01-15,Direct,direct,none,Unassigned,tablet,P007,8,6,5,1,1,1
2025-01-15,Direct,direct,none,Unassigned,tablet,P008,14,11,9,2,1,1
2025-01-15,Direct,direct,none,Unassigned,tablet,P009,20,15,12,3,2,1
2025-01-15,Direct,direct,none,Unassigned,tablet,P010,13,10,8,2,1,1
2025-01-15,Direct,direct,none,Unassigned,tablet,P011,18,14,12,3,2,1
2025-01-15,Direct,direct,none,Unassigned,tablet,P012,11,9,7,2,1,1
2025-01-15,Email,newsletter,email,Lifecycle,mobile,P001,15,12,10,2,1,1
2025-01-15,Email,newsletter,email,Lifecycle,mobile,P002,8,6,5,1,1,0
2025-01-15,Email,newsletter,email,Lifecycle,mobile,P003,14,11,9,2,1,1
2025-01-15,Email,newsletter,email,Lifecycle,mobile,P004,19,15,13,3,1,1
2025-01-15,Email,newsletter,email,Lifecycle,mobile,P005,12,10,8,2,1,1
2025-01-15,Email,newsletter,email,Lifecycle,mobile,P006,18,14,12,3,1,1
2025-01-15,Email,newsletter,email,Lifecycle,mobile,P007,11,9,8,2,1,0
2025-01-15,Email,newsletter,email,Lifecycle,mobile,P008,17,14,12,2,1,1
2025-01-15,Email,newsletter,email,Lifecycle,mobile,P009,10,8,7,1,1,0
2025-01-15,Email,newsletter,email,Lifecycle,mobile,P010,16,13,11,2,1,1
2025-01-15,Email,newsletter,email,Lifecycle,mobile,P011,9,7,6,1,1,0
2025-01-15,Email,newsletter,email,Lifecycle,mobile,P012,15,12,10,2,1,1
2025-01-15,Organic Search,google,organic,Always-on SEO,desktop,P001,11,9,7,2,1,1
2025-01-15,Organic Search,google,organic,Always-on SEO,desktop,P002,7,6,5,1,0,0
2025-01-15,Organic Search,google,organic,Always-on SEO,desktop,P003,11,8,7,1,1,1
2025-01-15,Organic Search,google,organic,Always-on SEO,desktop,P004,6,5,4,1,0,0
2025-01-15,Organic Search,google,organic,Always-on SEO,desktop,P005,10,8,7,1,1,1
2025-01-15,Organic Search,google,organic,Always-on SEO,desktop,P006,6,4,4,1,0,0
2025-01-15,Organic Search,google,organic,Always-on SEO,desktop,P007,9,7,6,1,1,1
2025-01-15,Organic Search,google,organic,Always-on SEO,desktop,P008,5,4,3,1,0,0
2025-01-15,Organic Search,google,organic,Always-on SEO,desktop,P009,9,7,6,1,1,0
2025-01-15,Organic Search,google,organic,Always-on SEO,desktop,P010,12,9,8,2,1,1
2025-01-15,Organic Search,google,organic,Always-on SEO,desktop,P011,8,6,5,1,0,0
2025-01-15,Organic Search,google,organic,Always-on SEO,desktop,P012,11,9,7,1,1,1
2025-01-16,Paid Social,instagram,paid_social,Creator Offers,mobile,P001,12,10,8,2,1,0
2025-01-16,Paid Social,instagram,paid_social,Creator Offers,mobile,P002,17,15,12,2,1,1
2025-01-16,Paid Social,instagram,paid_social,Creator Offers,mobile,P003,10,9,7,1,1,0
2025-01-16,Paid Social,instagram,paid_social,Creator Offers,mobile,P004,16,14,11,2,1,1
2025-01-16,Paid Social,instagram,paid_social,Creator Offers,mobile,P005,9,9,7,1,1,0
2025-01-16,Paid Social,instagram,paid_social,Creator Offers,mobile,P006,15,13,10,2,1,1
2025-01-16,Paid Social,instagram,paid_social,Creator Offers,mobile,P007,8,8,6,1,0,0
2025-01-16,Paid Social,instagram,paid_social,Creator Offers,mobile,P008,14,12,9,2,1,1
2025-01-16,Paid Social,instagram,paid_social,Creator Offers,mobile,P009,7,7,5,1,0,0
2025-01-16,Paid Social,instagram,paid_social,Creator Offers,mobile,P010,13,11,9,2,1,1
2025-01-16,Paid Social,instagram,paid_social,Creator Offers,mobile,P011,18,16,12,3,1,1
2025-01-16,Paid Social,instagram,paid_social,Creator Offers,mobile,P012,11,10,8,2,1,0
2025-01-16,Affiliates,partners,affiliate,Partner Network,desktop,P001,11,8,8,2,1,1
2025-01-16,Affiliates,partners,affiliate,Partner Network,desktop,P002,6,4,5,1,1,0
2025-01-16,Affiliates,partners,affiliate,Partner Network,desktop,P003,10,7,8,2,1,1
2025-01-16,Affiliates,partners,affiliate,Partner Network,desktop,P004,5,4,4,1,1,0
2025-01-16,Affiliates,partners,affiliate,Partner Network,desktop,P005,9,7,7,2,1,1
2025-01-16,Affiliates,partners,affiliate,Partner Network,desktop,P006,13,9,10,3,2,1
2025-01-16,Affiliates,partners,affiliate,Partner Network,desktop,P007,9,6,7,2,1,1
2025-01-16,Affiliates,partners,affiliate,Partner Network,desktop,P008,12,9,10,3,2,1
2025-01-16,Affiliates,partners,affiliate,Partner Network,desktop,P009,8,6,6,2,1,1
2025-01-16,Affiliates,partners,affiliate,Partner Network,desktop,P010,12,8,9,2,2,1
2025-01-16,Affiliates,partners,affiliate,Partner Network,desktop,P011,7,5,5,2,1,1
2025-01-16,Affiliates,partners,affiliate,Partner Network,desktop,P012,11,8,8,2,1,1
2025-01-16,Paid Search,google,cpc,KSA Growth,tablet,P001,18,14,13,4,2,1
2025-01-16,Paid Search,google,cpc,KSA Growth,tablet,P002,12,9,8,2,1,1
2025-01-16,Paid Search,google,cpc,KSA Growth,tablet,P003,17,13,12,3,2,1
2025-01-16,Paid Search,google,cpc,KSA Growth,tablet,P004,11,8,7,2,1,1
2025-01-16,Paid Search,google,cpc,KSA Growth,tablet,P005,16,12,11,3,2,1
2025-01-16,Paid Search,google,cpc,KSA Growth,tablet,P006,10,7,7,2,1,1
2025-01-16,Paid Search,google,cpc,KSA Growth,tablet,P007,15,11,10,3,2,1
2025-01-16,Paid Search,google,cpc,KSA Growth,tablet,P008,8,6,6,2,1,1
2025-01-16,Paid Search,google,cpc,KSA Growth,tablet,P009,14,10,10,3,2,1
2025-01-16,Paid Search,google,cpc,KSA Growth,tablet,P010,7,6,5,1,1,1
2025-01-16,Paid Search,google,cpc,KSA Growth,tablet,P011,13,10,9,2,2,1
2025-01-16,Paid Search,google,cpc,KSA Growth,tablet,P012,18,13,12,3,2,1
2025-01-17,Email,newsletter,email,Lifecycle,desktop,P001,12,9,9,2,1,1
2025-01-17,Email,newsletter,email,Lifecycle,desktop,P002,18,12,13,3,2,1
2025-01-17,Email,newsletter,email,Lifecycle,desktop,P003,11,8,8,2,1,1
2025-01-17,Email,newsletter,email,Lifecycle,desktop,P004,17,12,12,2,1,1
2025-01-17,Email,newsletter,email,Lifecycle,desktop,P005,10,7,8,2,1,0
2025-01-17,Email,newsletter,email,Lifecycle,desktop,P006,16,11,12,2,1,1
2025-01-17,Email,newsletter,email,Lifecycle,desktop,P007,9,7,7,1,1,0
2025-01-17,Email,newsletter,email,Lifecycle,desktop,P008,14,10,11,2,1,1
2025-01-17,Email,newsletter,email,Lifecycle,desktop,P009,8,6,6,1,1,0
2025-01-17,Email,newsletter,email,Lifecycle,desktop,P010,13,10,10,2,1,1
2025-01-17,Email,newsletter,email,Lifecycle,desktop,P011,7,5,5,1,1,0
2025-01-17,Email,newsletter,email,Lifecycle,desktop,P012,12,9,9,2,1,1
2025-01-17,Organic Search,google,organic,Always-on SEO,tablet,P001,12,9,8,2,1,1
2025-01-17,Organic Search,google,organic,Always-on SEO,tablet,P002,7,5,5,1,1,0
2025-01-17,Organic Search,google,organic,Always-on SEO,tablet,P003,11,9,7,2,1,1
2025-01-17,Organic Search,google,organic,Always-on SEO,tablet,P004,6,5,4,1,0,0
2025-01-17,Organic Search,google,organic,Always-on SEO,tablet,P005,11,8,7,2,1,1
2025-01-17,Organic Search,google,organic,Always-on SEO,tablet,P006,6,4,3,1,0,0
2025-01-17,Organic Search,google,organic,Always-on SEO,tablet,P007,10,7,6,2,1,1
2025-01-17,Organic Search,google,organic,Always-on SEO,tablet,P008,14,10,9,2,1,1
2025-01-17,Organic Search,google,organic,Always-on SEO,tablet,P009,9,7,6,1,1,0
2025-01-17,Organic Search,google,organic,Always-on SEO,tablet,P010,13,10,8,2,1,1
2025-01-17,Organic Search,google,organic,Always-on SEO,tablet,P011,8,6,5,1,1,0
2025-01-17,Organic Search,google,organic,Always-on SEO,tablet,P012,12,9,8,2,1,1
2025-01-17,Direct,direct,none,Unassigned,mobile,P001,6,5,4,1,0,0
2025-01-17,Direct,direct,none,Unassigned,mobile,P002,10,9,6,1,1,0
2025-01-17,Direct,direct,none,Unassigned,mobile,P003,14,12,9,2,1,1
2025-01-17,Direct,direct,none,Unassigned,mobile,P004,9,8,6,1,1,0
2025-01-17,Direct,direct,none,Unassigned,mobile,P005,13,12,9,1,1,1
2025-01-17,Direct,direct,none,Unassigned,mobile,P006,8,7,5,1,1,0
2025-01-17,Direct,direct,none,Unassigned,mobile,P007,12,11,8,1,1,1
2025-01-17,Direct,direct,none,Unassigned,mobile,P008,7,7,5,1,0,0
2025-01-17,Direct,direct,none,Unassigned,mobile,P009,11,10,8,1,1,1
2025-01-17,Direct,direct,none,Unassigned,mobile,P010,6,6,4,1,0,0
2025-01-17,Direct,direct,none,Unassigned,mobile,P011,11,9,7,1,1,1
2025-01-17,Direct,direct,none,Unassigned,mobile,P012,6,5,4,1,0,0
2025-01-18,Affiliates,partners,affiliate,Partner Network,tablet,P001,13,10,10,2,1,1
2025-01-18,Affiliates,partners,affiliate,Partner Network,tablet,P002,7,5,5,1,0,0
2025-01-18,Affiliates,partners,affiliate,Partner Network,tablet,P003,12,9,9,2,1,1
2025-01-18,Affiliates,partners,affiliate,Partner Network,tablet,P004,16,13,12,2,1,1
2025-01-18,Affiliates,partners,affiliate,Partner Network,tablet,P005,11,8,8,2,1,1
2025-01-18,Affiliates,partners,affiliate,Partner Network,tablet,P006,15,12,12,2,1,1
2025-01-18,Affiliates,partners,affiliate,Partner Network,tablet,P007,10,8,7,1,1,0
2025-01-18,Affiliates,partners,affiliate,Partner Network,tablet,P008,14,12,11,2,1,1
2025-01-18,Affiliates,partners,affiliate,Partner Network,tablet,P009,9,7,7,1,1,0
2025-01-18,Affiliates,partners,affiliate,Partner Network,tablet,P010,13,11,10,2,1,1
2025-01-18,Affiliates,partners,affiliate,Partner Network,tablet,P011,8,6,6,1,0,0
2025-01-18,Affiliates,partners,affiliate,Partner Network,tablet,P012,12,10,10,2,1,1
2025-01-18,Paid Search,google,cpc,KSA Growth,mobile,P001,11,9,9,2,2,1
2025-01-18,Paid Search,google,cpc,KSA Growth,mobile,P002,7,6,5,2,1,1
2025-01-18,Paid Search,google,cpc,KSA Growth,mobile,P003,10,9,8,2,1,1
2025-01-18,Paid Search,google,cpc,KSA Growth,mobile,P004,6,5,5,1,1,1
2025-01-18,Paid Search,google,cpc,KSA Growth,mobile,P005,10,8,7,2,1,1
2025-01-18,Paid Search,google,cpc,KSA Growth,mobile,P006,6,5,4,1,1,1
2025-01-18,Paid Search,google,cpc,KSA Growth,mobile,P007,9,8,7,2,1,1
2025-01-18,Paid Search,google,cpc,KSA Growth,mobile,P008,5,4,4,1,1,0
2025-01-18,Paid Search,google,cpc,KSA Growth,mobile,P009,8,7,6,2,1,1
2025-01-18,Paid Search,google,cpc,KSA Growth,mobile,P010,12,10,9,3,2,1
2025-01-18,Paid Search,google,cpc,KSA Growth,mobile,P011,8,7,6,2,1,1
2025-01-18,Paid Search,google,cpc,KSA Growth,mobile,P012,11,9,9,2,1,1
2025-01-18,Paid Social,instagram,paid_social,Creator Offers,desktop,P001,6,4,5,1,1,0
2025-01-18,Paid Social,instagram,paid_social,Creator Offers,desktop,P002,10,7,8,2,1,1
2025-01-18,Paid Social,instagram,paid_social,Creator Offers,desktop,P003,5,4,4,1,1,0
2025-01-18,Paid Social,instagram,paid_social,Creator Offers,desktop,P004,9,7,7,2,1,1
2025-01-18,Paid Social,instagram,paid_social,Creator Offers,desktop,P005,13,9,10,3,2,1
2025-01-18,Paid Social,instagram,paid_social,Creator Offers,desktop,P006,8,6,6,2,1,1
2025-01-18,Paid Social,instagram,paid_social,Creator Offers,desktop,P007,12,9,9,3,2,1
2025-01-18,Paid Social,instagram,paid_social,Creator Offers,desktop,P008,7,6,6,2,1,1
2025-01-18,Paid Social,instagram,paid_social,Creator Offers,desktop,P009,11,8,9,2,2,1
2025-01-18,Paid Social,instagram,paid_social,Creator Offers,desktop,P010,7,5,5,1,1,1
2025-01-18,Paid Social,instagram,paid_social,Creator Offers,desktop,P011,10,8,8,2,1,1
2025-01-18,Paid Social,instagram,paid_social,Creator Offers,desktop,P012,6,4,5,1,1,0
2025-01-19,Organic Search,google,organic,Always-on SEO,mobile,P001,11,8,9,3,1,1
2025-01-19,Organic Search,google,organic,Always-on SEO,mobile,P002,6,5,5,1,1,0
2025-01-19,Organic Search,google,organic,Always-on SEO,mobile,P003,10,7,8,2,1,1
2025-01-19,Organic Search,google,organic,Always-on SEO,mobile,P004,6,4,4,1,1,0
2025-01-19,Organic Search,google,organic,Always-on SEO,mobile,P005,9,7,8,2,1,1
2025-01-19,Organic Search,google,organic,Always-on SEO,mobile,P006,13,10,11,3,2,1
2025-01-19,Organic Search,google,organic,Always-on SEO,mobile,P007,9,6,7,2,1,1
2025-01-19,Organic Search,google,organic,Always-on SEO,mobile,P008,13,9,10,3,2,1
2025-01-19,Organic Search,google,organic,Always-on SEO,mobile,P009,8,6,6,2,1,1
2025-01-19,Organic Search,google,organic,Always-on SEO,mobile,P010,12,8,9,3,2,1
2025-01-19,Organic Search,google,organic,Always-on SEO,mobile,P011,7,5,6,2,1,0
2025-01-19,Organic Search,google,organic,Always-on SEO,mobile,P012,11,8,9,2,1,1
2025-01-19,Direct,direct,none,Unassigned,desktop,P001,11,8,9,2,1,1
2025-01-19,Direct,direct,none,Unassigned,desktop,P002,7,5,6,1,1,0
2025-01-19,Direct,direct,none,Unassigned,desktop,P003,10,8,8,2,1,1
2025-01-19,Direct,direct,none,Unassigned,desktop,P004,6,5,5,1,1,0
2025-01-19,Direct,direct,none,Unassigned,desktop,P005,10,7,8,2,1,1
2025-01-19,Direct,direct,none,Unassigned,desktop,P006,6,4,4,1,0,0
2025-01-19,Direct,direct,none,Unassigned,desktop,P007,9,7,7,2,1,1
2025-01-19,Direct,direct,none,Unassigned,desktop,P008,5,4,4,1,0,0
2025-01-19,Direct,direct,none,Unassigned,desktop,P009,8,6,7,2,1,1
2025-01-19,Direct,direct,none,Unassigned,desktop,P010,4,3,3,1,0,0
2025-01-19,Direct,direct,none,Unassigned,desktop,P011,8,6,6,1,1,0
2025-01-19,Direct,direct,none,Unassigned,desktop,P012,11,8,9,2,1,1
2025-01-19,Email,newsletter,email,Lifecycle,tablet,P001,7,5,5,1,1,0
2025-01-19,Email,newsletter,email,Lifecycle,tablet,P002,11,8,7,2,1,1
2025-01-19,Email,newsletter,email,Lifecycle,tablet,P003,6,5,4,1,1,0
2025-01-19,Email,newsletter,email,Lifecycle,tablet,P004,10,8,7,1,1,1
2025-01-19,Email,newsletter,email,Lifecycle,tablet,P005,5,4,4,1,0,0
2025-01-19,Email,newsletter,email,Lifecycle,tablet,P006,9,7,6,1,1,1
2025-01-19,Email,newsletter,email,Lifecycle,tablet,P007,13,10,9,2,1,1
2025-01-19,Email,newsletter,email,Lifecycle,tablet,P008,8,7,6,1,1,1
2025-01-19,Email,newsletter,email,Lifecycle,tablet,P009,12,10,9,2,1,1
2025-01-19,Email,newsletter,email,Lifecycle,tablet,P010,8,6,5,1,1,1
2025-01-19,Email,newsletter,email,Lifecycle,tablet,P011,11,9,8,2,1,1
2025-01-19,Email,newsletter,email,Lifecycle,tablet,P012,7,5,5,1,1,0
2025-01-20,Paid Search,google,cpc,KSA Growth,desktop,P001,10,8,7,1,1,1
2025-01-20,Paid Search,google,cpc,KSA Growth,desktop,P002,6,5,4,1,0,0
2025-01-20,Paid Search,google,cpc,KSA Growth,desktop,P003,9,7,6,1,1,1
2025-01-20,Paid Search,google,cpc,KSA Growth,desktop,P004,5,4,3,1,0,0
2025-01-20,Paid Search,google,cpc,KSA Growth,desktop,P005,8,7,6,1,1,0
2025-01-20,Paid Search,google,cpc,KSA Growth,desktop,P006,4,4,3,1,0,0
2025-01-20,Paid Search,google,cpc,KSA Growth,desktop,P007,8,6,5,1,1,0
2025-01-20,Paid Search,google,cpc,KSA Growth,desktop,P008,11,9,7,2,1,1
2025-01-20,Paid Search,google,cpc,KSA Growth,desktop,P009,7,6,5,1,0,0
2025-01-20,Paid Search,google,cpc,KSA Growth,desktop,P010,10,9,7,1,1,1
2025-01-20,Paid Search,google,cpc,KSA Growth,desktop,P011,6,5,4,1,0,0
2025-01-20,Paid Search,google,cpc,KSA Growth,desktop,P012,10,8,7,1,1,1
2025-01-20,Paid Social,instagram,paid_social,Creator Offers,tablet,P001,5,5,4,1,0,0
2025-01-20,Paid Social,instagram,paid_social,Creator Offers,tablet,P002,9,8,7,2,1,1
2025-01-20,Paid Social,instagram,paid_social,Creator Offers,tablet,P003,13,11,9,2,1,1
2025-01-20,Paid Social,instagram,paid_social,Creator Offers,tablet,P004,8,7,6,2,1,1
2025-01-20,Paid Social,instagram,paid_social,Creator Offers,tablet,P005,12,10,9,2,1,1
2025-01-20,Paid Social,instagram,paid_social,Creator Offers,tablet,P006,8,7,6,1,1,0
2025-01-20,Paid Social,instagram,paid_social,Creator Offers,tablet,P007,12,10,8,2,1,1
2025-01-20,Paid Social,instagram,paid_social,Creator Offers,tablet,P008,7,6,5,1,1,0
2025-01-20,Paid Social,instagram,paid_social,Creator Offers,tablet,P009,11,9,8,2,1,1
2025-01-20,Paid Social,instagram,paid_social,Creator Offers,tablet,P010,6,5,4,1,1,0
2025-01-20,Paid Social,instagram,paid_social,Creator Offers,tablet,P011,10,9,7,2,1,1
2025-01-20,Paid Social,instagram,paid_social,Creator Offers,tablet,P012,5,5,4,1,0,0
2025-01-20,Affiliates,partners,affiliate,Partner Network,mobile,P001,7,6,6,2,1,0
2025-01-20,Affiliates,partners,affiliate,Partner Network,mobile,P002,11,8,8,2,1,1
2025-01-20,Affiliates,partners,affiliate,Partner Network,mobile,P003,6,5,5,1,1,0
2025-01-20,Affiliates,partners,affiliate,Partner Network,mobile,P004,10,8,8,2,1,1
2025-01-20,Affiliates,partners,affiliate,Partner Network,mobile,P005,6,5,4,1,1,0
2025-01-20,Affiliates,partners,affiliate,Partner Network,mobile,P006,9,7,7,2,1,1
2025-01-20,Affiliates,partners,affiliate,Partner Network,mobile,P007,5,4,4,1,1,0
2025-01-20,Affiliates,partners,affiliate,Partner Network,mobile,P008,9,7,7,2,1,1
2025-01-20,Affiliates,partners,affiliate,Partner Network,mobile,P009,12,10,9,2,1,1
2025-01-20,Affiliates,partners,affiliate,Partner Network,mobile,P010,8,6,6,2,1,1
2025-01-20,Affiliates,partners,affiliate,Partner Network,mobile,P011,11,9,9,2,1,1
2025-01-20,Affiliates,partners,affiliate,Partner Network,mobile,P012,7,6,5,1,1,0
2025-01-21,Direct,direct,none,Unassigned,tablet,P001,15,12,11,2,1,1
2025-01-21,Direct,direct,none,Unassigned,tablet,P002,9,7,7,1,1,0
2025-01-21,Direct,direct,none,Unassigned,tablet,P003,14,11,10,2,1,1
2025-01-21,Direct,direct,none,Unassigned,tablet,P004,9,6,6,1,1,0
2025-01-21,Direct,direct,none,Unassigned,tablet,P005,13,10,10,2,1,1
2025-01-21,Direct,direct,none,Unassigned,tablet,P006,8,6,5,1,1,0
2025-01-21,Direct,direct,none,Unassigned,tablet,P007,12,9,9,2,1,1
2025-01-21,Direct,direct,none,Unassigned,tablet,P008,7,5,5,1,1,0
2025-01-21,Direct,direct,none,Unassigned,tablet,P009,11,9,8,2,1,1
2025-01-21,Direct,direct,none,Unassigned,tablet,P010,16,12,12,2,1,1
2025-01-21,Direct,direct,none,Unassigned,tablet,P011,10,8,7,2,1,0
2025-01-21,Direct,direct,none,Unassigned,tablet,P012,15,11,11,2,1,1
2025-01-21,Email,newsletter,email,Lifecycle,mobile,P001,8,6,5,1,1,0
2025-01-21,Email,newsletter,email,Lifecycle,mobile,P002,12,9,9,2,1,1
2025-01-21,Email,newsletter,email,Lifecycle,mobile,P003,7,5,5,1,0,0
2025-01-21,Email,newsletter,email,Lifecycle,mobile,P004,11,9,8,2,1,1
2025-01-21,Email,newsletter,email,Lifecycle,mobile,P005,16,12,12,2,1,1
2025-01-21,Email,newsletter,email,Lifecycle,mobile,P006,10,8,8,2,1,1
2025-01-21,Email,newsletter,email,Lifecycle,mobile,P007,15,12,11,2,1,1
2025-01-21,Email,newsletter,email,Lifecycle,mobile,P008,9,7,7,1,1,0
2025-01-21,Email,newsletter,email,Lifecycle,mobile,P009,14,11,10,2,1,1
2025-01-21,Email,newsletter,email,Lifecycle,mobile,P010,8,6,6,1,1,0
2025-01-21,Email,newsletter,email,Lifecycle,mobile,P011,13,10,10,2,1,1
2025-01-21,Email,newsletter,email,Lifecycle,mobile,P012,7,6,5,1,0,0
2025-01-21,Organic Search,google,organic,Always-on SEO,desktop,P001,10,9,7,1,1,0
2025-01-21,Organic Search,google,organic,Always-on SEO,desktop,P002,15,13,11,2,1,1
2025-01-21,Organic Search,google,organic,Always-on SEO,desktop,P003,9,8,7,1,1,0
2025-01-21,Organic Search,google,organic,Always-on SEO,desktop,P004,14,12,10,2,1,1
2025-01-21,Organic Search,google,organic,Always-on SEO,desktop,P005,9,7,6,1,1,0
2025-01-21,Organic Search,google,organic,Always-on SEO,desktop,P006,13,11,10,2,1,1
2025-01-21,Organic Search,google,organic,Always-on SEO,desktop,P007,8,6,5,1,0,0
2025-01-21,Organic Search,google,organic,Always-on SEO,desktop,P008,12,10,9,2,1,1
2025-01-21,Organic Search,google,organic,Always-on SEO,desktop,P009,7,5,5,1,0,0
2025-01-21,Organic Search,google,organic,Always-on SEO,desktop,P010,11,9,8,1,1,1
2025-01-21,Organic Search,google,organic,Always-on SEO,desktop,P011,16,13,12,2,1,1
2025-01-21,Organic Search,google,organic,Always-on SEO,desktop,P012,10,9,7,1,1,0
2025-01-22,Paid Social,instagram,paid_social,Creator Offers,mobile,P001,10,7,6,1,1,1
2025-01-22,Paid Social,instagram,paid_social,Creator Offers,mobile,P002,6,5,4,1,0,0
2025-01-22,Paid Social,instagram,paid_social,Creator Offers,mobile,P003,9,7,6,1,1,1
2025-01-22,Paid Social,instagram,paid_social,Creator Offers,mobile,P004,6,4,4,1,0,0
2025-01-22,Paid Social,instagram,paid_social,Creator Offers,mobile,P005,8,7,6,1,1,0
2025-01-22,Paid Social,instagram,paid_social,Creator Offers,mobile,P006,5,4,3,1,0,0
2025-01-22,Paid Social,instagram,paid_social,Creator Offers,mobile,P007,8,6,5,1,1,0
2025-01-22,Paid Social,instagram,paid_social,Creator Offers,mobile,P008,4,3,3,0,0,0
2025-01-22,Paid Social,instagram,paid_social,Creator Offers,mobile,P009,7,6,5,1,0,0
2025-01-22,Paid Social,instagram,paid_social,Creator Offers,mobile,P010,4,3,3,0,0,0
2025-01-22,Paid Social,instagram,paid_social,Creator Offers,mobile,P011,7,5,4,1,0,0
2025-01-22,Paid Social,instagram,paid_social,Creator Offers,mobile,P012,10,7,6,1,1,1
2025-01-22,Affiliates,partners,affiliate,Partner Network,desktop,P001,5,4,3,0,0,0
2025-01-22,Affiliates,partners,affiliate,Partner Network,desktop,P002,8,6,5,1,1,0
2025-01-22,Affiliates,partners,affiliate,Partner Network,desktop,P003,4,3,3,0,0,0
2025-01-22,Affiliates,partners,affiliate,Partner Network,desktop,P004,7,5,5,1,0,0
2025-01-22,Affiliates,partners,affiliate,Partner Network,desktop,P005,4,3,2,0,0,0
2025-01-22,Affiliates,partners,affiliate,Partner Network,desktop,P006,7,5,4,1,0,0
2025-01-22,Affiliates,partners,affiliate,Partner Network,desktop,P007,9,7,6,1,1,1
2025-01-22,Affiliates,partners,affiliate,Partner Network,desktop,P008,6,5,4,1,0,0
2025-01-22,Affiliates,partners,affiliate,Partner Network,desktop,P009,9,7,6,1,1,1
2025-01-22,Affiliates,partners,affiliate,Partner Network,desktop,P010,5,4,4,1,0,0
2025-01-22,Affiliates,partners,affiliate,Partner Network,desktop,P011,8,6,5,1,1,1
2025-01-22,Affiliates,partners,affiliate,Partner Network,desktop,P012,5,4,3,0,0,0
2025-01-22,Paid Search,google,cpc,KSA Growth,tablet,P001,11,9,9,2,2,1
2025-01-22,Paid Search,google,cpc,KSA Growth,tablet,P002,16,12,12,3,2,1
2025-01-22,Paid Search,google,cpc,KSA Growth,tablet,P003,10,8,8,2,1,1
2025-01-22,Paid Search,google,cpc,KSA Growth,tablet,P004,15,12,12,3,2,1
2025-01-22,Paid Search,google,cpc,KSA Growth,tablet,P005,9,7,7,2,1,1
2025-01-22,Paid Search,google,cpc,KSA Growth,tablet,P006,14,11,11,3,2,1
2025-01-22,Paid Search,google,cpc,KSA Growth,tablet,P007,9,6,7,2,1,1
2025-01-22,Paid Search,google,cpc,KSA Growth,tablet,P008,13,10,10,3,2,1
2025-01-22,Paid Search,google,cpc,KSA Growth,tablet,P009,8,6,6,1,1,1
2025-01-22,Paid Search,google,cpc,KSA Growth,tablet,P010,12,9,9,2,2,1
2025-01-22,Paid Search,google,cpc,KSA Growth,tablet,P011,7,5,5,1,1,0
2025-01-22,Paid Search,google,cpc,KSA Growth,tablet,P012,11,9,9,2,2,1
2025-01-23,Email,newsletter,email,Lifecycle,desktop,P001,9,8,6,1,1,0
2025-01-23,Email,newsletter,email,Lifecycle,desktop,P002,15,13,11,2,1,1
2025-01-23,Email,newsletter,email,Lifecycle,desktop,P003,22,18,15,3,1,1
2025-01-23,Email,newsletter,email,Lifecycle,desktop,P004,14,12,10,2,1,1
2025-01-23,Email,newsletter,email,Lifecycle,desktop,P005,21,17,14,3,1,1
2025-01-23,Email,newsletter,email,Lifecycle,desktop,P006,13,11,9,2,1,1
2025-01-23,Email,newsletter,email,Lifecycle,desktop,P007,19,16,14,2,1,1
2025-01-23,Email,newsletter,email,Lifecycle,desktop,P008,12,10,8,2,1,1
2025-01-23,Email,newsletter,email,Lifecycle,desktop,P009,18,15,13,2,1,1
2025-01-23,Email,newsletter,email,Lifecycle,desktop,P010,10,9,7,1,1,0
2025-01-23,Email,newsletter,email,Lifecycle,desktop,P011,17,14,12,2,1,1
2025-01-23,Email,newsletter,email,Lifecycle,desktop,P012,9,7,6,1,1,0
2025-01-23,Organic Search,google,organic,Always-on SEO,tablet,P001,7,6,6,1,1,0
2025-01-23,Organic Search,google,organic,Always-on SEO,tablet,P002,10,9,8,2,1,1
2025-01-23,Organic Search,google,organic,Always-on SEO,tablet,P003,6,5,5,1,0,0
2025-01-23,Organic Search,google,organic,Always-on SEO,tablet,P004,10,8,8,2,1,1
2025-01-23,Organic Search,google,organic,Always-on SEO,tablet,P005,5,5,4,1,0,0
2025-01-23,Organic Search,google,organic,Always-on SEO,tablet,P006,9,8,7,2,1,1
2025-01-23,Organic Search,google,organic,Always-on SEO,tablet,P007,5,4,4,1,0,0
2025-01-23,Organic Search,google,organic,Always-on SEO,tablet,P008,8,7,7,1,1,1
2025-01-23,Organic Search,google,organic,Always-on SEO,tablet,P009,12,10,9,2,1,1
2025-01-23,Organic Search,google,organic,Always-on SEO,tablet,P010,7,7,6,1,1,1
2025-01-23,Organic Search,google,organic,Always-on SEO,tablet,P011,11,9,9,2,1,1
2025-01-23,Organic Search,google,organic,Always-on SEO,tablet,P012,7,6,5,1,1,0
2025-01-23,Direct,direct,none,Unassigned,mobile,P001,16,13,10,2,1,1
2025-01-23,Direct,direct,none,Unassigned,mobile,P002,9,7,5,1,1,0
2025-01-23,Direct,direct,none,Unassigned,mobile,P003,15,12,9,2,1,1
2025-01-23,Direct,direct,none,Unassigned,mobile,P004,21,16,13,3,2,1
2025-01-23,Direct,direct,none,Unassigned,mobile,P005,13,11,9,2,1,1
2025-01-23,Direct,direct,none,Unassigned,mobile,P006,20,15,12,3,2,1
2025-01-23,Direct,direct,none,Unassigned,mobile,P007,12,10,8,2,1,1
2025-01-23,Direct,direct,none,Unassigned,mobile,P008,18,15,12,2,2,1
2025-01-23,Direct,direct,none,Unassigned,mobile,P009,11,9,7,2,1,1
2025-01-23,Direct,direct,none,Unassigned,mobile,P010,17,14,11,2,2,1
2025-01-23,Direct,direct,none,Unassigned,mobile,P011,10,8,6,1,1,1
2025-01-23,Direct,direct,none,Unassigned,mobile,P012,16,13,10,2,1,1
2025-01-24,Affiliates,partners,affiliate,Partner Network,tablet,P001,5,4,3,1,0,0
2025-01-24,Affiliates,partners,affiliate,Partner Network,tablet,P002,7,6,5,1,1,1
2025-01-24,Affiliates,partners,affiliate,Partner Network,tablet,P003,4,3,3,1,0,0
2025-01-24,Affiliates,partners,affiliate,Partner Network,tablet,P004,7,5,5,1,1,0
2025-01-24,Affiliates,partners,affiliate,Partner Network,tablet,P005,10,7,7,1,1,1
2025-01-24,Affiliates,partners,affiliate,Partner Network,tablet,P006,6,5,5,1,1,0
2025-01-24,Affiliates,partners,affiliate,Partner Network,tablet,P007,9,7,7,1,1,1
2025-01-24,Affiliates,partners,affiliate,Partner Network,tablet,P008,6,4,4,1,0,0
2025-01-24,Affiliates,partners,affiliate,Partner Network,tablet,P009,8,7,6,1,1,1
2025-01-24,Affiliates,partners,affiliate,Partner Network,tablet,P010,5,4,4,1,0,0
2025-01-24,Affiliates,partners,affiliate,Partner Network,tablet,P011,8,6,6,1,1,1
2025-01-24,Affiliates,partners,affiliate,Partner Network,tablet,P012,4,4,3,1,0,0
2025-01-24,Paid Search,google,cpc,KSA Growth,mobile,P001,11,9,8,2,1,1
2025-01-24,Paid Search,google,cpc,KSA Growth,mobile,P002,17,13,12,2,1,1
2025-01-24,Paid Search,google,cpc,KSA Growth,mobile,P003,10,8,7,2,1,0
2025-01-24,Paid Search,google,cpc,KSA Growth,mobile,P004,16,12,11,2,1,1
2025-01-24,Paid Search,google,cpc,KSA Growth,mobile,P005,9,7,7,1,1,0
2025-01-24,Paid Search,google,cpc,KSA Growth,mobile,P006,15,12,10,2,1,1
2025-01-24,Paid Search,google,cpc,KSA Growth,mobile,P007,8,7,6,1,1,0
2025-01-24,Paid Search,google,cpc,KSA Growth,mobile,P008,13,11,10,2,1,1
2025-01-24,Paid Search,google,cpc,KSA Growth,mobile,P009,7,6,5,1,0,0
2025-01-24,Paid Search,google,cpc,KSA Growth,mobile,P010,12,10,9,2,1,1
2025-01-24,Paid Search,google,cpc,KSA Growth,mobile,P011,18,14,12,3,1,1
2025-01-24,Paid Search,google,cpc,KSA Growth,mobile,P012,11,9,8,2,1,0
2025-01-24,Paid Social,instagram,paid_social,Creator Offers,desktop,P001,13,10,9,2,1,1
2025-01-24,Paid Social,instagram,paid_social,Creator Offers,desktop,P002,8,6,5,1,1,1
2025-01-24,Paid Social,instagram,paid_social,Creator Offers,desktop,P003,12,9,8,2,1,1
2025-01-24,Paid Social,instagram,paid_social,Creator Offers,desktop,P004,7,5,4,1,1,0
2025-01-24,Paid Social,instagram,paid_social,Creator Offers,desktop,P005,11,8,7,2,1,1
2025-01-24,Paid Social,instagram,paid_social,Creator Offers,desktop,P006,16,12,10,3,2,1
2025-01-24,Paid Social,instagram,paid_social,Creator Offers,desktop,P007,11,8,7,2,1,1
2025-01-24,Paid Social,instagram,paid_social,Creator Offers,desktop,P008,15,11,10,3,2,1
2025-01-24,Paid Social,instagram,paid_social,Creator Offers,desktop,P009,10,7,6,2,1,1
2025-01-24,Paid Social,instagram,paid_social,Creator Offers,desktop,P010,14,11,9,2,2,1
2025-01-24,Paid Social,instagram,paid_social,Creator Offers,desktop,P011,9,6,6,2,1,1
2025-01-24,Paid Social,instagram,paid_social,Creator Offers,desktop,P012,13,10,9,2,1,1
2025-01-25,Organic Search,google,organic,Always-on SEO,mobile,P001,6,5,4,1,1,0
2025-01-25,Organic Search,google,organic,Always-on SEO,mobile,P002,9,7,7,2,1,1
2025-01-25,Organic Search,google,organic,Always-on SEO,mobile,P003,5,4,4,1,0,0
2025-01-25,Organic Search,google,organic,Always-on SEO,mobile,P004,8,6,6,2,1,1
2025-01-25,Organic Search,google,organic,Always-on SEO,mobile,P005,5,4,4,1,0,0
2025-01-25,Organic Search,google,organic,Always-on SEO,mobile,P006,8,6,6,2,1,0
2025-01-25,Organic Search,google,organic,Always-on SEO,mobile,P007,11,8,8,2,1,1
2025-01-25,Organic Search,google,organic,Always-on SEO,mobile,P008,7,5,5,2,1,0
2025-01-25,Organic Search,google,organic,Always-on SEO,mobile,P009,10,8,8,2,1,1
2025-01-25,Organic Search,google,organic,Always-on SEO,mobile,P010,7,5,5,1,1,0
2025-01-25,Organic Search,google,organic,Always-on SEO,mobile,P011,10,7,7,2,1,1
2025-01-25,Organic Search,google,organic,Always-on SEO,mobile,P012,6,5,4,1,0,0
2025-01-25,Direct,direct,none,Unassigned,desktop,P001,10,9,7,2,1,1
2025-01-25,Direct,direct,none,Unassigned,desktop,P002,15,13,9,2,1,1
2025-01-25,Direct,direct,none,Unassigned,desktop,P003,9,9,6,1,1,1
2025-01-25,Direct,direct,none,Unassigned,desktop,P004,14,13,9,2,1,1
2025-01-25,Direct,direct,none,Unassigned,desktop,P005,9,8,6,1,1,0
2025-01-25,Direct,direct,none,Unassigned,desktop,P006,13,12,8,2,1,1
2025-01-25,Direct,direct,none,Unassigned,desktop,P007,8,7,5,1,1,0
2025-01-25,Direct,direct,none,Unassigned,desktop,P008,12,11,8,2,1,1
2025-01-25,Direct,direct,none,Unassigned,desktop,P009,7,6,4,1,0,0
2025-01-25,Direct,direct,none,Unassigned,desktop,P010,11,10,7,2,1,1
2025-01-25,Direct,direct,none,Unassigned,desktop,P011,6,5,4,1,0,0
2025-01-25,Direct,direct,none,Unassigned,desktop,P012,10,9,7,1,1,1
2025-01-25,Email,newsletter,email,Lifecycle,tablet,P001,15,13,10,3,2,1
2025-01-25,Email,newsletter,email,Lifecycle,tablet,P002,9,8,6,1,1,1
2025-01-25,Email,newsletter,email,Lifecycle,tablet,P003,14,13,10,2,2,1
2025-01-25,Email,newsletter,email,Lifecycle,tablet,P004,8,7,6,1,1,1
2025-01-25,Email,newsletter,email,Lifecycle,tablet,P005,13,12,9,2,2,1
2025-01-25,Email,newsletter,email,Lifecycle,tablet,P006,7,6,5,1,1,1
2025-01-25,Email,newsletter,email,Lifecycle,tablet,P007,12,11,8,2,1,1
2025-01-25,Email,newsletter,email,Lifecycle,tablet,P008,17,15,12,3,2,1
2025-01-25,Email,newsletter,email,Lifecycle,tablet,P009,11,10,8,2,1,1
2025-01-25,Email,newsletter,email,Lifecycle,tablet,P010,16,14,11,3,2,1
2025-01-25,Email,newsletter,email,Lifecycle,tablet,P011,10,9,7,2,1,1
2025-01-25,Email,newsletter,email,Lifecycle,tablet,P012,15,13,10,3,2,1
2025-01-26,Paid Search,google,cpc,KSA Growth,desktop,P001,11,8,7,2,1,1
2025-01-26,Paid Search,google,cpc,KSA Growth,desktop,P002,16,12,10,3,1,1
2025-01-26,Paid Search,google,cpc,KSA Growth,desktop,P003,9,8,6,2,1,1
2025-01-26,Paid Search,google,cpc,KSA Growth,desktop,P004,15,12,10,2,1,1
2025-01-26,Paid Search,google,cpc,KSA Growth,desktop,P005,8,7,5,1,1,0
2025-01-26,Paid Search,google,cpc,KSA Growth,desktop,P006,14,11,9,2,1,1
2025-01-26,Paid Search,google,cpc,KSA Growth,desktop,P007,7,6,5,1,1,0
2025-01-26,Paid Search,google,cpc,KSA Growth,desktop,P008,13,10,8,2,1,1
2025-01-26,Paid Search,google,cpc,KSA Growth,desktop,P009,18,14,12,3,2,1
2025-01-26,Paid Search,google,cpc,KSA Growth,desktop,P010,12,9,7,2,1,1
2025-01-26,Paid Search,google,cpc,KSA Growth,desktop,P011,17,13,11,3,2,1
2025-01-26,Paid Search,google,cpc,KSA Growth,desktop,P012,10,8,7,2,1,1
2025-01-26,Paid Social,instagram,paid_social,Creator Offers,tablet,P001,13,12,9,2,1,1
2025-01-26,Paid Social,instagram,paid_social,Creator Offers,tablet,P002,7,6,5,1,1,0
2025-01-26,Paid Social,instagram,paid_social,Creator Offers,tablet,P003,12,11,8,2,1,1
2025-01-26,Paid Social,instagram,paid_social,Creator Offers,tablet,P004,18,15,11,3,2,1
2025-01-26,Paid Social,instagram,paid_social,Creator Offers,tablet,P005,11,10,7,2,1,1
2025-01-26,Paid Social,instagram,paid_social,Creator Offers,tablet,P006,17,14,11,3,2,1
2025-01-26,Paid Social,instagram,paid_social,Creator Offers,tablet,P007,10,9,7,2,1,1
2025-01-26,Paid Social,instagram,paid_social,Creator Offers,tablet,P008,15,13,10,2,2,1
2025-01-26,Paid Social,instagram,paid_social,Creator Offers,tablet,P009,9,8,6,2,1,1
2025-01-26,Paid Social,instagram,paid_social,Creator Offers,tablet,P010,14,12,9,2,2,1
2025-01-26,Paid Social,instagram,paid_social,Creator Offers,tablet,P011,8,7,5,1,1,1
2025-01-26,Paid Social,instagram,paid_social,Creator Offers,tablet,P012,13,12,9,2,1,1
2025-01-26,Affiliates,partners,affiliate,Partner Network,mobile,P001,9,8,6,1,1,1
2025-01-26,Affiliates,partners,affiliate,Partner Network,mobile,P002,6,5,4,1,0,0
2025-01-26,Affiliates,partners,affiliate,Partner Network,mobile,P003,8,7,6,1,1,1
2025-01-26,Affiliates,partners,affiliate,Partner Network,mobile,P004,5,4,4,1,0,0
2025-01-26,Affiliates,partners,affiliate,Partner Network,mobile,P005,8,7,5,1,1,1
2025-01-26,Affiliates,partners,affiliate,Partner Network,mobile,P006,4,4,3,0,0,0
2025-01-26,Affiliates,partners,affiliate,Partner Network,mobile,P007,7,6,5,1,1,0
2025-01-26,Affiliates,partners,affiliate,Partner Network,mobile,P008,4,3,3,0,0,0
2025-01-26,Affiliates,partners,affiliate,Partner Network,mobile,P009,7,6,5,1,0,0
2025-01-26,Affiliates,partners,affiliate,Partner Network,mobile,P010,10,8,7,1,1,1
2025-01-26,Affiliates,partners,affiliate,Partner Network,mobile,P011,6,5,4,1,0,0
2025-01-26,Affiliates,partners,affiliate,Partner Network,mobile,P012,9,7,6,1,1,1
2025-01-27,Direct,direct,none,Unassigned,tablet,P001,13,10,9,2,1,1
2025-01-27,Direct,direct,none,Unassigned,tablet,P002,18,14,13,3,2,1
2025-01-27,Direct,direct,none,Unassigned,tablet,P003,11,9,8,2,1,1
2025-01-27,Direct,direct,none,Unassigned,tablet,P004,17,13,12,3,2,1
2025-01-27,Direct,direct,none,Unassigned,tablet,P005,10,8,8,2,1,1
2025-01-27,Direct,direct,none,Unassigned,tablet,P006,16,12,12,2,2,1
2025-01-27,Direct,direct,none,Unassigned,tablet,P007,9,7,7,1,1,1
2025-01-27,Direct,direct,none,Unassigned,tablet,P008,15,11,11,2,1,1
2025-01-27,Direct,direct,none,Unassigned,tablet,P009,8,6,6,1,1,1
2025-01-27,Direct,direct,none,Unassigned,tablet,P010,14,11,10,2,1,1
2025-01-27,Direct,direct,none,Unassigned,tablet,P011,19,15,14,3,2,1
2025-01-27,Direct,direct,none,Unassigned,tablet,P012,13,10,9,2,1,1
2025-01-27,Email,newsletter,email,Lifecycle,mobile,P001,8,6,6,2,1,1
2025-01-27,Email,newsletter,email,Lifecycle,mobile,P002,4,4,4,1,0,0
2025-01-27,Email,newsletter,email,Lifecycle,mobile,P003,7,6,6,1,1,1
2025-01-27,Email,newsletter,email,Lifecycle,mobile,P004,4,3,3,1,0,0
2025-01-27,Email,newsletter,email,Lifecycle,mobile,P005,6,6,5,1,1,0
2025-01-27,Email,newsletter,email,Lifecycle,mobile,P006,9,8,7,2,1,1
2025-01-27,Email,newsletter,email,Lifecycle,mobile,P007,6,5,5,1,1,0
2025-01-27,Email,newsletter,email,Lifecycle,mobile,P008,9,7,7,2,1,1
2025-01-27,Email,newsletter,email,Lifecycle,mobile,P009,5,5,4,1,1,0
2025-01-27,Email,newsletter,email,Lifecycle,mobile,P010,8,7,7,2,1,1
2025-01-27,Email,newsletter,email,Lifecycle,mobile,P011,5,4,4,1,1,0
2025-01-27,Email,newsletter,email,Lifecycle,mobile,P012,8,6,6,2,1,1
2025-01-27,Organic Search,google,organic,Always-on SEO,desktop,P001,10,8,8,2,1,1
2025-01-27,Organic Search,google,organic,Always-on SEO,desktop,P002,6,5,5,1,1,0
2025-01-27,Organic Search,google,organic,Always-on SEO,desktop,P003,9,7,7,2,1,1
2025-01-27,Organic Search,google,organic,Always-on SEO,desktop,P004,6,5,4,1,1,0
2025-01-27,Organic Search,google,organic,Always-on SEO,desktop,P005,9,7,7,2,1,1
2025-01-27,Organic Search,google,organic,Always-on SEO,desktop,P006,5,4,4,1,0,0
2025-01-27,Organic Search,google,organic,Always-on SEO,desktop,P007,8,6,6,2,1,1
2025-01-27,Organic Search,google,organic,Always-on SEO,desktop,P008,5,4,4,1,0,0
2025-01-27,Organic Search,google,organic,Always-on SEO,desktop,P009,8,6,6,1,1,0
2025-01-27,Organic Search,google,organic,Always-on SEO,desktop,P010,4,3,3,1,0,0
2025-01-27,Organic Search,google,organic,Always-on SEO,desktop,P011,7,6,5,1,1,0
2025-01-27,Organic Search,google,organic,Always-on SEO,desktop,P012,10,8,7,2,1,1
2025-01-28,Paid Social,instagram,paid_social,Creator Offers,mobile,P001,11,9,8,2,1,1
2025-01-28,Paid Social,instagram,paid_social,Creator Offers,mobile,P002,16,13,12,3,2,1
2025-01-28,Paid Social,instagram,paid_social,Creator Offers,mobile,P003,10,8,7,2,1,1
2025-01-28,Paid Social,instagram,paid_social,Creator Offers,mobile,P004,15,12,11,3,2,1
2025-01-28,Paid Social,instagram,paid_social,Creator Offers,mobile,P005,9,8,7,2,1,1
2025-01-28,Paid Social,instagram,paid_social,Creator Offers,mobile,P006,14,11,10,3,1,1
2025-01-28,Paid Social,instagram,paid_social,Creator Offers,mobile,P007,8,7,6,2,1,0
2025-01-28,Paid Social,instagram,paid_social,Creator Offers,mobile,P008,13,11,10,3,1,1
2025-01-28,Paid Social,instagram,paid_social,Creator Offers,mobile,P009,7,6,5,2,1,0
2025-01-28,Paid Social,instagram,paid_social,Creator Offers,mobile,P010,12,10,9,2,1,1
2025-01-28,Paid Social,instagram,paid_social,Creator Offers,mobile,P011,6,5,5,1,1,0
2025-01-28,Paid Social,instagram,paid_social,Creator Offers,mobile,P012,11,9,8,2,1,1
2025-01-28,Affiliates,partners,affiliate,Partner Network,desktop,P001,8,7,6,1,1,1
2025-01-28,Affiliates,partners,affiliate,Partner Network,desktop,P002,5,4,3,1,0,0
2025-01-28,Affiliates,partners,affiliate,Partner Network,desktop,P003,8,6,5,1,1,1
2025-01-28,Affiliates,partners,affiliate,Partner Network,desktop,P004,4,4,3,1,0,0
2025-01-28,Affiliates,partners,affiliate,Partner Network,desktop,P005,7,6,5,1,1,0
2025-01-28,Affiliates,partners,affiliate,Partner Network,desktop,P006,4,3,3,1,0,0
2025-01-28,Affiliates,partners,affiliate,Partner Network,desktop,P007,7,5,4,1,1,0
2025-01-28,Affiliates,partners,affiliate,Partner Network,desktop,P008,9,8,6,2,1,1
2025-01-28,Affiliates,partners,affiliate,Partner Network,desktop,P009,6,5,4,1,1,0
2025-01-28,Affiliates,partners,affiliate,Partner Network,desktop,P010,9,7,6,2,1,1
2025-01-28,Affiliates,partners,affiliate,Partner Network,desktop,P011,5,4,4,1,0,0
2025-01-28,Affiliates,partners,affiliate,Partner Network,desktop,P012,8,7,5,1,1,1
2025-01-28,Paid Search,google,cpc,KSA Growth,tablet,P001,5,3,4,1,0,0
2025-01-28,Paid Search,google,cpc,KSA Growth,tablet,P002,8,6,6,1,1,0
2025-01-28,Paid Search,google,cpc,KSA Growth,tablet,P003,11,9,8,2,1,1
2025-01-28,Paid Search,google,cpc,KSA Growth,tablet,P004,7,6,5,1,1,0
2025-01-28,Paid Search,google,cpc,KSA Growth,tablet,P005,10,8,8,2,1,1
2025-01-28,Paid Search,google,cpc,KSA Growth,tablet,P006,7,5,5,1,1,0
2025-01-28,Paid Search,google,cpc,KSA Growth,tablet,P007,10,8,7,1,1,1
2025-01-28,Paid Search,google,cpc,KSA Growth,tablet,P008,6,4,5,1,0,0
2025-01-28,Paid Search,google,cpc,KSA Growth,tablet,P009,9,7,7,1,1,1
2025-01-28,Paid Search,google,cpc,KSA Growth,tablet,P010,5,4,4,1,0,0
2025-01-28,Paid Search,google,cpc,KSA Growth,tablet,P011,8,7,6,1,1,1
2025-01-28,Paid Search,google,cpc,KSA Growth,tablet,P012,5,3,4,1,0,0
2025-01-29,Email,newsletter,email,Lifecycle,desktop,P001,8,6,6,2,1,1
2025-01-29,Email,newsletter,email,Lifecycle,desktop,P002,5,4,3,1,0,0
2025-01-29,Email,newsletter,email,Lifecycle,desktop,P003,8,6,5,1,1,0
2025-01-29,Email,newsletter,email,Lifecycle,desktop,P004,11,8,8,2,1,1
2025-01-29,Email,newsletter,email,Lifecycle,desktop,P005,7,6,5,1,1,0
2025-01-29,Email,newsletter,email,Lifecycle,desktop,P006,10,8,7,2,1,1
2025-01-29,Email,newsletter,email,Lifecycle,desktop,P007,7,5,4,1,0,0
2025-01-29,Email,newsletter,email,Lifecycle,desktop,P008,10,7,7,2,1,1
2025-01-29,Email,newsletter,email,Lifecycle,desktop,P009,6,5,4,1,0,0
2025-01-29,Email,newsletter,email,Lifecycle,desktop,P010,9,7,6,2,1,1
2025-01-29,Email,newsletter,email,Lifecycle,desktop,P011,5,4,4,1,0,0
2025-01-29,Email,newsletter,email,Lifecycle,desktop,P012,8,6,6,1,1,1
2025-01-29,Organic Search,google,organic,Always-on SEO,tablet,P001,15,13,10,2,1,1
2025-01-29,Organic Search,google,organic,Always-on SEO,tablet,P002,10,8,7,1,1,0
2025-01-29,Organic Search,google,organic,Always-on SEO,tablet,P003,14,12,10,2,1,1
2025-01-29,Organic Search,google,organic,Always-on SEO,tablet,P004,9,8,6,1,0,0
2025-01-29,Organic Search,google,organic,Always-on SEO,tablet,P005,13,12,9,2,1,1
2025-01-29,Organic Search,google,organic,Always-on SEO,tablet,P006,8,7,5,1,0,0
2025-01-29,Organic Search,google,organic,Always-on SEO,tablet,P007,12,11,8,2,1,1
2025-01-29,Organic Search,google,organic,Always-on SEO,tablet,P008,7,6,5,1,0,0
2025-01-29,Organic Search,google,organic,Always-on SEO,tablet,P009,11,10,8,2,1,1
2025-01-29,Organic Search,google,organic,Always-on SEO,tablet,P010,16,14,11,2,1,1
2025-01-29,Organic Search,google,organic,Always-on SEO,tablet,P011,11,9,7,1,1,0
2025-01-29,Organic Search,google,organic,Always-on SEO,tablet,P012,15,13,10,2,1,1
2025-01-29,Direct,direct,none,Unassigned,mobile,P001,7,6,5,1,1,0
2025-01-29,Direct,direct,none,Unassigned,mobile,P002,11,9,8,2,1,1
2025-01-29,Direct,direct,none,Unassigned,mobile,P003,6,5,4,1,1,0
2025-01-29,Direct,direct,none,Unassigned,mobile,P004,10,8,8,2,1,1
2025-01-29,Direct,direct,none,Unassigned,mobile,P005,15,12,11,3,1,1
2025-01-29,Direct,direct,none,Unassigned,mobile,P006,9,8,7,2,1,1
2025-01-29,Direct,direct,none,Unassigned,mobile,P007,14,11,10,3,1,1
2025-01-29,Direct,direct,none,Unassigned,mobile,P008,9,7,6,2,1,0
2025-01-29,Direct,direct,none,Unassigned,mobile,P009,13,10,10,3,1,1
2025-01-29,Direct,direct,none,Unassigned,mobile,P010,8,6,6,2,1,0
2025-01-29,Direct,direct,none,Unassigned,mobile,P011,12,10,9,2,1,1
2025-01-29,Direct,direct,none,Unassigned,mobile,P012,7,5,5,1,1,0
2025-01-30,Affiliates,partners,affiliate,Partner Network,tablet,P001,8,6,6,1,1,1
2025-01-30,Affiliates,partners,affiliate,Partner Network,tablet,P002,4,3,3,1,0,0
2025-01-30,Affiliates,partners,affiliate,Partner Network,tablet,P003,7,5,5,1,1,0
2025-01-30,Affiliates,partners,affiliate,Partner Network,tablet,P004,4,3,3,1,0,0
2025-01-30,Affiliates,partners,affiliate,Partner Network,tablet,P005,7,5,5,1,1,0
2025-01-30,Affiliates,partners,affiliate,Partner Network,tablet,P006,9,7,7,2,1,1
2025-01-30,Affiliates,partners,affiliate,Partner Network,tablet,P007,6,4,4,1,1,0
2025-01-30,Affiliates,partners,affiliate,Partner Network,tablet,P008,9,6,6,2,1,1
2025-01-30,Affiliates,partners,affiliate,Partner Network,tablet,P009,6,4,4,1,0,0
2025-01-30,Affiliates,partners,affiliate,Partner Network,tablet,P010,8,6,6,1,1,1
2025-01-30,Affiliates,partners,affiliate,Partner Network,tablet,P011,5,4,4,1,0,0
2025-01-30,Affiliates,partners,affiliate,Partner Network,tablet,P012,8,6,5,1,1,1
2025-01-30,Paid Search,google,cpc,KSA Growth,mobile,P001,16,13,11,2,1,1
2025-01-30,Paid Search,google,cpc,KSA Growth,mobile,P002,10,9,7,1,1,1
2025-01-30,Paid Search,google,cpc,KSA Growth,mobile,P003,15,13,10,2,1,1
2025-01-30,Paid Search,google,cpc,KSA Growth,mobile,P004,9,8,7,1,1,1
2025-01-30,Paid Search,google,cpc,KSA Growth,mobile,P005,14,12,10,2,1,1
2025-01-30,Paid Search,google,cpc,KSA Growth,mobile,P006,8,7,6,1,1,0
2025-01-30,Paid Search,google,cpc,KSA Growth,mobile,P007,13,11,9,2,1,1
2025-01-30,Paid Search,google,cpc,KSA Growth,mobile,P008,7,6,5,1,1,0
2025-01-30,Paid Search,google,cpc,KSA Growth,mobile,P009,12,10,8,2,1,1
2025-01-30,Paid Search,google,cpc,KSA Growth,mobile,P010,7,6,5,1,0,0
2025-01-30,Paid Search,google,cpc,KSA Growth,mobile,P011,11,9,8,2,1,1
2025-01-30,Paid Search,google,cpc,KSA Growth,mobile,P012,16,13,11,2,1,1
2025-01-30,Paid Social,instagram,paid_social,Creator Offers,desktop,P001,9,7,6,1,1,0
2025-01-30,Paid Social,instagram,paid_social,Creator Offers,desktop,P002,13,10,10,2,1,1
2025-01-30,Paid Social,instagram,paid_social,Creator Offers,desktop,P003,8,6,6,1,0,0
2025-01-30,Paid Social,instagram,paid_social,Creator Offers,desktop,P004,12,9,9,2,1,1
2025-01-30,Paid Social,instagram,paid_social,Creator Offers,desktop,P005,7,5,5,1,0,0
2025-01-30,Paid Social,instagram,paid_social,Creator Offers,desktop,P006,11,9,9,2,1,1
2025-01-30,Paid Social,instagram,paid_social,Creator Offers,desktop,P007,16,12,12,2,1,1
2025-01-30,Paid Social,instagram,paid_social,Creator Offers,desktop,P008,10,8,8,1,1,0
2025-01-30,Paid Social,instagram,paid_social,Creator Offers,desktop,P009,15,12,11,2,1,1
2025-01-30,Paid Social,instagram,paid_social,Creator Offers,desktop,P010,9,7,7,1,1,0
2025-01-30,Paid Social,instagram,paid_social,Creator Offers,desktop,P011,14,11,11,2,1,1
2025-01-30,Paid Social,instagram,paid_social,Creator Offers,desktop,P012,8,7,6,1,0,0
2025-01-31,Organic Search,google,organic,Always-on SEO,mobile,P001,14,11,11,2,1,1
2025-01-31,Organic Search,google,organic,Always-on SEO,mobile,P002,8,7,6,1,1,1
2025-01-31,Organic Search,google,organic,Always-on SEO,mobile,P003,13,10,10,2,1,1
2025-01-31,Organic Search,google,organic,Always-on SEO,mobile,P004,7,6,6,1,1,0
2025-01-31,Organic Search,google,organic,Always-on SEO,mobile,P005,12,9,9,2,1,1
2025-01-31,Organic Search,google,organic,Always-on SEO,mobile,P006,6,5,5,1,1,0
2025-01-31,Organic Search,google,organic,Always-on SEO,mobile,P007,11,9,9,2,1,1
2025-01-31,Organic Search,google,organic,Always-on SEO,mobile,P008,16,12,12,3,1,1
2025-01-31,Organic Search,google,organic,Always-on SEO,mobile,P009,10,8,8,2,1,1
2025-01-31,Organic Search,google,organic,Always-on SEO,mobile,P010,15,12,12,3,1,1
2025-01-31,Organic Search,google,organic,Always-on SEO,mobile,P011,9,7,7,2,1,1
2025-01-31,Organic Search,google,organic,Always-on SEO,mobile,P012,14,11,11,2,1,1
2025-01-31,Direct,direct,none,Unassigned,desktop,P001,7,6,5,1,1,0
2025-01-31,Direct,direct,none,Unassigned,desktop,P002,13,11,9,2,1,1
2025-01-31,Direct,direct,none,Unassigned,desktop,P003,18,15,13,3,1,1
2025-01-31,Direct,direct,none,Unassigned,desktop,P004,12,10,9,2,1,1
2025-01-31,Direct,direct,none,Unassigned,desktop,P005,17,15,12,3,1,1
2025-01-31,Direct,direct,none,Unassigned,desktop,P006,11,9,8,2,1,0
2025-01-31,Direct,direct,none,Unassigned,desktop,P007,16,14,12,2,1,1
2025-01-31,Direct,direct,none,Unassigned,desktop,P008,10,8,7,1,1,0
2025-01-31,Direct,direct,none,Unassigned,desktop,P009,15,13,11,2,1,1
2025-01-31,Direct,direct,none,Unassigned,desktop,P010,9,7,6,1,1,0
2025-01-31,Direct,direct,none,Unassigned,desktop,P011,14,12,10,2,1,1
2025-01-31,Direct,direct,none,Unassigned,desktop,P012,7,6,5,1,0,0
2025-01-31,Email,newsletter,email,Lifecycle,tablet,P001,6,5,4,1,0,0
2025-01-31,Email,newsletter,email,Lifecycle,tablet,P002,9,7,6,1,1,1
2025-01-31,Email,newsletter,email,Lifecycle,tablet,P003,5,4,4,1,0,0
2025-01-31,Email,newsletter,email,Lifecycle,tablet,P004,8,6,6,1,1,1
2025-01-31,Email,newsletter,email,Lifecycle,tablet,P005,5,4,3,1,0,0
2025-01-31,Email,newsletter,email,Lifecycle,tablet,P006,8,6,5,1,1,0
2025-01-31,Email,newsletter,email,Lifecycle,tablet,P007,4,3,3,1,0,0
2025-01-31,Email,newsletter,email,Lifecycle,tablet,P008,7,6,5,1,1,0
2025-01-31,Email,newsletter,email,Lifecycle,tablet,P009,10,8,7,2,1,1
2025-01-31,Email,newsletter,email,Lifecycle,tablet,P010,6,5,4,1,0,0
2025-01-31,Email,newsletter,email,Lifecycle,tablet,P011,9,7,6,1,1,1
2025-01-31,Email,newsletter,email,Lifecycle,tablet,P012,6,5,4,1,0,0
2025-02-01,Paid Search,google,cpc,KSA Growth,desktop,P001,12,9,8,2,1,1
2025-02-01,Paid Search,google,cpc,KSA Growth,desktop,P002,7,6,5,1,1,0
2025-02-01,Paid Search,google,cpc,KSA Growth,desktop,P003,11,8,8,2,1,1
2025-02-01,Paid Search,google,cpc,KSA Growth,desktop,P004,6,5,5,1,1,0
2025-02-01,Paid Search,google,cpc,KSA Growth,desktop,P005,10,8,7,2,1,1
2025-02-01,Paid Search,google,cpc,KSA Growth,desktop,P006,6,5,4,1,1,0
2025-02-01,Paid Search,google,cpc,KSA Growth,desktop,P007,9,7,7,1,1,1
2025-02-01,Paid Search,google,cpc,KSA Growth,desktop,P008,5,4,3,1,0,0
2025-02-01,Paid Search,google,cpc,KSA Growth,desktop,P009,9,7,6,1,1,1
2025-02-01,Paid Search,google,cpc,KSA Growth,desktop,P010,12,10,9,2,1,1
2025-02-01,Paid Search,google,cpc,KSA Growth,desktop,P011,8,6,6,1,1,0
2025-02-01,Paid Search,google,cpc,KSA Growth,desktop,P012,12,9,8,2,1,1
2025-02-01,Paid Social,instagram,paid_social,Creator Offers,tablet,P001,7,5,4,1,1,0
2025-02-01,Paid Social,instagram,paid_social,Creator Offers,tablet,P002,11,9,7,2,1,1
2025-02-01,Paid Social,instagram,paid_social,Creator Offers,tablet,P003,6,5,4,1,0,0
2025-02-01,Paid Social,instagram,paid_social,Creator Offers,tablet,P004,10,8,7,1,1,1
2025-02-01,Paid Social,instagram,paid_social,Creator Offers,tablet,P005,14,11,9,2,1,1
2025-02-01,Paid Social,instagram,paid_social,Creator Offers,tablet,P006,9,7,6,1,1,1
2025-02-01,Paid Social,instagram,paid_social,Creator Offers,tablet,P007,14,10,9,2,1,1
2025-02-01,Paid Social,instagram,paid_social,Creator Offers,tablet,P008,8,7,6,1,1,1
2025-02-01,Paid Social,instagram,paid_social,Creator Offers,tablet,P009,13,10,8,2,1,1
2025-02-01,Paid Social,instagram,paid_social,Creator Offers,tablet,P010,8,6,5,1,1,0
2025-02-01,Paid Social,instagram,paid_social,Creator Offers,tablet,P011,12,9,8,2,1,1
2025-02-01,Paid Social,instagram,paid_social,Creator Offers,tablet,P012,7,5,4,1,1,0
2025-02-01,Affiliates,partners,affiliate,Partner Network,mobile,P001,12,11,10,2,2,1
2025-02-01,Affiliates,partners,affiliate,Partner Network,mobile,P002,18,15,14,4,2,1
2025-02-01,Affiliates,partners,affiliate,Partner Network,mobile,P003,11,10,9,2,1,1
2025-02-01,Affiliates,partners,affiliate,Partner Network,mobile,P004,17,14,13,3,2,1
2025-02-01,Affiliates,partners,affiliate,Partner Network,mobile,P005,10,9,8,2,1,1
2025-02-01,Affiliates,partners,affiliate,Partner Network,mobile,P006,16,13,13,3,2,1
2025-02-01,Affiliates,partners,affiliate,Partner Network,mobile,P007,9,8,7,2,1,1
2025-02-01,Affiliates,partners,affiliate,Partner Network,mobile,P008,14,12,12,3,2,1
2025-02-01,Affiliates,partners,affiliate,Partner Network,mobile,P009,8,7,6,2,1,1
2025-02-01,Affiliates,partners,affiliate,Partner Network,mobile,P010,13,11,11,3,2,1
2025-02-01,Affiliates,partners,affiliate,Partner Network,mobile,P011,19,16,15,4,2,1
2025-02-01,Affiliates,partners,affiliate,Partner Network,mobile,P012,12,10,10,2,2,1
2025-02-02,Direct,direct,none,Unassigned,tablet,P001,14,11,9,2,1,1
2025-02-02,Direct,direct,none,Unassigned,tablet,P002,9,7,6,1,0,0
2025-02-02,Direct,direct,none,Unassigned,tablet,P003,13,10,8,1,1,1
2025-02-02,Direct,direct,none,Unassigned,tablet,P004,8,7,5,1,0,0
2025-02-02,Direct,direct,none,Unassigned,tablet,P005,12,10,8,1,1,1
2025-02-02,Direct,direct,none,Unassigned,tablet,P006,7,6,5,1,0,0
2025-02-02,Direct,direct,none,Unassigned,tablet,P007,11,9,7,1,1,0
2025-02-02,Direct,direct,none,Unassigned,tablet,P008,7,5,4,1,0,0
2025-02-02,Direct,direct,none,Unassigned,tablet,P009,11,8,7,1,1,0
2025-02-02,Direct,direct,none,Unassigned,tablet,P010,6,5,3,1,0,0
2025-02-02,Direct,direct,none,Unassigned,tablet,P011,10,8,6,1,0,0
2025-02-02,Direct,direct,none,Unassigned,tablet,P012,14,11,9,2,1,1
2025-02-02,Email,newsletter,email,Lifecycle,mobile,P001,9,8,8,2,1,1
2025-02-02,Email,newsletter,email,Lifecycle,mobile,P002,15,13,12,3,2,1
2025-02-02,Email,newsletter,email,Lifecycle,mobile,P003,8,7,7,2,1,1
2025-02-02,Email,newsletter,email,Lifecycle,mobile,P004,14,12,11,3,2,1
2025-02-02,Email,newsletter,email,Lifecycle,mobile,P005,7,6,6,1,1,1
2025-02-02,Email,newsletter,email,Lifecycle,mobile,P006,12,11,10,3,1,1
2025-02-02,Email,newsletter,email,Lifecycle,mobile,P007,18,16,14,4,2,1
2025-02-02,Email,newsletter,email,Lifecycle,mobile,P008,11,10,9,2,1,1
2025-02-02,Email,newsletter,email,Lifecycle,mobile,P009,17,15,13,3,2,1
2025-02-02,Email,newsletter,email,Lifecycle,mobile,P010,10,9,8,2,1,1
2025-02-02,Email,newsletter,email,Lifecycle,mobile,P011,16,14,13,3,2,1
2025-02-02,Email,newsletter,email,Lifecycle,mobile,P012,9,8,7,2,1,1
2025-02-02,Organic Search,google,organic,Always-on SEO,desktop,P001,12,11,10,3,2,1
2025-02-02,Organic Search,google,organic,Always-on SEO,desktop,P002,18,15,14,4,3,2
2025-02-02,Organic Search,google,organic,Always-on SEO,desktop,P003,11,10,9,2,2,1
2025-02-02,Organic Search,google,organic,Always-on SEO,desktop,P004,17,14,13,3,2,2
2025-02-02,Organic Search,google,organic,Always-on SEO,desktop,P005,10,9,8,2,1,1
2025-02-02,Organic Search,google,organic,Always-on SEO,desktop,P006,16,13,12,3,2,2
2025-02-02,Organic Search,google,organic,Always-on SEO,desktop,P007,9,8,7,2,1,1
2025-02-02,Organic Search,google,organic,Always-on SEO,desktop,P008,15,12,11,3,2,2
2025-02-02,Organic Search,google,organic,Always-on SEO,desktop,P009,8,7,7,2,1,1
2025-02-02,Organic Search,google,organic,Always-on SEO,desktop,P010,14,11,11,3,2,1
2025-02-02,Organic Search,google,organic,Always-on SEO,desktop,P011,7,6,6,1,1,1
2025-02-02,Organic Search,google,organic,Always-on SEO,desktop,P012,12,11,10,3,2,1
2025-02-03,Paid Social,instagram,paid_social,Creator Offers,mobile,P001,5,4,3,1,0,0
2025-02-03,Paid Social,instagram,paid_social,Creator Offers,mobile,P002,8,7,6,2,1,1
2025-02-03,Paid Social,instagram,paid_social,Creator Offers,mobile,P003,12,10,8,2,1,1
2025-02-03,Paid Social,instagram,paid_social,Creator Offers,mobile,P004,7,7,5,2,1,0
2025-02-03,Paid Social,instagram,paid_social,Creator Offers,mobile,P005,11,9,8,2,1,1
2025-02-03,Paid Social,instagram,paid_social,Creator Offers,mobile,P006,7,6,5,1,1,0
2025-02-03,Paid Social,instagram,paid_social,Creator Offers,mobile,P007,10,9,7,2,1,1
2025-02-03,Paid Social,instagram,paid_social,Creator Offers,mobile,P008,6,5,4,1,1,0
2025-02-03,Paid Social,instagram,paid_social,Creator Offers,mobile,P009,9,8,7,2,1,1
2025-02-03,Paid Social,instagram,paid_social,Creator Offers,mobile,P010,5,5,4,1,1,0
2025-02-03,Paid Social,instagram,paid_social,Creator Offers,mobile,P011,9,8,6,2,1,1
2025-02-03,Paid Social,instagram,paid_social,Creator Offers,mobile,P012,5,4,3,1,0,0
2025-02-03,Affiliates,partners,affiliate,Partner Network,desktop,P001,7,5,5,1,1,0
2025-02-03,Affiliates,partners,affiliate,Partner Network,desktop,P002,10,8,7,1,1,1
2025-02-03,Affiliates,partners,affiliate,Partner Network,desktop,P003,6,5,4,1,0,0
2025-02-03,Affiliates,partners,affiliate,Partner Network,desktop,P004,9,8,6,1,1,1
2025-02-03,Affiliates,partners,affiliate,Partner Network,desktop,P005,5,4,4,1,0,0
2025-02-03,Affiliates,partners,affiliate,Partner Network,desktop,P006,9,7,6,1,1,1
2025-02-03,Affiliates,partners,affiliate,Partner Network,desktop,P007,5,4,3,1,0,0
2025-02-03,Affiliates,partners,affiliate,Partner Network,desktop,P008,8,6,5,1,1,0
2025-02-03,Affiliates,partners,affiliate,Partner Network,desktop,P009,12,9,8,2,1,1
2025-02-03,Affiliates,partners,affiliate,Partner Network,desktop,P010,7,6,5,1,1,0
2025-02-03,Affiliates,partners,affiliate,Partner Network,desktop,P011,11,9,7,2,1,1
2025-02-03,Affiliates,partners,affiliate,Partner Network,desktop,P012,7,5,5,1,0,0
2025-02-03,Paid Search,google,cpc,KSA Growth,tablet,P001,9,7,7,2,1,1
2025-02-03,Paid Search,google,cpc,KSA Growth,tablet,P002,5,4,4,1,0,0
2025-02-03,Paid Search,google,cpc,KSA Growth,tablet,P003,8,7,6,1,1,0
2025-02-03,Paid Search,google,cpc,KSA Growth,tablet,P004,12,9,9,2,1,1
2025-02-03,Paid Search,google,cpc,KSA Growth,tablet,P005,7,6,6,1,1,0
2025-02-03,Paid Search,google,cpc,KSA Growth,tablet,P006,11,9,9,2,1,1
2025-02-03,Paid Search,google,cpc,KSA Growth,tablet,P007,7,5,5,1,1,0
2025-02-03,Paid Search,google,cpc,KSA Growth,tablet,P008,10,8,8,2,1,1
2025-02-03,Paid Search,google,cpc,KSA Growth,tablet,P009,6,5,5,1,1,0
2025-02-03,Paid Search,google,cpc,KSA Growth,tablet,P010,9,8,7,2,1,1
2025-02-03,Paid Search,google,cpc,KSA Growth,tablet,P011,5,4,4,1,0,0
2025-02-03,Paid Search,google,cpc,KSA Growth,tablet,P012,9,7,7,2,1,1
2025-02-04,Email,newsletter,email,Lifecycle,desktop,P001,8,7,6,2,1,1
2025-02-04,Email,newsletter,email,Lifecycle,desktop,P002,13,12,10,3,1,1
2025-02-04,Email,newsletter,email,Lifecycle,desktop,P003,7,6,5,1,1,1
2025-02-04,Email,newsletter,email,Lifecycle,desktop,P004,12,11,9,2,1,1
2025-02-04,Email,newsletter,email,Lifecycle,desktop,P005,17,15,13,4,2,1
2025-02-04,Email,newsletter,email,Lifecycle,desktop,P006,11,10,8,2,1,1
2025-02-04,Email,newsletter,email,Lifecycle,desktop,P007,16,14,12,3,2,1
2025-02-04,Email,newsletter,email,Lifecycle,desktop,P008,10,9,8,2,1,1
2025-02-04,Email,newsletter,email,Lifecycle,desktop,P009,15,13,11,3,2,1
2025-02-04,Email,newsletter,email,Lifecycle,desktop,P010,9,8,7,2,1,1
2025-02-04,Email,newsletter,email,Lifecycle,desktop,P011,14,12,11,3,2,1
2025-02-04,Email,newsletter,email,Lifecycle,desktop,P012,8,7,6,2,1,1
2025-02-04,Organic Search,google,organic,Always-on SEO,tablet,P001,7,6,5,1,0,0
2025-02-04,Organic Search,google,organic,Always-on SEO,tablet,P002,10,8,7,1,1,1
2025-02-04,Organic Search,google,organic,Always-on SEO,tablet,P003,7,5,4,1,0,0
2025-02-04,Organic Search,google,organic,Always-on SEO,tablet,P004,10,8,7,1,1,1
2025-02-04,Organic Search,google,organic,Always-on SEO,tablet,P005,6,5,4,1,0,0
2025-02-04,Organic Search,google,organic,Always-on SEO,tablet,P006,9,7,6,1,1,1
2025-02-04,Organic Search,google,organic,Always-on SEO,tablet,P007,5,4,4,1,0,0
2025-02-04,Organic Search,google,organic,Always-on SEO,tablet,P008,9,7,6,1,1,0
2025-02-04,Organic Search,google,organic,Always-on SEO,tablet,P009,5,4,3,0,0,0
2025-02-04,Organic Search,google,organic,Always-on SEO,tablet,P010,8,6,5,1,1,0
2025-02-04,Organic Search,google,organic,Always-on SEO,tablet,P011,11,9,7,1,1,1
2025-02-04,Organic Search,google,organic,Always-on SEO,tablet,P012,7,6,5,1,0,0
2025-02-04,Direct,direct,none,Unassigned,mobile,P001,15,14,11,2,2,1
2025-02-04,Direct,direct,none,Unassigned,mobile,P002,9,8,6,1,1,1
2025-02-04,Direct,direct,none,Unassigned,mobile,P003,14,13,10,2,1,1
2025-02-04,Direct,direct,none,Unassigned,mobile,P004,8,7,5,1,1,1
2025-02-04,Direct,direct,none,Unassigned,mobile,P005,13,12,9,2,1,1
2025-02-04,Direct,direct,none,Unassigned,mobile,P006,19,16,13,3,2,1
2025-02-04,Direct,direct,none,Unassigned,mobile,P007,12,11,8,2,1,1
2025-02-04,Direct,direct,none,Unassigned,mobile,P008,18,15,12,3,2,1
2025-02-04,Direct,direct,none,Unassigned,mobile,P009,11,10,7,2,1,1
2025-02-04,Direct,direct,none,Unassigned,mobile,P010,17,14,11,3,2,1
2025-02-04,Direct,direct,none,Unassigned,mobile,P011,10,9,7,2,1,1
2025-02-04,Direct,direct,none,Unassigned,mobile,P012,15,13,11,2,2,1
2025-02-05,Affiliates,partners,affiliate,Partner Network,tablet,P001,10,8,7,1,1,0
2025-02-05,Affiliates,partners,affiliate,Partner Network,tablet,P002,15,12,11,2,1,1
2025-02-05,Affiliates,partners,affiliate,Partner Network,tablet,P003,9,7,6,1,0,0
2025-02-05,Affiliates,partners,affiliate,Partner Network,tablet,P004,14,11,10,2,1,1
2025-02-05,Affiliates,partners,affiliate,Partner Network,tablet,P005,8,6,5,1,0,0
2025-02-05,Affiliates,partners,affiliate,Partner Network,tablet,P006,13,10,9,2,1,1
2025-02-05,Affiliates,partners,affiliate,Partner Network,tablet,P007,19,14,13,2,1,1
2025-02-05,Affiliates,partners,affiliate,Partner Network,tablet,P008,12,9,9,2,1,0
2025-02-05,Affiliates,partners,affiliate,Partner Network,tablet,P009,18,13,12,2,1,1
2025-02-05,Affiliates,partners,affiliate,Partner Network,tablet,P010,11,8,8,1,1,0
2025-02-05,Affiliates,partners,affiliate,Partner Network,tablet,P011,16,13,12,2,1,1
2025-02-05,Affiliates,partners,affiliate,Partner Network,tablet,P012,10,8,7,1,1,0
2025-02-05,Paid Search,google,cpc,KSA Growth,mobile,P001,9,7,7,2,1,1
2025-02-05,Paid Search,google,cpc,KSA Growth,mobile,P002,13,10,10,2,1,1
2025-02-05,Paid Search,google,cpc,KSA Growth,mobile,P003,8,6,6,1,1,1
2025-02-05,Paid Search,google,cpc,KSA Growth,mobile,P004,12,9,9,2,1,1
2025-02-05,Paid Search,google,cpc,KSA Growth,mobile,P005,7,6,6,1,1,0
2025-02-05,Paid Search,google,cpc,KSA Growth,mobile,P006,11,8,8,2,1,1
2025-02-05,Paid Search,google,cpc,KSA Growth,mobile,P007,7,5,5,1,1,0
2025-02-05,Paid Search,google,cpc,KSA Growth,mobile,P008,10,8,8,2,1,1
2025-02-05,Paid Search,google,cpc,KSA Growth,mobile,P009,6,4,5,1,1,0
2025-02-05,Paid Search,google,cpc,KSA Growth,mobile,P010,10,7,7,2,1,1
2025-02-05,Paid Search,google,cpc,KSA Growth,mobile,P011,5,4,4,1,1,0
2025-02-05,Paid Search,google,cpc,KSA Growth,mobile,P012,9,7,7,1,1,1
2025-02-05,Paid Social,instagram,paid_social,Creator Offers,desktop,P001,16,14,13,2,2,1
2025-02-05,Paid Social,instagram,paid_social,Creator Offers,desktop,P002,10,9,8,2,1,1
2025-02-05,Paid Social,instagram,paid_social,Creator Offers,desktop,P003,15,13,12,2,1,1
2025-02-05,Paid Social,instagram,paid_social,Creator Offers,desktop,P004,9,8,7,1,1,1
2025-02-05,Paid Social,instagram,paid_social,Creator Offers,desktop,P005,14,12,11,2,1,1
2025-02-05,Paid Social,instagram,paid_social,Creator Offers,desktop,P006,8,7,6,1,1,0
2025-02-05,Paid Social,instagram,paid_social,Creator Offers,desktop,P007,13,11,10,2,1,1
2025-02-05,Paid Social,instagram,paid_social,Creator Offers,desktop,P008,19,16,15,3,2,1
2025-02-05,Paid Social,instagram,paid_social,Creator Offers,desktop,P009,12,11,9,2,1,1
2025-02-05,Paid Social,instagram,paid_social,Creator Offers,desktop,P010,18,15,14,3,2,1
2025-02-05,Paid Social,instagram,paid_social,Creator Offers,desktop,P011,11,10,9,2,1,1
2025-02-05,Paid Social,instagram,paid_social,Creator Offers,desktop,P012,16,14,13,2,2,1
2025-02-06,Organic Search,google,organic,Always-on SEO,mobile,P001,10,8,8,2,1,1
2025-02-06,Organic Search,google,organic,Always-on SEO,mobile,P002,16,12,12,3,2,1
2025-02-06,Organic Search,google,organic,Always-on SEO,mobile,P003,9,7,7,2,1,1
2025-02-06,Organic Search,google,organic,Always-on SEO,mobile,P004,15,11,11,3,2,1
2025-02-06,Organic Search,google,organic,Always-on SEO,mobile,P005,8,6,6,2,1,1
2025-02-06,Organic Search,google,organic,Always-on SEO,mobile,P006,14,10,10,3,2,1
2025-02-06,Organic Search,google,organic,Always-on SEO,mobile,P007,7,5,6,1,1,1
2025-02-06,Organic Search,google,organic,Always-on SEO,mobile,P008,13,9,10,2,2,1
2025-02-06,Organic Search,google,organic,Always-on SEO,mobile,P009,18,13,13,4,2,1
2025-02-06,Organic Search,google,organic,Always-on SEO,mobile,P010,11,9,9,2,1,1
2025-02-06,Organic Search,google,organic,Always-on SEO,mobile,P011,17,13,13,3,2,1
2025-02-06,Organic Search,google,organic,Always-on SEO,mobile,P012,10,8,8,2,1,1
2025-02-06,Direct,direct,none,Unassigned,desktop,P001,13,10,9,2,1,1
2025-02-06,Direct,direct,none,Unassigned,desktop,P002,7,5,5,1,0,0
2025-02-06,Direct,direct,none,Unassigned,desktop,P003,12,9,8,2,1,0
2025-02-06,Direct,direct,none,Unassigned,desktop,P004,18,13,11,2,1,1
2025-02-06,Direct,direct,none,Unassigned,desktop,P005,11,9,7,2,1,0
2025-02-06,Direct,direct,none,Unassigned,desktop,P006,17,12,11,2,1,1
2025-02-06,Direct,direct,none,Unassigned,desktop,P007,10,8,7,1,1,0
2025-02-06,Direct,direct,none,Unassigned,desktop,P008,15,12,10,2,1,1
2025-02-06,Direct,direct,none,Unassigned,desktop,P009,9,7,6,1,1,0
2025-02-06,Direct,direct,none,Unassigned,desktop,P010,14,11,9,2,1,1
2025-02-06,Direct,direct,none,Unassigned,desktop,P011,8,6,5,1,0,0
2025-02-06,Direct,direct,none,Unassigned,desktop,P012,13,10,9,2,1,1
2025-02-06,Email,newsletter,email,Lifecycle,tablet,P001,15,11,12,2,1,1
2025-02-06,Email,newsletter,email,Lifecycle,tablet,P002,9,7,8,2,1,1
2025-02-06,Email,newsletter,email,Lifecycle,tablet,P003,14,11,11,2,1,1
2025-02-06,Email,newsletter,email,Lifecycle,tablet,P004,8,6,7,1,1,0
2025-02-06,Email,newsletter,email,Lifecycle,tablet,P005,13,10,10,2,1,1
2025-02-06,Email,newsletter,email,Lifecycle,tablet,P006,7,6,6,1,1,0
2025-02-06,Email,newsletter,email,Lifecycle,tablet,P007,12,9,10,2,1,1
2025-02-06,Email,newsletter,email,Lifecycle,tablet,P008,7,5,5,1,1,0
2025-02-06,Email,newsletter,email,Lifecycle,tablet,P009,11,8,9,2,1,1
2025-02-06,Email,newsletter,email,Lifecycle,tablet,P010,16,12,13,2,2,1
2025-02-06,Email,newsletter,email,Lifecycle,tablet,P011,10,8,8,2,1,1
2025-02-06,Email,newsletter,email,Lifecycle,tablet,P012,15,11,12,2,1,1
2025-02-07,Paid Search,google,cpc,KSA Growth,desktop,P001,9,7,7,2,1,1
2025-02-07,Paid Search,google,cpc,KSA Growth,desktop,P002,12,9,10,2,1,1
2025-02-07,Paid Search,google,cpc,KSA Growth,desktop,P003,8,6,6,2,1,0
2025-02-07,Paid Search,google,cpc,KSA Growth,desktop,P004,12,9,9,2,1,1
2025-02-07,Paid Search,google,cpc,KSA Growth,desktop,P005,7,5,6,1,1,0
2025-02-07,Paid Search,google,cpc,KSA Growth,desktop,P006,11,8,9,2,1,1
2025-02-07,Paid Search,google,cpc,KSA Growth,desktop,P007,6,5,5,1,1,0
2025-02-07,Paid Search,google,cpc,KSA Growth,desktop,P008,10,8,8,2,1,1
2025-02-07,Paid Search,google,cpc,KSA Growth,desktop,P009,5,4,4,1,1,0
2025-02-07,Paid Search,google,cpc,KSA Growth,desktop,P010,9,7,7,2,1,1
2025-02-07,Paid Search,google,cpc,KSA Growth,desktop,P011,13,10,11,3,2,1
2025-02-07,Paid Search,google,cpc,KSA Growth,desktop,P012,8,7,7,2,1,1
2025-02-07,Paid Social,instagram,paid_social,Creator Offers,tablet,P001,9,8,7,1,1,1
2025-02-07,Paid Social,instagram,paid_social,Creator Offers,tablet,P002,5,4,4,1,0,0
2025-02-07,Paid Social,instagram,paid_social,Creator Offers,tablet,P003,8,7,7,1,1,1
2025-02-07,Paid Social,instagram,paid_social,Creator Offers,tablet,P004,4,4,4,1,0,0
2025-02-07,Paid Social,instagram,paid_social,Creator Offers,tablet,P005,8,6,6,1,1,1
2025-02-07,Paid Social,instagram,paid_social,Creator Offers,tablet,P006,11,9,9,2,1,1
2025-02-07,Paid Social,instagram,paid_social,Creator Offers,tablet,P007,7,6,5,1,1,0
2025-02-07,Paid Social,instagram,paid_social,Creator Offers,tablet,P008,10,9,8,2,1,1
2025-02-07,Paid Social,instagram,paid_social,Creator Offers,tablet,P009,6,5,5,1,1,0
2025-02-07,Paid Social,instagram,paid_social,Creator Offers,tablet,P010,10,8,7,2,1,1
2025-02-07,Paid Social,instagram,paid_social,Creator Offers,tablet,P011,6,5,4,1,1,0
2025-02-07,Paid Social,instagram,paid_social,Creator Offers,tablet,P012,9,7,7,1,1,1
2025-02-07,Affiliates,partners,affiliate,Partner Network,mobile,P001,16,13,10,3,2,1
2025-02-07,Affiliates,partners,affiliate,Partner Network,mobile,P002,10,9,7,2,1,1
2025-02-07,Affiliates,partners,affiliate,Partner Network,mobile,P003,15,13,9,2,1,1
2025-02-07,Affiliates,partners,affiliate,Partner Network,mobile,P004,9,8,6,1,1,0
2025-02-07,Affiliates,partners,affiliate,Partner Network,mobile,P005,14,12,9,2,1,1
2025-02-07,Affiliates,partners,affiliate,Partner Network,mobile,P006,8,7,5,1,1,0
2025-02-07,Affiliates,partners,affiliate,Partner Network,mobile,P007,13,11,8,2,1,1
2025-02-07,Affiliates,partners,affiliate,Partner Network,mobile,P008,7,6,5,1,1,0
2025-02-07,Affiliates,partners,affiliate,Partner Network,mobile,P009,12,10,8,2,1,1
2025-02-07,Affiliates,partners,affiliate,Partner Network,mobile,P010,6,6,4,1,1,0
2025-02-07,Affiliates,partners,affiliate,Partner Network,mobile,P011,11,9,7,2,1,1
2025-02-07,Affiliates,partners,affiliate,Partner Network,mobile,P012,15,13,10,3,2,1
2025-02-08,Direct,direct,none,Unassigned,tablet,P001,10,7,7,2,1,1
2025-02-08,Direct,direct,none,Unassigned,tablet,P002,14,11,10,2,1,1
2025-02-08,Direct,direct,none,Unassigned,tablet,P003,9,7,6,1,1,0
2025-02-08,Direct,direct,none,Unassigned,tablet,P004,13,10,9,2,1,1
2025-02-08,Direct,direct,none,Unassigned,tablet,P005,8,6,6,1,1,0
2025-02-08,Direct,direct,none,Unassigned,tablet,P006,12,9,9,2,1,1
2025-02-08,Direct,direct,none,Unassigned,tablet,P007,7,6,5,1,1,0
2025-02-08,Direct,direct,none,Unassigned,tablet,P008,11,9,8,2,1,1
2025-02-08,Direct,direct,none,Unassigned,tablet,P009,7,5,5,1,1,0
2025-02-08,Direct,direct,none,Unassigned,tablet,P010,11,8,7,2,1,1
2025-02-08,Direct,direct,none,Unassigned,tablet,P011,6,4,4,1,0,0
2025-02-08,Direct,direct,none,Unassigned,tablet,P012,10,7,7,2,1,1
2025-02-08,Email,newsletter,email,Lifecycle,mobile,P001,10,8,6,1,1,1
2025-02-08,Email,newsletter,email,Lifecycle,mobile,P002,6,5,4,1,0,0
2025-02-08,Email,newsletter,email,Lifecycle,mobile,P003,9,8,6,1,1,0
2025-02-08,Email,newsletter,email,Lifecycle,mobile,P004,5,4,3,1,0,0
2025-02-08,Email,newsletter,email,Lifecycle,mobile,P005,9,7,6,1,1,0
2025-02-08,Email,newsletter,email,Lifecycle,mobile,P006,5,4,3,0,0,0
2025-02-08,Email,newsletter,email,Lifecycle,mobile,P007,8,7,5,1,0,0
2025-02-08,Email,newsletter,email,Lifecycle,mobile,P008,11,10,7,1,1,1
2025-02-08,Email,newsletter,email,Lifecycle,mobile,P009,7,6,5,1,0,0
2025-02-08,Email,newsletter,email,Lifecycle,mobile,P010,11,9,7,1,1,1
2025-02-08,Email,newsletter,email,Lifecycle,mobile,P011,7,6,4,1,0,0
2025-02-08,Email,newsletter,email,Lifecycle,mobile,P012,10,8,6,1,1,1
2025-02-08,Organic Search,google,organic,Always-on SEO,desktop,P001,5,4,4,1,0,0
2025-02-08,Organic Search,google,organic,Always-on SEO,desktop,P002,9,7,6,1,1,0
2025-02-08,Organic Search,google,organic,Always-on SEO,desktop,P003,13,10,9,2,1,1
2025-02-08,Organic Search,google,organic,Always-on SEO,desktop,P004,8,7,6,1,1,0
2025-02-08,Organic Search,google,organic,Always-on SEO,desktop,P005,12,10,8,2,1,1
2025-02-08,Organic Search,google,organic,Always-on SEO,desktop,P006,8,6,5,1,0,0
2025-02-08,Organic Search,google,organic,Always-on SEO,desktop,P007,12,9,8,1,1,1
2025-02-08,Organic Search,google,organic,Always-on SEO,desktop,P008,7,6,5,1,0,0
2025-02-08,Organic Search,google,organic,Always-on SEO,desktop,P009,11,9,7,1,1,1
2025-02-08,Organic Search,google,organic,Always-on SEO,desktop,P010,6,5,4,1,0,0
2025-02-08,Organic Search,google,organic,Always-on SEO,desktop,P011,10,8,7,1,1,1
2025-02-08,Organic Search,google,organic,Always-on SEO,desktop,P012,5,4,4,1,0,0
2025-02-09,Paid Social,instagram,paid_social,Creator Offers,mobile,P001,9,7,6,1,1,1
2025-02-09,Paid Social,instagram,paid_social,Creator Offers,mobile,P002,5,4,3,1,0,0
2025-02-09,Paid Social,instagram,paid_social,Creator Offers,mobile,P003,8,7,6,1,1,0
2025-02-09,Paid Social,instagram,paid_social,Creator Offers,mobile,P004,11,9,8,2,1,1
2025-02-09,Paid Social,instagram,paid_social,Creator Offers,mobile,P005,7,6,5,1,1,0
2025-02-09,Paid Social,instagram,paid_social,Creator Offers,mobile,P006,10,9,7,2,1,1
2025-02-09,Paid Social,instagram,paid_social,Creator Offers,mobile,P007,7,6,5,1,0,0
2025-02-09,Paid Social,instagram,paid_social,Creator Offers,mobile,P008,10,8,7,2,1,1
2025-02-09,Paid Social,instagram,paid_social,Creator Offers,mobile,P009,6,5,4,1,0,0
2025-02-09,Paid Social,instagram,paid_social,Creator Offers,mobile,P010,9,8,6,1,1,1
2025-02-09,Paid Social,instagram,paid_social,Creator Offers,mobile,P011,5,4,4,1,0,0
2025-02-09,Paid Social,instagram,paid_social,Creator Offers,mobile,P012,9,7,6,1,1,0
2025-02-09,Affiliates,partners,affiliate,Partner Network,desktop,P001,14,11,11,2,2,1
2025-02-09,Affiliates,partners,affiliate,Partner Network,desktop,P002,9,7,7,2,1,1
2025-02-09,Affiliates,partners,affiliate,Partner Network,desktop,P003,13,10,10,2,1,1
2025-02-09,Affiliates,partners,affiliate,Partner Network,desktop,P004,8,6,6,1,1,1
2025-02-09,Affiliates,partners,affiliate,Partner Network,desktop,P005,12,9,9,2,1,1
2025-02-09,Affiliates,partners,affiliate,Partner Network,desktop,P006,7,5,5,1,1,0
2025-02-09,Affiliates,partners,affiliate,Partner Network,desktop,P007,11,9,9,2,1,1
2025-02-09,Affiliates,partners,affiliate,Partner Network,desktop,P008,6,5,5,1,1,0
2025-02-09,Affiliates,partners,affiliate,Partner Network,desktop,P009,11,8,8,2,1,1
2025-02-09,Affiliates,partners,affiliate,Partner Network,desktop,P010,15,11,12,2,2,1
2025-02-09,Affiliates,partners,affiliate,Partner Network,desktop,P011,10,7,7,2,1,1
2025-02-09,Affiliates,partners,affiliate,Partner Network,desktop,P012,14,11,11,2,1,1
2025-02-09,Paid Search,google,cpc,KSA Growth,tablet,P001,5,4,3,1,0,0
2025-02-09,Paid Search,google,cpc,KSA Growth,tablet,P002,7,6,5,1,1,0
2025-02-09,Paid Search,google,cpc,KSA Growth,tablet,P003,4,3,3,1,0,0
2025-02-09,Paid Search,google,cpc,KSA Growth,tablet,P004,7,6,5,1,1,0
2025-02-09,Paid Search,google,cpc,KSA Growth,tablet,P005,10,8,7,2,1,1
2025-02-09,Paid Search,google,cpc,KSA Growth,tablet,P006,6,5,4,1,0,0
2025-02-09,Paid Search,google,cpc,KSA Growth,tablet,P007,9,7,7,1,1,1
2025-02-09,Paid Search,google,cpc,KSA Growth,tablet,P008,6,5,4,1,0,0
2025-02-09,Paid Search,google,cpc,KSA Growth,tablet,P009,9,7,6,1,1,1
2025-02-09,Paid Search,google,cpc,KSA Growth,tablet,P010,5,4,4,1,0,0
2025-02-09,Paid Search,google,cpc,KSA Growth,tablet,P011,8,7,6,1,1,1
2025-02-09,Paid Search,google,cpc,KSA Growth,tablet,P012,5,4,3,1,0,0
2025-02-10,Email,newsletter,email,Lifecycle,desktop,P001,13,11,9,2,1,1
2025-02-10,Email,newsletter,email,Lifecycle,desktop,P002,8,6,5,1,1,0
2025-02-10,Email,newsletter,email,Lifecycle,desktop,P003,13,10,8,2,1,1
2025-02-10,Email,newsletter,email,Lifecycle,desktop,P004,7,6,4,1,1,0
2025-02-10,Email,newsletter,email,Lifecycle,desktop,P005,12,10,8,2,1,1
2025-02-10,Email,newsletter,email,Lifecycle,desktop,P006,16,14,11,3,2,1
2025-02-10,Email,newsletter,email,Lifecycle,desktop,P007,11,9,7,2,1,1
2025-02-10,Email,newsletter,email,Lifecycle,desktop,P008,15,13,10,3,1,1
2025-02-10,Email,newsletter,email,Lifecycle,desktop,P009,10,8,6,2,1,1
2025-02-10,Email,newsletter,email,Lifecycle,desktop,P010,14,12,10,3,1,1
2025-02-10,Email,newsletter,email,Lifecycle,desktop,P011,9,7,6,2,1,1
2025-02-10,Email,newsletter,email,Lifecycle,desktop,P012,13,11,9,2,1,1
2025-02-10,Organic Search,google,organic,Always-on SEO,tablet,P001,14,13,11,3,2,1
2025-02-10,Organic Search,google,organic,Always-on SEO,tablet,P002,9,8,7,2,1,1
2025-02-10,Organic Search,google,organic,Always-on SEO,tablet,P003,14,12,10,3,2,1
2025-02-10,Organic Search,google,organic,Always-on SEO,tablet,P004,9,8,7,2,1,1
2025-02-10,Organic Search,google,organic,Always-on SEO,tablet,P005,13,11,10,2,2,1
2025-02-10,Organic Search,google,organic,Always-on SEO,tablet,P006,8,7,6,1,1,1
2025-02-10,Organic Search,google,organic,Always-on SEO,tablet,P007,12,11,9,2,1,1
2025-02-10,Organic Search,google,organic,Always-on SEO,tablet,P008,7,6,5,1,1,1
2025-02-10,Organic Search,google,organic,Always-on SEO,tablet,P009,11,10,9,2,1,1
2025-02-10,Organic Search,google,organic,Always-on SEO,tablet,P010,6,5,5,1,1,1
2025-02-10,Organic Search,google,organic,Always-on SEO,tablet,P011,10,9,8,2,1,1
2025-02-10,Organic Search,google,organic,Always-on SEO,tablet,P012,14,13,11,3,2,1
2025-02-10,Direct,direct,none,Unassigned,mobile,P001,6,5,4,1,1,0
2025-02-10,Direct,direct,none,Unassigned,mobile,P002,9,8,6,2,1,1
2025-02-10,Direct,direct,none,Unassigned,mobile,P003,5,5,3,1,0,0
2025-02-10,Direct,direct,none,Unassigned,mobile,P004,9,8,5,1,1,1
2025-02-10,Direct,direct,none,Unassigned,mobile,P005,5,4,3,1,0,0
2025-02-10,Direct,direct,none,Unassigned,mobile,P006,8,7,5,1,1,1
2025-02-10,Direct,direct,none,Unassigned,mobile,P007,11,10,7,2,1,1
2025-02-10,Direct,direct,none,Unassigned,mobile,P008,7,7,5,1,1,0
2025-02-10,Direct,direct,none,Unassigned,mobile,P009,10,9,7,2,1,1
2025-02-10,Direct,direct,none,Unassigned,mobile,P010,7,6,4,1,1,0
2025-02-10,Direct,direct,none,Unassigned,mobile,P011,10,9,6,2,1,1
2025-02-10,Direct,direct,none,Unassigned,mobile,P012,6,5,4,1,0,0
2025-02-11,Affiliates,partners,affiliate,Partner Network,tablet,P001,15,12,10,2,1,1
2025-02-11,Affiliates,partners,affiliate,Partner Network,tablet,P002,9,7,6,1,1,0
2025-02-11,Affiliates,partners,affiliate,Partner Network,tablet,P003,14,11,10,2,1,1
2025-02-11,Affiliates,partners,affiliate,Partner Network,tablet,P004,8,6,5,1,1,0
2025-02-11,Affiliates,partners,affiliate,Partner Network,tablet,P005,13,10,9,2,1,1
2025-02-11,Affiliates,partners,affiliate,Partner Network,tablet,P006,7,5,5,1,1,0
2025-02-11,Affiliates,partners,affiliate,Partner Network,tablet,P007,12,9,8,2,1,1
2025-02-11,Affiliates,partners,affiliate,Partner Network,tablet,P008,16,13,12,2,1,1
2025-02-11,Affiliates,partners,affiliate,Partner Network,tablet,P009,11,8,7,2,1,0
2025-02-11,Affiliates,partners,affiliate,Partner Network,tablet,P010,16,12,11,2,1,1
2025-02-11,Affiliates,partners,affiliate,Partner Network,tablet,P011,10,8,7,1,1,0
2025-02-11,Affiliates,partners,affiliate,Partner Network,tablet,P012,15,12,10,2,1,1
2025-02-11,Paid Search,google,cpc,KSA Growth,mobile,P001,6,5,4,1,0,0
2025-02-11,Paid Search,google,cpc,KSA Growth,mobile,P002,10,9,7,1,1,1
2025-02-11,Paid Search,google,cpc,KSA Growth,mobile,P003,15,13,11,2,1,1
2025-02-11,Paid Search,google,cpc,KSA Growth,mobile,P004,10,8,7,1,1,1
2025-02-11,Paid Search,google,cpc,KSA Growth,mobile,P005,14,12,10,2,1,1
2025-02-11,Paid Search,google,cpc,KSA Growth,mobile,P006,9,7,6,1,1,1
2025-02-11,Paid Search,google,cpc,KSA Growth,mobile,P007,13,11,9,2,1,1
2025-02-11,Paid Search,google,cpc,KSA Growth,mobile,P008,8,7,6,1,1,0
2025-02-11,Paid Search,google,cpc,KSA Growth,mobile,P009,12,10,9,2,1,1
2025-02-11,Paid Search,google,cpc,KSA Growth,mobile,P010,7,6,5,1,1,0
2025-02-11,Paid Search,google,cpc,KSA Growth,mobile,P011,11,10,8,1,1,1
2025-02-11,Paid Search,google,cpc,KSA Growth,mobile,P012,6,5,4,1,0,0
2025-02-11,Paid Social,instagram,paid_social,Creator Offers,desktop,P001,6,5,5,1,1,0
2025-02-11,Paid Social,instagram,paid_social,Creator Offers,desktop,P002,9,7,7,2,1,1
2025-02-11,Paid Social,instagram,paid_social,Creator Offers,desktop,P003,5,4,4,1,1,0
2025-02-11,Paid Social,instagram,paid_social,Creator Offers,desktop,P004,9,6,6,2,1,1
2025-02-11,Paid Social,instagram,paid_social,Creator Offers,desktop,P005,5,4,4,1,0,0
2025-02-11,Paid Social,instagram,paid_social,Creator Offers,desktop,P006,8,6,6,2,1,1
2025-02-11,Paid Social,instagram,paid_social,Creator Offers,desktop,P007,4,3,3,1,0,0
2025-02-11,Paid Social,instagram,paid_social,Creator Offers,desktop,P008,7,5,5,2,1,1
2025-02-11,Paid Social,instagram,paid_social,Creator Offers,desktop,P009,10,8,8,2,1,1
2025-02-11,Paid Social,instagram,paid_social,Creator Offers,desktop,P010,7,5,5,1,1,0
2025-02-11,Paid Social,instagram,paid_social,Creator Offers,desktop,P011,10,7,7,2,1,1
2025-02-11,Paid Social,instagram,paid_social,Creator Offers,desktop,P012,6,5,4,1,1,0
2025-02-12,Organic Search,google,organic,Always-on SEO,mobile,P001,17,13,10,2,1,1
2025-02-12,Organic Search,google,organic,Always-on SEO,mobile,P002,10,8,7,2,1,1
2025-02-12,Organic Search,google,organic,Always-on SEO,mobile,P003,15,12,10,2,1,1
2025-02-12,Organic Search,google,organic,Always-on SEO,mobile,P004,9,7,6,1,1,0
2025-02-12,Organic Search,google,organic,Always-on SEO,mobile,P005,14,11,9,2,1,1
2025-02-12,Organic Search,google,organic,Always-on SEO,mobile,P006,8,7,5,1,1,0
2025-02-12,Organic Search,google,organic,Always-on SEO,mobile,P007,13,11,9,2,1,1
2025-02-12,Organic Search,google,organic,Always-on SEO,mobile,P008,7,6,5,1,1,0
2025-02-12,Organic Search,google,organic,Always-on SEO,mobile,P009,12,10,8,2,1,1
2025-02-12,Organic Search,google,organic,Always-on SEO,mobile,P010,18,14,11,3,1,1
2025-02-12,Organic Search,google,organic,Always-on SEO,mobile,P011,11,9,7,2,1,1
2025-02-12,Organic Search,google,organic,Always-on SEO,mobile,P012,17,13,10,2,1,1
2025-02-12,Direct,direct,none,Unassigned,desktop,P001,5,5,4,1,0,0
2025-02-12,Direct,direct,none,Unassigned,desktop,P002,9,8,7,1,1,1
2025-02-12,Direct,direct,none,Unassigned,desktop,P003,5,4,4,1,0,0
2025-02-12,Direct,direct,none,Unassigned,desktop,P004,8,7,6,1,1,0
2025-02-12,Direct,direct,none,Unassigned,desktop,P005,12,10,9,2,1,1
2025-02-12,Direct,direct,none,Unassigned,desktop,P006,8,7,6,1,1,0
2025-02-12,Direct,direct,none,Unassigned,desktop,P007,11,9,9,2,1,1
2025-02-12,Direct,direct,none,Unassigned,desktop,P008,7,6,5,1,1,0
2025-02-12,Direct,direct,none,Unassigned,desktop,P009,10,9,8,1,1,1
2025-02-12,Direct,direct,none,Unassigned,desktop,P010,6,5,5,1,0,0
2025-02-12,Direct,direct,none,Unassigned,desktop,P011,10,8,7,1,1,1
2025-02-12,Direct,direct,none,Unassigned,desktop,P012,5,5,4,1,0,0
2025-02-12,Email,newsletter,email,Lifecycle,tablet,P001,10,9,7,2,1,1
2025-02-12,Email,newsletter,email,Lifecycle,tablet,P002,15,13,10,2,1,1
2025-02-12,Email,newsletter,email,Lifecycle,tablet,P003,9,8,6,1,1,0
2025-02-12,Email,newsletter,email,Lifecycle,tablet,P004,14,12,9,2,1,1
2025-02-12,Email,newsletter,email,Lifecycle,tablet,P005,9,7,5,1,1,0
2025-02-12,Email,newsletter,email,Lifecycle,tablet,P006,13,11,9,2,1,1
2025-02-12,Email,newsletter,email,Lifecycle,tablet,P007,8,6,5,1,0,0
2025-02-12,Email,newsletter,email,Lifecycle,tablet,P008,12,11,8,2,1,1
2025-02-12,Email,newsletter,email,Lifecycle,tablet,P009,7,6,4,1,0,0
2025-02-12,Email,newsletter,email,Lifecycle,tablet,P010,11,10,7,2,1,1
2025-02-12,Email,newsletter,email,Lifecycle,tablet,P011,16,14,10,2,1,1
2025-02-12,Email,newsletter,email,Lifecycle,tablet,P012,10,9,7,1,1,0
2025-02-13,Paid Search,google,cpc,KSA Growth,desktop,P001,18,16,14,3,2,1
2025-02-13,Paid Search,google,cpc,KSA Growth,desktop,P002,12,11,9,2,1,1
2025-02-13,Paid Search,google,cpc,KSA Growth,desktop,P003,17,15,13,3,2,1
2025-02-13,Paid Search,google,cpc,KSA Growth,desktop,P004,11,10,8,2,1,1
2025-02-13,Paid Search,google,cpc,KSA Growth,desktop,P005,16,14,12,2,1,1
2025-02-13,Paid Search,google,cpc,KSA Growth,desktop,P006,10,9,7,1,1,1
2025-02-13,Paid Search,google,cpc,KSA Growth,desktop,P007,15,13,11,2,1,1
2025-02-13,Paid Search,google,cpc,KSA Growth,desktop,P008,8,8,6,1,1,1
2025-02-13,Paid Search,google,cpc,KSA Growth,desktop,P009,14,12,10,2,1,1
2025-02-13,Paid Search,google,cpc,KSA Growth,desktop,P010,7,7,6,1,1,1
2025-02-13,Paid Search,google,cpc,KSA Growth,desktop,P011,13,11,10,2,1,1
2025-02-13,Paid Search,google,cpc,KSA Growth,desktop,P012,18,16,14,3,2,1
2025-02-13,Paid Social,instagram,paid_social,Creator Offers,tablet,P001,8,6,6,1,1,0
2025-02-13,Paid Social,instagram,paid_social,Creator Offers,tablet,P002,13,10,10,2,1,1
2025-02-13,Paid Social,instagram,paid_social,Creator Offers,tablet,P003,7,6,6,1,1,0
2025-02-13,Paid Social,instagram,paid_social,Creator Offers,tablet,P004,12,9,9,2,1,1
2025-02-13,Paid Social,instagram,paid_social,Creator Offers,tablet,P005,6,5,5,1,0,0
2025-02-13,Paid Social,instagram,paid_social,Creator Offers,tablet,P006,11,9,8,2,1,1
2025-02-13,Paid Social,instagram,paid_social,Creator Offers,tablet,P007,15,12,12,2,1,1
2025-02-13,Paid Social,instagram,paid_social,Creator Offers,tablet,P008,10,8,8,1,1,1
2025-02-13,Paid Social,instagram,paid_social,Creator Offers,tablet,P009,14,11,11,2,1,1
2025-02-13,Paid Social,instagram,paid_social,Creator Offers,tablet,P010,9,7,7,1,1,0
2025-02-13,Paid Social,instagram,paid_social,Creator Offers,tablet,P011,13,11,10,2,1,1
2025-02-13,Paid Social,instagram,paid_social,Creator Offers,tablet,P012,8,6,6,1,1,0
2025-02-13,Affiliates,partners,affiliate,Partner Network,mobile,P001,9,7,6,1,1,1
2025-02-13,Affiliates,partners,affiliate,Partner Network,mobile,P002,13,11,9,2,1,1
2025-02-13,Affiliates,partners,affiliate,Partner Network,mobile,P003,8,7,6,1,1,0
2025-02-13,Affiliates,partners,affiliate,Partner Network,mobile,P004,12,10,8,2,1,1
2025-02-13,Affiliates,partners,affiliate,Partner Network,mobile,P005,8,6,5,1,1,0
2025-02-13,Affiliates,partners,affiliate,Partner Network,mobile,P006,12,9,8,1,1,1
2025-02-13,Affiliates,partners,affiliate,Partner Network,mobile,P007,7,6,5,1,0,0
2025-02-13,Affiliates,partners,affiliate,Partner Network,mobile,P008,11,9,7,1,1,1
2025-02-13,Affiliates,partners,affiliate,Partner Network,mobile,P009,6,5,4,1,0,0
2025-02-13,Affiliates,partners,affiliate,Partner Network,mobile,P010,10,8,7,1,1,1
2025-02-13,Affiliates,partners,affiliate,Partner Network,mobile,P011,5,4,3,1,0,0
2025-02-13,Affiliates,partners,affiliate,Partner Network,mobile,P012,9,7,6,1,1,1
2025-02-14,Direct,direct,none,Unassigned,tablet,P001,5,4,4,1,0,0
2025-02-14,Direct,direct,none,Unassigned,tablet,P002,8,7,7,1,1,1
2025-02-14,Direct,direct,none,Unassigned,tablet,P003,12,10,9,2,1,1
2025-02-14,Direct,direct,none,Unassigned,tablet,P004,8,7,6,1,1,1
2025-02-14,Direct,direct,none,Unassigned,tablet,P005,11,9,9,2,1,1
2025-02-14,Direct,direct,none,Unassigned,tablet,P006,7,6,5,1,1,0
2025-02-14,Direct,direct,none,Unassigned,tablet,P007,10,9,8,2,1,1
2025-02-14,Direct,direct,none,Unassigned,tablet,P008,6,5,5,1,0,0
2025-02-14,Direct,direct,none,Unassigned,tablet,P009,10,8,8,1,1,1
2025-02-14,Direct,direct,none,Unassigned,tablet,P010,6,5,4,1,0,0
2025-02-14,Direct,direct,none,Unassigned,tablet,P011,9,8,7,1,1,1
2025-02-14,Direct,direct,none,Unassigned,tablet,P012,5,4,4,1,0,0
2025-02-14,Email,newsletter,email,Lifecycle,mobile,P001,6,5,4,1,0,0
2025-02-14,Email,newsletter,email,Lifecycle,mobile,P002,10,8,7,1,1,1
2025-02-14,Email,newsletter,email,Lifecycle,mobile,P003,6,5,4,1,0,0
2025-02-14,Email,newsletter,email,Lifecycle,mobile,P004,9,8,6,1,1,1
2025-02-14,Email,newsletter,email,Lifecycle,mobile,P005,5,4,4,1,0,0
2025-02-14,Email,newsletter,email,Lifecycle,mobile,P006,8,7,6,1,1,0
2025-02-14,Email,newsletter,email,Lifecycle,mobile,P007,5,4,3,0,0,0
2025-02-14,Email,newsletter,email,Lifecycle,mobile,P008,8,7,5,1,0,0
2025-02-14,Email,newsletter,email,Lifecycle,mobile,P009,11,9,8,1,1,1
2025-02-14,Email,newsletter,email,Lifecycle,mobile,P010,7,6,5,1,0,0
2025-02-14,Email,newsletter,email,Lifecycle,mobile,P011,10,9,7,1,1,1
2025-02-14,Email,newsletter,email,Lifecycle,mobile,P012,6,5,4,1,0,0
2025-02-14,Organic Search,google,organic,Always-on SEO,desktop,P001,14,12,10,2,1,1
2025-02-14,Organic Search,google,organic,Always-on SEO,desktop,P002,7,6,5,1,1,0
2025-02-14,Organic Search,google,organic,Always-on SEO,desktop,P003,13,11,9,2,1,1
2025-02-14,Organic Search,google,organic,Always-on SEO,desktop,P004,18,16,12,3,1,1
2025-02-14,Organic Search,google,organic,Always-on SEO,desktop,P005,11,10,8,2,1,1
2025-02-14,Organic Search,google,organic,Always-on SEO,desktop,P006,17,15,12,3,1,1
2025-02-14,Organic Search,google,organic,Always-on SEO,desktop,P007,10,9,7,2,1,0
2025-02-14,Organic Search,google,organic,Always-on SEO,desktop,P008,16,14,11,2,1,1
2025-02-14,Organic Search,google,organic,Always-on SEO,desktop,P009,9,8,7,2,1,0
2025-02-14,Organic Search,google,organic,Always-on SEO,desktop,P010,15,13,10,2,1,1
2025-02-14,Organic Search,google,organic,Always-on SEO,desktop,P011,8,7,6,1,1,0
2025-02-14,Organic Search,google,organic,Always-on SEO,desktop,P012,14,12,9,2,1,1
2025-02-15,Paid Social,instagram,paid_social,Creator Offers,mobile,P001,5,4,4,1,0,0
2025-02-15,Paid Social,instagram,paid_social,Creator Offers,mobile,P002,8,7,6,1,1,1
2025-02-15,Paid Social,instagram,paid_social,Creator Offers,mobile,P003,4,4,4,1,0,0
2025-02-15,Paid Social,instagram,paid_social,Creator Offers,mobile,P004,7,7,6,1,1,0
2025-02-15,Paid Social,instagram,paid_social,Creator Offers,mobile,P005,10,9,8,2,1,1
2025-02-15,Paid Social,instagram,paid_social,Creator Offers,mobile,P006,7,6,5,1,1,0
2025-02-15,Paid Social,instagram,paid_social,Creator Offers,mobile,P007,10,9,8,2,1,1
2025-02-15,Paid Social,instagram,paid_social,Creator Offers,mobile,P008,6,6,5,1,0,0
2025-02-15,Paid Social,instagram,paid_social,Creator Offers,mobile,P009,9,8,7,1,1,1
2025-02-15,Paid Social,instagram,paid_social,Creator Offers,mobile,P010,6,5,5,1,0,0
2025-02-15,Paid Social,instagram,paid_social,Creator Offers,mobile,P011,9,8,7,1,1,1
2025-02-15,Paid Social,instagram,paid_social,Creator Offers,mobile,P012,5,4,4,1,0,0
2025-02-15,Affiliates,partners,affiliate,Partner Network,desktop,P001,8,7,6,2,1,1
2025-02-15,Affiliates,partners,affiliate,Partner Network,desktop,P002,12,9,9,2,1,1
2025-02-15,Affiliates,partners,affiliate,Partner Network,desktop,P003,8,6,5,1,1,0
2025-02-15,Affiliates,partners,affiliate,Partner Network,desktop,P004,12,9,8,2,1,1
2025-02-15,Affiliates,partners,affiliate,Partner Network,desktop,P005,7,5,5,1,1,0
2025-02-15,Affiliates,partners,affiliate,Partner Network,desktop,P006,11,8,8,2,1,1
2025-02-15,Affiliates,partners,affiliate,Partner Network,desktop,P007,6,5,4,1,1,0
2025-02-15,Affiliates,partners,affiliate,Partner Network,desktop,P008,10,8,7,2,1,1
2025-02-15,Affiliates,partners,affiliate,Partner Network,desktop,P009,5,4,4,1,1,0
2025-02-15,Affiliates,partners,affiliate,Partner Network,desktop,P010,9,7,6,2,1,1
2025-02-15,Affiliates,partners,affiliate,Partner Network,desktop,P011,13,10,9,2,2,1
2025-02-15,Affiliates,partners,affiliate,Partner Network,desktop,P012,8,6,6,2,1,1
2025-02-15,Paid Search,google,cpc,KSA Growth,tablet,P001,12,9,8,2,1,1
2025-02-15,Paid Search,google,cpc,KSA Growth,tablet,P002,7,5,5,1,1,0
2025-02-15,Paid Search,google,cpc,KSA Growth,tablet,P003,11,8,8,2,1,1
2025-02-15,Paid Search,google,cpc,KSA Growth,tablet,P004,6,4,4,1,1,0
2025-02-15,Paid Search,google,cpc,KSA Growth,tablet,P005,10,8,7,2,1,1
2025-02-15,Paid Search,google,cpc,KSA Growth,tablet,P006,14,11,10,3,2,1
2025-02-15,Paid Search,google,cpc,KSA Growth,tablet,P007,9,7,7,2,1,1
2025-02-15,Paid Search,google,cpc,KSA Growth,tablet,P008,13,10,9,3,2,1
2025-02-15,Paid Search,google,cpc,KSA Growth,tablet,P009,8,6,6,2,1,0
2025-02-15,Paid Search,google,cpc,KSA Growth,tablet,P010,12,9,9,2,1,1
2025-02-15,Paid Search,google,cpc,KSA Growth,tablet,P011,7,6,5,2,1,0
2025-02-15,Paid Search,google,cpc,KSA Growth,tablet,P012,11,9,8,2,1,1
2025-02-16,Email,newsletter,email,Lifecycle,desktop,P001,7,6,5,1,1,0
2025-02-16,Email,newsletter,email,Lifecycle,desktop,P002,11,9,7,1,1,1
2025-02-16,Email,newsletter,email,Lifecycle,desktop,P003,6,5,4,1,0,0
2025-02-16,Email,newsletter,email,Lifecycle,desktop,P004,10,8,6,1,1,1
2025-02-16,Email,newsletter,email,Lifecycle,desktop,P005,5,4,4,1,0,0
2025-02-16,Email,newsletter,email,Lifecycle,desktop,P006,9,7,6,1,1,0
2025-02-16,Email,newsletter,email,Lifecycle,desktop,P007,13,11,8,2,1,1
2025-02-16,Email,newsletter,email,Lifecycle,desktop,P008,8,7,5,1,1,0
2025-02-16,Email,newsletter,email,Lifecycle,desktop,P009,12,10,8,1,1,1
2025-02-16,Email,newsletter,email,Lifecycle,desktop,P010,8,6,5,1,1,0
2025-02-16,Email,newsletter,email,Lifecycle,desktop,P011,12,9,7,1,1,1
2025-02-16,Email,newsletter,email,Lifecycle,desktop,P012,7,6,5,1,0,0
2025-02-16,Organic Search,google,organic,Always-on SEO,tablet,P001,11,9,7,2,1,1
2025-02-16,Organic Search,google,organic,Always-on SEO,tablet,P002,15,13,10,2,1,1
2025-02-16,Organic Search,google,organic,Always-on SEO,tablet,P003,10,8,7,1,1,0
2025-02-16,Organic Search,google,organic,Always-on SEO,tablet,P004,14,12,9,2,1,1
2025-02-16,Organic Search,google,organic,Always-on SEO,tablet,P005,9,8,6,1,1,0
2025-02-16,Organic Search,google,organic,Always-on SEO,tablet,P006,14,11,9,2,1,1
2025-02-16,Organic Search,google,organic,Always-on SEO,tablet,P007,8,7,5,1,1,0
2025-02-16,Organic Search,google,organic,Always-on SEO,tablet,P008,13,11,8,2,1,1
2025-02-16,Organic Search,google,organic,Always-on SEO,tablet,P009,7,6,5,1,0,0
2025-02-16,Organic Search,google,organic,Always-on SEO,tablet,P010,12,10,8,2,1,1
2025-02-16,Organic Search,google,organic,Always-on SEO,tablet,P011,6,5,4,1,0,0
2025-02-16,Organic Search,google,organic,Always-on SEO,tablet,P012,11,9,7,1,1,0
2025-02-16,Direct,direct,none,Unassigned,mobile,P001,12,10,8,2,1,1
2025-02-16,Direct,direct,none,Unassigned,mobile,P002,7,6,5,1,1,0
2025-02-16,Direct,direct,none,Unassigned,mobile,P003,12,9,8,1,1,1
2025-02-16,Direct,direct,none,Unassigned,mobile,P004,7,5,4,1,0,0
2025-02-16,Direct,direct,none,Unassigned,mobile,P005,11,9,7,1,1,1
2025-02-16,Direct,direct,none,Unassigned,mobile,P006,6,5,4,1,0,0
2025-02-16,Direct,direct,none,Unassigned,mobile,P007,10,8,6,1,1,1
2025-02-16,Direct,direct,none,Unassigned,mobile,P008,14,11,9,2,1,1
2025-02-16,Direct,direct,none,Unassigned,mobile,P009,9,7,6,1,1,1
2025-02-16,Direct,direct,none,Unassigned,mobile,P010,13,11,9,2,1,1
2025-02-16,Direct,direct,none,Unassigned,mobile,P011,8,7,5,1,1,0
2025-02-16,Direct,direct,none,Unassigned,mobile,P012,12,10,8,2,1,1
2025-02-17,Affiliates,partners,affiliate,Partner Network,tablet,P001,7,5,5,1,1,0
2025-02-17,Affiliates,partners,affiliate,Partner Network,tablet,P002,10,8,7,1,1,1
2025-02-17,Affiliates,partners,affiliate,Partner Network,tablet,P003,6,5,4,1,0,0
2025-02-17,Affiliates,partners,affiliate,Partner Network,tablet,P004,10,8,6,1,1,1
2025-02-17,Affiliates,partners,affiliate,Partner Network,tablet,P005,5,4,4,1,0,0
2025-02-17,Affiliates,partners,affiliate,Partner Network,tablet,P006,9,7,6,1,1,1
2025-02-17,Affiliates,partners,affiliate,Partner Network,tablet,P007,5,4,3,1,0,0
2025-02-17,Affiliates,partners,affiliate,Partner Network,tablet,P008,8,6,6,1,1,1
2025-02-17,Affiliates,partners,affiliate,Partner Network,tablet,P009,12,9,8,2,1,1
2025-02-17,Affiliates,partners,affiliate,Partner Network,tablet,P010,7,6,5,1,1,0
2025-02-17,Affiliates,partners,affiliate,Partner Network,tablet,P011,11,9,7,2,1,1
2025-02-17,Affiliates,partners,affiliate,Partner Network,tablet,P012,7,5,5,1,0,0
2025-02-17,Paid Search,google,cpc,KSA Growth,mobile,P001,14,13,11,3,2,1
2025-02-17,Paid Search,google,cpc,KSA Growth,mobile,P002,8,7,6,2,1,1
2025-02-17,Paid Search,google,cpc,KSA Growth,mobile,P003,13,12,10,3,2,1
2025-02-17,Paid Search,google,cpc,KSA Growth,mobile,P004,19,16,14,4,2,1
2025-02-17,Paid Search,google,cpc,KSA Growth,mobile,P005,12,11,9,2,2,1
2025-02-17,Paid Search,google,cpc,KSA Growth,mobile,P006,18,15,13,4,2,1
2025-02-17,Paid Search,google,cpc,KSA Growth,mobile,P007,11,10,8,2,1,1
2025-02-17,Paid Search,google,cpc,KSA Growth,mobile,P008,17,14,12,3,2,1
2025-02-17,Paid Search,google,cpc,KSA Growth,mobile,P009,10,9,7,2,1,1
2025-02-17,Paid Search,google,cpc,KSA Growth,mobile,P010,15,13,11,3,2,1
2025-02-17,Paid Search,google,cpc,KSA Growth,mobile,P011,9,8,7,2,1,1
2025-02-17,Paid Search,google,cpc,KSA Growth,mobile,P012,14,12,11,3,2,1
2025-02-17,Paid Social,instagram,paid_social,Creator Offers,desktop,P001,13,9,9,2,1,1
2025-02-17,Paid Social,instagram,paid_social,Creator Offers,desktop,P002,8,6,6,1,1,0
2025-02-17,Paid Social,instagram,paid_social,Creator Offers,desktop,P003,12,9,9,2,1,1
2025-02-17,Paid Social,instagram,paid_social,Creator Offers,desktop,P004,7,5,5,1,1,0
2025-02-17,Paid Social,instagram,paid_social,Creator Offers,desktop,P005,11,8,8,2,1,1
2025-02-17,Paid Social,instagram,paid_social,Creator Offers,desktop,P006,6,5,5,1,0,0
2025-02-17,Paid Social,instagram,paid_social,Creator Offers,desktop,P007,10,8,7,2,1,1
2025-02-17,Paid Social,instagram,paid_social,Creator Offers,desktop,P008,6,4,4,1,0,0
2025-02-17,Paid Social,instagram,paid_social,Creator Offers,desktop,P009,10,7,7,2,1,0
2025-02-17,Paid Social,instagram,paid_social,Creator Offers,desktop,P010,13,10,10,2,1,1
2025-02-17,Paid Social,instagram,paid_social,Creator Offers,desktop,P011,9,7,6,2,1,0
2025-02-17,Paid Social,instagram,paid_social,Creator Offers,desktop,P012,13,9,9,2,1,1
2025-02-18,Organic Search,google,organic,Always-on SEO,mobile,P001,7,6,5,1,0,0
2025-02-18,Organic Search,google,organic,Always-on SEO,mobile,P002,9,8,7,1,1,1
2025-02-18,Organic Search,google,organic,Always-on SEO,mobile,P003,6,5,4,1,0,0
2025-02-18,Organic Search,google,organic,Always-on SEO,mobile,P004,9,8,6,1,1,1
2025-02-18,Organic Search,google,organic,Always-on SEO,mobile,P005,5,4,4,1,0,0
2025-02-18,Organic Search,google,organic,Always-on SEO,mobile,P006,8,7,6,1,1,1
2025-02-18,Organic Search,google,organic,Always-on SEO,mobile,P007,5,4,3,1,0,0
2025-02-18,Organic Search,google,organic,Always-on SEO,mobile,P008,8,7,5,1,1,0
2025-02-18,Organic Search,google,organic,Always-on SEO,mobile,P009,4,3,3,1,0,0
2025-02-18,Organic Search,google,organic,Always-on SEO,mobile,P010,7,6,5,1,0,0
2025-02-18,Organic Search,google,organic,Always-on SEO,mobile,P011,10,9,7,1,1,1
2025-02-18,Organic Search,google,organic,Always-on SEO,mobile,P012,7,5,4,1,0,0
2025-02-18,Direct,direct,none,Unassigned,desktop,P001,12,10,9,2,1,1
2025-02-18,Direct,direct,none,Unassigned,desktop,P002,7,5,5,1,0,0
2025-02-18,Direct,direct,none,Unassigned,desktop,P003,12,9,8,2,1,1
2025-02-18,Direct,direct,none,Unassigned,desktop,P004,6,5,5,1,0,0
2025-02-18,Direct,direct,none,Unassigned,desktop,P005,11,8,8,2,1,1
2025-02-18,Direct,direct,none,Unassigned,desktop,P006,15,12,11,2,1,1
2025-02-18,Direct,direct,none,Unassigned,desktop,P007,10,8,7,2,1,0
2025-02-18,Direct,direct,none,Unassigned,desktop,P008,14,11,10,2,1,1
2025-02-18,Direct,direct,none,Unassigned,desktop,P009,9,7,7,1,1,0
2025-02-18,Direct,direct,none,Unassigned,desktop,P010,13,10,10,2,1,1
2025-02-18,Direct,direct,none,Unassigned,desktop,P011,8,6,6,1,0,0
2025-02-18,Direct,direct,none,Unassigned,desktop,P012,12,10,9,2,1,1
2025-02-18,Email,newsletter,email,Lifecycle,tablet,P001,10,8,6,1,1,1
2025-02-18,Email,newsletter,email,Lifecycle,tablet,P002,6,5,4,1,0,0
2025-02-18,Email,newsletter,email,Lifecycle,tablet,P003,9,7,6,1,1,1
2025-02-18,Email,newsletter,email,Lifecycle,tablet,P004,6,5,4,1,0,0
2025-02-18,Email,newsletter,email,Lifecycle,tablet,P005,8,7,6,1,1,1
2025-02-18,Email,newsletter,email,Lifecycle,tablet,P006,5,4,3,1,0,0
2025-02-18,Email,newsletter,email,Lifecycle,tablet,P007,8,6,5,1,1,0
2025-02-18,Email,newsletter,email,Lifecycle,tablet,P008,4,4,3,0,0,0
2025-02-18,Email,newsletter,email,Lifecycle,tablet,P009,7,6,5,1,0,0
2025-02-18,Email,newsletter,email,Lifecycle,tablet,P010,4,3,3,0,0,0
2025-02-18,Email,newsletter,email,Lifecycle,tablet,P011,7,5,4,1,0,0
2025-02-18,Email,newsletter,email,Lifecycle,tablet,P012,10,8,6,1,1,1
2025-02-19,Paid Search,google,cpc,KSA Growth,desktop,P001,8,6,6,2,1,1
2025-02-19,Paid Search,google,cpc,KSA Growth,desktop,P002,12,9,9,2,1,1
2025-02-19,Paid Search,google,cpc,KSA Growth,desktop,P003,7,6,6,1,1,1
2025-02-19,Paid Search,google,cpc,KSA Growth,desktop,P004,11,9,9,2,1,1
2025-02-19,Paid Search,google,cpc,KSA Growth,desktop,P005,7,5,5,1,1,0
2025-02-19,Paid Search,google,cpc,KSA Growth,desktop,P006,10,8,8,2,1,1
2025-02-19,Paid Search,google,cpc,KSA Growth,desktop,P007,6,5,5,1,1,0
2025-02-19,Paid Search,google,cpc,KSA Growth,desktop,P008,9,7,8,2,1,1
2025-02-19,Paid Search,google,cpc,KSA Growth,desktop,P009,5,4,4,1,1,0
2025-02-19,Paid Search,google,cpc,KSA Growth,desktop,P010,9,7,7,2,1,1
2025-02-19,Paid Search,google,cpc,KSA Growth,desktop,P011,5,4,4,1,0,0
2025-02-19,Paid Search,google,cpc,KSA Growth,desktop,P012,8,6,6,1,1,1
2025-02-19,Paid Social,instagram,paid_social,Creator Offers,tablet,P001,12,10,9,2,2,1
2025-02-19,Paid Social,instagram,paid_social,Creator Offers,tablet,P002,7,6,6,2,1,1
2025-02-19,Paid Social,instagram,paid_social,Creator Offers,tablet,P003,11,9,9,2,1,1
2025-02-19,Paid Social,instagram,paid_social,Creator Offers,tablet,P004,6,5,5,1,1,1
2025-02-19,Paid Social,instagram,paid_social,Creator Offers,tablet,P005,10,9,8,2,1,1
2025-02-19,Paid Social,instagram,paid_social,Creator Offers,tablet,P006,5,5,4,1,1,0
2025-02-19,Paid Social,instagram,paid_social,Creator Offers,tablet,P007,9,8,8,2,1,1
2025-02-19,Paid Social,instagram,paid_social,Creator Offers,tablet,P008,13,11,11,3,2,1
2025-02-19,Paid Social,instagram,paid_social,Creator Offers,tablet,P009,8,7,7,2,1,1
2025-02-19,Paid Social,instagram,paid_social,Creator Offers,tablet,P010,12,11,10,3,2,1
2025-02-19,Paid Social,instagram,paid_social,Creator Offers,tablet,P011,8,7,6,2,1,1
2025-02-19,Paid Social,instagram,paid_social,Creator Offers,tablet,P012,12,10,9,2,2,1
2025-02-19,Affiliates,partners,affiliate,Partner Network,mobile,P001,4,3,3,0,0,0
2025-02-19,Affiliates,partners,affiliate,Partner Network,mobile,P002,7,6,4,1,0,0
2025-02-19,Affiliates,partners,affiliate,Partner Network,mobile,P003,10,8,6,1,1,1
2025-02-19,Affiliates,partners,affiliate,Partner Network,mobile,P004,6,5,4,1,0,0
2025-02-19,Affiliates,partners,affiliate,Partner Network,mobile,P005,9,7,6,1,1,1
2025-02-19,Affiliates,partners,affiliate,Partner Network,mobile,P006,6,5,4,1,0,0
2025-02-19,Affiliates,partners,affiliate,Partner Network,mobile,P007,8,7,6,1,1,1
2025-02-19,Affiliates,partners,affiliate,Partner Network,mobile,P008,5,4,3,1,0,0
2025-02-19,Affiliates,partners,affiliate,Partner Network,mobile,P009,8,7,5,1,1,1
2025-02-19,Affiliates,partners,affiliate,Partner Network,mobile,P010,4,4,3,1,0,0
2025-02-19,Affiliates,partners,affiliate,Partner Network,mobile,P011,7,6,5,1,1,0
2025-02-19,Affiliates,partners,affiliate,Partner Network,mobile,P012,4,3,3,0,0,0
2025-02-20,Direct,direct,none,Unassigned,tablet,P001,9,7,6,2,1,1
2025-02-20,Direct,direct,none,Unassigned,tablet,P002,5,4,3,1,0,0
2025-02-20,Direct,direct,none,Unassigned,tablet,P003,8,6,5,1,1,0
2025-02-20,Direct,direct,none,Unassigned,tablet,P004,11,9,7,2,1,1
2025-02-20,Direct,direct,none,Unassigned,tablet,P005,7,6,5,1,1,0
2025-02-20,Direct,direct,none,Unassigned,tablet,P006,10,9,7,2,1,1
2025-02-20,Direct,direct,none,Unassigned,tablet,P007,7,5,4,1,1,0
2025-02-20,Direct,direct,none,Unassigned,tablet,P008,10,8,6,2,1,1
2025-02-20,Direct,direct,none,Unassigned,tablet,P009,6,5,4,1,1,0
2025-02-20,Direct,direct,none,Unassigned,tablet,P010,9,8,6,2,1,1
2025-02-20,Direct,direct,none,Unassigned,tablet,P011,5,4,3,1,0,0
2025-02-20,Direct,direct,none,Unassigned,tablet,P012,8,7,6,1,1,1
2025-02-20,Email,newsletter,email,Lifecycle,mobile,P001,17,14,13,3,2,1
2025-02-20,Email,newsletter,email,Lifecycle,mobile,P002,10,9,8,2,1,1
2025-02-20,Email,newsletter,email,Lifecycle,mobile,P003,16,13,12,3,2,1
2025-02-20,Email,newsletter,email,Lifecycle,mobile,P004,9,8,7,2,1,1
2025-02-20,Email,newsletter,email,Lifecycle,mobile,P005,14,13,11,3,2,1
2025-02-20,Email,newsletter,email,Lifecycle,mobile,P006,8,7,6,2,1,1
2025-02-20,Email,newsletter,email,Lifecycle,mobile,P007,13,12,10,3,2,1
2025-02-20,Email,newsletter,email,Lifecycle,mobile,P008,7,6,6,1,1,0
2025-02-20,Email,newsletter,email,Lifecycle,mobile,P009,12,11,10,3,1,1
2025-02-20,Email,newsletter,email,Lifecycle,mobile,P010,18,15,14,4,2,1
2025-02-20,Email,newsletter,email,Lifecycle,mobile,P011,11,10,9,2,1,1
2025-02-20,Email,newsletter,email,Lifecycle,mobile,P012,17,14,13,3,2,1
2025-02-20,Organic Search,google,organic,Always-on SEO,desktop,P001,5,4,4,1,1,0
2025-02-20,Organic Search,google,organic,Always-on SEO,desktop,P002,8,7,6,2,1,1
2025-02-20,Organic Search,google,organic,Always-on SEO,desktop,P003,4,4,4,1,0,0
2025-02-20,Organic Search,google,organic,Always-on SEO,desktop,P004,8,6,6,2,1,1
2025-02-20,Organic Search,google,organic,Always-on SEO,desktop,P005,11,9,8,2,1,1
2025-02-20,Organic Search,google,organic,Always-on SEO,desktop,P006,7,6,5,2,1,1
2025-02-20,Organic Search,google,organic,Always-on SEO,desktop,P007,10,9,8,2,1,1
2025-02-20,Organic Search,google,organic,Always-on SEO,desktop,P008,6,5,5,2,1,0
2025-02-20,Organic Search,google,organic,Always-on SEO,desktop,P009,9,8,7,2,1,1
2025-02-20,Organic Search,google,organic,Always-on SEO,desktop,P010,6,5,4,1,1,0
2025-02-20,Organic Search,google,organic,Always-on SEO,desktop,P011,9,8,7,2,1,1
2025-02-20,Organic Search,google,organic,Always-on SEO,desktop,P012,5,4,4,1,0,0
2025-02-21,Paid Social,instagram,paid_social,Creator Offers,mobile,P001,10,8,7,2,1,1
2025-02-21,Paid Social,instagram,paid_social,Creator Offers,mobile,P002,6,4,4,1,1,0
2025-02-21,Paid Social,instagram,paid_social,Creator Offers,mobile,P003,10,7,7,1,1,1
2025-02-21,Paid Social,instagram,paid_social,Creator Offers,mobile,P004,5,4,3,1,0,0
2025-02-21,Paid Social,instagram,paid_social,Creator Offers,mobile,P005,9,7,6,1,1,1
2025-02-21,Paid Social,instagram,paid_social,Creator Offers,mobile,P006,13,9,9,2,1,1
2025-02-21,Paid Social,instagram,paid_social,Creator Offers,mobile,P007,8,6,6,1,1,1
2025-02-21,Paid Social,instagram,paid_social,Creator Offers,mobile,P008,12,9,8,2,1,1
2025-02-21,Paid Social,instagram,paid_social,Creator Offers,mobile,P009,8,6,5,1,1,0
2025-02-21,Paid Social,instagram,paid_social,Creator Offers,mobile,P010,11,8,8,2,1,1
2025-02-21,Paid Social,instagram,paid_social,Creator Offers,mobile,P011,7,5,5,1,1,0
2025-02-21,Paid Social,instagram,paid_social,Creator Offers,mobile,P012,10,8,7,2,1,1
2025-02-21,Affiliates,partners,affiliate,Partner Network,desktop,P001,12,10,10,3,2,1
2025-02-21,Affiliates,partners,affiliate,Partner Network,desktop,P002,8,7,6,2,1,1
2025-02-21,Affiliates,partners,affiliate,Partner Network,desktop,P003,11,10,9,3,2,1
2025-02-21,Affiliates,partners,affiliate,Partner Network,desktop,P004,7,6,6,2,1,1
2025-02-21,Affiliates,partners,affiliate,Partner Network,desktop,P005,11,9,9,2,1,1
2025-02-21,Affiliates,partners,affiliate,Partner Network,desktop,P006,6,5,5,1,1,1
2025-02-21,Affiliates,partners,affiliate,Partner Network,desktop,P007,10,9,8,2,1,1
2025-02-21,Affiliates,partners,affiliate,Partner Network,desktop,P008,6,5,5,1,1,0
2025-02-21,Affiliates,partners,affiliate,Partner Network,desktop,P009,9,8,8,2,1,1
2025-02-21,Affiliates,partners,affiliate,Partner Network,desktop,P010,5,4,4,1,1,0
2025-02-21,Affiliates,partners,affiliate,Partner Network,desktop,P011,9,7,7,2,1,1
2025-02-21,Affiliates,partners,affiliate,Partner Network,desktop,P012,12,10,10,3,2,1
2025-02-21,Paid Search,google,cpc,KSA Growth,tablet,P001,6,4,5,1,0,0
2025-02-21,Paid Search,google,cpc,KSA Growth,tablet,P002,9,7,7,1,1,1
2025-02-21,Paid Search,google,cpc,KSA Growth,tablet,P003,5,4,4,1,0,0
2025-02-21,Paid Search,google,cpc,KSA Growth,tablet,P004,9,6,7,1,1,1
2025-02-21,Paid Search,google,cpc,KSA Growth,tablet,P005,5,4,3,1,0,0
2025-02-21,Paid Search,google,cpc,KSA Growth,tablet,P006,8,6,6,1,1,0
2025-02-21,Paid Search,google,cpc,KSA Growth,tablet,P007,12,8,9,2,1,1
2025-02-21,Paid Search,google,cpc,KSA Growth,tablet,P008,7,5,6,1,1,0
2025-02-21,Paid Search,google,cpc,KSA Growth,tablet,P009,11,8,8,1,1,1
2025-02-21,Paid Search,google,cpc,KSA Growth,tablet,P010,7,5,5,1,1,0
2025-02-21,Paid Search,google,cpc,KSA Growth,tablet,P011,10,7,8,1,1,1
2025-02-21,Paid Search,google,cpc,KSA Growth,tablet,P012,6,4,4,1,0,0
2025-02-22,Email,newsletter,email,Lifecycle,desktop,P001,8,6,6,1,1,1
2025-02-22,Email,newsletter,email,Lifecycle,desktop,P002,5,4,4,1,0,0
2025-02-22,Email,newsletter,email,Lifecycle,desktop,P003,7,6,5,1,1,1
2025-02-22,Email,newsletter,email,Lifecycle,desktop,P004,4,3,3,1,0,0
2025-02-22,Email,newsletter,email,Lifecycle,desktop,P005,7,6,5,1,1,0
2025-02-22,Email,newsletter,email,Lifecycle,desktop,P006,4,3,3,1,0,0
2025-02-22,Email,newsletter,email,Lifecycle,desktop,P007,6,5,5,1,1,0
2025-02-22,Email,newsletter,email,Lifecycle,desktop,P008,9,7,7,1,1,1
2025-02-22,Email,newsletter,email,Lifecycle,desktop,P009,6,5,4,1,0,0
2025-02-22,Email,newsletter,email,Lifecycle,desktop,P010,8,7,6,1,1,1
2025-02-22,Email,newsletter,email,Lifecycle,desktop,P011,5,4,4,1,0,0
2025-02-22,Email,newsletter,email,Lifecycle,desktop,P012,8,6,6,1,1,1
2025-02-22,Organic Search,google,organic,Always-on SEO,tablet,P001,8,7,5,1,1,0
2025-02-22,Organic Search,google,organic,Always-on SEO,tablet,P002,14,12,9,2,1,1
2025-02-22,Organic Search,google,organic,Always-on SEO,tablet,P003,19,16,13,3,1,1
2025-02-22,Organic Search,google,organic,Always-on SEO,tablet,P004,12,11,8,2,1,1
2025-02-22,Organic Search,google,organic,Always-on SEO,tablet,P005,18,15,12,2,1,1
2025-02-22,Organic Search,google,organic,Always-on SEO,tablet,P006,11,10,8,1,1,1
2025-02-22,Organic Search,google,organic,Always-on SEO,tablet,P007,17,15,11,2,1,1
2025-02-22,Organic Search,google,organic,Always-on SEO,tablet,P008,10,9,7,1,1,0
2025-02-22,Organic Search,google,organic,Always-on SEO,tablet,P009,16,14,10,2,1,1
2025-02-22,Organic Search,google,organic,Always-on SEO,tablet,P010,9,8,6,1,1,0
2025-02-22,Organic Search,google,organic,Always-on SEO,tablet,P011,15,13,10,2,1,1
2025-02-22,Organic Search,google,organic,Always-on SEO,tablet,P012,8,7,5,1,0,0
2025-02-22,Direct,direct,none,Unassigned,mobile,P001,7,6,5,1,1,1
2025-02-22,Direct,direct,none,Unassigned,mobile,P002,11,9,8,2,1,1
2025-02-22,Direct,direct,none,Unassigned,mobile,P003,6,6,5,1,1,0
2025-02-22,Direct,direct,none,Unassigned,mobile,P004,10,9,7,2,1,1
2025-02-22,Direct,direct,none,Unassigned,mobile,P005,6,5,4,1,0,0
2025-02-22,Direct,direct,none,Unassigned,mobile,P006,9,8,7,1,1,1
2025-02-22,Direct,direct,none,Unassigned,mobile,P007,5,4,4,1,0,0
2025-02-22,Direct,direct,none,Unassigned,mobile,P008,9,7,6,1,1,1
2025-02-22,Direct,direct,none,Unassigned,mobile,P009,12,11,9,2,1,1
2025-02-22,Direct,direct,none,Unassigned,mobile,P010,8,7,6,1,1,1
2025-02-22,Direct,direct,none,Unassigned,mobile,P011,12,10,9,2,1,1
2025-02-22,Direct,direct,none,Unassigned,mobile,P012,7,6,5,1,1,0
2025-02-23,Affiliates,partners,affiliate,Partner Network,tablet,P001,15,12,10,2,1,1
2025-02-23,Affiliates,partners,affiliate,Partner Network,tablet,P002,10,8,6,2,1,0
2025-02-23,Affiliates,partners,affiliate,Partner Network,tablet,P003,14,12,9,2,1,1
2025-02-23,Affiliates,partners,affiliate,Partner Network,tablet,P004,9,7,6,1,1,0
2025-02-23,Affiliates,partners,affiliate,Partner Network,tablet,P005,14,11,9,2,1,1
2025-02-23,Affiliates,partners,affiliate,Partner Network,tablet,P006,8,6,5,1,1,0
2025-02-23,Affiliates,partners,affiliate,Partner Network,tablet,P007,13,10,8,2,1,1
2025-02-23,Affiliates,partners,affiliate,Partner Network,tablet,P008,7,6,4,1,1,0
2025-02-23,Affiliates,partners,affiliate,Partner Network,tablet,P009,12,9,7,2,1,1
2025-02-23,Affiliates,partners,affiliate,Partner Network,tablet,P010,16,13,11,2,2,1
2025-02-23,Affiliates,partners,affiliate,Partner Network,tablet,P011,11,9,7,2,1,1
2025-02-23,Affiliates,partners,affiliate,Partner Network,tablet,P012,15,12,10,2,1,1
2025-02-23,Paid Search,google,cpc,KSA Growth,mobile,P001,7,6,4,1,1,0
2025-02-23,Paid Search,google,cpc,KSA Growth,mobile,P002,11,9,7,2,1,1
2025-02-23,Paid Search,google,cpc,KSA Growth,mobile,P003,6,5,4,1,0,0
2025-02-23,Paid Search,google,cpc,KSA Growth,mobile,P004,10,8,6,2,1,1
2025-02-23,Paid Search,google,cpc,KSA Growth,mobile,P005,14,12,9,2,1,1
2025-02-23,Paid Search,google,cpc,KSA Growth,mobile,P006,9,8,6,1,1,1
2025-02-23,Paid Search,google,cpc,KSA Growth,mobile,P007,13,11,9,2,1,1
2025-02-23,Paid Search,google,cpc,KSA Growth,mobile,P008,8,7,5,1,1,1
2025-02-23,Paid Search,google,cpc,KSA Growth,mobile,P009,12,10,8,2,1,1
2025-02-23,Paid Search,google,cpc,KSA Growth,mobile,P010,7,6,5,1,1,0
2025-02-23,Paid Search,google,cpc,KSA Growth,mobile,P011,11,10,8,2,1,1
2025-02-23,Paid Search,google,cpc,KSA Growth,mobile,P012,7,6,4,1,1,0
2025-02-23,Paid Social,instagram,paid_social,Creator Offers,desktop,P001,7,5,5,1,1,0
2025-02-23,Paid Social,instagram,paid_social,Creator Offers,desktop,P002,10,7,7,2,1,1
2025-02-23,Paid Social,instagram,paid_social,Creator Offers,desktop,P003,6,4,4,1,1,0
2025-02-23,Paid Social,instagram,paid_social,Creator Offers,desktop,P004,9,7,7,2,1,1
2025-02-23,Paid Social,instagram,paid_social,Creator Offers,desktop,P005,5,4,4,1,0,0
2025-02-23,Paid Social,instagram,paid_social,Creator Offers,desktop,P006,9,6,6,2,1,1
2025-02-23,Paid Social,instagram,paid_social,Creator Offers,desktop,P007,5,4,4,1,0,0
2025-02-23,Paid Social,instagram,paid_social,Creator Offers,desktop,P008,8,6,6,2,1,1
2025-02-23,Paid Social,instagram,paid_social,Creator Offers,desktop,P009,4,3,3,1,0,0
2025-02-23,Paid Social,instagram,paid_social,Creator Offers,desktop,P010,7,5,5,2,1,1
2025-02-23,Paid Social,instagram,paid_social,Creator Offers,desktop,P011,10,8,8,2,1,1
2025-02-23,Paid Social,instagram,paid_social,Creator Offers,desktop,P012,7,5,5,1,1,0
2025-02-24,Organic Search,google,organic,Always-on SEO,mobile,P001,16,11,11,3,2,1
2025-02-24,Organic Search,google,organic,Always-on SEO,mobile,P002,10,7,7,2,1,1
2025-02-24,Organic Search,google,organic,Always-on SEO,mobile,P003,15,10,10,3,1,1
2025-02-24,Organic Search,google,organic,Always-on SEO,mobile,P004,9,7,7,2,1,1
2025-02-24,Organic Search,google,organic,Always-on SEO,mobile,P005,14,10,10,3,1,1
2025-02-24,Organic Search,google,organic,Always-on SEO,mobile,P006,8,6,6,1,1,0
2025-02-24,Organic Search,google,organic,Always-on SEO,mobile,P007,13,9,9,2,1,1
2025-02-24,Organic Search,google,organic,Always-on SEO,mobile,P008,7,5,5,1,1,0
2025-02-24,Organic Search,google,organic,Always-on SEO,mobile,P009,12,9,8,2,1,1
2025-02-24,Organic Search,google,organic,Always-on SEO,mobile,P010,6,5,5,1,1,0
2025-02-24,Organic Search,google,organic,Always-on SEO,mobile,P011,11,8,8,2,1,1
2025-02-24,Organic Search,google,organic,Always-on SEO,mobile,P012,15,11,11,3,2,1
2025-02-24,Direct,direct,none,Unassigned,desktop,P001,8,7,6,1,1,1
2025-02-24,Direct,direct,none,Unassigned,desktop,P002,12,11,9,2,1,1
2025-02-24,Direct,direct,none,Unassigned,desktop,P003,7,6,5,1,1,0
2025-02-24,Direct,direct,none,Unassigned,desktop,P004,11,10,8,2,1,1
2025-02-24,Direct,direct,none,Unassigned,desktop,P005,6,5,5,1,0,0
2025-02-24,Direct,direct,none,Unassigned,desktop,P006,10,9,8,1,1,1
2025-02-24,Direct,direct,none,Unassigned,desktop,P007,15,13,11,2,1,1
2025-02-24,Direct,direct,none,Unassigned,desktop,P008,9,9,7,1,1,1
2025-02-24,Direct,direct,none,Unassigned,desktop,P009,14,12,10,2,1,1
2025-02-24,Direct,direct,none,Unassigned,desktop,P010,8,8,7,1,1,1
2025-02-24,Direct,direct,none,Unassigned,desktop,P011,13,12,10,2,1,1
2025-02-24,Direct,direct,none,Unassigned,desktop,P012,8,7,6,1,1,0
2025-02-24,Email,newsletter,email,Lifecycle,tablet,P001,9,7,7,1,1,1
2025-02-24,Email,newsletter,email,Lifecycle,tablet,P002,13,10,9,2,1,1
2025-02-24,Email,newsletter,email,Lifecycle,tablet,P003,8,6,6,1,1,0
2025-02-24,Email,newsletter,email,Lifecycle,tablet,P004,12,9,9,2,1,1
2025-02-24,Email,newsletter,email,Lifecycle,tablet,P005,8,6,5,1,1,0
2025-02-24,Email,newsletter,email,Lifecycle,tablet,P006,12,9,8,2,1,1
2025-02-24,Email,newsletter,email,Lifecycle,tablet,P007,7,5,5,1,0,0
2025-02-24,Email,newsletter,email,Lifecycle,tablet,P008,11,8,8,1,1,1
2025-02-24,Email,newsletter,email,Lifecycle,tablet,P009,6,5,4,1,0,0
2025-02-24,Email,newsletter,email,Lifecycle,tablet,P010,10,7,7,1,1,1
2025-02-24,Email,newsletter,email,Lifecycle,tablet,P011,5,4,4,1,0,0
2025-02-24,Email,newsletter,email,Lifecycle,tablet,P012,9,7,7,1,1,0
2025-02-25,Paid Search,google,cpc,KSA Growth,desktop,P001,5,4,3,1,1,0
2025-02-25,Paid Search,google,cpc,KSA Growth,desktop,P002,8,6,6,1,1,1
2025-02-25,Paid Search,google,cpc,KSA Growth,desktop,P003,11,9,9,2,1,1
2025-02-25,Paid Search,google,cpc,KSA Growth,desktop,P004,7,6,6,1,1,1
2025-02-25,Paid Search,google,cpc,KSA Growth,desktop,P005,10,9,8,2,1,1
2025-02-25,Paid Search,google,cpc,KSA Growth,desktop,P006,6,5,5,1,1,0
2025-02-25,Paid Search,google,cpc,KSA Growth,desktop,P007,10,8,8,2,1,1
2025-02-25,Paid Search,google,cpc,KSA Growth,desktop,P008,6,5,4,1,1,0
2025-02-25,Paid Search,google,cpc,KSA Growth,desktop,P009,9,7,7,2,1,1
2025-02-25,Paid Search,google,cpc,KSA Growth,desktop,P010,5,4,4,1,1,0
2025-02-25,Paid Search,google,cpc,KSA Growth,desktop,P011,8,7,7,2,1,1
2025-02-25,Paid Search,google,cpc,KSA Growth,desktop,P012,5,4,3,1,0,0
2025-02-25,Paid Social,instagram,paid_social,Creator Offers,tablet,P001,10,8,7,1,1,0
2025-02-25,Paid Social,instagram,paid_social,Creator Offers,tablet,P002,14,12,10,2,1,1
2025-02-25,Paid Social,instagram,paid_social,Creator Offers,tablet,P003,9,7,6,1,1,0
2025-02-25,Paid Social,instagram,paid_social,Creator Offers,tablet,P004,13,11,9,2,1,1
2025-02-25,Paid Social,instagram,paid_social,Creator Offers,tablet,P005,8,6,5,1,0,0
2025-02-25,Paid Social,instagram,paid_social,Creator Offers,tablet,P006,12,10,8,2,1,1
2025-02-25,Paid Social,instagram,paid_social,Creator Offers,tablet,P007,7,6,5,1,0,0
2025-02-25,Paid Social,instagram,paid_social,Creator Offers,tablet,P008,11,10,8,2,1,1
2025-02-25,Paid Social,instagram,paid_social,Creator Offers,tablet,P009,16,14,11,2,1,1
2025-02-25,Paid Social,instagram,paid_social,Creator Offers,tablet,P010,10,9,7,2,1,1
2025-02-25,Paid Social,instagram,paid_social,Creator Offers,tablet,P011,15,13,10,2,1,1
2025-02-25,Paid Social,instagram,paid_social,Creator Offers,tablet,P012,10,8,6,1,1,0
2025-02-25,Affiliates,partners,affiliate,Partner Network,mobile,P001,12,10,8,2,1,1
2025-02-25,Affiliates,partners,affiliate,Partner Network,mobile,P002,6,6,5,1,1,1
2025-02-25,Affiliates,partners,affiliate,Partner Network,mobile,P003,11,9,8,2,1,1
2025-02-25,Affiliates,partners,affiliate,Partner Network,mobile,P004,15,13,11,3,2,1
2025-02-25,Affiliates,partners,affiliate,Partner Network,mobile,P005,10,9,7,2,1,1
2025-02-25,Affiliates,partners,affiliate,Partner Network,mobile,P006,15,13,10,3,2,1
2025-02-25,Affiliates,partners,affiliate,Partner Network,mobile,P007,9,8,6,2,1,1
2025-02-25,Affiliates,partners,affiliate,Partner Network,mobile,P008,14,12,10,3,2,1
2025-02-25,Affiliates,partners,affiliate,Partner Network,mobile,P009,8,7,6,2,1,1
2025-02-25,Affiliates,partners,affiliate,Partner Network,mobile,P010,13,11,9,2,1,1
2025-02-25,Affiliates,partners,affiliate,Partner Network,mobile,P011,7,6,5,1,1,1
2025-02-25,Affiliates,partners,affiliate,Partner Network,mobile,P012,12,10,8,2,1,1
2025-02-26,Direct,direct,none,Unassigned,tablet,P001,5,4,4,1,1,0
2025-02-26,Direct,direct,none,Unassigned,tablet,P002,9,6,7,1,1,1
2025-02-26,Direct,direct,none,Unassigned,tablet,P003,5,3,4,1,0,0
2025-02-26,Direct,direct,none,Unassigned,tablet,P004,8,6,6,1,1,1
2025-02-26,Direct,direct,none,Unassigned,tablet,P005,12,8,9,2,1,1
2025-02-26,Direct,direct,none,Unassigned,tablet,P006,7,5,6,1,1,1
2025-02-26,Direct,direct,none,Unassigned,tablet,P007,11,8,9,2,1,1
2025-02-26,Direct,direct,none,Unassigned,tablet,P008,7,5,5,1,1,0
2025-02-26,Direct,direct,none,Unassigned,tablet,P009,10,7,8,2,1,1
2025-02-26,Direct,direct,none,Unassigned,tablet,P010,6,4,5,1,1,0
2025-02-26,Direct,direct,none,Unassigned,tablet,P011,9,7,8,1,1,1
2025-02-26,Direct,direct,none,Unassigned,tablet,P012,5,4,4,1,0,0
2025-02-26,Email,newsletter,email,Lifecycle,mobile,P001,10,9,7,2,1,1
2025-02-26,Email,newsletter,email,Lifecycle,mobile,P002,15,12,9,3,1,1
2025-02-26,Email,newsletter,email,Lifecycle,mobile,P003,9,8,6,2,1,0
2025-02-26,Email,newsletter,email,Lifecycle,mobile,P004,14,12,9,3,1,1
2025-02-26,Email,newsletter,email,Lifecycle,mobile,P005,8,7,5,1,1,0
2025-02-26,Email,newsletter,email,Lifecycle,mobile,P006,13,11,8,2,1,1
2025-02-26,Email,newsletter,email,Lifecycle,mobile,P007,7,6,5,1,1,0
2025-02-26,Email,newsletter,email,Lifecycle,mobile,P008,12,10,8,2,1,1
2025-02-26,Email,newsletter,email,Lifecycle,mobile,P009,7,5,4,1,1,0
2025-02-26,Email,newsletter,email,Lifecycle,mobile,P010,11,9,7,2,1,1
2025-02-26,Email,newsletter,email,Lifecycle,mobile,P011,16,13,10,3,1,1
2025-02-26,Email,newsletter,email,Lifecycle,mobile,P012,10,8,6,2,1,0
2025-02-26,Organic Search,google,organic,Always-on SEO,desktop,P001,14,12,11,2,1,1
2025-02-26,Organic Search,google,organic,Always-on SEO,desktop,P002,8,7,6,1,1,0
2025-02-26,Organic Search,google,organic,Always-on SEO,desktop,P003,13,12,10,2,1,1
2025-02-26,Organic Search,google,organic,Always-on SEO,desktop,P004,7,6,5,1,1,0
2025-02-26,Organic Search,google,organic,Always-on SEO,desktop,P005,12,11,9,2,1,1
2025-02-26,Organic Search,google,organic,Always-on SEO,desktop,P006,16,15,13,3,2,1
2025-02-26,Organic Search,google,organic,Always-on SEO,desktop,P007,11,10,9,2,1,1
2025-02-26,Organic Search,google,organic,Always-on SEO,desktop,P008,15,14,12,2,1,1
2025-02-26,Organic Search,google,organic,Always-on SEO,desktop,P009,10,9,8,1,1,0
2025-02-26,Organic Search,google,organic,Always-on SEO,desktop,P010,15,13,12,2,1,1
2025-02-26,Organic Search,google,organic,Always-on SEO,desktop,P011,9,8,7,1,1,0
2025-02-26,Organic Search,google,organic,Always-on SEO,desktop,P012,14,12,11,2,1,1
2025-02-27,Paid Social,instagram,paid_social,Creator Offers,mobile,P001,10,8,8,2,1,1
2025-02-27,Paid Social,instagram,paid_social,Creator Offers,mobile,P002,16,12,13,3,2,1
2025-02-27,Paid Social,instagram,paid_social,Creator Offers,mobile,P003,9,7,7,2,1,1
2025-02-27,Paid Social,instagram,paid_social,Creator Offers,mobile,P004,15,12,12,3,2,1
2025-02-27,Paid Social,instagram,paid_social,Creator Offers,mobile,P005,8,6,6,2,1,1
2025-02-27,Paid Social,instagram,paid_social,Creator Offers,mobile,P006,14,11,11,3,2,1
2025-02-27,Paid Social,instagram,paid_social,Creator Offers,mobile,P007,19,15,15,4,2,2
2025-02-27,Paid Social,instagram,paid_social,Creator Offers,mobile,P008,13,10,10,2,2,1
2025-02-27,Paid Social,instagram,paid_social,Creator Offers,mobile,P009,18,14,15,4,2,2
2025-02-27,Paid Social,instagram,paid_social,Creator Offers,mobile,P010,11,9,9,2,2,1
2025-02-27,Paid Social,instagram,paid_social,Creator Offers,mobile,P011,17,13,14,3,2,2
2025-02-27,Paid Social,instagram,paid_social,Creator Offers,mobile,P012,10,8,8,2,1,1
2025-02-27,Affiliates,partners,affiliate,Partner Network,desktop,P001,12,8,9,2,1,1
2025-02-27,Affiliates,partners,affiliate,Partner Network,desktop,P002,16,12,12,2,1,1
2025-02-27,Affiliates,partners,affiliate,Partner Network,desktop,P003,11,8,8,1,1,0
2025-02-27,Affiliates,partners,affiliate,Partner Network,desktop,P004,15,11,12,2,1,1
2025-02-27,Affiliates,partners,affiliate,Partner Network,desktop,P005,10,7,7,1,1,0
2025-02-27,Affiliates,partners,affiliate,Partner Network,desktop,P006,14,10,11,2,1,1
2025-02-27,Affiliates,partners,affiliate,Partner Network,desktop,P007,9,6,6,1,1,0
2025-02-27,Affiliates,partners,affiliate,Partner Network,desktop,P008,13,10,10,2,1,1
2025-02-27,Affiliates,partners,affiliate,Partner Network,desktop,P009,8,5,6,1,1,0
2025-02-27,Affiliates,partners,affiliate,Partner Network,desktop,P010,12,9,9,2,1,1
2025-02-27,Affiliates,partners,affiliate,Partner Network,desktop,P011,7,5,5,1,0,0
2025-02-27,Affiliates,partners,affiliate,Partner Network,desktop,P012,11,8,9,1,1,0
2025-02-27,Paid Search,google,cpc,KSA Growth,tablet,P001,13,11,8,1,1,1
2025-02-27,Paid Search,google,cpc,KSA Growth,tablet,P002,8,6,5,1,0,0
2025-02-27,Paid Search,google,cpc,KSA Growth,tablet,P003,12,10,8,1,1,1
2025-02-27,Paid Search,google,cpc,KSA Growth,tablet,P004,7,6,4,1,0,0
2025-02-27,Paid Search,google,cpc,KSA Growth,tablet,P005,11,9,7,1,1,0
2025-02-27,Paid Search,google,cpc,KSA Growth,tablet,P006,6,5,4,1,0,0
2025-02-27,Paid Search,google,cpc,KSA Growth,tablet,P007,10,9,7,1,1,0
2025-02-27,Paid Search,google,cpc,KSA Growth,tablet,P008,14,12,9,2,1,1
2025-02-27,Paid Search,google,cpc,KSA Growth,tablet,P009,9,8,6,1,1,0
2025-02-27,Paid Search,google,cpc,KSA Growth,tablet,P010,13,11,9,2,1,1
2025-02-27,Paid Search,google,cpc,KSA Growth,tablet,P011,8,7,5,1,1,0
2025-02-27,Paid Search,google,cpc,KSA Growth,tablet,P012,13,11,8,1,1,1
2025-02-28,Email,newsletter,email,Lifecycle,desktop,P001,7,5,5,1,0,0
2025-02-28,Email,newsletter,email,Lifecycle,desktop,P002,10,8,8,1,1,1
2025-02-28,Email,newsletter,email,Lifecycle,desktop,P003,6,5,4,1,0,0
2025-02-28,Email,newsletter,email,Lifecycle,desktop,P004,9,7,7,1,1,1
2025-02-28,Email,newsletter,email,Lifecycle,desktop,P005,5,4,4,1,0,0
2025-02-28,Email,newsletter,email,Lifecycle,desktop,P006,9,7,7,1,1,1
2025-02-28,Email,newsletter,email,Lifecycle,desktop,P007,5,4,3,1,0,0
2025-02-28,Email,newsletter,email,Lifecycle,desktop,P008,8,6,6,1,1,0
2025-02-28,Email,newsletter,email,Lifecycle,desktop,P009,12,9,9,2,1,1
2025-02-28,Email,newsletter,email,Lifecycle,desktop,P010,7,6,6,1,1,0
2025-02-28,Email,newsletter,email,Lifecycle,desktop,P011,11,8,8,2,1,1
2025-02-28,Email,newsletter,email,Lifecycle,desktop,P012,7,5,5,1,0,0
2025-02-28,Organic Search,google,organic,Always-on SEO,tablet,P001,10,8,7,2,1,1
2025-02-28,Organic Search,google,organic,Always-on SEO,tablet,P002,5,4,4,1,1,0
2025-02-28,Organic Search,google,organic,Always-on SEO,tablet,P003,9,8,6,2,1,1
2025-02-28,Organic Search,google,organic,Always-on SEO,tablet,P004,12,11,9,2,1,1
2025-02-28,Organic Search,google,organic,Always-on SEO,tablet,P005,8,7,6,2,1,1
2025-02-28,Organic Search,google,organic,Always-on SEO,tablet,P006,12,10,8,2,1,1
2025-02-28,Organic Search,google,organic,Always-on SEO,tablet,P007,7,6,5,1,1,1
2025-02-28,Organic Search,google,organic,Always-on SEO,tablet,P008,11,10,8,2,1,1
2025-02-28,Organic Search,google,organic,Always-on SEO,tablet,P009,7,6,5,1,1,0
2025-02-28,Organic Search,google,organic,Always-on SEO,tablet,P010,10,9,7,2,1,1
2025-02-28,Organic Search,google,organic,Always-on SEO,tablet,P011,6,5,4,1,1,0
2025-02-28,Organic Search,google,organic,Always-on SEO,tablet,P012,10,8,7,2,1,1
2025-02-28,Direct,direct,none,Unassigned,mobile,P001,15,11,11,3,2,1
2025-02-28,Direct,direct,none,Unassigned,mobile,P002,9,7,7,2,1,1
2025-02-28,Direct,direct,none,Unassigned,mobile,P003,14,10,10,3,1,1
2025-02-28,Direct,direct,none,Unassigned,mobile,P004,8,6,6,1,1,1
2025-02-28,Direct,direct,none,Unassigned,mobile,P005,13,9,10,2,1,1
2025-02-28,Direct,direct,none,Unassigned,mobile,P006,7,5,5,1,1,1
2025-02-28,Direct,direct,none,Unassigned,mobile,P007,12,9,9,2,1,1
2025-02-28,Direct,direct,none,Unassigned,mobile,P008,7,5,5,1,1,0
2025-02-28,Direct,direct,none,Unassigned,mobile,P009,11,8,8,2,1,1
2025-02-28,Direct,direct,none,Unassigned,mobile,P010,16,12,12,3,2,1
2025-02-28,Direct,direct,none,Unassigned,mobile,P011,10,7,7,2,1,1
2025-02-28,Direct,direct,none,Unassigned,mobile,P012,15,11,11,3,1,1
2025-03-01,Affiliates,partners,affiliate,Partner Network,tablet,P001,16,12,13,3,2,1
2025-03-01,Affiliates,partners,affiliate,Partner Network,tablet,P002,24,18,18,4,3,2
2025-03-01,Affiliates,partners,affiliate,Partner Network,tablet,P003,15,11,11,2,2,1
2025-03-01,Affiliates,partners,affiliate,Partner Network,tablet,P004,22,17,17,3,2,2
2025-03-01,Affiliates,partners,affiliate,Partner Network,tablet,P005,13,10,10,2,1,1
2025-03-01,Affiliates,partners,affiliate,Partner Network,tablet,P006,21,16,16,3,2,2
2025-03-01,Affiliates,partners,affiliate,Partner Network,tablet,P007,12,9,9,2,1,1
2025-03-01,Affiliates,partners,affiliate,Partner Network,tablet,P008,19,15,15,3,2,2
2025-03-01,Affiliates,partners,affiliate,Partner Network,tablet,P009,11,8,8,2,1,1
2025-03-01,Affiliates,partners,affiliate,Partner Network,tablet,P010,18,13,14,3,2,1
2025-03-01,Affiliates,partners,affiliate,Partner Network,tablet,P011,25,19,19,4,3,2
2025-03-01,Affiliates,partners,affiliate,Partner Network,tablet,P012,16,12,13,2,2,1
2025-03-01,Paid Search,google,cpc,KSA Growth,mobile,P001,12,10,9,3,2,1
2025-03-01,Paid Search,google,cpc,KSA Growth,mobile,P002,7,6,5,1,1,1
2025-03-01,Paid Search,google,cpc,KSA Growth,mobile,P003,11,10,9,2,2,1
2025-03-01,Paid Search,google,cpc,KSA Growth,mobile,P004,6,5,5,1,1,0
2025-03-01,Paid Search,google,cpc,KSA Growth,mobile,P005,10,9,8,2,1,1
2025-03-01,Paid Search,google,cpc,KSA Growth,mobile,P006,14,13,12,3,2,1
2025-03-01,Paid Search,google,cpc,KSA Growth,mobile,P007,9,8,7,2,1,1
2025-03-01,Paid Search,google,cpc,KSA Growth,mobile,P008,13,12,11,3,2,1
2025-03-01,Paid Search,google,cpc,KSA Growth,mobile,P009,8,8,7,2,1,1
2025-03-01,Paid Search,google,cpc,KSA Growth,mobile,P010,13,11,10,3,2,1
2025-03-01,Paid Search,google,cpc,KSA Growth,mobile,P011,8,7,6,2,1,1
2025-03-01,Paid Search,google,cpc,KSA Growth,mobile,P012,12,10,9,2,2,1
2025-03-01,Paid Social,instagram,paid_social,Creator Offers,desktop,P001,15,11,11,2,2,1
2025-03-01,Paid Social,instagram,paid_social,Creator Offers,desktop,P002,10,7,7,2,1,1
2025-03-01,Paid Social,instagram,paid_social,Creator Offers,desktop,P003,14,10,10,2,1,1
2025-03-01,Paid Social,instagram,paid_social,Creator Offers,desktop,P004,9,7,6,1,1,1
2025-03-01,Paid Social,instagram,paid_social,Creator Offers,desktop,P005,13,10,9,2,1,1
2025-03-01,Paid Social,instagram,paid_social,Creator Offers,desktop,P006,8,6,6,1,1,0
2025-03-01,Paid Social,instagram,paid_social,Creator Offers,desktop,P007,12,9,9,2,1,1
2025-03-01,Paid Social,instagram,paid_social,Creator Offers,desktop,P008,7,5,5,1,1,0
2025-03-01,Paid Social,instagram,paid_social,Creator Offers,desktop,P009,12,9,8,2,1,1
2025-03-01,Paid Social,instagram,paid_social,Creator Offers,desktop,P010,6,5,4,1,1,0
2025-03-01,Paid Social,instagram,paid_social,Creator Offers,desktop,P011,11,8,7,2,1,1
2025-03-01,Paid Social,instagram,paid_social,Creator Offers,desktop,P012,15,11,10,2,2,1
2025-03-02,Organic Search,google,organic,Always-on SEO,mobile,P001,14,11,10,3,2,1
2025-03-02,Organic Search,google,organic,Always-on SEO,mobile,P002,20,15,15,4,3,2
2025-03-02,Organic Search,google,organic,Always-on SEO,mobile,P003,13,10,10,2,2,1
2025-03-02,Organic Search,google,organic,Always-on SEO,mobile,P004,19,14,14,4,2,2
2025-03-02,Organic Search,google,organic,Always-on SEO,mobile,P005,12,9,9,2,2,1
2025-03-02,Organic Search,google,organic,Always-on SEO,mobile,P006,17,13,13,3,2,1
2025-03-02,Organic Search,google,organic,Always-on SEO,mobile,P007,10,8,8,2,1,1
2025-03-02,Organic Search,google,organic,Always-on SEO,mobile,P008,16,12,12,3,2,1
2025-03-02,Organic Search,google,organic,Always-on SEO,mobile,P009,9,7,7,2,1,1
2025-03-02,Organic Search,google,organic,Always-on SEO,mobile,P010,15,11,11,3,2,1
2025-03-02,Organic Search,google,organic,Always-on SEO,mobile,P011,8,6,6,2,1,1
2025-03-02,Organic Search,google,organic,Always-on SEO,mobile,P012,14,11,10,3,2,1
2025-03-02,Direct,direct,none,Unassigned,desktop,P001,18,14,13,3,2,1
2025-03-02,Direct,direct,none,Unassigned,desktop,P002,11,8,8,2,1,1
2025-03-02,Direct,direct,none,Unassigned,desktop,P003,17,13,12,3,2,1
2025-03-02,Direct,direct,none,Unassigned,desktop,P004,10,8,7,2,1,1
2025-03-02,Direct,direct,none,Unassigned,desktop,P005,16,12,11,3,2,1
2025-03-02,Direct,direct,none,Unassigned,desktop,P006,8,7,6,2,1,1
2025-03-02,Direct,direct,none,Unassigned,desktop,P007,15,11,10,3,2,1
2025-03-02,Direct,direct,none,Unassigned,desktop,P008,21,16,15,4,3,1
2025-03-02,Direct,direct,none,Unassigned,desktop,P009,13,10,9,2,2,1
2025-03-02,Direct,direct,none,Unassigned,desktop,P010,19,15,14,4,2,1
2025-03-02,Direct,direct,none,Unassigned,desktop,P011,12,9,8,2,2,1
2025-03-02,Direct,direct,none,Unassigned,desktop,P012,18,14,13,3,2,1
2025-03-02,Email,newsletter,email,Lifecycle,tablet,P001,7,6,5,1,0,0
2025-03-02,Email,newsletter,email,Lifecycle,tablet,P002,11,10,8,1,1,1
2025-03-02,Email,newsletter,email,Lifecycle,tablet,P003,16,14,11,2,1,1
2025-03-02,Email,newsletter,email,Lifecycle,tablet,P004,10,9,7,1,1,0
2025-03-02,Email,newsletter,email,Lifecycle,tablet,P005,15,13,10,2,1,1
2025-03-02,Email,newsletter,email,Lifecycle,tablet,P006,10,8,6,1,1,0
2025-03-02,Email,newsletter,email,Lifecycle,tablet,P007,14,12,10,2,1,1
2025-03-02,Email,newsletter,email,Lifecycle,tablet,P008,9,7,6,1,1,0
2025-03-02,Email,newsletter,email,Lifecycle,tablet,P009,13,11,9,2,1,1
2025-03-02,Email,newsletter,email,Lifecycle,tablet,P010,8,6,5,1,1,0
2025-03-02,Email,newsletter,email,Lifecycle,tablet,P011,12,10,8,2,1,1
2025-03-02,Email,newsletter,email,Lifecycle,tablet,P012,7,6,5,1,0,0
2025-03-03,Paid Search,google,cpc,KSA Growth,desktop,P001,12,11,8,2,1,1
2025-03-03,Paid Search,google,cpc,KSA Growth,desktop,P002,7,6,4,1,1,0
2025-03-03,Paid Search,google,cpc,KSA Growth,desktop,P003,11,10,7,2,1,1
2025-03-03,Paid Search,google,cpc,KSA Growth,desktop,P004,16,14,10,3,2,1
2025-03-03,Paid Search,google,cpc,KSA Growth,desktop,P005,11,9,7,2,1,1
2025-03-03,Paid Search,google,cpc,KSA Growth,desktop,P006,15,13,10,3,1,1
2025-03-03,Paid Search,google,cpc,KSA Growth,desktop,P007,10,8,6,2,1,0
2025-03-03,Paid Search,google,cpc,KSA Growth,desktop,P008,14,12,9,2,1,1
2025-03-03,Paid Search,google,cpc,KSA Growth,desktop,P009,9,7,6,2,1,0
2025-03-03,Paid Search,google,cpc,KSA Growth,desktop,P010,13,11,9,2,1,1
2025-03-03,Paid Search,google,cpc,KSA Growth,desktop,P011,8,7,5,1,1,0
2025-03-03,Paid Search,google,cpc,KSA Growth,desktop,P012,12,11,8,2,1,1
2025-03-03,Paid Social,instagram,paid_social,Creator Offers,tablet,P001,12,10,7,2,1,1
2025-03-03,Paid Social,instagram,paid_social,Creator Offers,tablet,P002,7,6,5,1,1,0
2025-03-03,Paid Social,instagram,paid_social,Creator Offers,tablet,P003,11,9,7,2,1,1
2025-03-03,Paid Social,instagram,paid_social,Creator Offers,tablet,P004,7,6,4,1,1,0
2025-03-03,Paid Social,instagram,paid_social,Creator Offers,tablet,P005,10,9,7,2,1,1
2025-03-03,Paid Social,instagram,paid_social,Creator Offers,tablet,P006,6,5,4,1,1,0
2025-03-03,Paid Social,instagram,paid_social,Creator Offers,tablet,P007,10,8,6,2,1,1
2025-03-03,Paid Social,instagram,paid_social,Creator Offers,tablet,P008,5,4,3,1,1,0
2025-03-03,Paid Social,instagram,paid_social,Creator Offers,tablet,P009,9,7,6,2,1,1
2025-03-03,Paid Social,instagram,paid_social,Creator Offers,tablet,P010,12,10,8,2,1,1
2025-03-03,Paid Social,instagram,paid_social,Creator Offers,tablet,P011,8,7,5,1,1,1
2025-03-03,Paid Social,instagram,paid_social,Creator Offers,tablet,P012,12,10,7,2,1,1
2025-03-03,Affiliates,partners,affiliate,Partner Network,mobile,P001,5,5,4,1,0,0
2025-03-03,Affiliates,partners,affiliate,Partner Network,mobile,P002,9,8,7,1,1,1
2025-03-03,Affiliates,partners,affiliate,Partner Network,mobile,P003,5,4,3,1,0,0
2025-03-03,Affiliates,partners,affiliate,Partner Network,mobile,P004,8,7,6,1,1,0
2025-03-03,Affiliates,partners,affiliate,Partner Network,mobile,P005,11,10,9,2,1,1
2025-03-03,Affiliates,partners,affiliate,Partner Network,mobile,P006,7,6,6,1,1,0
2025-03-03,Affiliates,partners,affiliate,Partner Network,mobile,P007,11,9,8,2,1,1
2025-03-03,Affiliates,partners,affiliate,Partner Network,mobile,P008,7,6,5,1,0,0
2025-03-03,Affiliates,partners,affiliate,Partner Network,mobile,P009,10,9,8,1,1,1
2025-03-03,Affiliates,partners,affiliate,Partner Network,mobile,P010,6,5,5,1,0,0
2025-03-03,Affiliates,partners,affiliate,Partner Network,mobile,P011,9,8,7,1,1,1
2025-03-03,Affiliates,partners,affiliate,Partner Network,mobile,P012,5,5,4,1,0,0
2025-03-04,Direct,direct,none,Unassigned,tablet,P001,17,12,13,3,2,2
2025-03-04,Direct,direct,none,Unassigned,tablet,P002,10,7,8,2,1,1
2025-03-04,Direct,direct,none,Unassigned,tablet,P003,16,11,13,3,2,2
2025-03-04,Direct,direct,none,Unassigned,tablet,P004,8,6,7,2,1,1
2025-03-04,Direct,direct,none,Unassigned,tablet,P005,14,10,12,3,2,1
2025-03-04,Direct,direct,none,Unassigned,tablet,P006,20,15,16,4,3,2
2025-03-04,Direct,direct,none,Unassigned,tablet,P007,13,10,11,3,2,1
2025-03-04,Direct,direct,none,Unassigned,tablet,P008,19,14,15,4,3,2
2025-03-04,Direct,direct,none,Unassigned,tablet,P009,12,9,10,2,2,1
2025-03-04,Direct,direct,none,Unassigned,tablet,P010,18,13,14,4,2,2
2025-03-04,Direct,direct,none,Unassigned,tablet,P011,11,8,9,2,2,1
2025-03-04,Direct,direct,none,Unassigned,tablet,P012,17,12,13,3,2,2
2025-03-04,Email,newsletter,email,Lifecycle,mobile,P001,22,19,15,3,2,1
2025-03-04,Email,newsletter,email,Lifecycle,mobile,P002,14,12,10,2,1,1
2025-03-04,Email,newsletter,email,Lifecycle,mobile,P003,21,18,14,3,2,1
2025-03-04,Email,newsletter,email,Lifecycle,mobile,P004,13,11,9,2,1,0
2025-03-04,Email,newsletter,email,Lifecycle,mobile,P005,20,17,13,2,1,1
2025-03-04,Email,newsletter,email,Lifecycle,mobile,P006,12,10,8,1,1,0
2025-03-04,Email,newsletter,email,Lifecycle,mobile,P007,18,16,12,2,1,1
2025-03-04,Email,newsletter,email,Lifecycle,mobile,P008,10,9,7,1,1,0
2025-03-04,Email,newsletter,email,Lifecycle,mobile,P009,17,15,11,2,1,1
2025-03-04,Email,newsletter,email,Lifecycle,mobile,P010,9,8,6,1,1,0
2025-03-04,Email,newsletter,email,Lifecycle,mobile,P011,16,13,11,2,1,1
2025-03-04,Email,newsletter,email,Lifecycle,mobile,P012,22,19,15,3,2,1
2025-03-04,Organic Search,google,organic,Always-on SEO,desktop,P001,10,7,8,1,1,0
2025-03-04,Organic Search,google,organic,Always-on SEO,desktop,P002,15,11,12,2,1,1
2025-03-04,Organic Search,google,organic,Always-on SEO,desktop,P003,8,6,7,1,1,0
2025-03-04,Organic Search,google,organic,Always-on SEO,desktop,P004,14,10,11,2,1,1
2025-03-04,Organic Search,google,organic,Always-on SEO,desktop,P005,7,5,6,1,0,0
2025-03-04,Organic Search,google,organic,Always-on SEO,desktop,P006,13,9,10,2,1,1
2025-03-04,Organic Search,google,organic,Always-on SEO,desktop,P007,18,13,15,3,1,1
2025-03-04,Organic Search,google,organic,Always-on SEO,desktop,P008,12,8,9,2,1,1
2025-03-04,Organic Search,google,organic,Always-on SEO,desktop,P009,17,12,14,3,1,1
2025-03-04,Organic Search,google,organic,Always-on SEO,desktop,P010,11,8,9,2,1,1
2025-03-04,Organic Search,google,organic,Always-on SEO,desktop,P011,16,12,13,2,1,1
2025-03-04,Organic Search,google,organic,Always-on SEO,desktop,P012,9,7,8,1,1,0
2025-03-05,Paid Social,instagram,paid_social,Creator Offers,mobile,P001,16,12,10,3,2,1
2025-03-05,Paid Social,instagram,paid_social,Creator Offers,mobile,P002,9,8,6,2,1,1
2025-03-05,Paid Social,instagram,paid_social,Creator Offers,mobile,P003,14,12,10,2,2,1
2025-03-05,Paid Social,instagram,paid_social,Creator Offers,mobile,P004,8,7,6,1,1,0
2025-03-05,Paid Social,instagram,paid_social,Creator Offers,mobile,P005,13,11,9,2,1,1
2025-03-05,Paid Social,instagram,paid_social,Creator Offers,mobile,P006,7,6,5,1,1,0
2025-03-05,Paid Social,instagram,paid_social,Creator Offers,mobile,P007,12,10,8,2,1,1
2025-03-05,Paid Social,instagram,paid_social,Creator Offers,mobile,P008,18,14,12,3,2,1
2025-03-05,Paid Social,instagram,paid_social,Creator Offers,mobile,P009,11,9,8,2,1,1
2025-03-05,Paid Social,instagram,paid_social,Creator Offers,mobile,P010,17,13,11,3,2,1
2025-03-05,Paid Social,instagram,paid_social,Creator Offers,mobile,P011,10,8,7,2,1,1
2025-03-05,Paid Social,instagram,paid_social,Creator Offers,mobile,P012,16,12,10,3,2,1
2025-03-05,Affiliates,partners,affiliate,Partner Network,desktop,P001,9,7,6,2,1,1
2025-03-05,Affiliates,partners,affiliate,Partner Network,desktop,P002,15,12,11,3,2,1
2025-03-05,Affiliates,partners,affiliate,Partner Network,desktop,P003,21,16,15,4,2,1
2025-03-05,Affiliates,partners,affiliate,Partner Network,desktop,P004,14,11,10,3,2,1
2025-03-05,Affiliates,partners,affiliate,Partner Network,desktop,P005,20,15,15,4,2,1
2025-03-05,Affiliates,partners,affiliate,Partner Network,desktop,P006,13,10,9,2,1,1
2025-03-05,Affiliates,partners,affiliate,Partner Network,desktop,P007,19,15,14,4,2,1
2025-03-05,Affiliates,partners,affiliate,Partner Network,desktop,P008,11,9,8,2,1,1
2025-03-05,Affiliates,partners,affiliate,Partner Network,desktop,P009,18,14,13,3,2,1
2025-03-05,Affiliates,partners,affiliate,Partner Network,desktop,P010,10,8,7,2,1,1
2025-03-05,Affiliates,partners,affiliate,Partner Network,desktop,P011,16,13,12,3,2,1
2025-03-05,Affiliates,partners,affiliate,Partner Network,desktop,P012,9,7,6,2,1,1
2025-03-05,Paid Search,google,cpc,KSA Growth,tablet,P001,7,6,5,1,1,0
2025-03-05,Paid Search,google,cpc,KSA Growth,tablet,P002,10,8,7,2,1,1
2025-03-05,Paid Search,google,cpc,KSA Growth,tablet,P003,6,5,4,1,1,0
2025-03-05,Paid Search,google,cpc,KSA Growth,tablet,P004,9,8,6,2,1,1
2025-03-05,Paid Search,google,cpc,KSA Growth,tablet,P005,5,4,4,1,1,0
2025-03-05,Paid Search,google,cpc,KSA Growth,tablet,P006,8,7,6,2,1,1
2025-03-05,Paid Search,google,cpc,KSA Growth,tablet,P007,5,4,3,1,0,0
2025-03-05,Paid Search,google,cpc,KSA Growth,tablet,P008,8,7,5,1,1,1
2025-03-05,Paid Search,google,cpc,KSA Growth,tablet,P009,11,10,8,2,1,1
2025-03-05,Paid Search,google,cpc,KSA Growth,tablet,P010,7,6,5,1,1,1
2025-03-05,Paid Search,google,cpc,KSA Growth,tablet,P011,10,9,7,2,1,1
2025-03-05,Paid Search,google,cpc,KSA Growth,tablet,P012,7,6,5,1,1,0
2025-03-06,Email,newsletter,email,Lifecycle,desktop,P001,15,12,10,3,2,1
2025-03-06,Email,newsletter,email,Lifecycle,desktop,P002,10,8,7,2,1,1
2025-03-06,Email,newsletter,email,Lifecycle,desktop,P003,14,11,10,3,2,1
2025-03-06,Email,newsletter,email,Lifecycle,desktop,P004,9,7,6,1,1,1
2025-03-06,Email,newsletter,email,Lifecycle,desktop,P005,13,11,9,2,2,1
2025-03-06,Email,newsletter,email,Lifecycle,desktop,P006,8,6,5,1,1,1
2025-03-06,Email,newsletter,email,Lifecycle,desktop,P007,12,10,9,2,1,1
2025-03-06,Email,newsletter,email,Lifecycle,desktop,P008,7,5,5,1,1,1
2025-03-06,Email,newsletter,email,Lifecycle,desktop,P009,12,9,8,2,1,1
2025-03-06,Email,newsletter,email,Lifecycle,desktop,P010,16,13,11,3,2,1
2025-03-06,Email,newsletter,email,Lifecycle,desktop,P011,11,8,7,2,1,1
2025-03-06,Email,newsletter,email,Lifecycle,desktop,P012,15,12,10,3,2,1
2025-03-06,Organic Search,google,organic,Always-on SEO,tablet,P001,13,11,11,3,1,1
2025-03-06,Organic Search,google,organic,Always-on SEO,tablet,P002,22,17,17,4,2,2
2025-03-06,Organic Search,google,organic,Always-on SEO,tablet,P003,12,9,9,2,1,1
2025-03-06,Organic Search,google,organic,Always-on SEO,tablet,P004,20,16,16,4,2,1
2025-03-06,Organic Search,google,organic,Always-on SEO,tablet,P005,28,23,23,5,3,2
2025-03-06,Organic Search,google,organic,Always-on SEO,tablet,P006,18,15,15,4,2,1
2025-03-06,Organic Search,google,organic,Always-on SEO,tablet,P007,27,22,21,5,3,2
2025-03-06,Organic Search,google,organic,Always-on SEO,tablet,P008,17,13,13,3,2,1
2025-03-06,Organic Search,google,organic,Always-on SEO,tablet,P009,25,20,20,5,3,2
2025-03-06,Organic Search,google,organic,Always-on SEO,tablet,P010,15,12,12,3,2,1
2025-03-06,Organic Search,google,organic,Always-on SEO,tablet,P011,23,19,19,4,3,2
2025-03-06,Organic Search,google,organic,Always-on SEO,tablet,P012,13,11,11,3,1,1
2025-03-06,Direct,direct,none,Unassigned,mobile,P001,8,7,5,1,1,1
2025-03-06,Direct,direct,none,Unassigned,mobile,P002,12,9,7,2,1,1
2025-03-06,Direct,direct,none,Unassigned,mobile,P003,8,6,5,1,1,0
2025-03-06,Direct,direct,none,Unassigned,mobile,P004,11,9,7,2,1,1
2025-03-06,Direct,direct,none,Unassigned,mobile,P005,7,5,4,1,1,0
2025-03-06,Direct,direct,none,Unassigned,mobile,P006,10,8,7,2,1,1
2025-03-06,Direct,direct,none,Unassigned,mobile,P007,6,5,4,1,1,0
2025-03-06,Direct,direct,none,Unassigned,mobile,P008,10,8,6,2,1,1
2025-03-06,Direct,direct,none,Unassigned,mobile,P009,5,4,3,1,0,0
2025-03-06,Direct,direct,none,Unassigned,mobile,P010,9,7,6,2,1,1
2025-03-06,Direct,direct,none,Unassigned,mobile,P011,13,10,8,2,1,1
2025-03-06,Direct,direct,none,Unassigned,mobile,P012,8,7,5,1,1,0
2025-03-07,Affiliates,partners,affiliate,Partner Network,tablet,P001,13,11,10,2,1,1
2025-03-07,Affiliates,partners,affiliate,Partner Network,tablet,P002,9,7,7,1,1,0
2025-03-07,Affiliates,partners,affiliate,Partner Network,tablet,P003,13,10,10,2,1,1
2025-03-07,Affiliates,partners,affiliate,Partner Network,tablet,P004,8,6,6,1,1,0
2025-03-07,Affiliates,partners,affiliate,Partner Network,tablet,P005,12,9,9,2,1,1
2025-03-07,Affiliates,partners,affiliate,Partner Network,tablet,P006,7,6,6,1,0,0
2025-03-07,Affiliates,partners,affiliate,Partner Network,tablet,P007,11,9,9,1,1,1
2025-03-07,Affiliates,partners,affiliate,Partner Network,tablet,P008,6,5,5,1,0,0
2025-03-07,Affiliates,partners,affiliate,Partner Network,tablet,P009,10,8,8,1,1,0
2025-03-07,Affiliates,partners,affiliate,Partner Network,tablet,P010,5,4,4,1,0,0
2025-03-07,Affiliates,partners,affiliate,Partner Network,tablet,P011,9,8,7,1,1,0
2025-03-07,Affiliates,partners,affiliate,Partner Network,tablet,P012,13,11,10,2,1,1
2025-03-07,Paid Search,google,cpc,KSA Growth,mobile,P001,13,11,9,2,1,1
2025-03-07,Paid Search,google,cpc,KSA Growth,mobile,P002,21,17,15,4,2,2
2025-03-07,Paid Search,google,cpc,KSA Growth,mobile,P003,12,10,8,2,1,1
2025-03-07,Paid Search,google,cpc,KSA Growth,mobile,P004,19,16,14,4,2,1
2025-03-07,Paid Search,google,cpc,KSA Growth,mobile,P005,11,9,7,2,1,1
2025-03-07,Paid Search,google,cpc,KSA Growth,mobile,P006,18,15,12,3,2,1
2025-03-07,Paid Search,google,cpc,KSA Growth,mobile,P007,25,21,18,5,3,2
2025-03-07,Paid Search,google,cpc,KSA Growth,mobile,P008,16,14,11,3,2,1
2025-03-07,Paid Search,google,cpc,KSA Growth,mobile,P009,24,20,17,4,2,2
2025-03-07,Paid Search,google,cpc,KSA Growth,mobile,P010,15,12,10,3,2,1
2025-03-07,Paid Search,google,cpc,KSA Growth,mobile,P011,22,18,16,4,2,2
2025-03-07,Paid Search,google,cpc,KSA Growth,mobile,P012,13,11,9,2,1,1
2025-03-07,Paid Social,instagram,paid_social,Creator Offers,desktop,P001,10,7,6,1,1,0
2025-03-07,Paid Social,instagram,paid_social,Creator Offers,desktop,P002,13,10,9,2,1,1
2025-03-07,Paid Social,instagram,paid_social,Creator Offers,desktop,P003,9,7,6,1,1,0
2025-03-07,Paid Social,instagram,paid_social,Creator Offers,desktop,P004,13,10,9,2,1,1
2025-03-07,Paid Social,instagram,paid_social,Creator Offers,desktop,P005,8,6,5,1,0,0
2025-03-07,Paid Social,instagram,paid_social,Creator Offers,desktop,P006,12,9,8,2,1,1
2025-03-07,Paid Social,instagram,paid_social,Creator Offers,desktop,P007,7,5,5,1,0,0
2025-03-07,Paid Social,instagram,paid_social,Creator Offers,desktop,P008,11,9,7,2,1,1
2025-03-07,Paid Social,instagram,paid_social,Creator Offers,desktop,P009,6,5,4,1,0,0
2025-03-07,Paid Social,instagram,paid_social,Creator Offers,desktop,P010,10,8,7,1,1,1
2025-03-07,Paid Social,instagram,paid_social,Creator Offers,desktop,P011,6,4,4,1,0,0
2025-03-07,Paid Social,instagram,paid_social,Creator Offers,desktop,P012,9,7,6,1,1,0
2025-03-08,Organic Search,google,organic,Always-on SEO,mobile,P001,5,4,4,1,0,0
2025-03-08,Organic Search,google,organic,Always-on SEO,mobile,P002,9,7,7,1,1,1
2025-03-08,Organic Search,google,organic,Always-on SEO,mobile,P003,13,11,10,2,1,1
2025-03-08,Organic Search,google,organic,Always-on SEO,mobile,P004,9,7,6,1,1,1
2025-03-08,Organic Search,google,organic,Always-on SEO,mobile,P005,12,10,9,2,1,1
2025-03-08,Organic Search,google,organic,Always-on SEO,mobile,P006,8,6,6,1,1,0
2025-03-08,Organic Search,google,organic,Always-on SEO,mobile,P007,12,9,8,2,1,1
2025-03-08,Organic Search,google,organic,Always-on SEO,mobile,P008,7,6,5,1,1,0
2025-03-08,Organic Search,google,organic,Always-on SEO,mobile,P009,11,9,8,1,1,1
2025-03-08,Organic Search,google,organic,Always-on SEO,mobile,P010,6,5,4,1,1,0
2025-03-08,Organic Search,google,organic,Always-on SEO,mobile,P011,10,8,7,1,1,1
2025-03-08,Organic Search,google,organic,Always-on SEO,mobile,P012,5,4,4,1,0,0
2025-03-08,Direct,direct,none,Unassigned,desktop,P001,15,12,11,2,2,1
2025-03-08,Direct,direct,none,Unassigned,desktop,P002,23,17,16,3,2,1
2025-03-08,Direct,direct,none,Unassigned,desktop,P003,14,10,9,2,1,1
2025-03-08,Direct,direct,none,Unassigned,desktop,P004,21,16,15,3,2,1
2025-03-08,Direct,direct,none,Unassigned,desktop,P005,12,9,8,2,1,1
2025-03-08,Direct,direct,none,Unassigned,desktop,P006,20,15,14,3,2,1
2025-03-08,Direct,direct,none,Unassigned,desktop,P007,11,8,7,1,1,1
2025-03-08,Direct,direct,none,Unassigned,desktop,P008,18,14,13,3,2,1
2025-03-08,Direct,direct,none,Unassigned,desktop,P009,26,20,18,4,2,2
2025-03-08,Direct,direct,none,Unassigned,desktop,P010,17,13,12,2,2,1
2025-03-08,Direct,direct,none,Unassigned,desktop,P011,24,18,17,3,2,1
2025-03-08,Direct,direct,none,Unassigned,desktop,P012,15,11,11,2,1,1
2025-03-08,Email,newsletter,email,Lifecycle,tablet,P001,17,14,12,3,2,1
2025-03-08,Email,newsletter,email,Lifecycle,tablet,P002,9,7,6,2,1,1
2025-03-08,Email,newsletter,email,Lifecycle,tablet,P003,15,13,11,3,2,1
2025-03-08,Email,newsletter,email,Lifecycle,tablet,P004,22,18,15,4,3,2
2025-03-08,Email,newsletter,email,Lifecycle,tablet,P005,14,12,10,3,2,1
2025-03-08,Email,newsletter,email,Lifecycle,tablet,P006,21,17,14,4,3,2
2025-03-08,Email,newsletter,email,Lifecycle,tablet,P007,13,11,9,2,2,1
2025-03-08,Email,newsletter,email,Lifecycle,tablet,P008,19,16,13,3,2,2
2025-03-08,Email,newsletter,email,Lifecycle,tablet,P009,12,10,8,2,1,1
2025-03-08,Email,newsletter,email,Lifecycle,tablet,P010,18,15,12,3,2,2
2025-03-08,Email,newsletter,email,Lifecycle,tablet,P011,10,9,7,2,1,1
2025-03-08,Email,newsletter,email,Lifecycle,tablet,P012,17,14,12,3,2,1
2025-03-09,Paid Search,google,cpc,KSA Growth,desktop,P001,9,7,7,2,1,1
2025-03-09,Paid Search,google,cpc,KSA Growth,desktop,P002,14,11,11,3,2,1
2025-03-09,Paid Search,google,cpc,KSA Growth,desktop,P003,8,6,6,1,1,1
2025-03-09,Paid Search,google,cpc,KSA Growth,desktop,P004,13,10,10,3,1,1
2025-03-09,Paid Search,google,cpc,KSA Growth,desktop,P005,19,14,15,4,2,1
2025-03-09,Paid Search,google,cpc,KSA Growth,desktop,P006,12,9,9,2,1,1
2025-03-09,Paid Search,google,cpc,KSA Growth,desktop,P007,18,14,14,3,2,1
2025-03-09,Paid Search,google,cpc,KSA Growth,desktop,P008,11,8,9,2,1,1
2025-03-09,Paid Search,google,cpc,KSA Growth,desktop,P009,17,13,13,3,2,1
2025-03-09,Paid Search,google,cpc,KSA Growth,desktop,P010,10,8,8,2,1,1
2025-03-09,Paid Search,google,cpc,KSA Growth,desktop,P011,15,12,12,3,2,1
2025-03-09,Paid Search,google,cpc,KSA Growth,desktop,P012,9,7,7,2,1,1
2025-03-09,Paid Social,instagram,paid_social,Creator Offers,tablet,P001,15,12,11,3,2,2
2025-03-09,Paid Social,instagram,paid_social,Creator Offers,tablet,P002,22,18,16,4,3,2
2025-03-09,Paid Social,instagram,paid_social,Creator Offers,tablet,P003,14,11,10,3,2,1
2025-03-09,Paid Social,instagram,paid_social,Creator Offers,tablet,P004,21,16,15,4,3,2
2025-03-09,Paid Social,instagram,paid_social,Creator Offers,tablet,P005,13,10,9,3,2,1
2025-03-09,Paid Social,instagram,paid_social,Creator Offers,tablet,P006,20,15,14,4,3,2
2025-03-09,Paid Social,instagram,paid_social,Creator Offers,tablet,P007,11,9,8,2,2,1
2025-03-09,Paid Social,instagram,paid_social,Creator Offers,tablet,P008,18,14,13,4,2,2
2025-03-09,Paid Social,instagram,paid_social,Creator Offers,tablet,P009,10,8,7,2,1,1
2025-03-09,Paid Social,instagram,paid_social,Creator Offers,tablet,P010,17,13,12,3,2,2
2025-03-09,Paid Social,instagram,paid_social,Creator Offers,tablet,P011,24,19,16,5,3,2
2025-03-09,Paid Social,instagram,paid_social,Creator Offers,tablet,P012,15,12,11,3,2,2
2025-03-09,Affiliates,partners,affiliate,Partner Network,mobile,P001,12,9,10,2,1,1
2025-03-09,Affiliates,partners,affiliate,Partner Network,mobile,P002,7,5,5,1,1,1
2025-03-09,Affiliates,partners,affiliate,Partner Network,mobile,P003,12,9,9,2,1,1
2025-03-09,Affiliates,partners,affiliate,Partner Network,mobile,P004,6,5,5,1,1,0
2025-03-09,Affiliates,partners,affiliate,Partner Network,mobile,P005,11,8,8,2,1,1
2025-03-09,Affiliates,partners,affiliate,Partner Network,mobile,P006,15,11,12,3,2,1
2025-03-09,Affiliates,partners,affiliate,Partner Network,mobile,P007,10,7,7,2,1,1
2025-03-09,Affiliates,partners,affiliate,Partner Network,mobile,P008,14,11,11,3,2,1
2025-03-09,Affiliates,partners,affiliate,Partner Network,mobile,P009,9,7,7,2,1,1
2025-03-09,Affiliates,partners,affiliate,Partner Network,mobile,P010,13,10,10,2,2,1
2025-03-09,Affiliates,partners,affiliate,Partner Network,mobile,P011,8,6,6,2,1,1
2025-03-09,Affiliates,partners,affiliate,Partner Network,mobile,P012,12,9,10,2,1,1
2025-03-10,Direct,direct,none,Unassigned,tablet,P001,6,5,4,1,0,0
2025-03-10,Direct,direct,none,Unassigned,tablet,P002,10,8,7,2,1,1
2025-03-10,Direct,direct,none,Unassigned,tablet,P003,5,4,4,1,0,0
2025-03-10,Direct,direct,none,Unassigned,tablet,P004,9,7,6,2,1,1
2025-03-10,Direct,direct,none,Unassigned,tablet,P005,5,4,3,1,0,0
2025-03-10,Direct,direct,none,Unassigned,tablet,P006,8,7,6,1,1,1
2025-03-10,Direct,direct,none,Unassigned,tablet,P007,12,9,8,2,1,1
2025-03-10,Direct,direct,none,Unassigned,tablet,P008,8,6,5,1,1,0
2025-03-10,Direct,direct,none,Unassigned,tablet,P009,11,9,7,2,1,1
2025-03-10,Direct,direct,none,Unassigned,tablet,P010,7,5,5,1,1,0
2025-03-10,Direct,direct,none,Unassigned,tablet,P011,10,8,7,2,1,1
2025-03-10,Direct,direct,none,Unassigned,tablet,P012,6,5,4,1,0,0
2025-03-10,Email,newsletter,email,Lifecycle,mobile,P001,16,13,11,2,1,1
2025-03-10,Email,newsletter,email,Lifecycle,mobile,P002,23,18,16,3,2,1
2025-03-10,Email,newsletter,email,Lifecycle,mobile,P003,15,12,10,2,1,1
2025-03-10,Email,newsletter,email,Lifecycle,mobile,P004,22,17,15,3,2,1
2025-03-10,Email,newsletter,email,Lifecycle,mobile,P005,13,10,9,2,1,1
2025-03-10,Email,newsletter,email,Lifecycle,mobile,P006,20,16,14,3,2,1
2025-03-10,Email,newsletter,email,Lifecycle,mobile,P007,12,9,8,1,1,1
2025-03-10,Email,newsletter,email,Lifecycle,mobile,P008,19,15,13,2,1,1
2025-03-10,Email,newsletter,email,Lifecycle,mobile,P009,11,8,7,1,1,1
2025-03-10,Email,newsletter,email,Lifecycle,mobile,P010,18,14,12,2,1,1
2025-03-10,Email,newsletter,email,Lifecycle,mobile,P011,9,7,7,1,1,0
2025-03-10,Email,newsletter,email,Lifecycle,mobile,P012,16,13,11,2,1,1
2025-03-10,Organic Search,google,organic,Always-on SEO,desktop,P001,12,10,8,2,1,1
2025-03-10,Organic Search,google,organic,Always-on SEO,desktop,P002,7,6,5,1,1,0
2025-03-10,Organic Search,google,organic,Always-on SEO,desktop,P003,11,9,8,2,1,1
2025-03-10,Organic Search,google,organic,Always-on SEO,desktop,P004,6,5,4,1,1,0
2025-03-10,Organic Search,google,organic,Always-on SEO,desktop,P005,10,9,7,2,1,1
2025-03-10,Organic Search,google,organic,Always-on SEO,desktop,P006,5,5,4,1,0,0
2025-03-10,Organic Search,google,organic,Always-on SEO,desktop,P007,9,8,7,2,1,1
2025-03-10,Organic Search,google,organic,Always-on SEO,desktop,P008,13,11,9,3,1,1
2025-03-10,Organic Search,google,organic,Always-on SEO,desktop,P009,9,7,6,2,1,1
2025-03-10,Organic Search,google,organic,Always-on SEO,desktop,P010,12,11,9,2,1,1
2025-03-10,Organic Search,google,organic,Always-on SEO,desktop,P011,8,7,6,2,1,0
2025-03-10,Organic Search,google,organic,Always-on SEO,desktop,P012,12,10,8,2,1,1
2025-03-11,Paid Social,instagram,paid_social,Creator Offers,mobile,P001,9,6,7,2,1,1
2025-03-11,Paid Social,instagram,paid_social,Creator Offers,mobile,P002,13,10,10,2,1,1
2025-03-11,Paid Social,instagram,paid_social,Creator Offers,mobile,P003,8,6,6,1,1,0
2025-03-11,Paid Social,instagram,paid_social,Creator Offers,mobile,P004,12,9,9,2,1,1
2025-03-11,Paid Social,instagram,paid_social,Creator Offers,mobile,P005,7,5,5,1,1,0
2025-03-11,Paid Social,instagram,paid_social,Creator Offers,mobile,P006,11,8,8,2,1,1
2025-03-11,Paid Social,instagram,paid_social,Creator Offers,mobile,P007,6,4,5,1,0,0
2025-03-11,Paid Social,instagram,paid_social,Creator Offers,mobile,P008,10,8,8,2,1,1
2025-03-11,Paid Social,instagram,paid_social,Creator Offers,mobile,P009,14,11,11,3,1,1
2025-03-11,Paid Social,instagram,paid_social,Creator Offers,mobile,P010,9,7,7,2,1,1
2025-03-11,Paid Social,instagram,paid_social,Creator Offers,mobile,P011,14,10,10,3,1,1
2025-03-11,Paid Social,instagram,paid_social,Creator Offers,mobile,P012,8,6,7,2,1,0
2025-03-11,Affiliates,partners,affiliate,Partner Network,desktop,P001,13,10,10,2,2,1
2025-03-11,Affiliates,partners,affiliate,Partner Network,desktop,P002,7,5,5,1,1,1
2025-03-11,Affiliates,partners,affiliate,Partner Network,desktop,P003,12,9,9,2,2,1
2025-03-11,Affiliates,partners,affiliate,Partner Network,desktop,P004,16,13,13,3,2,2
2025-03-11,Affiliates,partners,affiliate,Partner Network,desktop,P005,11,8,8,2,1,1
2025-03-11,Affiliates,partners,affiliate,Partner Network,desktop,P006,16,12,12,3,2,2
2025-03-11,Affiliates,partners,affiliate,Partner Network,desktop,P007,10,8,8,2,1,1
2025-03-11,Affiliates,partners,affiliate,Partner Network,desktop,P008,15,12,12,3,2,1
2025-03-11,Affiliates,partners,affiliate,Partner Network,desktop,P009,9,7,7,2,1,1
2025-03-11,Affiliates,partners,affiliate,Partner Network,desktop,P010,14,11,11,3,2,1
2025-03-11,Affiliates,partners,affiliate,Partner Network,desktop,P011,8,6,6,2,1,1
2025-03-11,Affiliates,partners,affiliate,Partner Network,desktop,P012,13,10,10,2,2,1
2025-03-11,Paid Search,google,cpc,KSA Growth,tablet,P001,13,10,10,2,1,1
2025-03-11,Paid Search,google,cpc,KSA Growth,tablet,P002,8,6,6,1,1,0
2025-03-11,Paid Search,google,cpc,KSA Growth,tablet,P003,12,10,9,2,1,1
2025-03-11,Paid Search,google,cpc,KSA Growth,tablet,P004,7,6,5,1,1,0
2025-03-11,Paid Search,google,cpc,KSA Growth,tablet,P005,11,9,8,1,1,1
2025-03-11,Paid Search,google,cpc,KSA Growth,tablet,P006,7,5,5,1,0,0
2025-03-11,Paid Search,google,cpc,KSA Growth,tablet,P007,11,8,8,1,1,1
2025-03-11,Paid Search,google,cpc,KSA Growth,tablet,P008,6,5,4,1,0,0
2025-03-11,Paid Search,google,cpc,KSA Growth,tablet,P009,10,8,7,1,1,1
2025-03-11,Paid Search,google,cpc,KSA Growth,tablet,P010,14,11,10,2,1,1
2025-03-11,Paid Search,google,cpc,KSA Growth,tablet,P011,9,7,7,1,1,0
2025-03-11,Paid Search,google,cpc,KSA Growth,tablet,P012,13,10,10,2,1,1
2025-03-12,Email,newsletter,email,Lifecycle,desktop,P001,11,8,7,1,1,1
2025-03-12,Email,newsletter,email,Lifecycle,desktop,P002,15,12,10,2,1,1
2025-03-12,Email,newsletter,email,Lifecycle,desktop,P003,10,8,7,1,1,0
2025-03-12,Email,newsletter,email,Lifecycle,desktop,P004,14,11,10,2,1,1
2025-03-12,Email,newsletter,email,Lifecycle,desktop,P005,9,7,6,1,1,0
2025-03-12,Email,newsletter,email,Lifecycle,desktop,P006,14,11,9,2,1,1
2025-03-12,Email,newsletter,email,Lifecycle,desktop,P007,8,6,5,1,1,0
2025-03-12,Email,newsletter,email,Lifecycle,desktop,P008,13,10,9,2,1,1
2025-03-12,Email,newsletter,email,Lifecycle,desktop,P009,7,5,5,1,1,0
2025-03-12,Email,newsletter,email,Lifecycle,desktop,P010,12,9,8,2,1,1
2025-03-12,Email,newsletter,email,Lifecycle,desktop,P011,16,13,11,2,1,1
2025-03-12,Email,newsletter,email,Lifecycle,desktop,P012,11,8,7,1,1,1
2025-03-12,Organic Search,google,organic,Always-on SEO,tablet,P001,10,8,7,1,1,1
2025-03-12,Organic Search,google,organic,Always-on SEO,tablet,P002,6,5,4,1,0,0
2025-03-12,Organic Search,google,organic,Always-on SEO,tablet,P003,9,8,6,1,1,0
2025-03-12,Organic Search,google,organic,Always-on SEO,tablet,P004,5,4,3,1,0,0
2025-03-12,Organic Search,google,organic,Always-on SEO,tablet,P005,8,7,6,1,1,0
2025-03-12,Organic Search,google,organic,Always-on SEO,tablet,P006,12,10,8,2,1,1
2025-03-12,Organic Search,google,organic,Always-on SEO,tablet,P007,8,7,5,1,0,0
2025-03-12,Organic Search,google,organic,Always-on SEO,tablet,P008,11,10,7,2,1,1
2025-03-12,Organic Search,google,organic,Always-on SEO,tablet,P009,7,6,5,1,0,0
2025-03-12,Organic Search,google,organic,Always-on SEO,tablet,P010,11,9,7,2,1,1
2025-03-12,Organic Search,google,organic,Always-on SEO,tablet,P011,6,5,4,1,0,0
2025-03-12,Organic Search,google,organic,Always-on SEO,tablet,P012,10,8,6,1,1,1
2025-03-12,Direct,direct,none,Unassigned,mobile,P001,21,15,15,3,2,1
2025-03-12,Direct,direct,none,Unassigned,mobile,P002,14,10,9,2,1,1
2025-03-12,Direct,direct,none,Unassigned,mobile,P003,20,15,14,3,2,1
2025-03-12,Direct,direct,none,Unassigned,mobile,P004,13,9,9,2,1,1
2025-03-12,Direct,direct,none,Unassigned,mobile,P005,19,14,13,3,2,1
2025-03-12,Direct,direct,none,Unassigned,mobile,P006,11,8,8,2,1,1
2025-03-12,Direct,direct,none,Unassigned,mobile,P007,17,13,12,3,2,1
2025-03-12,Direct,direct,none,Unassigned,mobile,P008,10,7,7,2,1,1
2025-03-12,Direct,direct,none,Unassigned,mobile,P009,16,12,11,3,2,1
2025-03-12,Direct,direct,none,Unassigned,mobile,P010,9,6,6,1,1,1
2025-03-12,Direct,direct,none,Unassigned,mobile,P011,15,11,10,2,2,1
2025-03-12,Direct,direct,none,Unassigned,mobile,P012,21,15,15,3,2,1
2025-03-13,Affiliates,partners,affiliate,Partner Network,tablet,P001,19,17,12,2,2,1
2025-03-13,Affiliates,partners,affiliate,Partner Network,tablet,P002,26,24,16,3,2,1
2025-03-13,Affiliates,partners,affiliate,Partner Network,tablet,P003,17,15,11,2,1,1
2025-03-13,Affiliates,partners,affiliate,Partner Network,tablet,P004,25,22,15,3,2,1
2025-03-13,Affiliates,partners,affiliate,Partner Network,tablet,P005,15,14,10,2,1,1
2025-03-13,Affiliates,partners,affiliate,Partner Network,tablet,P006,23,21,14,3,2,1
2025-03-13,Affiliates,partners,affiliate,Partner Network,tablet,P007,14,12,9,2,1,1
2025-03-13,Affiliates,partners,affiliate,Partner Network,tablet,P008,22,19,14,3,2,1
2025-03-13,Affiliates,partners,affiliate,Partner Network,tablet,P009,12,11,8,2,1,1
2025-03-13,Affiliates,partners,affiliate,Partner Network,tablet,P010,20,18,13,3,2,1
2025-03-13,Affiliates,partners,affiliate,Partner Network,tablet,P011,11,10,7,1,1,1
2025-03-13,Affiliates,partners,affiliate,Partner Network,tablet,P012,18,17,12,2,2,1
2025-03-13,Paid Search,google,cpc,KSA Growth,mobile,P001,24,19,19,4,2,2
2025-03-13,Paid Search,google,cpc,KSA Growth,mobile,P002,14,11,11,2,1,1
2025-03-13,Paid Search,google,cpc,KSA Growth,mobile,P003,22,18,18,4,2,1
2025-03-13,Paid Search,google,cpc,KSA Growth,mobile,P004,13,10,10,2,1,1
2025-03-13,Paid Search,google,cpc,KSA Growth,mobile,P005,21,16,16,3,2,1
2025-03-13,Paid Search,google,cpc,KSA Growth,mobile,P006,11,9,9,2,1,1
2025-03-13,Paid Search,google,cpc,KSA Growth,mobile,P007,19,15,15,3,2,1
2025-03-13,Paid Search,google,cpc,KSA Growth,mobile,P008,27,22,22,4,3,2
2025-03-13,Paid Search,google,cpc,KSA Growth,mobile,P009,18,14,14,3,2,1
2025-03-13,Paid Search,google,cpc,KSA Growth,mobile,P010,26,20,20,4,3,2
2025-03-13,Paid Search,google,cpc,KSA Growth,mobile,P011,16,13,13,3,2,1
2025-03-13,Paid Search,google,cpc,KSA Growth,mobile,P012,24,19,19,4,2,2
2025-03-13,Paid Social,instagram,paid_social,Creator Offers,desktop,P001,9,8,7,1,1,1
2025-03-13,Paid Social,instagram,paid_social,Creator Offers,desktop,P002,16,13,12,2,1,1
2025-03-13,Paid Social,instagram,paid_social,Creator Offers,desktop,P003,22,19,16,3,2,1
2025-03-13,Paid Social,instagram,paid_social,Creator Offers,desktop,P004,15,12,11,2,1,1
2025-03-13,Paid Social,instagram,paid_social,Creator Offers,desktop,P005,21,18,15,3,2,1
2025-03-13,Paid Social,instagram,paid_social,Creator Offers,desktop,P006,13,11,10,2,1,1
2025-03-13,Paid Social,instagram,paid_social,Creator Offers,desktop,P007,20,17,14,3,2,1
2025-03-13,Paid Social,instagram,paid_social,Creator Offers,desktop,P008,12,10,9,2,1,1
2025-03-13,Paid Social,instagram,paid_social,Creator Offers,desktop,P009,19,16,14,2,2,1
2025-03-13,Paid Social,instagram,paid_social,Creator Offers,desktop,P010,11,9,8,1,1,1
2025-03-13,Paid Social,instagram,paid_social,Creator Offers,desktop,P011,17,14,13,2,2,1
2025-03-13,Paid Social,instagram,paid_social,Creator Offers,desktop,P012,9,8,7,1,1,0
2025-03-14,Organic Search,google,organic,Always-on SEO,mobile,P001,17,12,14,4,2,1
2025-03-14,Organic Search,google,organic,Always-on SEO,mobile,P002,9,7,7,2,1,1
2025-03-14,Organic Search,google,organic,Always-on SEO,mobile,P003,15,12,12,4,2,1
2025-03-14,Organic Search,google,organic,Always-on SEO,mobile,P004,22,16,18,5,3,2
2025-03-14,Organic Search,google,organic,Always-on SEO,mobile,P005,14,11,11,3,2,1
2025-03-14,Organic Search,google,organic,Always-on SEO,mobile,P006,20,15,17,5,2,2
2025-03-14,Organic Search,google,organic,Always-on SEO,mobile,P007,13,10,10,3,2,1
2025-03-14,Organic Search,google,organic,Always-on SEO,mobile,P008,19,14,16,4,2,2
2025-03-14,Organic Search,google,organic,Always-on SEO,mobile,P009,11,9,9,3,1,1
2025-03-14,Organic Search,google,organic,Always-on SEO,mobile,P010,18,13,15,4,2,2
2025-03-14,Organic Search,google,organic,Always-on SEO,mobile,P011,10,8,8,2,1,1
2025-03-14,Organic Search,google,organic,Always-on SEO,mobile,P012,16,12,13,4,2,1
2025-03-14,Direct,direct,none,Unassigned,desktop,P001,18,14,14,3,2,1
2025-03-14,Direct,direct,none,Unassigned,desktop,P002,11,9,9,2,1,1
2025-03-14,Direct,direct,none,Unassigned,desktop,P003,17,14,14,3,1,1
2025-03-14,Direct,direct,none,Unassigned,desktop,P004,10,8,8,2,1,0
2025-03-14,Direct,direct,none,Unassigned,desktop,P005,16,13,13,3,1,1
2025-03-14,Direct,direct,none,Unassigned,desktop,P006,9,7,7,1,1,0
2025-03-14,Direct,direct,none,Unassigned,desktop,P007,15,12,12,2,1,1
2025-03-14,Direct,direct,none,Unassigned,desktop,P008,8,6,6,1,1,0
2025-03-14,Direct,direct,none,Unassigned,desktop,P009,14,11,11,2,1,1
2025-03-14,Direct,direct,none,Unassigned,desktop,P010,19,15,15,3,2,1
2025-03-14,Direct,direct,none,Unassigned,desktop,P011,13,10,10,2,1,1
2025-03-14,Direct,direct,none,Unassigned,desktop,P012,18,14,14,3,1,1
2025-03-14,Email,newsletter,email,Lifecycle,tablet,P001,13,12,11,3,2,1
2025-03-14,Email,newsletter,email,Lifecycle,tablet,P002,22,20,17,5,3,2
2025-03-14,Email,newsletter,email,Lifecycle,tablet,P003,12,10,9,2,1,1
2025-03-14,Email,newsletter,email,Lifecycle,tablet,P004,20,18,16,4,3,2
2025-03-14,Email,newsletter,email,Lifecycle,tablet,P005,29,26,22,6,4,2
2025-03-14,Email,newsletter,email,Lifecycle,tablet,P006,18,17,14,4,2,2
2025-03-14,Email,newsletter,email,Lifecycle,tablet,P007,27,24,21,6,3,2
2025-03-14,Email,newsletter,email,Lifecycle,tablet,P008,17,15,13,3,2,2
2025-03-14,Email,newsletter,email,Lifecycle,tablet,P009,25,23,20,5,3,2
2025-03-14,Email,newsletter,email,Lifecycle,tablet,P010,15,13,12,3,2,1
2025-03-14,Email,newsletter,email,Lifecycle,tablet,P011,24,21,18,5,3,2
2025-03-14,Email,newsletter,email,Lifecycle,tablet,P012,13,12,11,3,2,1
2025-03-15,Paid Search,google,cpc,KSA Growth,desktop,P001,19,15,13,3,2,1
2025-03-15,Paid Search,google,cpc,KSA Growth,desktop,P002,11,8,7,2,1,1
2025-03-15,Paid Search,google,cpc,KSA Growth,desktop,P003,18,13,12,3,2,1
2025-03-15,Paid Search,google,cpc,KSA Growth,desktop,P004,10,7,6,2,1,1
2025-03-15,Paid Search,google,cpc,KSA Growth,desktop,P005,17,12,11,3,2,1
2025-03-15,Paid Search,google,cpc,KSA Growth,desktop,P006,24,18,15,4,2,2
2025-03-15,Paid Search,google,cpc,KSA Growth,desktop,P007,15,11,10,3,2,1
2025-03-15,Paid Search,google,cpc,KSA Growth,desktop,P008,22,17,15,4,2,2
2025-03-15,Paid Search,google,cpc,KSA Growth,desktop,P009,14,10,9,2,1,1
2025-03-15,Paid Search,google,cpc,KSA Growth,desktop,P010,21,16,14,3,2,1
2025-03-15,Paid Search,google,cpc,KSA Growth,desktop,P011,13,9,8,2,1,1
2025-03-15,Paid Search,google,cpc,KSA Growth,desktop,P012,19,14,13,3,2,1
2025-03-15,Paid Social,instagram,paid_social,Creator Offers,tablet,P001,13,11,9,2,2,1
2025-03-15,Paid Social,instagram,paid_social,Creator Offers,tablet,P002,9,7,6,2,1,1
2025-03-15,Paid Social,instagram,paid_social,Creator Offers,tablet,P003,13,10,8,2,1,1
2025-03-15,Paid Social,instagram,paid_social,Creator Offers,tablet,P004,8,6,5,2,1,0
2025-03-15,Paid Social,instagram,paid_social,Creator Offers,tablet,P005,12,10,8,2,1,1
2025-03-15,Paid Social,instagram,paid_social,Creator Offers,tablet,P006,7,6,4,1,1,0
2025-03-15,Paid Social,instagram,paid_social,Creator Offers,tablet,P007,11,9,7,2,1,1
2025-03-15,Paid Social,instagram,paid_social,Creator Offers,tablet,P008,6,5,4,1,1,0
2025-03-15,Paid Social,instagram,paid_social,Creator Offers,tablet,P009,10,8,7,2,1,1
2025-03-15,Paid Social,instagram,paid_social,Creator Offers,tablet,P010,6,4,3,1,1,0
2025-03-15,Paid Social,instagram,paid_social,Creator Offers,tablet,P011,9,8,6,2,1,1
2025-03-15,Paid Social,instagram,paid_social,Creator Offers,tablet,P012,13,11,9,2,1,1
2025-03-15,Affiliates,partners,affiliate,Partner Network,mobile,P001,10,9,8,2,1,1
2025-03-15,Affiliates,partners,affiliate,Partner Network,mobile,P002,15,13,12,3,2,1
2025-03-15,Affiliates,partners,affiliate,Partner Network,mobile,P003,8,8,7,2,1,1
2025-03-15,Affiliates,partners,affiliate,Partner Network,mobile,P004,14,12,11,3,2,1
2025-03-15,Affiliates,partners,affiliate,Partner Network,mobile,P005,7,7,6,2,1,1
2025-03-15,Affiliates,partners,affiliate,Partner Network,mobile,P006,13,11,11,3,2,1
2025-03-15,Affiliates,partners,affiliate,Partner Network,mobile,P007,18,16,15,4,3,2
2025-03-15,Affiliates,partners,affiliate,Partner Network,mobile,P008,12,10,10,2,2,1
2025-03-15,Affiliates,partners,affiliate,Partner Network,mobile,P009,17,15,14,3,2,1
2025-03-15,Affiliates,partners,affiliate,Partner Network,mobile,P010,11,9,9,2,2,1
2025-03-15,Affiliates,partners,affiliate,Partner Network,mobile,P011,16,14,13,3,2,1
2025-03-15,Affiliates,partners,affiliate,Partner Network,mobile,P012,10,8,8,2,1,1
2025-03-16,Direct,direct,none,Unassigned,tablet,P001,22,19,14,3,2,1
2025-03-16,Direct,direct,none,Unassigned,tablet,P002,13,11,9,2,1,1
2025-03-16,Direct,direct,none,Unassigned,tablet,P003,20,17,13,3,2,1
2025-03-16,Direct,direct,none,Unassigned,tablet,P004,12,10,8,2,1,1
2025-03-16,Direct,direct,none,Unassigned,tablet,P005,19,16,13,2,2,1
2025-03-16,Direct,direct,none,Unassigned,tablet,P006,10,9,7,1,1,1
2025-03-16,Direct,direct,none,Unassigned,tablet,P007,18,15,12,2,2,1
2025-03-16,Direct,direct,none,Unassigned,tablet,P008,25,21,16,3,2,2
2025-03-16,Direct,direct,none,Unassigned,tablet,P009,16,14,11,2,1,1
2025-03-16,Direct,direct,none,Unassigned,tablet,P010,23,20,15,3,2,1
2025-03-16,Direct,direct,none,Unassigned,tablet,P011,15,12,10,2,1,1
2025-03-16,Direct,direct,none,Unassigned,tablet,P012,22,18,14,3,2,1
2025-03-16,Email,newsletter,email,Lifecycle,mobile,P001,8,6,6,2,1,1
2025-03-16,Email,newsletter,email,Lifecycle,mobile,P002,14,10,10,3,2,1
2025-03-16,Email,newsletter,email,Lifecycle,mobile,P003,19,14,13,4,2,1
2025-03-16,Email,newsletter,email,Lifecycle,mobile,P004,12,9,9,2,1,1
2025-03-16,Email,newsletter,email,Lifecycle,mobile,P005,18,13,13,4,2,1
2025-03-16,Email,newsletter,email,Lifecycle,mobile,P006,11,8,8,2,1,1
2025-03-16,Email,newsletter,email,Lifecycle,mobile,P007,17,13,12,3,2,1
2025-03-16,Email,newsletter,email,Lifecycle,mobile,P008,10,8,7,2,1,1
2025-03-16,Email,newsletter,email,Lifecycle,mobile,P009,16,12,11,3,2,1
2025-03-16,Email,newsletter,email,Lifecycle,mobile,P010,9,7,6,2,1,1
2025-03-16,Email,newsletter,email,Lifecycle,mobile,P011,15,11,10,3,2,1
2025-03-16,Email,newsletter,email,Lifecycle,mobile,P012,8,6,6,1,1,1
2025-03-16,Organic Search,google,organic,Always-on SEO,desktop,P001,11,8,7,1,1,1
2025-03-16,Organic Search,google,organic,Always-on SEO,desktop,P002,16,12,11,2,1,1
2025-03-16,Organic Search,google,organic,Always-on SEO,desktop,P003,10,8,7,1,1,0
2025-03-16,Organic Search,google,organic,Always-on SEO,desktop,P004,15,12,10,2,1,1
2025-03-16,Organic Search,google,organic,Always-on SEO,desktop,P005,9,7,6,1,1,0
2025-03-16,Organic Search,google,organic,Always-on SEO,desktop,P006,14,11,10,2,1,1
2025-03-16,Organic Search,google,organic,Always-on SEO,desktop,P007,8,6,5,1,0,0
2025-03-16,Organic Search,google,organic,Always-on SEO,desktop,P008,13,10,9,2,1,1
2025-03-16,Organic Search,google,organic,Always-on SEO,desktop,P009,18,14,12,2,1,1
2025-03-16,Organic Search,google,organic,Always-on SEO,desktop,P010,12,9,8,1,1,1
2025-03-16,Organic Search,google,organic,Always-on SEO,desktop,P011,17,13,12,2,1,1
2025-03-16,Organic Search,google,organic,Always-on SEO,desktop,P012,11,8,7,1,1,0
2025-03-17,Paid Social,instagram,paid_social,Creator Offers,mobile,P001,11,9,8,1,1,1
2025-03-17,Paid Social,instagram,paid_social,Creator Offers,mobile,P002,7,5,5,1,0,0
2025-03-17,Paid Social,instagram,paid_social,Creator Offers,mobile,P003,10,8,7,1,1,1
2025-03-17,Paid Social,instagram,paid_social,Creator Offers,mobile,P004,6,5,4,1,0,0
2025-03-17,Paid Social,instagram,paid_social,Creator Offers,mobile,P005,10,7,7,1,1,1
2025-03-17,Paid Social,instagram,paid_social,Creator Offers,mobile,P006,5,4,4,1,0,0
2025-03-17,Paid Social,instagram,paid_social,Creator Offers,mobile,P007,9,7,6,1,1,0
2025-03-17,Paid Social,instagram,paid_social,Creator Offers,mobile,P008,5,4,3,1,0,0
2025-03-17,Paid Social,instagram,paid_social,Creator Offers,mobile,P009,8,6,6,1,1,0
2025-03-17,Paid Social,instagram,paid_social,Creator Offers,mobile,P010,12,9,8,1,1,1
2025-03-17,Paid Social,instagram,paid_social,Creator Offers,mobile,P011,7,6,5,1,1,0
2025-03-17,Paid Social,instagram,paid_social,Creator Offers,mobile,P012,11,9,8,1,1,1
2025-03-17,Affiliates,partners,affiliate,Partner Network,desktop,P001,8,7,6,1,1,0
2025-03-17,Affiliates,partners,affiliate,Partner Network,desktop,P002,13,11,10,2,1,1
2025-03-17,Affiliates,partners,affiliate,Partner Network,desktop,P003,7,6,5,1,1,0
2025-03-17,Affiliates,partners,affiliate,Partner Network,desktop,P004,12,10,9,2,1,1
2025-03-17,Affiliates,partners,affiliate,Partner Network,desktop,P005,17,14,13,3,1,1
2025-03-17,Affiliates,partners,affiliate,Partner Network,desktop,P006,11,9,9,2,1,1
2025-03-17,Affiliates,partners,affiliate,Partner Network,desktop,P007,16,13,13,2,1,1
2025-03-17,Affiliates,partners,affiliate,Partner Network,desktop,P008,10,8,8,2,1,1
2025-03-17,Affiliates,partners,affiliate,Partner Network,desktop,P009,15,12,12,2,1,1
2025-03-17,Affiliates,partners,affiliate,Partner Network,desktop,P010,9,7,7,1,1,1
2025-03-17,Affiliates,partners,affiliate,Partner Network,desktop,P011,14,12,11,2,1,1
2025-03-17,Affiliates,partners,affiliate,Partner Network,desktop,P012,8,7,6,1,1,0
2025-03-17,Paid Search,google,cpc,KSA Growth,tablet,P001,12,10,7,2,1,1
2025-03-17,Paid Search,google,cpc,KSA Growth,tablet,P002,17,15,11,2,1,1
2025-03-17,Paid Search,google,cpc,KSA Growth,tablet,P003,10,9,7,2,1,1
2025-03-17,Paid Search,google,cpc,KSA Growth,tablet,P004,16,14,10,2,1,1
2025-03-17,Paid Search,google,cpc,KSA Growth,tablet,P005,9,8,6,1,1,0
2025-03-17,Paid Search,google,cpc,KSA Growth,tablet,P006,15,13,10,2,1,1
2025-03-17,Paid Search,google,cpc,KSA Growth,tablet,P007,8,8,5,1,1,0
2025-03-17,Paid Search,google,cpc,KSA Growth,tablet,P008,14,12,9,2,1,1
2025-03-17,Paid Search,google,cpc,KSA Growth,tablet,P009,7,7,5,1,0,0
2025-03-17,Paid Search,google,cpc,KSA Growth,tablet,P010,13,11,8,2,1,1
2025-03-17,Paid Search,google,cpc,KSA Growth,tablet,P011,18,16,12,3,1,1
2025-03-17,Paid Search,google,cpc,KSA Growth,tablet,P012,12,10,7,2,1,1
2025-03-18,Email,newsletter,email,Lifecycle,desktop,P001,12,9,9,2,1,1
2025-03-18,Email,newsletter,email,Lifecycle,desktop,P002,8,6,6,2,1,0
2025-03-18,Email,newsletter,email,Lifecycle,desktop,P003,11,9,8,2,1,1
2025-03-18,Email,newsletter,email,Lifecycle,desktop,P004,7,5,5,2,1,0
2025-03-18,Email,newsletter,email,Lifecycle,desktop,P005,11,8,8,2,1,1
2025-03-18,Email,newsletter,email,Lifecycle,desktop,P006,6,5,4,1,1,0
2025-03-18,Email,newsletter,email,Lifecycle,desktop,P007,10,8,7,2,1,1
2025-03-18,Email,newsletter,email,Lifecycle,desktop,P008,6,4,4,1,1,0
2025-03-18,Email,newsletter,email,Lifecycle,desktop,P009,9,7,7,2,1,1
2025-03-18,Email,newsletter,email,Lifecycle,desktop,P010,5,4,3,1,1,0
2025-03-18,Email,newsletter,email,Lifecycle,desktop,P011,8,6,6,2,1,1
2025-03-18,Email,newsletter,email,Lifecycle,desktop,P012,12,9,9,2,1,1
2025-03-18,Organic Search,google,organic,Always-on SEO,tablet,P001,9,7,7,2,1,1
2025-03-18,Organic Search,google,organic,Always-on SEO,tablet,P002,14,11,11,3,1,1
2025-03-18,Organic Search,google,organic,Always-on SEO,tablet,P003,8,6,6,2,1,1
2025-03-18,Organic Search,google,organic,Always-on SEO,tablet,P004,13,10,10,2,1,1
2025-03-18,Organic Search,google,organic,Always-on SEO,tablet,P005,7,6,6,1,1,0
2025-03-18,Organic Search,google,organic,Always-on SEO,tablet,P006,12,10,10,2,1,1
2025-03-18,Organic Search,google,organic,Always-on SEO,tablet,P007,18,13,14,3,2,1
2025-03-18,Organic Search,google,organic,Always-on SEO,tablet,P008,11,9,9,2,1,1
2025-03-18,Organic Search,google,organic,Always-on SEO,tablet,P009,17,13,13,3,2,1
2025-03-18,Organic Search,google,organic,Always-on SEO,tablet,P010,10,8,8,2,1,1
2025-03-18,Organic Search,google,organic,Always-on SEO,tablet,P011,16,12,12,3,2,1
2025-03-18,Organic Search,google,organic,Always-on SEO,tablet,P012,9,7,7,2,1,1
2025-03-18,Direct,direct,none,Unassigned,mobile,P001,13,11,10,2,1,1
2025-03-18,Direct,direct,none,Unassigned,mobile,P002,18,15,14,3,2,1
2025-03-18,Direct,direct,none,Unassigned,mobile,P003,11,10,9,2,1,1
2025-03-18,Direct,direct,none,Unassigned,mobile,P004,17,14,13,3,1,1
2025-03-18,Direct,direct,none,Unassigned,mobile,P005,10,9,8,2,1,0
2025-03-18,Direct,direct,none,Unassigned,mobile,P006,16,13,12,3,1,1
2025-03-18,Direct,direct,none,Unassigned,mobile,P007,9,8,7,1,1,0
2025-03-18,Direct,direct,none,Unassigned,mobile,P008,15,12,11,2,1,1
2025-03-18,Direct,direct,none,Unassigned,mobile,P009,8,7,6,1,1,0
2025-03-18,Direct,direct,none,Unassigned,mobile,P010,14,12,10,2,1,1
2025-03-18,Direct,direct,none,Unassigned,mobile,P011,7,6,6,1,1,0
2025-03-18,Direct,direct,none,Unassigned,mobile,P012,12,11,10,2,1,1
2025-03-19,Affiliates,partners,affiliate,Partner Network,tablet,P001,7,5,5,1,1,0
2025-03-19,Affiliates,partners,affiliate,Partner Network,tablet,P002,11,8,9,2,1,1
2025-03-19,Affiliates,partners,affiliate,Partner Network,tablet,P003,16,12,13,3,2,1
2025-03-19,Affiliates,partners,affiliate,Partner Network,tablet,P004,10,7,8,2,1,1
2025-03-19,Affiliates,partners,affiliate,Partner Network,tablet,P005,15,11,12,3,2,1
2025-03-19,Affiliates,partners,affiliate,Partner Network,tablet,P006,9,7,8,2,1,1
2025-03-19,Affiliates,partners,affiliate,Partner Network,tablet,P007,14,10,11,3,1,1
2025-03-19,Affiliates,partners,affiliate,Partner Network,tablet,P008,8,6,7,2,1,1
2025-03-19,Affiliates,partners,affiliate,Partner Network,tablet,P009,13,10,10,3,1,1
2025-03-19,Affiliates,partners,affiliate,Partner Network,tablet,P010,8,5,6,2,1,1
2025-03-19,Affiliates,partners,affiliate,Partner Network,tablet,P011,12,9,10,2,1,1
2025-03-19,Affiliates,partners,affiliate,Partner Network,tablet,P012,7,5,5,1,1,0
2025-03-19,Paid Search,google,cpc,KSA Growth,mobile,P001,10,9,7,2,1,1
2025-03-19,Paid Search,google,cpc,KSA Growth,mobile,P002,16,13,10,3,2,1
2025-03-19,Paid Search,google,cpc,KSA Growth,mobile,P003,9,8,6,2,1,1
2025-03-19,Paid Search,google,cpc,KSA Growth,mobile,P004,15,12,10,3,2,1
2025-03-19,Paid Search,google,cpc,KSA Growth,mobile,P005,8,7,6,1,1,1
2025-03-19,Paid Search,google,cpc,KSA Growth,mobile,P006,14,11,9,2,2,1
2025-03-19,Paid Search,google,cpc,KSA Growth,mobile,P007,7,6,5,1,1,0
2025-03-19,Paid Search,google,cpc,KSA Growth,mobile,P008,12,10,8,2,1,1
2025-03-19,Paid Search,google,cpc,KSA Growth,mobile,P009,18,15,12,3,2,1
2025-03-19,Paid Search,google,cpc,KSA Growth,mobile,P010,11,10,8,2,1,1
2025-03-19,Paid Search,google,cpc,KSA Growth,mobile,P011,17,14,11,3,2,1
2025-03-19,Paid Search,google,cpc,KSA Growth,mobile,P012,10,9,7,2,1,1
2025-03-19,Paid Social,instagram,paid_social,Creator Offers,desktop,P001,12,11,8,2,1,1
2025-03-19,Paid Social,instagram,paid_social,Creator Offers,desktop,P002,7,6,5,1,1,0
2025-03-19,Paid Social,instagram,paid_social,Creator Offers,desktop,P003,12,10,8,2,1,1
2025-03-19,Paid Social,instagram,paid_social,Creator Offers,desktop,P004,16,14,11,2,1,1
2025-03-19,Paid Social,instagram,paid_social,Creator Offers,desktop,P005,11,9,7,1,1,1
2025-03-19,Paid Social,instagram,paid_social,Creator Offers,desktop,P006,15,13,10,2,1,1
2025-03-19,Paid Social,instagram,paid_social,Creator Offers,desktop,P007,10,8,6,1,1,0
2025-03-19,Paid Social,instagram,paid_social,Creator Offers,desktop,P008,14,12,10,2,1,1
2025-03-19,Paid Social,instagram,paid_social,Creator Offers,desktop,P009,9,7,6,1,1,0
2025-03-19,Paid Social,instagram,paid_social,Creator Offers,desktop,P010,13,12,9,2,1,1
2025-03-19,Paid Social,instagram,paid_social,Creator Offers,desktop,P011,8,7,5,1,1,0
2025-03-19,Paid Social,instagram,paid_social,Creator Offers,desktop,P012,12,11,8,2,1,1
2025-03-20,Organic Search,google,organic,Always-on SEO,mobile,P001,6,4,5,1,1,1
2025-03-20,Organic Search,google,organic,Always-on SEO,mobile,P002,9,7,7,2,1,1
2025-03-20,Organic Search,google,organic,Always-on SEO,mobile,P003,5,4,4,1,1,0
2025-03-20,Organic Search,google,organic,Always-on SEO,mobile,P004,9,7,7,2,1,1
2025-03-20,Organic Search,google,organic,Always-on SEO,mobile,P005,12,9,10,3,1,1
2025-03-20,Organic Search,google,organic,Always-on SEO,mobile,P006,8,6,6,2,1,1
2025-03-20,Organic Search,google,organic,Always-on SEO,mobile,P007,11,9,9,3,1,1
2025-03-20,Organic Search,google,organic,Always-on SEO,mobile,P008,7,6,6,2,1,1
2025-03-20,Organic Search,google,organic,Always-on SEO,mobile,P009,11,8,9,2,1,1
2025-03-20,Organic Search,google,organic,Always-on SEO,mobile,P010,6,5,5,1,1,1
2025-03-20,Organic Search,google,organic,Always-on SEO,mobile,P011,10,8,8,2,1,1
2025-03-20,Organic Search,google,organic,Always-on SEO,mobile,P012,6,4,5,1,1,0
2025-03-20,Direct,direct,none,Unassigned,desktop,P001,9,7,6,1,1,1
2025-03-20,Direct,direct,none,Unassigned,desktop,P002,12,10,8,2,1,1
2025-03-20,Direct,direct,none,Unassigned,desktop,P003,8,6,5,1,1,0
2025-03-20,Direct,direct,none,Unassigned,desktop,P004,12,9,8,2,1,1
2025-03-20,Direct,direct,none,Unassigned,desktop,P005,7,6,4,1,1,0
2025-03-20,Direct,direct,none,Unassigned,desktop,P006,11,9,7,2,1,1
2025-03-20,Direct,direct,none,Unassigned,desktop,P007,6,5,4,1,1,0
2025-03-20,Direct,direct,none,Unassigned,desktop,P008,10,8,7,2,1,1
2025-03-20,Direct,direct,none,Unassigned,desktop,P009,5,4,3,1,0,0
2025-03-20,Direct,direct,none,Unassigned,desktop,P010,9,7,6,1,1,1
2025-03-20,Direct,direct,none,Unassigned,desktop,P011,13,11,9,2,1,1
2025-03-20,Direct,direct,none,Unassigned,desktop,P012,8,7,5,1,1,0
2025-03-20,Email,newsletter,email,Lifecycle,tablet,P001,12,9,9,2,1,1
2025-03-20,Email,newsletter,email,Lifecycle,tablet,P002,7,5,5,1,1,0
2025-03-20,Email,newsletter,email,Lifecycle,tablet,P003,11,8,9,2,1,1
2025-03-20,Email,newsletter,email,Lifecycle,tablet,P004,6,4,5,1,0,0
2025-03-20,Email,newsletter,email,Lifecycle,tablet,P005,10,8,8,2,1,1
2025-03-20,Email,newsletter,email,Lifecycle,tablet,P006,14,11,11,2,1,1
2025-03-20,Email,newsletter,email,Lifecycle,tablet,P007,9,7,7,1,1,1
2025-03-20,Email,newsletter,email,Lifecycle,tablet,P008,13,10,11,2,1,1
2025-03-20,Email,newsletter,email,Lifecycle,tablet,P009,8,6,7,1,1,0
2025-03-20,Email,newsletter,email,Lifecycle,tablet,P010,13,10,10,2,1,1
2025-03-20,Email,newsletter,email,Lifecycle,tablet,P011,7,6,6,1,1,0
2025-03-20,Email,newsletter,email,Lifecycle,tablet,P012,12,9,9,2,1,1
2025-03-21,Paid Search,google,cpc,KSA Growth,desktop,P001,12,10,8,2,1,1
2025-03-21,Paid Search,google,cpc,KSA Growth,desktop,P002,19,16,12,3,2,1
2025-03-21,Paid Search,google,cpc,KSA Growth,desktop,P003,11,9,7,2,1,1
2025-03-21,Paid Search,google,cpc,KSA Growth,desktop,P004,17,15,11,3,2,1
2025-03-21,Paid Search,google,cpc,KSA Growth,desktop,P005,9,8,6,2,1,1
2025-03-21,Paid Search,google,cpc,KSA Growth,desktop,P006,16,13,11,3,2,1
2025-03-21,Paid Search,google,cpc,KSA Growth,desktop,P007,22,19,15,4,2,2
2025-03-21,Paid Search,google,cpc,KSA Growth,desktop,P008,15,12,10,3,2,1
2025-03-21,Paid Search,google,cpc,KSA Growth,desktop,P009,21,18,14,4,2,2
2025-03-21,Paid Search,google,cpc,KSA Growth,desktop,P010,13,11,9,2,2,1
2025-03-21,Paid Search,google,cpc,KSA Growth,desktop,P011,20,17,13,4,2,1
2025-03-21,Paid Search,google,cpc,KSA Growth,desktop,P012,12,10,8,2,1,1
2025-03-21,Paid Social,instagram,paid_social,Creator Offers,tablet,P001,11,8,8,2,1,1
2025-03-21,Paid Social,instagram,paid_social,Creator Offers,tablet,P002,15,11,12,2,1,1
2025-03-21,Paid Social,instagram,paid_social,Creator Offers,tablet,P003,10,7,8,1,1,0
2025-03-21,Paid Social,instagram,paid_social,Creator Offers,tablet,P004,14,10,11,2,1,1
2025-03-21,Paid Social,instagram,paid_social,Creator Offers,tablet,P005,9,6,7,1,1,0
2025-03-21,Paid Social,instagram,paid_social,Creator Offers,tablet,P006,13,10,10,2,1,1
2025-03-21,Paid Social,instagram,paid_social,Creator Offers,tablet,P007,8,6,6,1,1,0
2025-03-21,Paid Social,instagram,paid_social,Creator Offers,tablet,P008,12,9,10,2,1,1
2025-03-21,Paid Social,instagram,paid_social,Creator Offers,tablet,P009,7,5,6,1,1,0
2025-03-21,Paid Social,instagram,paid_social,Creator Offers,tablet,P010,11,8,9,2,1,1
2025-03-21,Paid Social,instagram,paid_social,Creator Offers,tablet,P011,6,4,5,1,0,0
2025-03-21,Paid Social,instagram,paid_social,Creator Offers,tablet,P012,10,8,8,2,1,1
2025-03-21,Affiliates,partners,affiliate,Partner Network,mobile,P001,21,18,15,4,2,1
2025-03-21,Affiliates,partners,affiliate,Partner Network,mobile,P002,13,11,9,3,1,1
2025-03-21,Affiliates,partners,affiliate,Partner Network,mobile,P003,20,17,14,4,2,1
2025-03-21,Affiliates,partners,affiliate,Partner Network,mobile,P004,11,10,8,2,1,1
2025-03-21,Affiliates,partners,affiliate,Partner Network,mobile,P005,18,15,13,4,2,1
2025-03-21,Affiliates,partners,affiliate,Partner Network,mobile,P006,10,8,7,2,1,1
2025-03-21,Affiliates,partners,affiliate,Partner Network,mobile,P007,17,14,12,3,2,1
2025-03-21,Affiliates,partners,affiliate,Partner Network,mobile,P008,24,20,17,5,2,1
2025-03-21,Affiliates,partners,affiliate,Partner Network,mobile,P009,15,13,11,3,2,1
2025-03-21,Affiliates,partners,affiliate,Partner Network,mobile,P010,23,19,16,4,2,1
2025-03-21,Affiliates,partners,affiliate,Partner Network,mobile,P011,14,12,10,3,2,1
2025-03-21,Affiliates,partners,affiliate,Partner Network,mobile,P012,21,18,15,4,2,1
2025-03-22,Direct,direct,none,Unassigned,tablet,P001,14,10,11,3,2,1
2025-03-22,Direct,direct,none,Unassigned,tablet,P002,21,16,16,5,3,2
2025-03-22,Direct,direct,none,Unassigned,tablet,P003,13,9,10,3,2,1
2025-03-22,Direct,direct,none,Unassigned,tablet,P004,19,15,15,4,2,2
2025-03-22,Direct,direct,none,Unassigned,tablet,P005,11,8,9,3,1,1
2025-03-22,Direct,direct,none,Unassigned,tablet,P006,18,14,14,4,2,2
2025-03-22,Direct,direct,none,Unassigned,tablet,P007,10,7,8,2,1,1
2025-03-22,Direct,direct,none,Unassigned,tablet,P008,17,12,13,4,2,2
2025-03-22,Direct,direct,none,Unassigned,tablet,P009,24,18,19,5,3,2
2025-03-22,Direct,direct,none,Unassigned,tablet,P010,15,11,12,4,2,2
2025-03-22,Direct,direct,none,Unassigned,tablet,P011,22,17,17,5,3,2
2025-03-22,Direct,direct,none,Unassigned,tablet,P012,14,10,11,3,2,1
2025-03-22,Email,newsletter,email,Lifecycle,mobile,P001,12,9,10,2,1,1
2025-03-22,Email,newsletter,email,Lifecycle,mobile,P002,7,5,5,1,0,0
2025-03-22,Email,newsletter,email,Lifecycle,mobile,P003,11,8,9,2,1,1
2025-03-22,Email,newsletter,email,Lifecycle,mobile,P004,16,12,13,2,1,1
2025-03-22,Email,newsletter,email,Lifecycle,mobile,P005,11,8,8,2,1,1
2025-03-22,Email,newsletter,email,Lifecycle,mobile,P006,15,11,12,2,1,1
2025-03-22,Email,newsletter,email,Lifecycle,mobile,P007,10,7,7,1,1,0
2025-03-22,Email,newsletter,email,Lifecycle,mobile,P008,14,11,11,2,1,1
2025-03-22,Email,newsletter,email,Lifecycle,mobile,P009,9,6,7,1,1,0
2025-03-22,Email,newsletter,email,Lifecycle,mobile,P010,13,10,10,2,1,1
2025-03-22,Email,newsletter,email,Lifecycle,mobile,P011,8,6,6,1,0,0
2025-03-22,Email,newsletter,email,Lifecycle,mobile,P012,12,9,10,2,1,1
2025-03-22,Organic Search,google,organic,Always-on SEO,desktop,P001,17,12,11,2,1,1
2025-03-22,Organic Search,google,organic,Always-on SEO,desktop,P002,10,8,7,1,1,1
2025-03-22,Organic Search,google,organic,Always-on SEO,desktop,P003,15,12,11,2,1,1
2025-03-22,Organic Search,google,organic,Always-on SEO,desktop,P004,9,7,6,1,1,0
2025-03-22,Organic Search,google,organic,Always-on SEO,desktop,P005,14,11,10,2,1,1
2025-03-22,Organic Search,google,organic,Always-on SEO,desktop,P006,8,6,6,1,1,0
2025-03-22,Organic Search,google,organic,Always-on SEO,desktop,P007,13,10,9,2,1,1
2025-03-22,Organic Search,google,organic,Always-on SEO,desktop,P008,7,5,5,1,1,0
2025-03-22,Organic Search,google,organic,Always-on SEO,desktop,P009,12,9,9,2,1,1
2025-03-22,Organic Search,google,organic,Always-on SEO,desktop,P010,18,13,12,2,2,1
2025-03-22,Organic Search,google,organic,Always-on SEO,desktop,P011,11,9,8,2,1,1
2025-03-22,Organic Search,google,organic,Always-on SEO,desktop,P012,17,12,11,2,1,1
2025-03-23,Paid Social,instagram,paid_social,Creator Offers,mobile,P001,15,11,12,2,2,1
2025-03-23,Paid Social,instagram,paid_social,Creator Offers,mobile,P002,22,17,17,3,2,1
2025-03-23,Paid Social,instagram,paid_social,Creator Offers,mobile,P003,14,10,10,2,1,1
2025-03-23,Paid Social,instagram,paid_social,Creator Offers,mobile,P004,20,16,16,3,2,1
2025-03-23,Paid Social,instagram,paid_social,Creator Offers,mobile,P005,12,9,9,2,1,1
2025-03-23,Paid Social,instagram,paid_social,Creator Offers,mobile,P006,19,15,15,3,2,1
2025-03-23,Paid Social,instagram,paid_social,Creator Offers,mobile,P007,11,8,8,2,1,1
2025-03-23,Paid Social,instagram,paid_social,Creator Offers,mobile,P008,18,13,14,2,2,1
2025-03-23,Paid Social,instagram,paid_social,Creator Offers,mobile,P009,10,7,7,1,1,0
2025-03-23,Paid Social,instagram,paid_social,Creator Offers,mobile,P010,16,12,13,2,2,1
2025-03-23,Paid Social,instagram,paid_social,Creator Offers,mobile,P011,23,18,18,3,2,1
2025-03-23,Paid Social,instagram,paid_social,Creator Offers,mobile,P012,15,11,12,2,1,1
2025-03-23,Affiliates,partners,affiliate,Partner Network,desktop,P001,13,10,10,2,1,1
2025-03-23,Affiliates,partners,affiliate,Partner Network,desktop,P002,7,5,5,1,1,0
2025-03-23,Affiliates,partners,affiliate,Partner Network,desktop,P003,12,9,9,2,1,1
2025-03-23,Affiliates,partners,affiliate,Partner Network,desktop,P004,6,5,5,1,1,0
2025-03-23,Affiliates,partners,affiliate,Partner Network,desktop,P005,11,8,8,2,1,1
2025-03-23,Affiliates,partners,affiliate,Partner Network,desktop,P006,15,12,12,3,1,1
2025-03-23,Affiliates,partners,affiliate,Partner Network,desktop,P007,10,7,8,2,1,1
2025-03-23,Affiliates,partners,affiliate,Partner Network,desktop,P008,14,11,11,3,1,1
2025-03-23,Affiliates,partners,affiliate,Partner Network,desktop,P009,9,7,7,2,1,1
2025-03-23,Affiliates,partners,affiliate,Partner Network,desktop,P010,13,10,10,2,1,1
2025-03-23,Affiliates,partners,affiliate,Partner Network,desktop,P011,8,6,6,1,1,0
2025-03-23,Affiliates,partners,affiliate,Partner Network,desktop,P012,12,10,10,2,1,1
2025-03-23,Paid Search,google,cpc,KSA Growth,tablet,P001,12,10,9,2,1,1
2025-03-23,Paid Search,google,cpc,KSA Growth,tablet,P002,8,7,6,1,1,0
2025-03-23,Paid Search,google,cpc,KSA Growth,tablet,P003,11,9,8,2,1,1
2025-03-23,Paid Search,google,cpc,KSA Growth,tablet,P004,7,6,5,1,1,0
2025-03-23,Paid Search,google,cpc,KSA Growth,tablet,P005,10,9,8,2,1,1
2025-03-23,Paid Search,google,cpc,KSA Growth,tablet,P006,6,5,5,1,0,0
2025-03-23,Paid Search,google,cpc,KSA Growth,tablet,P007,10,8,7,2,1,1
2025-03-23,Paid Search,google,cpc,KSA Growth,tablet,P008,5,5,4,1,0,0
2025-03-23,Paid Search,google,cpc,KSA Growth,tablet,P009,9,8,7,1,1,1
2025-03-23,Paid Search,google,cpc,KSA Growth,tablet,P010,5,4,3,1,0,0
2025-03-23,Paid Search,google,cpc,KSA Growth,tablet,P011,8,7,6,1,1,1
2025-03-23,Paid Search,google,cpc,KSA Growth,tablet,P012,12,10,9,2,1,1
2025-03-24,Email,newsletter,email,Lifecycle,desktop,P001,17,15,12,3,2,1
2025-03-24,Email,newsletter,email,Lifecycle,desktop,P002,24,22,18,4,3,1
2025-03-24,Email,newsletter,email,Lifecycle,desktop,P003,16,14,11,2,2,1
2025-03-24,Email,newsletter,email,Lifecycle,desktop,P004,23,21,17,3,2,1
2025-03-24,Email,newsletter,email,Lifecycle,desktop,P005,14,13,10,2,1,1
2025-03-24,Email,newsletter,email,Lifecycle,desktop,P006,21,19,16,3,2,1
2025-03-24,Email,newsletter,email,Lifecycle,desktop,P007,13,12,9,2,1,1
2025-03-24,Email,newsletter,email,Lifecycle,desktop,P008,20,18,15,3,2,1
2025-03-24,Email,newsletter,email,Lifecycle,desktop,P009,11,10,8,2,1,1
2025-03-24,Email,newsletter,email,Lifecycle,desktop,P010,18,17,13,3,2,1
2025-03-24,Email,newsletter,email,Lifecycle,desktop,P011,10,9,7,2,1,1
2025-03-24,Email,newsletter,email,Lifecycle,desktop,P012,17,15,12,3,2,1
2025-03-24,Organic Search,google,organic,Always-on SEO,tablet,P001,12,9,9,2,1,1
2025-03-24,Organic Search,google,organic,Always-on SEO,tablet,P002,7,5,5,1,1,1
2025-03-24,Organic Search,google,organic,Always-on SEO,tablet,P003,11,8,8,2,1,1
2025-03-24,Organic Search,google,organic,Always-on SEO,tablet,P004,6,5,5,1,1,0
2025-03-24,Organic Search,google,organic,Always-on SEO,tablet,P005,10,8,8,2,1,1
2025-03-24,Organic Search,google,organic,Always-on SEO,tablet,P006,5,4,4,1,1,0
2025-03-24,Organic Search,google,organic,Always-on SEO,tablet,P007,9,7,7,2,1,1
2025-03-24,Organic Search,google,organic,Always-on SEO,tablet,P008,13,10,10,3,2,1
2025-03-24,Organic Search,google,organic,Always-on SEO,tablet,P009,8,6,7,2,1,1
2025-03-24,Organic Search,google,organic,Always-on SEO,tablet,P010,12,9,9,3,1,1
2025-03-24,Organic Search,google,organic,Always-on SEO,tablet,P011,8,6,6,2,1,1
2025-03-24,Organic Search,google,organic,Always-on SEO,tablet,P012,12,9,9,2,1,1
2025-03-24,Direct,direct,none,Unassigned,mobile,P001,10,9,8,1,1,1
2025-03-24,Direct,direct,none,Unassigned,mobile,P002,17,15,13,2,2,1
2025-03-24,Direct,direct,none,Unassigned,mobile,P003,24,21,19,3,2,1
2025-03-24,Direct,direct,none,Unassigned,mobile,P004,15,13,12,2,1,1
2025-03-24,Direct,direct,none,Unassigned,mobile,P005,23,20,18,3,2,1
2025-03-24,Direct,direct,none,Unassigned,mobile,P006,14,12,11,2,1,1
2025-03-24,Direct,direct,none,Unassigned,mobile,P007,21,18,17,3,2,1
2025-03-24,Direct,direct,none,Unassigned,mobile,P008,13,11,10,2,1,1
2025-03-24,Direct,direct,none,Unassigned,mobile,P009,20,17,16,3,2,1
2025-03-24,Direct,direct,none,Unassigned,mobile,P010,11,10,9,2,1,1
2025-03-24,Direct,direct,none,Unassigned,mobile,P011,18,16,15,3,2,1
2025-03-24,Direct,direct,none,Unassigned,mobile,P012,10,9,8,1,1,1
2025-03-25,Affiliates,partners,affiliate,Partner Network,tablet,P001,19,14,15,4,2,2
2025-03-25,Affiliates,partners,affiliate,Partner Network,tablet,P002,10,7,8,2,1,1
2025-03-25,Affiliates,partners,affiliate,Partner Network,tablet,P003,18,13,14,4,2,1
2025-03-25,Affiliates,partners,affiliate,Partner Network,tablet,P004,25,18,20,5,3,2
2025-03-25,Affiliates,partners,affiliate,Partner Network,tablet,P005,16,12,13,3,2,1
2025-03-25,Affiliates,partners,affiliate,Partner Network,tablet,P006,24,17,18,5,3,2
2025-03-25,Affiliates,partners,affiliate,Partner Network,tablet,P007,15,11,11,3,2,1
2025-03-25,Affiliates,partners,affiliate,Partner Network,tablet,P008,22,16,17,5,3,2
2025-03-25,Affiliates,partners,affiliate,Partner Network,tablet,P009,13,10,10,3,2,1
2025-03-25,Affiliates,partners,affiliate,Partner Network,tablet,P010,21,15,16,4,3,2
2025-03-25,Affiliates,partners,affiliate,Partner Network,tablet,P011,12,9,9,2,1,1
2025-03-25,Affiliates,partners,affiliate,Partner Network,tablet,P012,19,14,15,4,2,2
2025-03-25,Paid Search,google,cpc,KSA Growth,mobile,P001,15,12,11,3,2,1
2025-03-25,Paid Search,google,cpc,KSA Growth,mobile,P002,9,7,7,2,1,1
2025-03-25,Paid Search,google,cpc,KSA Growth,mobile,P003,14,11,10,2,2,1
2025-03-25,Paid Search,google,cpc,KSA Growth,mobile,P004,8,6,6,1,1,1
2025-03-25,Paid Search,google,cpc,KSA Growth,mobile,P005,13,10,10,2,1,1
2025-03-25,Paid Search,google,cpc,KSA Growth,mobile,P006,7,6,6,1,1,1
2025-03-25,Paid Search,google,cpc,KSA Growth,mobile,P007,12,9,9,2,1,1
2025-03-25,Paid Search,google,cpc,KSA Growth,mobile,P008,6,5,5,1,1,0
2025-03-25,Paid Search,google,cpc,KSA Growth,mobile,P009,11,9,8,2,1,1
2025-03-25,Paid Search,google,cpc,KSA Growth,mobile,P010,15,12,12,3,2,1
2025-03-25,Paid Search,google,cpc,KSA Growth,mobile,P011,10,8,8,2,1,1
2025-03-25,Paid Search,google,cpc,KSA Growth,mobile,P012,14,11,11,3,2,1
2025-03-25,Paid Social,instagram,paid_social,Creator Offers,desktop,P001,10,9,7,1,1,0
2025-03-25,Paid Social,instagram,paid_social,Creator Offers,desktop,P002,16,14,11,2,1,1
2025-03-25,Paid Social,instagram,paid_social,Creator Offers,desktop,P003,9,8,6,1,1,0
2025-03-25,Paid Social,instagram,paid_social,Creator Offers,desktop,P004,15,13,10,2,1,1
2025-03-25,Paid Social,instagram,paid_social,Creator Offers,desktop,P005,21,18,15,3,2,1
2025-03-25,Paid Social,instagram,paid_social,Creator Offers,desktop,P006,13,12,10,2,1,1
2025-03-25,Paid Social,instagram,paid_social,Creator Offers,desktop,P007,19,17,14,3,1,1
2025-03-25,Paid Social,instagram,paid_social,Creator Offers,desktop,P008,12,11,9,2,1,1
2025-03-25,Paid Social,instagram,paid_social,Creator Offers,desktop,P009,18,16,13,2,1,1
2025-03-25,Paid Social,instagram,paid_social,Creator Offers,desktop,P010,11,10,8,2,1,1
2025-03-25,Paid Social,instagram,paid_social,Creator Offers,desktop,P011,17,15,12,2,1,1
2025-03-25,Paid Social,instagram,paid_social,Creator Offers,desktop,P012,10,9,7,1,1,0
2025-03-26,Organic Search,google,organic,Always-on SEO,mobile,P001,10,8,8,2,1,1
2025-03-26,Organic Search,google,organic,Always-on SEO,mobile,P002,5,4,4,1,1,0
2025-03-26,Organic Search,google,organic,Always-on SEO,mobile,P003,9,7,7,2,1,1
2025-03-26,Organic Search,google,organic,Always-on SEO,mobile,P004,5,4,4,1,1,0
2025-03-26,Organic Search,google,organic,Always-on SEO,mobile,P005,8,7,7,2,1,1
2025-03-26,Organic Search,google,organic,Always-on SEO,mobile,P006,12,9,9,2,2,1
2025-03-26,Organic Search,google,organic,Always-on SEO,mobile,P007,8,6,6,2,1,1
2025-03-26,Organic Search,google,organic,Always-on SEO,mobile,P008,11,9,9,2,1,1
2025-03-26,Organic Search,google,organic,Always-on SEO,mobile,P009,7,5,6,1,1,1
2025-03-26,Organic Search,google,organic,Always-on SEO,mobile,P010,10,8,8,2,1,1
2025-03-26,Organic Search,google,organic,Always-on SEO,mobile,P011,6,5,5,1,1,0
2025-03-26,Organic Search,google,organic,Always-on SEO,mobile,P012,10,8,8,2,1,1
2025-03-26,Direct,direct,none,Unassigned,desktop,P001,23,20,15,4,3,2
2025-03-26,Direct,direct,none,Unassigned,desktop,P002,15,13,10,2,2,1
2025-03-26,Direct,direct,none,Unassigned,desktop,P003,22,19,14,4,2,1
2025-03-26,Direct,direct,none,Unassigned,desktop,P004,14,12,9,2,1,1
2025-03-26,Direct,direct,none,Unassigned,desktop,P005,21,18,13,3,2,1
2025-03-26,Direct,direct,none,Unassigned,desktop,P006,12,11,8,2,1,1
2025-03-26,Direct,direct,none,Unassigned,desktop,P007,19,17,12,3,2,1
2025-03-26,Direct,direct,none,Unassigned,desktop,P008,11,9,7,2,1,1
2025-03-26,Direct,direct,none,Unassigned,desktop,P009,18,15,11,3,2,1
2025-03-26,Direct,direct,none,Unassigned,desktop,P010,10,8,6,2,1,1
2025-03-26,Direct,direct,none,Unassigned,desktop,P011,16,14,11,3,2,1
2025-03-26,Direct,direct,none,Unassigned,desktop,P012,23,20,15,4,3,2
2025-03-26,Email,newsletter,email,Lifecycle,tablet,P001,9,9,6,2,1,1
2025-03-26,Email,newsletter,email,Lifecycle,tablet,P002,15,13,10,2,2,1
2025-03-26,Email,newsletter,email,Lifecycle,tablet,P003,8,8,5,1,1,1
2025-03-26,Email,newsletter,email,Lifecycle,tablet,P004,14,12,9,2,1,1
2025-03-26,Email,newsletter,email,Lifecycle,tablet,P005,7,7,5,1,1,0
2025-03-26,Email,newsletter,email,Lifecycle,tablet,P006,12,11,8,2,1,1
2025-03-26,Email,newsletter,email,Lifecycle,tablet,P007,18,16,12,3,2,1
2025-03-26,Email,newsletter,email,Lifecycle,tablet,P008,11,10,8,2,1,1
2025-03-26,Email,newsletter,email,Lifecycle,tablet,P009,17,15,11,3,2,1
2025-03-26,Email,newsletter,email,Lifecycle,tablet,P010,10,9,7,2,1,1
2025-03-26,Email,newsletter,email,Lifecycle,tablet,P011,16,14,10,3,2,1
2025-03-26,Email,newsletter,email,Lifecycle,tablet,P012,9,8,6,2,1,1
2025-03-27,Paid Search,google,cpc,KSA Growth,desktop,P001,14,10,9,2,1,1
2025-03-27,Paid Search,google,cpc,KSA Growth,desktop,P002,9,6,6,1,1,0
2025-03-27,Paid Search,google,cpc,KSA Growth,desktop,P003,13,10,9,2,1,1
2025-03-27,Paid Search,google,cpc,KSA Growth,desktop,P004,8,6,5,1,1,0
2025-03-27,Paid Search,google,cpc,KSA Growth,desktop,P005,12,9,8,2,1,1
2025-03-27,Paid Search,google,cpc,KSA Growth,desktop,P006,7,5,4,1,1,0
2025-03-27,Paid Search,google,cpc,KSA Growth,desktop,P007,11,8,8,2,1,1
2025-03-27,Paid Search,google,cpc,KSA Growth,desktop,P008,16,12,11,3,2,1
2025-03-27,Paid Search,google,cpc,KSA Growth,desktop,P009,10,8,7,2,1,1
2025-03-27,Paid Search,google,cpc,KSA Growth,desktop,P010,15,11,10,3,1,1
2025-03-27,Paid Search,google,cpc,KSA Growth,desktop,P011,10,7,6,2,1,0
2025-03-27,Paid Search,google,cpc,KSA Growth,desktop,P012,14,10,9,2,1,1
2025-03-27,Paid Social,instagram,paid_social,Creator Offers,tablet,P001,6,4,5,1,1,0
2025-03-27,Paid Social,instagram,paid_social,Creator Offers,tablet,P002,10,7,8,2,1,1
2025-03-27,Paid Social,instagram,paid_social,Creator Offers,tablet,P003,14,10,11,3,1,1
2025-03-27,Paid Social,instagram,paid_social,Creator Offers,tablet,P004,9,7,7,2,1,1
2025-03-27,Paid Social,instagram,paid_social,Creator Offers,tablet,P005,13,9,10,2,1,1
2025-03-27,Paid Social,instagram,paid_social,Creator Offers,tablet,P006,8,6,7,1,1,0
2025-03-27,Paid Social,instagram,paid_social,Creator Offers,tablet,P007,12,9,10,2,1,1
2025-03-27,Paid Social,instagram,paid_social,Creator Offers,tablet,P008,7,5,6,1,1,0
2025-03-27,Paid Social,instagram,paid_social,Creator Offers,tablet,P009,11,8,9,2,1,1
2025-03-27,Paid Social,instagram,paid_social,Creator Offers,tablet,P010,6,5,5,1,1,0
2025-03-27,Paid Social,instagram,paid_social,Creator Offers,tablet,P011,11,8,8,2,1,1
2025-03-27,Paid Social,instagram,paid_social,Creator Offers,tablet,P012,6,4,5,1,0,0
2025-03-27,Affiliates,partners,affiliate,Partner Network,mobile,P001,14,11,11,2,1,1
2025-03-27,Affiliates,partners,affiliate,Partner Network,mobile,P002,21,17,17,3,2,1
2025-03-27,Affiliates,partners,affiliate,Partner Network,mobile,P003,13,10,10,2,1,1
2025-03-27,Affiliates,partners,affiliate,Partner Network,mobile,P004,20,16,16,3,2,1
2025-03-27,Affiliates,partners,affiliate,Partner Network,mobile,P005,11,9,9,2,1,0
2025-03-27,Affiliates,partners,affiliate,Partner Network,mobile,P006,19,15,15,3,2,1
2025-03-27,Affiliates,partners,affiliate,Partner Network,mobile,P007,10,8,8,1,1,0
2025-03-27,Affiliates,partners,affiliate,Partner Network,mobile,P008,17,14,14,3,1,1
2025-03-27,Affiliates,partners,affiliate,Partner Network,mobile,P009,24,19,19,4,2,1
2025-03-27,Affiliates,partners,affiliate,Partner Network,mobile,P010,16,12,13,2,1,1
2025-03-27,Affiliates,partners,affiliate,Partner Network,mobile,P011,23,18,18,3,2,1
2025-03-27,Affiliates,partners,affiliate,Partner Network,mobile,P012,14,11,11,2,1,1
2025-03-28,Direct,direct,none,Unassigned,tablet,P001,16,12,13,4,2,1
2025-03-28,Direct,direct,none,Unassigned,tablet,P002,10,8,8,2,1,1
2025-03-28,Direct,direct,none,Unassigned,tablet,P003,15,12,12,3,2,1
2025-03-28,Direct,direct,none,Unassigned,tablet,P004,9,7,7,2,1,1
2025-03-28,Direct,direct,none,Unassigned,tablet,P005,14,11,11,3,2,1
2025-03-28,Direct,direct,none,Unassigned,tablet,P006,8,6,7,2,1,1
2025-03-28,Direct,direct,none,Unassigned,tablet,P007,13,10,11,3,1,1
2025-03-28,Direct,direct,none,Unassigned,tablet,P008,7,6,6,1,1,1
2025-03-28,Direct,direct,none,Unassigned,tablet,P009,12,9,10,3,1,1
2025-03-28,Direct,direct,none,Unassigned,tablet,P010,17,13,14,4,2,2
2025-03-28,Direct,direct,none,Unassigned,tablet,P011,11,9,9,2,1,1
2025-03-28,Direct,direct,none,Unassigned,tablet,P012,16,12,13,4,2,1
2025-03-28,Email,newsletter,email,Lifecycle,mobile,P001,7,6,5,1,1,0
2025-03-28,Email,newsletter,email,Lifecycle,mobile,P002,11,10,8,2,1,1
2025-03-28,Email,newsletter,email,Lifecycle,mobile,P003,6,5,4,1,1,0
2025-03-28,Email,newsletter,email,Lifecycle,mobile,P004,10,9,7,2,1,1
2025-03-28,Email,newsletter,email,Lifecycle,mobile,P005,15,13,10,2,1,1
2025-03-28,Email,newsletter,email,Lifecycle,mobile,P006,10,8,7,1,1,1
2025-03-28,Email,newsletter,email,Lifecycle,mobile,P007,14,12,9,2,1,1
2025-03-28,Email,newsletter,email,Lifecycle,mobile,P008,9,7,6,1,1,1
2025-03-28,Email,newsletter,email,Lifecycle,mobile,P009,13,11,9,2,1,1
2025-03-28,Email,newsletter,email,Lifecycle,mobile,P010,8,7,5,1,1,0
2025-03-28,Email,newsletter,email,Lifecycle,mobile,P011,12,10,8,2,1,1
2025-03-28,Email,newsletter,email,Lifecycle,mobile,P012,7,6,5,1,1,0
2025-03-28,Organic Search,google,organic,Always-on SEO,desktop,P001,12,10,9,2,1,1
2025-03-28,Organic Search,google,organic,Always-on SEO,desktop,P002,17,14,13,4,2,1
2025-03-28,Organic Search,google,organic,Always-on SEO,desktop,P003,10,9,8,2,1,1
2025-03-28,Organic Search,google,organic,Always-on SEO,desktop,P004,16,13,12,3,2,1
2025-03-28,Organic Search,google,organic,Always-on SEO,desktop,P005,9,8,7,2,1,1
2025-03-28,Organic Search,google,organic,Always-on SEO,desktop,P006,15,13,11,3,2,1
2025-03-28,Organic Search,google,organic,Always-on SEO,desktop,P007,8,7,6,2,1,1
2025-03-28,Organic Search,google,organic,Always-on SEO,desktop,P008,14,12,10,3,2,1
2025-03-28,Organic Search,google,organic,Always-on SEO,desktop,P009,7,6,6,2,1,0
2025-03-28,Organic Search,google,organic,Always-on SEO,desktop,P010,13,11,10,3,2,1
2025-03-28,Organic Search,google,organic,Always-on SEO,desktop,P011,18,15,13,4,2,1
2025-03-28,Organic Search,google,organic,Always-on SEO,desktop,P012,12,10,9,2,1,1
2025-03-29,Paid Social,instagram,paid_social,Creator Offers,mobile,P001,22,16,18,4,2,2
2025-03-29,Paid Social,instagram,paid_social,Creator Offers,mobile,P002,14,11,11,2,2,1
2025-03-29,Paid Social,instagram,paid_social,Creator Offers,mobile,P003,21,15,16,3,2,2
2025-03-29,Paid Social,instagram,paid_social,Creator Offers,mobile,P004,13,10,10,2,2,1
2025-03-29,Paid Social,instagram,paid_social,Creator Offers,mobile,P005,20,14,15,3,2,2
2025-03-29,Paid Social,instagram,paid_social,Creator Offers,mobile,P006,12,9,9,2,1,1
2025-03-29,Paid Social,instagram,paid_social,Creator Offers,mobile,P007,18,13,14,3,2,1
2025-03-29,Paid Social,instagram,paid_social,Creator Offers,mobile,P008,10,8,8,2,1,1
2025-03-29,Paid Social,instagram,paid_social,Creator Offers,mobile,P009,17,12,13,3,2,1
2025-03-29,Paid Social,instagram,paid_social,Creator Offers,mobile,P010,9,7,7,1,1,1
2025-03-29,Paid Social,instagram,paid_social,Creator Offers,mobile,P011,16,12,12,3,2,1
2025-03-29,Paid Social,instagram,paid_social,Creator Offers,mobile,P012,22,16,17,4,2,2
2025-03-29,Affiliates,partners,affiliate,Partner Network,desktop,P001,8,6,5,1,1,0
2025-03-29,Affiliates,partners,affiliate,Partner Network,desktop,P002,12,9,9,2,1,1
2025-03-29,Affiliates,partners,affiliate,Partner Network,desktop,P003,7,5,5,1,1,0
2025-03-29,Affiliates,partners,affiliate,Partner Network,desktop,P004,11,8,8,2,1,1
2025-03-29,Affiliates,partners,affiliate,Partner Network,desktop,P005,6,4,4,1,0,0
2025-03-29,Affiliates,partners,affiliate,Partner Network,desktop,P006,10,8,7,1,1,1
2025-03-29,Affiliates,partners,affiliate,Partner Network,desktop,P007,15,11,10,2,1,1
2025-03-29,Affiliates,partners,affiliate,Partner Network,desktop,P008,10,7,7,1,1,1
2025-03-29,Affiliates,partners,affiliate,Partner Network,desktop,P009,14,10,10,2,1,1
2025-03-29,Affiliates,partners,affiliate,Partner Network,desktop,P010,9,6,6,1,1,0
2025-03-29,Affiliates,partners,affiliate,Partner Network,desktop,P011,13,10,9,2,1,1
2025-03-29,Affiliates,partners,affiliate,Partner Network,desktop,P012,8,6,5,1,1,0
2025-03-29,Paid Search,google,cpc,KSA Growth,tablet,P001,17,14,11,2,1,1
2025-03-29,Paid Search,google,cpc,KSA Growth,tablet,P002,24,20,16,3,2,1
2025-03-29,Paid Search,google,cpc,KSA Growth,tablet,P003,16,13,10,2,1,1
2025-03-29,Paid Search,google,cpc,KSA Growth,tablet,P004,23,19,15,3,2,1
2025-03-29,Paid Search,google,cpc,KSA Growth,tablet,P005,14,12,9,2,1,1
2025-03-29,Paid Search,google,cpc,KSA Growth,tablet,P006,21,18,14,3,1,1
2025-03-29,Paid Search,google,cpc,KSA Growth,tablet,P007,13,11,9,1,1,0
2025-03-29,Paid Search,google,cpc,KSA Growth,tablet,P008,20,17,13,2,1,1
2025-03-29,Paid Search,google,cpc,KSA Growth,tablet,P009,11,9,8,1,1,0
2025-03-29,Paid Search,google,cpc,KSA Growth,tablet,P010,18,15,12,2,1,1
2025-03-29,Paid Search,google,cpc,KSA Growth,tablet,P011,10,8,7,1,1,0
2025-03-29,Paid Search,google,cpc,KSA Growth,tablet,P012,17,14,11,2,1,1
2025-03-30,Email,newsletter,email,Lifecycle,desktop,P001,8,7,5,1,1,1
2025-03-30,Email,newsletter,email,Lifecycle,desktop,P002,14,12,9,3,2,1
2025-03-30,Email,newsletter,email,Lifecycle,desktop,P003,20,18,12,4,2,1
2025-03-30,Email,newsletter,email,Lifecycle,desktop,P004,13,11,8,2,2,1
2025-03-30,Email,newsletter,email,Lifecycle,desktop,P005,18,17,12,3,2,1
2025-03-30,Email,newsletter,email,Lifecycle,desktop,P006,11,10,7,2,1,1
2025-03-30,Email,newsletter,email,Lifecycle,desktop,P007,17,16,11,3,2,1
2025-03-30,Email,newsletter,email,Lifecycle,desktop,P008,10,9,7,2,1,1
2025-03-30,Email,newsletter,email,Lifecycle,desktop,P009,16,15,10,3,2,1
2025-03-30,Email,newsletter,email,Lifecycle,desktop,P010,9,8,6,2,1,1
2025-03-30,Email,newsletter,email,Lifecycle,desktop,P011,15,14,9,3,2,1
2025-03-30,Email,newsletter,email,Lifecycle,desktop,P012,8,7,5,1,1,1
2025-03-30,Organic Search,google,organic,Always-on SEO,tablet,P001,9,7,7,2,1,1
2025-03-30,Organic Search,google,organic,Always-on SEO,tablet,P002,13,10,10,2,1,1
2025-03-30,Organic Search,google,organic,Always-on SEO,tablet,P003,8,6,6,1,1,1
2025-03-30,Organic Search,google,organic,Always-on SEO,tablet,P004,12,10,9,2,1,1
2025-03-30,Organic Search,google,organic,Always-on SEO,tablet,P005,7,5,5,1,1,0
2025-03-30,Organic Search,google,organic,Always-on SEO,tablet,P006,11,9,9,2,1,1
2025-03-30,Organic Search,google,organic,Always-on SEO,tablet,P007,6,5,5,1,1,0
2025-03-30,Organic Search,google,organic,Always-on SEO,tablet,P008,11,8,8,2,1,1
2025-03-30,Organic Search,google,organic,Always-on SEO,tablet,P009,15,12,11,3,2,1
2025-03-30,Organic Search,google,organic,Always-on SEO,tablet,P010,10,8,7,2,1,1
2025-03-30,Organic Search,google,organic,Always-on SEO,tablet,P011,14,11,11,2,2,1
2025-03-30,Organic Search,google,organic,Always-on SEO,tablet,P012,9,7,7,1,1,1
2025-03-30,Direct,direct,none,Unassigned,mobile,P001,8,6,7,2,1,1
2025-03-30,Direct,direct,none,Unassigned,mobile,P002,4,3,3,1,1,0
2025-03-30,Direct,direct,none,Unassigned,mobile,P003,8,6,6,2,1,1
2025-03-30,Direct,direct,none,Unassigned,mobile,P004,11,8,9,2,2,1
2025-03-30,Direct,direct,none,Unassigned,mobile,P005,7,5,5,2,1,1
2025-03-30,Direct,direct,none,Unassigned,mobile,P006,10,7,8,2,1,1
2025-03-30,Direct,direct,none,Unassigned,mobile,P007,6,5,5,1,1,1
2025-03-30,Direct,direct,none,Unassigned,mobile,P008,10,7,8,2,1,1
2025-03-30,Direct,direct,none,Unassigned,mobile,P009,6,4,4,1,1,1
2025-03-30,Direct,direct,none,Unassigned,mobile,P010,9,6,7,2,1,1
2025-03-30,Direct,direct,none,Unassigned,mobile,P011,5,4,4,1,1,0
2025-03-30,Direct,direct,none,Unassigned,mobile,P012,8,6,7,2,1,1
2025-03-31,Affiliates,partners,affiliate,Partner Network,tablet,P001,8,7,6,2,1,0
2025-03-31,Affiliates,partners,affiliate,Partner Network,tablet,P002,12,11,9,2,1,1
2025-03-31,Affiliates,partners,affiliate,Partner Network,tablet,P003,7,6,5,1,1,0
2025-03-31,Affiliates,partners,affiliate,Partner Network,tablet,P004,12,10,8,2,1,1
2025-03-31,Affiliates,partners,affiliate,Partner Network,tablet,P005,16,14,12,3,2,1
2025-03-31,Affiliates,partners,affiliate,Partner Network,tablet,P006,11,9,8,2,1,1
2025-03-31,Affiliates,partners,affiliate,Partner Network,tablet,P007,15,13,11,3,2,1
2025-03-31,Affiliates,partners,affiliate,Partner Network,tablet,P008,10,8,7,2,1,1
2025-03-31,Affiliates,partners,affiliate,Partner Network,tablet,P009,14,13,10,3,2,1
2025-03-31,Affiliates,partners,affiliate,Partner Network,tablet,P010,9,7,6,2,1,1
2025-03-31,Affiliates,partners,affiliate,Partner Network,tablet,P011,13,12,10,3,2,1
2025-03-31,Affiliates,partners,affiliate,Partner Network,tablet,P012,8,7,6,1,1,0
2025-03-31,Paid Search,google,cpc,KSA Growth,mobile,P001,9,7,6,1,1,0
2025-03-31,Paid Search,google,cpc,KSA Growth,mobile,P002,13,10,8,1,1,1
2025-03-31,Paid Search,google,cpc,KSA Growth,mobile,P003,8,6,5,1,1,0
2025-03-31,Paid Search,google,cpc,KSA Growth,mobile,P004,12,9,7,1,1,1
2025-03-31,Paid Search,google,cpc,KSA Growth,mobile,P005,7,5,5,1,0,0
2025-03-31,Paid Search,google,cpc,KSA Growth,mobile,P006,11,9,7,1,1,1
2025-03-31,Paid Search,google,cpc,KSA Growth,mobile,P007,6,5,4,1,0,0
2025-03-31,Paid Search,google,cpc,KSA Growth,mobile,P008,10,8,6,1,1,1
2025-03-31,Paid Search,google,cpc,KSA Growth,mobile,P009,5,4,4,1,0,0
2025-03-31,Paid Search,google,cpc,KSA Growth,mobile,P010,9,7,6,1,1,1
2025-03-31,Paid Search,google,cpc,KSA Growth,mobile,P011,13,10,8,2,1,1
2025-03-31,Paid Search,google,cpc,KSA Growth,mobile,P012,9,7,5,1,1,0
2025-03-31,Paid Social,instagram,paid_social,Creator Offers,desktop,P001,11,8,8,2,1,1
2025-03-31,Paid Social,instagram,paid_social,Creator Offers,desktop,P002,6,5,5,1,1,0
2025-03-31,Paid Social,instagram,paid_social,Creator Offers,desktop,P003,10,8,8,2,1,1
2025-03-31,Paid Social,instagram,paid_social,Creator Offers,desktop,P004,5,4,4,1,1,0
2025-03-31,Paid Social,instagram,paid_social,Creator Offers,desktop,P005,9,7,7,2,1,1
2025-03-31,Paid Social,instagram,paid_social,Creator Offers,desktop,P006,13,10,10,3,2,1
2025-03-31,Paid Social,instagram,paid_social,Creator Offers,desktop,P007,9,7,7,2,1,1
2025-03-31,Paid Social,instagram,paid_social,Creator Offers,desktop,P008,13,9,9,3,1,1
2025-03-31,Paid Social,instagram,paid_social,Creator Offers,desktop,P009,8,6,6,2,1,1
2025-03-31,Paid Social,instagram,paid_social,Creator Offers,desktop,P010,12,9,9,2,1,1
2025-03-31,Paid Social,instagram,paid_social,Creator Offers,desktop,P011,7,5,5,2,1,1
2025-03-31,Paid Social,instagram,paid_social,Creator Offers,desktop,P012,11,8,8,2,1,1
2025-04-01,Organic Search,google,organic,Always-on SEO,mobile,P001,7,6,5,1,1,1
2025-04-01,Organic Search,google,organic,Always-on SEO,mobile,P002,11,9,7,2,1,1
2025-04-01,Organic Search,google,organic,Always-on SEO,mobile,P003,6,5,4,1,1,0
2025-04-01,Organic Search,google,organic,Always-on SEO,mobile,P004,10,8,7,2,1,1
2025-04-01,Organic Search,google,organic,Always-on SEO,mobile,P005,6,5,4,1,1,0
2025-04-01,Organic Search,google,organic,Always-on SEO,mobile,P006,9,8,6,2,1,1
2025-04-01,Organic Search,google,organic,Always-on SEO,mobile,P007,13,11,9,2,2,1
2025-04-01,Organic Search,google,organic,Always-on SEO,mobile,P008,9,7,6,2,1,1
2025-04-01,Organic Search,google,organic,Always-on SEO,mobile,P009,13,10,8,2,1,1
2025-04-01,Organic Search,google,organic,Always-on SEO,mobile,P010,8,6,5,2,1,1
2025-04-01,Organic Search,google,organic,Always-on SEO,mobile,P011,12,10,8,2,1,1
2025-04-01,Organic Search,google,organic,Always-on SEO,mobile,P012,7,6,5,1,1,0
2025-04-01,Direct,direct,none,Unassigned,desktop,P001,9,8,7,2,1,1
2025-04-01,Direct,direct,none,Unassigned,desktop,P002,13,11,10,3,2,1
2025-04-01,Direct,direct,none,Unassigned,desktop,P003,8,7,7,2,1,1
2025-04-01,Direct,direct,none,Unassigned,desktop,P004,12,10,9,3,2,1
2025-04-01,Direct,direct,none,Unassigned,desktop,P005,8,6,6,2,1,1
2025-04-01,Direct,direct,none,Unassigned,desktop,P006,12,10,9,2,2,1
2025-04-01,Direct,direct,none,Unassigned,desktop,P007,7,6,5,1,1,0
2025-04-01,Direct,direct,none,Unassigned,desktop,P008,11,9,8,2,1,1
2025-04-01,Direct,direct,none,Unassigned,desktop,P009,6,5,5,1,1,0
2025-04-01,Direct,direct,none,Unassigned,desktop,P010,10,8,8,2,1,1
2025-04-01,Direct,direct,none,Unassigned,desktop,P011,5,5,4,1,1,0
2025-04-01,Direct,direct,none,Unassigned,desktop,P012,9,8,7,2,1,1
2025-04-01,Email,newsletter,email,Lifecycle,tablet,P001,16,14,13,3,2,1
2025-04-01,Email,newsletter,email,Lifecycle,tablet,P002,9,8,8,2,1,1
2025-04-01,Email,newsletter,email,Lifecycle,tablet,P003,15,13,12,3,2,1
2025-04-01,Email,newsletter,email,Lifecycle,tablet,P004,8,7,7,1,1,1
2025-04-01,Email,newsletter,email,Lifecycle,tablet,P005,14,12,11,2,1,1
2025-04-01,Email,newsletter,email,Lifecycle,tablet,P006,7,6,6,1,1,1
2025-04-01,Email,newsletter,email,Lifecycle,tablet,P007,13,11,10,2,1,1
2025-04-01,Email,newsletter,email,Lifecycle,tablet,P008,18,15,15,3,2,1
2025-04-01,Email,newsletter,email,Lifecycle,tablet,P009,12,10,9,2,1,1
2025-04-01,Email,newsletter,email,Lifecycle,tablet,P010,17,15,14,3,2,1
2025-04-01,Email,newsletter,email,Lifecycle,tablet,P011,11,9,9,2,1,1
2025-04-01,Email,newsletter,email,Lifecycle,tablet,P012,16,14,13,3,2,1
2025-04-02,Paid Search,google,cpc,KSA Growth,desktop,P001,7,5,6,1,1,0
2025-04-02,Paid Search,google,cpc,KSA Growth,desktop,P002,11,8,8,2,1,1
2025-04-02,Paid Search,google,cpc,KSA Growth,desktop,P003,7,5,5,1,1,0
2025-04-02,Paid Search,google,cpc,KSA Growth,desktop,P004,10,7,8,2,1,1
2025-04-02,Paid Search,google,cpc,KSA Growth,desktop,P005,6,4,4,1,0,0
2025-04-02,Paid Search,google,cpc,KSA Growth,desktop,P006,9,7,7,2,1,1
2025-04-02,Paid Search,google,cpc,KSA Growth,desktop,P007,5,4,4,1,0,0
2025-04-02,Paid Search,google,cpc,KSA Growth,desktop,P008,9,6,7,2,1,1
2025-04-02,Paid Search,google,cpc,KSA Growth,desktop,P009,12,9,9,2,1,1
2025-04-02,Paid Search,google,cpc,KSA Growth,desktop,P010,8,6,6,2,1,0
2025-04-02,Paid Search,google,cpc,KSA Growth,desktop,P011,12,9,9,2,1,1
2025-04-02,Paid Search,google,cpc,KSA Growth,desktop,P012,7,5,5,1,1,0
2025-04-02,Paid Social,instagram,paid_social,Creator Offers,tablet,P001,7,6,5,1,1,0
2025-04-02,Paid Social,instagram,paid_social,Creator Offers,tablet,P002,3,3,3,1,0,0
2025-04-02,Paid Social,instagram,paid_social,Creator Offers,tablet,P003,6,5,5,1,0,0
2025-04-02,Paid Social,instagram,paid_social,Creator Offers,tablet,P004,9,7,7,2,1,1
2025-04-02,Paid Social,instagram,paid_social,Creator Offers,tablet,P005,6,5,5,1,0,0
2025-04-02,Paid Social,instagram,paid_social,Creator Offers,tablet,P006,8,7,7,1,1,1
2025-04-02,Paid Social,instagram,paid_social,Creator Offers,tablet,P007,5,4,4,1,0,0
2025-04-02,Paid Social,instagram,paid_social,Creator Offers,tablet,P008,8,6,6,1,1,1
2025-04-02,Paid Social,instagram,paid_social,Creator Offers,tablet,P009,5,4,4,1,0,0
2025-04-02,Paid Social,instagram,paid_social,Creator Offers,tablet,P010,7,6,6,1,1,1
2025-04-02,Paid Social,instagram,paid_social,Creator Offers,tablet,P011,4,3,3,1,0,0
2025-04-02,Paid Social,instagram,paid_social,Creator Offers,tablet,P012,7,6,5,1,1,0
2025-04-02,Affiliates,partners,affiliate,Partner Network,mobile,P001,9,7,7,1,1,1
2025-04-02,Affiliates,partners,affiliate,Partner Network,mobile,P002,6,5,4,1,0,0
2025-04-02,Affiliates,partners,affiliate,Partner Network,mobile,P003,8,7,7,1,1,1
2025-04-02,Affiliates,partners,affiliate,Partner Network,mobile,P004,5,4,4,1,0,0
2025-04-02,Affiliates,partners,affiliate,Partner Network,mobile,P005,8,6,6,1,1,0
2025-04-02,Affiliates,partners,affiliate,Partner Network,mobile,P006,4,4,3,1,0,0
2025-04-02,Affiliates,partners,affiliate,Partner Network,mobile,P007,7,6,6,1,0,0
2025-04-02,Affiliates,partners,affiliate,Partner Network,mobile,P008,4,3,3,0,0,0
2025-04-02,Affiliates,partners,affiliate,Partner Network,mobile,P009,7,6,5,1,0,0
2025-04-02,Affiliates,partners,affiliate,Partner Network,mobile,P010,9,8,7,1,1,1
2025-04-02,Affiliates,partners,affiliate,Partner Network,mobile,P011,6,5,5,1,0,0
2025-04-02,Affiliates,partners,affiliate,Partner Network,mobile,P012,9,7,7,1,1,1
2025-04-03,Direct,direct,none,Unassigned,tablet,P001,13,10,10,2,1,1
2025-04-03,Direct,direct,none,Unassigned,tablet,P002,19,14,15,3,1,1
2025-04-03,Direct,direct,none,Unassigned,tablet,P003,12,9,10,2,1,0
2025-04-03,Direct,direct,none,Unassigned,tablet,P004,18,13,14,3,1,1
2025-04-03,Direct,direct,none,Unassigned,tablet,P005,11,8,9,1,1,0
2025-04-03,Direct,direct,none,Unassigned,tablet,P006,17,12,13,2,1,1
2025-04-03,Direct,direct,none,Unassigned,tablet,P007,10,7,8,1,1,0
2025-04-03,Direct,direct,none,Unassigned,tablet,P008,16,12,12,2,1,1
2025-04-03,Direct,direct,none,Unassigned,tablet,P009,8,6,7,1,1,0
2025-04-03,Direct,direct,none,Unassigned,tablet,P010,15,11,11,2,1,1
2025-04-03,Direct,direct,none,Unassigned,tablet,P011,21,15,16,3,1,1
2025-04-03,Direct,direct,none,Unassigned,tablet,P012,13,10,10,2,1,0
2025-04-03,Email,newsletter,email,Lifecycle,mobile,P001,8,7,6,1,1,1
2025-04-03,Email,newsletter,email,Lifecycle,mobile,P002,4,4,4,1,0,0
2025-04-03,Email,newsletter,email,Lifecycle,mobile,P003,7,6,6,1,1,0
2025-04-03,Email,newsletter,email,Lifecycle,mobile,P004,4,3,3,1,0,0
2025-04-03,Email,newsletter,email,Lifecycle,mobile,P005,7,6,5,1,1,0
2025-04-03,Email,newsletter,email,Lifecycle,mobile,P006,9,8,7,2,1,1
2025-04-03,Email,newsletter,email,Lifecycle,mobile,P007,6,5,5,1,1,0
2025-04-03,Email,newsletter,email,Lifecycle,mobile,P008,9,8,7,1,1,1
2025-04-03,Email,newsletter,email,Lifecycle,mobile,P009,5,5,4,1,0,0
2025-04-03,Email,newsletter,email,Lifecycle,mobile,P010,8,7,7,1,1,1
2025-04-03,Email,newsletter,email,Lifecycle,mobile,P011,5,4,4,1,0,0
2025-04-03,Email,newsletter,email,Lifecycle,mobile,P012,8,7,6,1,1,1
2025-04-03,Organic Search,google,organic,Always-on SEO,desktop,P001,20,18,16,4,2,1
2025-04-03,Organic Search,google,organic,Always-on SEO,desktop,P002,13,11,10,2,1,1
2025-04-03,Organic Search,google,organic,Always-on SEO,desktop,P003,19,16,15,3,2,1
2025-04-03,Organic Search,google,organic,Always-on SEO,desktop,P004,12,10,9,2,1,1
2025-04-03,Organic Search,google,organic,Always-on SEO,desktop,P005,18,15,14,3,1,1
2025-04-03,Organic Search,google,organic,Always-on SEO,desktop,P006,10,9,9,2,1,1
2025-04-03,Organic Search,google,organic,Always-on SEO,desktop,P007,16,14,13,3,1,1
2025-04-03,Organic Search,google,organic,Always-on SEO,desktop,P008,9,8,8,2,1,1
2025-04-03,Organic Search,google,organic,Always-on SEO,desktop,P009,15,13,12,3,1,1
2025-04-03,Organic Search,google,organic,Always-on SEO,desktop,P010,8,7,7,1,1,0
2025-04-03,Organic Search,google,organic,Always-on SEO,desktop,P011,14,12,11,2,1,1
2025-04-03,Organic Search,google,organic,Always-on SEO,desktop,P012,20,18,16,3,2,1
2025-04-04,Paid Social,instagram,paid_social,Creator Offers,mobile,P001,10,8,7,1,1,1
2025-04-04,Paid Social,instagram,paid_social,Creator Offers,mobile,P002,14,12,10,2,1,1
2025-04-04,Paid Social,instagram,paid_social,Creator Offers,mobile,P003,9,8,7,1,1,0
2025-04-04,Paid Social,instagram,paid_social,Creator Offers,mobile,P004,13,11,10,2,1,1
2025-04-04,Paid Social,instagram,paid_social,Creator Offers,mobile,P005,8,7,6,1,1,0
2025-04-04,Paid Social,instagram,paid_social,Creator Offers,mobile,P006,12,10,9,2,1,1
2025-04-04,Paid Social,instagram,paid_social,Creator Offers,mobile,P007,7,6,5,1,1,0
2025-04-04,Paid Social,instagram,paid_social,Creator Offers,mobile,P008,12,10,8,2,1,1
2025-04-04,Paid Social,instagram,paid_social,Creator Offers,mobile,P009,7,5,5,1,1,0
2025-04-04,Paid Social,instagram,paid_social,Creator Offers,mobile,P010,11,9,8,2,1,1
2025-04-04,Paid Social,instagram,paid_social,Creator Offers,mobile,P011,6,5,4,1,0,0
2025-04-04,Paid Social,instagram,paid_social,Creator Offers,mobile,P012,10,8,7,1,1,1
2025-04-04,Affiliates,partners,affiliate,Partner Network,desktop,P001,18,16,13,2,2,1
2025-04-04,Affiliates,partners,affiliate,Partner Network,desktop,P002,11,9,8,2,1,1
2025-04-04,Affiliates,partners,affiliate,Partner Network,desktop,P003,17,14,12,2,2,1
2025-04-04,Affiliates,partners,affiliate,Partner Network,desktop,P004,10,8,7,1,1,1
2025-04-04,Affiliates,partners,affiliate,Partner Network,desktop,P005,16,13,11,2,1,1
2025-04-04,Affiliates,partners,affiliate,Partner Network,desktop,P006,9,7,6,1,1,0
2025-04-04,Affiliates,partners,affiliate,Partner Network,desktop,P007,15,12,10,2,1,1
2025-04-04,Affiliates,partners,affiliate,Partner Network,desktop,P008,21,18,15,3,2,1
2025-04-04,Affiliates,partners,affiliate,Partner Network,desktop,P009,13,11,9,2,1,1
2025-04-04,Affiliates,partners,affiliate,Partner Network,desktop,P010,19,17,14,3,2,1
2025-04-04,Affiliates,partners,affiliate,Partner Network,desktop,P011,12,10,8,2,1,1
2025-04-04,Affiliates,partners,affiliate,Partner Network,desktop,P012,18,15,13,2,2,1
2025-04-04,Paid Search,google,cpc,KSA Growth,tablet,P001,7,5,5,1,1,0
2025-04-04,Paid Search,google,cpc,KSA Growth,tablet,P002,11,9,8,2,1,1
2025-04-04,Paid Search,google,cpc,KSA Growth,tablet,P003,16,13,11,3,2,1
2025-04-04,Paid Search,google,cpc,KSA Growth,tablet,P004,10,8,7,2,1,1
2025-04-04,Paid Search,google,cpc,KSA Growth,tablet,P005,15,12,10,3,2,1
2025-04-04,Paid Search,google,cpc,KSA Growth,tablet,P006,9,7,6,2,1,1
2025-04-04,Paid Search,google,cpc,KSA Growth,tablet,P007,14,11,10,3,1,1
2025-04-04,Paid Search,google,cpc,KSA Growth,tablet,P008,8,7,6,2,1,1
2025-04-04,Paid Search,google,cpc,KSA Growth,tablet,P009,13,10,9,3,1,1
2025-04-04,Paid Search,google,cpc,KSA Growth,tablet,P010,7,6,5,1,1,0
2025-04-04,Paid Search,google,cpc,KSA Growth,tablet,P011,12,10,8,2,1,1
2025-04-04,Paid Search,google,cpc,KSA Growth,tablet,P012,7,5,5,1,1,0
2025-04-05,Email,newsletter,email,Lifecycle,desktop,P001,11,8,8,2,1,1
2025-04-05,Email,newsletter,email,Lifecycle,desktop,P002,6,4,4,1,0,0
2025-04-05,Email,newsletter,email,Lifecycle,desktop,P003,10,7,8,2,1,1
2025-04-05,Email,newsletter,email,Lifecycle,desktop,P004,14,10,11,2,1,1
2025-04-05,Email,newsletter,email,Lifecycle,desktop,P005,9,7,7,1,1,1
2025-04-05,Email,newsletter,email,Lifecycle,desktop,P006,13,10,10,2,1,1
2025-04-05,Email,newsletter,email,Lifecycle,desktop,P007,8,6,6,1,1,1
2025-04-05,Email,newsletter,email,Lifecycle,desktop,P008,12,9,10,2,1,1
2025-04-05,Email,newsletter,email,Lifecycle,desktop,P009,7,6,6,1,1,0
2025-04-05,Email,newsletter,email,Lifecycle,desktop,P010,12,9,9,2,1,1
2025-04-05,Email,newsletter,email,Lifecycle,desktop,P011,7,5,5,1,1,0
2025-04-05,Email,newsletter,email,Lifecycle,desktop,P012,11,8,8,2,1,1
2025-04-05,Organic Search,google,organic,Always-on SEO,tablet,P001,17,12,13,4,2,1
2025-04-05,Organic Search,google,organic,Always-on SEO,tablet,P002,10,8,8,2,2,1
2025-04-05,Organic Search,google,organic,Always-on SEO,tablet,P003,16,11,12,3,2,1
2025-04-05,Organic Search,google,organic,Always-on SEO,tablet,P004,9,7,7,2,1,1
2025-04-05,Organic Search,google,organic,Always-on SEO,tablet,P005,15,11,12,3,2,1
2025-04-05,Organic Search,google,organic,Always-on SEO,tablet,P006,8,6,7,2,1,1
2025-04-05,Organic Search,google,organic,Always-on SEO,tablet,P007,14,10,11,3,2,1
2025-04-05,Organic Search,google,organic,Always-on SEO,tablet,P008,7,5,6,2,1,1
2025-04-05,Organic Search,google,organic,Always-on SEO,tablet,P009,13,9,10,3,2,1
2025-04-05,Organic Search,google,organic,Always-on SEO,tablet,P010,18,13,14,4,2,2
2025-04-05,Organic Search,google,organic,Always-on SEO,tablet,P011,11,8,9,2,2,1
2025-04-05,Organic Search,google,organic,Always-on SEO,tablet,P012,17,12,13,4,2,1
2025-04-05,Direct,direct,none,Unassigned,mobile,P001,4,3,4,1,0,0
2025-04-05,Direct,direct,none,Unassigned,mobile,P002,7,5,6,1,1,0
2025-04-05,Direct,direct,none,Unassigned,mobile,P003,4,3,3,1,0,0
2025-04-05,Direct,direct,none,Unassigned,mobile,P004,7,5,5,1,1,0
2025-04-05,Direct,direct,none,Unassigned,mobile,P005,10,7,7,1,1,1
2025-04-05,Direct,direct,none,Unassigned,mobile,P006,6,5,5,1,1,0
2025-04-05,Direct,direct,none,Unassigned,mobile,P007,9,7,7,1,1,1
2025-04-05,Direct,direct,none,Unassigned,mobile,P008,6,4,4,1,0,0
2025-04-05,Direct,direct,none,Unassigned,mobile,P009,8,6,7,1,1,1
2025-04-05,Direct,direct,none,Unassigned,mobile,P010,5,4,4,1,0,0
2025-04-05,Direct,direct,none,Unassigned,mobile,P011,8,6,6,1,1,1
2025-04-05,Direct,direct,none,Unassigned,mobile,P012,4,3,4,1,0,0
2025-04-06,Affiliates,partners,affiliate,Partner Network,tablet,P001,9,6,5,1,1,0
2025-04-06,Affiliates,partners,affiliate,Partner Network,tablet,P002,5,4,3,1,0,0
2025-04-06,Affiliates,partners,affiliate,Partner Network,tablet,P003,8,6,5,1,0,0
2025-04-06,Affiliates,partners,affiliate,Partner Network,tablet,P004,4,3,3,1,0,0
2025-04-06,Affiliates,partners,affiliate,Partner Network,tablet,P005,7,5,5,1,0,0
2025-04-06,Affiliates,partners,affiliate,Partner Network,tablet,P006,10,8,7,1,1,1
2025-04-06,Affiliates,partners,affiliate,Partner Network,tablet,P007,7,5,4,1,0,0
2025-04-06,Affiliates,partners,affiliate,Partner Network,tablet,P008,10,7,6,1,1,1
2025-04-06,Affiliates,partners,affiliate,Partner Network,tablet,P009,6,5,4,1,0,0
2025-04-06,Affiliates,partners,affiliate,Partner Network,tablet,P010,9,7,6,1,1,1
2025-04-06,Affiliates,partners,affiliate,Partner Network,tablet,P011,6,4,4,1,0,0
2025-04-06,Affiliates,partners,affiliate,Partner Network,tablet,P012,9,6,5,1,1,0
2025-04-06,Paid Search,google,cpc,KSA Growth,mobile,P001,17,13,12,3,2,1
2025-04-06,Paid Search,google,cpc,KSA Growth,mobile,P002,11,8,8,2,1,1
2025-04-06,Paid Search,google,cpc,KSA Growth,mobile,P003,16,12,11,3,2,1
2025-04-06,Paid Search,google,cpc,KSA Growth,mobile,P004,10,8,7,2,1,1
2025-04-06,Paid Search,google,cpc,KSA Growth,mobile,P005,15,12,10,3,2,1
2025-04-06,Paid Search,google,cpc,KSA Growth,mobile,P006,9,7,6,2,1,1
2025-04-06,Paid Search,google,cpc,KSA Growth,mobile,P007,14,11,10,3,2,1
2025-04-06,Paid Search,google,cpc,KSA Growth,mobile,P008,8,6,5,2,1,1
2025-04-06,Paid Search,google,cpc,KSA Growth,mobile,P009,13,10,9,2,1,1
2025-04-06,Paid Search,google,cpc,KSA Growth,mobile,P010,7,5,5,1,1,0
2025-04-06,Paid Search,google,cpc,KSA Growth,mobile,P011,12,9,8,2,1,1
2025-04-06,Paid Search,google,cpc,KSA Growth,mobile,P012,17,13,12,3,2,1
2025-04-06,Paid Social,instagram,paid_social,Creator Offers,desktop,P001,5,4,4,1,0,0
2025-04-06,Paid Social,instagram,paid_social,Creator Offers,desktop,P002,8,7,6,1,1,1
2025-04-06,Paid Social,instagram,paid_social,Creator Offers,desktop,P003,5,4,4,1,0,0
2025-04-06,Paid Social,instagram,paid_social,Creator Offers,desktop,P004,7,6,6,1,1,0
2025-04-06,Paid Social,instagram,paid_social,Creator Offers,desktop,P005,4,3,3,1,0,0
2025-04-06,Paid Social,instagram,paid_social,Creator Offers,desktop,P006,7,6,5,1,1,0
2025-04-06,Paid Social,instagram,paid_social,Creator Offers,desktop,P007,10,8,8,2,1,1
2025-04-06,Paid Social,instagram,paid_social,Creator Offers,desktop,P008,6,5,5,1,1,0
2025-04-06,Paid Social,instagram,paid_social,Creator Offers,desktop,P009,9,8,7,2,1,1
2025-04-06,Paid Social,instagram,paid_social,Creator Offers,desktop,P010,6,5,5,1,0,0
2025-04-06,Paid Social,instagram,paid_social,Creator Offers,desktop,P011,8,7,7,1,1,1
2025-04-06,Paid Social,instagram,paid_social,Creator Offers,desktop,P012,5,4,4,1,0,0
2025-04-07,Organic Search,google,organic,Always-on SEO,mobile,P001,10,8,7,2,1,1
2025-04-07,Organic Search,google,organic,Always-on SEO,mobile,P002,6,4,4,1,0,0
2025-04-07,Organic Search,google,organic,Always-on SEO,mobile,P003,10,7,6,2,1,1
2025-04-07,Organic Search,google,organic,Always-on SEO,mobile,P004,6,4,3,1,0,0
2025-04-07,Organic Search,google,organic,Always-on SEO,mobile,P005,9,7,6,1,1,0
2025-04-07,Organic Search,google,organic,Always-on SEO,mobile,P006,5,3,3,1,0,0
2025-04-07,Organic Search,google,organic,Always-on SEO,mobile,P007,8,6,5,1,1,0
2025-04-07,Organic Search,google,organic,Always-on SEO,mobile,P008,12,9,7,2,1,1
2025-04-07,Organic Search,google,organic,Always-on SEO,mobile,P009,8,5,5,1,1,0
2025-04-07,Organic Search,google,organic,Always-on SEO,mobile,P010,11,8,7,2,1,1
2025-04-07,Organic Search,google,organic,Always-on SEO,mobile,P011,7,5,4,1,0,0
2025-04-07,Organic Search,google,organic,Always-on SEO,mobile,P012,10,8,7,2,1,1
2025-04-07,Direct,direct,none,Unassigned,desktop,P001,8,7,7,2,1,1
2025-04-07,Direct,direct,none,Unassigned,desktop,P002,14,13,12,3,1,1
2025-04-07,Direct,direct,none,Unassigned,desktop,P003,20,18,16,4,2,1
2025-04-07,Direct,direct,none,Unassigned,desktop,P004,13,11,11,2,1,1
2025-04-07,Direct,direct,none,Unassigned,desktop,P005,19,17,15,4,2,1
2025-04-07,Direct,direct,none,Unassigned,desktop,P006,12,10,10,2,1,1
2025-04-07,Direct,direct,none,Unassigned,desktop,P007,18,16,14,3,2,1
2025-04-07,Direct,direct,none,Unassigned,desktop,P008,11,9,9,2,1,1
2025-04-07,Direct,direct,none,Unassigned,desktop,P009,17,15,13,3,2,1
2025-04-07,Direct,direct,none,Unassigned,desktop,P010,9,8,8,2,1,1
2025-04-07,Direct,direct,none,Unassigned,desktop,P011,15,14,12,3,2,1
2025-04-07,Direct,direct,none,Unassigned,desktop,P012,8,7,7,2,1,1
2025-04-07,Email,newsletter,email,Lifecycle,tablet,P001,5,4,3,1,1,0
2025-04-07,Email,newsletter,email,Lifecycle,tablet,P002,8,6,5,1,1,1
2025-04-07,Email,newsletter,email,Lifecycle,tablet,P003,5,4,3,1,0,0
2025-04-07,Email,newsletter,email,Lifecycle,tablet,P004,7,6,5,1,1,1
2025-04-07,Email,newsletter,email,Lifecycle,tablet,P005,4,3,3,1,0,0
2025-04-07,Email,newsletter,email,Lifecycle,tablet,P006,7,5,5,1,1,1
2025-04-07,Email,newsletter,email,Lifecycle,tablet,P007,3,3,2,1,0,0
2025-04-07,Email,newsletter,email,Lifecycle,tablet,P008,6,5,4,1,1,0
2025-04-07,Email,newsletter,email,Lifecycle,tablet,P009,8,7,6,1,1,1
2025-04-07,Email,newsletter,email,Lifecycle,tablet,P010,5,4,4,1,1,0
2025-04-07,Email,newsletter,email,Lifecycle,tablet,P011,8,7,6,1,1,1
2025-04-07,Email,newsletter,email,Lifecycle,tablet,P012,5,4,3,1,0,0
2025-04-08,Paid Search,google,cpc,KSA Growth,desktop,P001,14,12,10,2,1,1
2025-04-08,Paid Search,google,cpc,KSA Growth,desktop,P002,9,7,6,1,1,1
2025-04-08,Paid Search,google,cpc,KSA Growth,desktop,P003,13,11,9,2,1,1
2025-04-08,Paid Search,google,cpc,KSA Growth,desktop,P004,8,7,6,1,1,0
2025-04-08,Paid Search,google,cpc,KSA Growth,desktop,P005,12,10,9,2,1,1
2025-04-08,Paid Search,google,cpc,KSA Growth,desktop,P006,7,6,5,1,1,0
2025-04-08,Paid Search,google,cpc,KSA Growth,desktop,P007,11,9,8,2,1,1
2025-04-08,Paid Search,google,cpc,KSA Growth,desktop,P008,6,5,4,1,1,0
2025-04-08,Paid Search,google,cpc,KSA Growth,desktop,P009,10,9,7,2,1,1
2025-04-08,Paid Search,google,cpc,KSA Growth,desktop,P010,15,12,10,2,1,1
2025-04-08,Paid Search,google,cpc,KSA Growth,desktop,P011,10,8,7,1,1,1
2025-04-08,Paid Search,google,cpc,KSA Growth,desktop,P012,14,12,10,2,1,1
2025-04-08,Paid Social,instagram,paid_social,Creator Offers,tablet,P001,8,6,6,2,1,1
2025-04-08,Paid Social,instagram,paid_social,Creator Offers,tablet,P002,13,10,10,3,1,1
2025-04-08,Paid Social,instagram,paid_social,Creator Offers,tablet,P003,7,6,5,1,1,0
2025-04-08,Paid Social,instagram,paid_social,Creator Offers,tablet,P004,12,10,9,2,1,1
2025-04-08,Paid Social,instagram,paid_social,Creator Offers,tablet,P005,18,13,13,3,2,1
2025-04-08,Paid Social,instagram,paid_social,Creator Offers,tablet,P006,11,9,8,2,1,1
2025-04-08,Paid Social,instagram,paid_social,Creator Offers,tablet,P007,17,13,12,3,2,1
2025-04-08,Paid Social,instagram,paid_social,Creator Offers,tablet,P008,10,8,8,2,1,1
2025-04-08,Paid Social,instagram,paid_social,Creator Offers,tablet,P009,16,12,11,3,2,1
2025-04-08,Paid Social,instagram,paid_social,Creator Offers,tablet,P010,9,7,7,2,1,1
2025-04-08,Paid Social,instagram,paid_social,Creator Offers,tablet,P011,14,11,10,3,2,1
2025-04-08,Paid Social,instagram,paid_social,Creator Offers,tablet,P012,8,6,6,2,1,0
2025-04-08,Affiliates,partners,affiliate,Partner Network,mobile,P001,13,10,9,2,2,1
2025-04-08,Affiliates,partners,affiliate,Partner Network,mobile,P002,18,15,13,3,2,2
2025-04-08,Affiliates,partners,affiliate,Partner Network,mobile,P003,11,9,8,2,1,1
2025-04-08,Affiliates,partners,affiliate,Partner Network,mobile,P004,17,14,13,3,2,1
2025-04-08,Affiliates,partners,affiliate,Partner Network,mobile,P005,10,8,8,2,1,1
2025-04-08,Affiliates,partners,affiliate,Partner Network,mobile,P006,16,13,12,3,2,1
2025-04-08,Affiliates,partners,affiliate,Partner Network,mobile,P007,9,8,7,2,1,1
2025-04-08,Affiliates,partners,affiliate,Partner Network,mobile,P008,15,12,11,2,2,1
2025-04-08,Affiliates,partners,affiliate,Partner Network,mobile,P009,8,7,6,1,1,1
2025-04-08,Affiliates,partners,affiliate,Partner Network,mobile,P010,14,11,10,2,2,1
2025-04-08,Affiliates,partners,affiliate,Partner Network,mobile,P011,19,16,14,3,2,2
2025-04-08,Affiliates,partners,affiliate,Partner Network,mobile,P012,13,10,9,2,1,1
2025-04-09,Direct,direct,none,Unassigned,tablet,P001,9,7,7,1,1,1
2025-04-09,Direct,direct,none,Unassigned,tablet,P002,5,4,4,1,0,0
2025-04-09,Direct,direct,none,Unassigned,tablet,P003,8,6,6,1,1,1
2025-04-09,Direct,direct,none,Unassigned,tablet,P004,5,4,4,1,0,0
2025-04-09,Direct,direct,none,Unassigned,tablet,P005,8,6,6,1,1,1
2025-04-09,Direct,direct,none,Unassigned,tablet,P006,4,4,3,1,0,0
2025-04-09,Direct,direct,none,Unassigned,tablet,P007,7,5,5,1,1,0
2025-04-09,Direct,direct,none,Unassigned,tablet,P008,4,3,3,1,0,0
2025-04-09,Direct,direct,none,Unassigned,tablet,P009,7,5,5,1,1,0
2025-04-09,Direct,direct,none,Unassigned,tablet,P010,3,3,3,0,0,0
2025-04-09,Direct,direct,none,Unassigned,tablet,P011,6,5,5,1,0,0
2025-04-09,Direct,direct,none,Unassigned,tablet,P012,9,7,7,1,1,1
2025-04-09,Email,newsletter,email,Lifecycle,mobile,P001,8,7,6,1,1,0
2025-04-09,Email,newsletter,email,Lifecycle,mobile,P002,13,10,9,2,1,1
2025-04-09,Email,newsletter,email,Lifecycle,mobile,P003,7,6,5,1,1,0
2025-04-09,Email,newsletter,email,Lifecycle,mobile,P004,12,9,8,2,1,1
2025-04-09,Email,newsletter,email,Lifecycle,mobile,P005,6,5,4,1,1,0
2025-04-09,Email,newsletter,email,Lifecycle,mobile,P006,11,9,7,2,1,1
2025-04-09,Email,newsletter,email,Lifecycle,mobile,P007,15,12,10,2,2,1
2025-04-09,Email,newsletter,email,Lifecycle,mobile,P008,10,8,7,2,1,1
2025-04-09,Email,newsletter,email,Lifecycle,mobile,P009,15,12,10,2,1,1
2025-04-09,Email,newsletter,email,Lifecycle,mobile,P010,9,7,6,2,1,1
2025-04-09,Email,newsletter,email,Lifecycle,mobile,P011,14,11,9,2,1,1
2025-04-09,Email,newsletter,email,Lifecycle,mobile,P012,8,6,6,1,1,0
2025-04-09,Organic Search,google,organic,Always-on SEO,desktop,P001,9,8,7,2,1,1
2025-04-09,Organic Search,google,organic,Always-on SEO,desktop,P002,13,11,10,2,1,1
2025-04-09,Organic Search,google,organic,Always-on SEO,desktop,P003,9,7,7,1,1,1
2025-04-09,Organic Search,google,organic,Always-on SEO,desktop,P004,13,10,10,2,1,1
2025-04-09,Organic Search,google,organic,Always-on SEO,desktop,P005,8,7,6,1,1,0
2025-04-09,Organic Search,google,organic,Always-on SEO,desktop,P006,12,10,9,2,1,1
2025-04-09,Organic Search,google,organic,Always-on SEO,desktop,P007,7,6,5,1,1,0
2025-04-09,Organic Search,google,organic,Always-on SEO,desktop,P008,11,9,8,2,1,1
2025-04-09,Organic Search,google,organic,Always-on SEO,desktop,P009,6,5,5,1,1,0
2025-04-09,Organic Search,google,organic,Always-on SEO,desktop,P010,10,9,8,2,1,1
2025-04-09,Organic Search,google,organic,Always-on SEO,desktop,P011,6,5,4,1,0,0
2025-04-09,Organic Search,google,organic,Always-on SEO,desktop,P012,9,8,7,1,1,1
2025-04-10,Paid Social,instagram,paid_social,Creator Offers,mobile,P001,7,6,5,1,1,0
2025-04-10,Paid Social,instagram,paid_social,Creator Offers,mobile,P002,12,10,9,2,1,1
2025-04-10,Paid Social,instagram,paid_social,Creator Offers,mobile,P003,18,14,13,3,2,1
2025-04-10,Paid Social,instagram,paid_social,Creator Offers,mobile,P004,11,9,9,2,1,1
2025-04-10,Paid Social,instagram,paid_social,Creator Offers,mobile,P005,16,13,12,2,2,1
2025-04-10,Paid Social,instagram,paid_social,Creator Offers,mobile,P006,10,8,8,2,1,1
2025-04-10,Paid Social,instagram,paid_social,Creator Offers,mobile,P007,15,12,12,2,1,1
2025-04-10,Paid Social,instagram,paid_social,Creator Offers,mobile,P008,9,7,7,1,1,1
2025-04-10,Paid Social,instagram,paid_social,Creator Offers,mobile,P009,14,11,11,2,1,1
2025-04-10,Paid Social,instagram,paid_social,Creator Offers,mobile,P010,8,6,6,1,1,1
2025-04-10,Paid Social,instagram,paid_social,Creator Offers,mobile,P011,13,11,10,2,1,1
2025-04-10,Paid Social,instagram,paid_social,Creator Offers,mobile,P012,7,6,5,1,1,0
2025-04-10,Affiliates,partners,affiliate,Partner Network,desktop,P001,8,7,6,2,1,1
2025-04-10,Affiliates,partners,affiliate,Partner Network,desktop,P002,12,10,9,2,1,1
2025-04-10,Affiliates,partners,affiliate,Partner Network,desktop,P003,7,6,6,1,1,1
2025-04-10,Affiliates,partners,affiliate,Partner Network,desktop,P004,11,9,9,2,1,1
2025-04-10,Affiliates,partners,affiliate,Partner Network,desktop,P005,7,5,5,1,1,0
2025-04-10,Affiliates,partners,affiliate,Partner Network,desktop,P006,11,9,8,2,1,1
2025-04-10,Affiliates,partners,affiliate,Partner Network,desktop,P007,6,5,4,1,1,0
2025-04-10,Affiliates,partners,affiliate,Partner Network,desktop,P008,10,8,7,2,1,1
2025-04-10,Affiliates,partners,affiliate,Partner Network,desktop,P009,14,11,10,3,2,1
2025-04-10,Affiliates,partners,affiliate,Partner Network,desktop,P010,9,7,7,2,1,1
2025-04-10,Affiliates,partners,affiliate,Partner Network,desktop,P011,13,10,10,2,1,1
2025-04-10,Affiliates,partners,affiliate,Partner Network,desktop,P012,8,7,6,1,1,1
2025-04-10,Paid Search,google,cpc,KSA Growth,tablet,P001,9,7,6,1,1,1
2025-04-10,Paid Search,google,cpc,KSA Growth,tablet,P002,5,4,3,1,0,0
2025-04-10,Paid Search,google,cpc,KSA Growth,tablet,P003,8,7,6,1,1,1
2025-04-10,Paid Search,google,cpc,KSA Growth,tablet,P004,12,10,8,2,1,1
2025-04-10,Paid Search,google,cpc,KSA Growth,tablet,P005,8,6,5,1,1,0
2025-04-10,Paid Search,google,cpc,KSA Growth,tablet,P006,11,9,7,2,1,1
2025-04-10,Paid Search,google,cpc,KSA Growth,tablet,P007,7,6,5,1,1,0
2025-04-10,Paid Search,google,cpc,KSA Growth,tablet,P008,10,9,7,2,1,1
2025-04-10,Paid Search,google,cpc,KSA Growth,tablet,P009,6,5,4,1,0,0
2025-04-10,Paid Search,google,cpc,KSA Growth,tablet,P010,10,8,7,1,1,1
2025-04-10,Paid Search,google,cpc,KSA Growth,tablet,P011,5,5,4,1,0,0
2025-04-10,Paid Search,google,cpc,KSA Growth,tablet,P012,9,7,6,1,1,1
2025-04-11,Email,newsletter,email,Lifecycle,desktop,P001,6,5,4,1,0,0
2025-04-11,Email,newsletter,email,Lifecycle,desktop,P002,9,8,7,1,1,1
2025-04-11,Email,newsletter,email,Lifecycle,desktop,P003,5,4,3,1,0,0
2025-04-11,Email,newsletter,email,Lifecycle,desktop,P004,9,8,6,1,1,0
2025-04-11,Email,newsletter,email,Lifecycle,desktop,P005,12,11,9,1,1,1
2025-04-11,Email,newsletter,email,Lifecycle,desktop,P006,8,7,6,1,0,0
2025-04-11,Email,newsletter,email,Lifecycle,desktop,P007,12,10,8,1,1,1
2025-04-11,Email,newsletter,email,Lifecycle,desktop,P008,7,6,5,1,0,0
2025-04-11,Email,newsletter,email,Lifecycle,desktop,P009,11,9,8,1,1,1
2025-04-11,Email,newsletter,email,Lifecycle,desktop,P010,6,6,4,1,0,0
2025-04-11,Email,newsletter,email,Lifecycle,desktop,P011,10,9,7,1,1,1
2025-04-11,Email,newsletter,email,Lifecycle,desktop,P012,6,5,4,1,0,0
2025-04-11,Organic Search,google,organic,Always-on SEO,tablet,P001,13,10,8,2,1,1
2025-04-11,Organic Search,google,organic,Always-on SEO,tablet,P002,18,14,12,3,2,1
2025-04-11,Organic Search,google,organic,Always-on SEO,tablet,P003,11,9,7,2,1,1
2025-04-11,Organic Search,google,organic,Always-on SEO,tablet,P004,17,13,11,3,2,1
2025-04-11,Organic Search,google,organic,Always-on SEO,tablet,P005,10,8,7,2,1,1
2025-04-11,Organic Search,google,organic,Always-on SEO,tablet,P006,16,12,10,2,2,1
2025-04-11,Organic Search,google,organic,Always-on SEO,tablet,P007,9,7,6,1,1,1
2025-04-11,Organic Search,google,organic,Always-on SEO,tablet,P008,15,12,10,2,1,1
2025-04-11,Organic Search,google,organic,Always-on SEO,tablet,P009,8,6,5,1,1,1
2025-04-11,Organic Search,google,organic,Always-on SEO,tablet,P010,14,11,9,2,1,1
2025-04-11,Organic Search,google,organic,Always-on SEO,tablet,P011,19,15,12,3,2,1
2025-04-11,Organic Search,google,organic,Always-on SEO,tablet,P012,12,10,8,2,1,1
2025-04-11,Direct,direct,none,Unassigned,mobile,P001,12,10,9,2,1,1
2025-04-11,Direct,direct,none,Unassigned,mobile,P002,7,5,5,1,1,0
2025-04-11,Direct,direct,none,Unassigned,mobile,P003,11,9,9,2,1,1
2025-04-11,Direct,direct,none,Unassigned,mobile,P004,6,5,5,1,1,0
2025-04-11,Direct,direct,none,Unassigned,mobile,P005,10,8,8,1,1,1
2025-04-11,Direct,direct,none,Unassigned,mobile,P006,14,12,12,2,1,1
2025-04-11,Direct,direct,none,Unassigned,mobile,P007,9,8,7,1,1,0
2025-04-11,Direct,direct,none,Unassigned,mobile,P008,13,11,11,2,1,1
2025-04-11,Direct,direct,none,Unassigned,mobile,P009,8,7,7,1,1,0
2025-04-11,Direct,direct,none,Unassigned,mobile,P010,12,10,10,2,1,1
2025-04-11,Direct,direct,none,Unassigned,mobile,P011,7,6,6,1,1,0
2025-04-11,Direct,direct,none,Unassigned,mobile,P012,11,10,9,2,1,1
2025-04-12,Affiliates,partners,affiliate,Partner Network,tablet,P001,8,6,5,1,1,0
2025-04-12,Affiliates,partners,affiliate,Partner Network,tablet,P002,12,10,8,2,1,1
2025-04-12,Affiliates,partners,affiliate,Partner Network,tablet,P003,7,5,4,1,1,0
2025-04-12,Affiliates,partners,affiliate,Partner Network,tablet,P004,11,9,7,2,1,1
2025-04-12,Affiliates,partners,affiliate,Partner Network,tablet,P005,6,5,4,1,1,0
2025-04-12,Affiliates,partners,affiliate,Partner Network,tablet,P006,11,8,7,2,1,1
2025-04-12,Affiliates,partners,affiliate,Partner Network,tablet,P007,15,12,10,2,1,1
2025-04-12,Affiliates,partners,affiliate,Partner Network,tablet,P008,10,7,6,1,1,1
2025-04-12,Affiliates,partners,affiliate,Partner Network,tablet,P009,14,11,9,2,1,1
2025-04-12,Affiliates,partners,affiliate,Partner Network,tablet,P010,9,7,6,1,1,0
2025-04-12,Affiliates,partners,affiliate,Partner Network,tablet,P011,13,10,8,2,1,1
2025-04-12,Affiliates,partners,affiliate,Partner Network,tablet,P012,8,6,5,1,1,0
2025-04-12,Paid Search,google,cpc,KSA Growth,mobile,P001,7,5,5,1,1,0
2025-04-12,Paid Search,google,cpc,KSA Growth,mobile,P002,10,7,6,2,1,1
2025-04-12,Paid Search,google,cpc,KSA Growth,mobile,P003,6,5,4,1,0,0
2025-04-12,Paid Search,google,cpc,KSA Growth,mobile,P004,9,7,6,1,1,1
2025-04-12,Paid Search,google,cpc,KSA Growth,mobile,P005,6,4,4,1,0,0
2025-04-12,Paid Search,google,cpc,KSA Growth,mobile,P006,9,6,6,1,1,1
2025-04-12,Paid Search,google,cpc,KSA Growth,mobile,P007,5,4,3,1,0,0
2025-04-12,Paid Search,google,cpc,KSA Growth,mobile,P008,8,6,5,1,1,1
2025-04-12,Paid Search,google,cpc,KSA Growth,mobile,P009,5,3,3,1,0,0
2025-04-12,Paid Search,google,cpc,KSA Growth,mobile,P010,8,6,5,1,1,1
2025-04-12,Paid Search,google,cpc,KSA Growth,mobile,P011,4,3,3,1,0,0
2025-04-12,Paid Search,google,cpc,KSA Growth,mobile,P012,7,5,5,1,1,0
2025-04-12,Paid Social,instagram,paid_social,Creator Offers,desktop,P001,8,6,6,1,1,1
2025-04-12,Paid Social,instagram,paid_social,Creator Offers,desktop,P002,5,4,4,1,0,0
2025-04-12,Paid Social,instagram,paid_social,Creator Offers,desktop,P003,7,6,6,1,1,0
2025-04-12,Paid Social,instagram,paid_social,Creator Offers,desktop,P004,4,3,3,1,0,0
2025-04-12,Paid Social,instagram,paid_social,Creator Offers,desktop,P005,7,5,5,1,1,0
2025-04-12,Paid Social,instagram,paid_social,Creator Offers,desktop,P006,4,3,3,1,0,0
2025-04-12,Paid Social,instagram,paid_social,Creator Offers,desktop,P007,6,5,5,1,1,0
2025-04-12,Paid Social,instagram,paid_social,Creator Offers,desktop,P008,9,7,7,2,1,1
2025-04-12,Paid Social,instagram,paid_social,Creator Offers,desktop,P009,6,4,4,1,0,0
2025-04-12,Paid Social,instagram,paid_social,Creator Offers,desktop,P010,8,7,6,2,1,1
2025-04-12,Paid Social,instagram,paid_social,Creator Offers,desktop,P011,5,4,4,1,0,0
2025-04-12,Paid Social,instagram,paid_social,Creator Offers,desktop,P012,8,6,6,1,1,1
2025-04-13,Organic Search,google,organic,Always-on SEO,mobile,P001,5,4,4,1,0,0
2025-04-13,Organic Search,google,organic,Always-on SEO,mobile,P002,8,6,7,1,1,1
2025-04-13,Organic Search,google,organic,Always-on SEO,mobile,P003,5,3,4,1,0,0
2025-04-13,Organic Search,google,organic,Always-on SEO,mobile,P004,8,5,6,1,1,1
2025-04-13,Organic Search,google,organic,Always-on SEO,mobile,P005,4,3,3,1,0,0
2025-04-13,Organic Search,google,organic,Always-on SEO,mobile,P006,7,5,6,1,1,0
2025-04-13,Organic Search,google,organic,Always-on SEO,mobile,P007,4,3,3,1,0,0
2025-04-13,Organic Search,google,organic,Always-on SEO,mobile,P008,6,5,5,1,1,0
2025-04-13,Organic Search,google,organic,Always-on SEO,mobile,P009,9,6,7,1,1,1
2025-04-13,Organic Search,google,organic,Always-on SEO,mobile,P010,6,4,5,1,0,0
2025-04-13,Organic Search,google,organic,Always-on SEO,mobile,P011,9,6,7,1,1,1
2025-04-13,Organic Search,google,organic,Always-on SEO,mobile,P012,5,4,4,1,0,0
2025-04-13,Direct,direct,none,Unassigned,desktop,P001,12,8,7,2,1,1
2025-04-13,Direct,direct,none,Unassigned,desktop,P002,6,5,4,1,0,0
2025-04-13,Direct,direct,none,Unassigned,desktop,P003,11,8,7,2,1,0
2025-04-13,Direct,direct,none,Unassigned,desktop,P004,15,11,10,2,1,1
2025-04-13,Direct,direct,none,Unassigned,desktop,P005,10,7,6,2,1,0
2025-04-13,Direct,direct,none,Unassigned,desktop,P006,14,10,9,2,1,1
2025-04-13,Direct,direct,none,Unassigned,desktop,P007,9,6,6,1,1,0
2025-04-13,Direct,direct,none,Unassigned,desktop,P008,13,10,8,2,1,1
2025-04-13,Direct,direct,none,Unassigned,desktop,P009,8,6,5,1,1,0
2025-04-13,Direct,direct,none,Unassigned,desktop,P010,12,9,8,2,1,1
2025-04-13,Direct,direct,none,Unassigned,desktop,P011,7,5,4,1,1,0
2025-04-13,Direct,direct,none,Unassigned,desktop,P012,12,8,7,2,1,1
2025-04-13,Email,newsletter,email,Lifecycle,tablet,P001,13,12,10,3,2,1
2025-04-13,Email,newsletter,email,Lifecycle,tablet,P002,8,7,6,2,1,1
2025-04-13,Email,newsletter,email,Lifecycle,tablet,P003,13,11,10,2,1,1
2025-04-13,Email,newsletter,email,Lifecycle,tablet,P004,8,6,6,1,1,0
2025-04-13,Email,newsletter,email,Lifecycle,tablet,P005,12,10,9,2,1,1
2025-04-13,Email,newsletter,email,Lifecycle,tablet,P006,7,6,5,1,1,0
2025-04-13,Email,newsletter,email,Lifecycle,tablet,P007,11,9,8,2,1,1
2025-04-13,Email,newsletter,email,Lifecycle,tablet,P008,6,5,4,1,1,0
2025-04-13,Email,newsletter,email,Lifecycle,tablet,P009,10,9,8,2,1,1
2025-04-13,Email,newsletter,email,Lifecycle,tablet,P010,14,12,11,3,2,1
2025-04-13,Email,newsletter,email,Lifecycle,tablet,P011,9,8,7,2,1,1
2025-04-13,Email,newsletter,email,Lifecycle,tablet,P012,13,11,10,2,1,1
2025-04-14,Paid Search,google,cpc,KSA Growth,desktop,P001,12,11,9,2,2,1
2025-04-14,Paid Search,google,cpc,KSA Growth,desktop,P002,18,16,13,3,2,2
2025-04-14,Paid Search,google,cpc,KSA Growth,desktop,P003,11,10,8,2,1,1
2025-04-14,Paid Search,google,cpc,KSA Growth,desktop,P004,17,15,12,3,2,1
2025-04-14,Paid Search,google,cpc,KSA Growth,desktop,P005,10,9,7,2,1,1
2025-04-14,Paid Search,google,cpc,KSA Growth,desktop,P006,16,14,11,3,2,1
2025-04-14,Paid Search,google,cpc,KSA Growth,desktop,P007,9,8,6,2,1,1
2025-04-14,Paid Search,google,cpc,KSA Growth,desktop,P008,14,13,10,3,2,1
2025-04-14,Paid Search,google,cpc,KSA Growth,desktop,P009,8,7,6,1,1,1
2025-04-14,Paid Search,google,cpc,KSA Growth,desktop,P010,13,12,10,3,2,1
2025-04-14,Paid Search,google,cpc,KSA Growth,desktop,P011,19,18,14,4,2,2
2025-04-14,Paid Search,google,cpc,KSA Growth,desktop,P012,12,11,9,2,1,1
2025-04-14,Paid Social,instagram,paid_social,Creator Offers,tablet,P001,8,6,6,1,1,1
2025-04-14,Paid Social,instagram,paid_social,Creator Offers,tablet,P002,5,4,4,1,0,0
2025-04-14,Paid Social,instagram,paid_social,Creator Offers,tablet,P003,8,6,6,1,1,1
2025-04-14,Paid Social,instagram,paid_social,Creator Offers,tablet,P004,4,3,3,1,0,0
2025-04-14,Paid Social,instagram,paid_social,Creator Offers,tablet,P005,7,6,6,1,1,1
2025-04-14,Paid Social,instagram,paid_social,Creator Offers,tablet,P006,10,8,8,2,1,1
2025-04-14,Paid Social,instagram,paid_social,Creator Offers,tablet,P007,6,5,5,1,1,0
2025-04-14,Paid Social,instagram,paid_social,Creator Offers,tablet,P008,9,7,7,2,1,1
2025-04-14,Paid Social,instagram,paid_social,Creator Offers,tablet,P009,6,5,5,1,1,0
2025-04-14,Paid Social,instagram,paid_social,Creator Offers,tablet,P010,9,7,7,2,1,1
2025-04-14,Paid Social,instagram,paid_social,Creator Offers,tablet,P011,5,4,4,1,0,0
2025-04-14,Paid Social,instagram,paid_social,Creator Offers,tablet,P012,8,6,6,1,1,1
2025-04-14,Affiliates,partners,affiliate,Partner Network,mobile,P001,17,13,12,3,2,1
2025-04-14,Affiliates,partners,affiliate,Partner Network,mobile,P002,11,8,8,2,1,1
2025-04-14,Affiliates,partners,affiliate,Partner Network,mobile,P003,16,12,12,3,2,1
2025-04-14,Affiliates,partners,affiliate,Partner Network,mobile,P004,10,8,7,2,1,1
2025-04-14,Affiliates,partners,affiliate,Partner Network,mobile,P005,15,11,11,3,1,1
2025-04-14,Affiliates,partners,affiliate,Partner Network,mobile,P006,9,7,7,2,1,0
2025-04-14,Affiliates,partners,affiliate,Partner Network,mobile,P007,14,11,10,3,1,1
2025-04-14,Affiliates,partners,affiliate,Partner Network,mobile,P008,8,6,6,1,1,0
2025-04-14,Affiliates,partners,affiliate,Partner Network,mobile,P009,13,10,10,2,1,1
2025-04-14,Affiliates,partners,affiliate,Partner Network,mobile,P010,7,5,5,1,1,0
2025-04-14,Affiliates,partners,affiliate,Partner Network,mobile,P011,12,9,9,2,1,1
2025-04-14,Affiliates,partners,affiliate,Partner Network,mobile,P012,17,13,12,3,2,1
2025-04-15,Direct,direct,none,Unassigned,tablet,P001,7,6,6,1,1,0
2025-04-15,Direct,direct,none,Unassigned,tablet,P002,10,8,8,2,1,1
2025-04-15,Direct,direct,none,Unassigned,tablet,P003,6,5,5,1,1,0
2025-04-15,Direct,direct,none,Unassigned,tablet,P004,9,8,7,2,1,1
2025-04-15,Direct,direct,none,Unassigned,tablet,P005,6,5,5,1,1,0
2025-04-15,Direct,direct,none,Unassigned,tablet,P006,9,7,7,2,1,1
2025-04-15,Direct,direct,none,Unassigned,tablet,P007,5,5,4,1,0,0
2025-04-15,Direct,direct,none,Unassigned,tablet,P008,8,7,6,2,1,1
2025-04-15,Direct,direct,none,Unassigned,tablet,P009,5,4,4,1,0,0
2025-04-15,Direct,direct,none,Unassigned,tablet,P010,8,6,6,2,1,1
2025-04-15,Direct,direct,none,Unassigned,tablet,P011,4,4,3,1,0,0
2025-04-15,Direct,direct,none,Unassigned,tablet,P012,7,6,6,1,1,0
2025-04-15,Email,newsletter,email,Lifecycle,mobile,P001,8,7,5,1,1,1
2025-04-15,Email,newsletter,email,Lifecycle,mobile,P002,5,4,3,0,0,0
2025-04-15,Email,newsletter,email,Lifecycle,mobile,P003,7,6,5,1,1,0
2025-04-15,Email,newsletter,email,Lifecycle,mobile,P004,4,3,3,0,0,0
2025-04-15,Email,newsletter,email,Lifecycle,mobile,P005,7,6,5,1,0,0
2025-04-15,Email,newsletter,email,Lifecycle,mobile,P006,3,3,2,0,0,0
2025-04-15,Email,newsletter,email,Lifecycle,mobile,P007,6,5,4,1,0,0
2025-04-15,Email,newsletter,email,Lifecycle,mobile,P008,9,7,6,1,1,1
2025-04-15,Email,newsletter,email,Lifecycle,mobile,P009,6,5,4,1,0,0
2025-04-15,Email,newsletter,email,Lifecycle,mobile,P010,8,7,6,1,1,1
2025-04-15,Email,newsletter,email,Lifecycle,mobile,P011,5,4,4,1,0,0
2025-04-15,Email,newsletter,email,Lifecycle,mobile,P012,8,7,5,1,1,0
2025-04-15,Organic Search,google,organic,Always-on SEO,desktop,P001,7,6,5,1,1,0
2025-04-15,Organic Search,google,organic,Always-on SEO,desktop,P002,13,10,8,2,1,1
2025-04-15,Organic Search,google,organic,Always-on SEO,desktop,P003,18,13,12,3,1,1
2025-04-15,Organic Search,google,organic,Always-on SEO,desktop,P004,12,9,8,2,1,1
2025-04-15,Organic Search,google,organic,Always-on SEO,desktop,P005,17,13,11,3,1,1
2025-04-15,Organic Search,google,organic,Always-on SEO,desktop,P006,11,8,7,2,1,0
2025-04-15,Organic Search,google,organic,Always-on SEO,desktop,P007,16,12,10,2,1,1
2025-04-15,Organic Search,google,organic,Always-on SEO,desktop,P008,10,7,6,2,1,0
2025-04-15,Organic Search,google,organic,Always-on SEO,desktop,P009,15,11,10,2,1,1
2025-04-15,Organic Search,google,organic,Always-on SEO,desktop,P010,9,6,6,1,1,0
2025-04-15,Organic Search,google,organic,Always-on SEO,desktop,P011,14,10,9,2,1,1
2025-04-15,Organic Search,google,organic,Always-on SEO,desktop,P012,7,6,5,1,0,0
2025-04-16,Paid Social,instagram,paid_social,Creator Offers,mobile,P001,9,8,7,2,1,1
2025-04-16,Paid Social,instagram,paid_social,Creator Offers,mobile,P002,5,4,3,1,0,0
2025-04-16,Paid Social,instagram,paid_social,Creator Offers,mobile,P003,8,7,6,1,1,1
2025-04-16,Paid Social,instagram,paid_social,Creator Offers,mobile,P004,12,11,9,2,1,1
2025-04-16,Paid Social,instagram,paid_social,Creator Offers,mobile,P005,8,7,6,1,1,0
2025-04-16,Paid Social,instagram,paid_social,Creator Offers,mobile,P006,11,10,8,2,1,1
2025-04-16,Paid Social,instagram,paid_social,Creator Offers,mobile,P007,7,6,5,1,1,0
2025-04-16,Paid Social,instagram,paid_social,Creator Offers,mobile,P008,10,9,8,2,1,1
2025-04-16,Paid Social,instagram,paid_social,Creator Offers,mobile,P009,6,6,4,1,1,0
2025-04-16,Paid Social,instagram,paid_social,Creator Offers,mobile,P010,10,9,7,2,1,1
2025-04-16,Paid Social,instagram,paid_social,Creator Offers,mobile,P011,6,5,4,1,1,0
2025-04-16,Paid Social,instagram,paid_social,Creator Offers,mobile,P012,9,8,7,2,1,1
2025-04-16,Affiliates,partners,affiliate,Partner Network,desktop,P001,10,9,8,1,1,1
2025-04-16,Affiliates,partners,affiliate,Partner Network,desktop,P002,7,6,5,1,0,0
2025-04-16,Affiliates,partners,affiliate,Partner Network,desktop,P003,10,9,7,1,1,1
2025-04-16,Affiliates,partners,affiliate,Partner Network,desktop,P004,6,5,4,1,0,0
2025-04-16,Affiliates,partners,affiliate,Partner Network,desktop,P005,9,8,7,1,1,0
2025-04-16,Affiliates,partners,affiliate,Partner Network,desktop,P006,5,5,4,1,0,0
2025-04-16,Affiliates,partners,affiliate,Partner Network,desktop,P007,9,7,6,1,1,0
2025-04-16,Affiliates,partners,affiliate,Partner Network,desktop,P008,5,4,3,1,0,0
2025-04-16,Affiliates,partners,affiliate,Partner Network,desktop,P009,8,7,6,1,0,0
2025-04-16,Affiliates,partners,affiliate,Partner Network,desktop,P010,11,10,8,1,1,1
2025-04-16,Affiliates,partners,affiliate,Partner Network,desktop,P011,7,6,5,1,0,0
2025-04-16,Affiliates,partners,affiliate,Partner Network,desktop,P012,10,9,7,1,1,1
2025-04-16,Paid Search,google,cpc,KSA Growth,tablet,P001,8,6,5,1,0,0
2025-04-16,Paid Search,google,cpc,KSA Growth,tablet,P002,13,10,8,2,1,1
2025-04-16,Paid Search,google,cpc,KSA Growth,tablet,P003,7,5,5,1,0,0
2025-04-16,Paid Search,google,cpc,KSA Growth,tablet,P004,12,9,8,1,1,1
2025-04-16,Paid Search,google,cpc,KSA Growth,tablet,P005,16,12,11,2,1,1
2025-04-16,Paid Search,google,cpc,KSA Growth,tablet,P006,11,8,7,1,1,0
2025-04-16,Paid Search,google,cpc,KSA Growth,tablet,P007,15,12,10,2,1,1
2025-04-16,Paid Search,google,cpc,KSA Growth,tablet,P008,10,7,6,1,1,0
2025-04-16,Paid Search,google,cpc,KSA Growth,tablet,P009,14,11,10,2,1,1
2025-04-16,Paid Search,google,cpc,KSA Growth,tablet,P010,9,7,6,1,0,0
2025-04-16,Paid Search,google,cpc,KSA Growth,tablet,P011,13,10,9,2,1,1
2025-04-16,Paid Search,google,cpc,KSA Growth,tablet,P012,8,6,5,1,0,0
2025-04-17,Email,newsletter,email,Lifecycle,desktop,P001,12,11,10,2,1,1
2025-04-17,Email,newsletter,email,Lifecycle,desktop,P002,7,6,5,1,1,0
2025-04-17,Email,newsletter,email,Lifecycle,desktop,P003,11,10,9,2,1,1
2025-04-17,Email,newsletter,email,Lifecycle,desktop,P004,6,5,5,1,1,0
2025-04-17,Email,newsletter,email,Lifecycle,desktop,P005,11,9,8,2,1,1
2025-04-17,Email,newsletter,email,Lifecycle,desktop,P006,15,13,12,3,2,1
2025-04-17,Email,newsletter,email,Lifecycle,desktop,P007,10,8,8,2,1,1
2025-04-17,Email,newsletter,email,Lifecycle,desktop,P008,14,12,11,2,1,1
2025-04-17,Email,newsletter,email,Lifecycle,desktop,P009,9,8,7,2,1,0
2025-04-17,Email,newsletter,email,Lifecycle,desktop,P010,13,11,10,2,1,1
2025-04-17,Email,newsletter,email,Lifecycle,desktop,P011,8,7,6,1,1,0
2025-04-17,Email,newsletter,email,Lifecycle,desktop,P012,12,11,10,2,1,1
2025-04-17,Organic Search,google,organic,Always-on SEO,tablet,P001,12,10,8,2,1,1
2025-04-17,Organic Search,google,organic,Always-on SEO,tablet,P002,8,6,6,1,0,0
2025-04-17,Organic Search,google,organic,Always-on SEO,tablet,P003,12,9,8,1,1,1
2025-04-17,Organic Search,google,organic,Always-on SEO,tablet,P004,7,6,5,1,0,0
2025-04-17,Organic Search,google,organic,Always-on SEO,tablet,P005,11,8,7,1,1,1
2025-04-17,Organic Search,google,organic,Always-on SEO,tablet,P006,6,5,5,1,0,0
2025-04-17,Organic Search,google,organic,Always-on SEO,tablet,P007,10,8,7,1,1,1
2025-04-17,Organic Search,google,organic,Always-on SEO,tablet,P008,6,5,4,1,0,0
2025-04-17,Organic Search,google,organic,Always-on SEO,tablet,P009,9,7,6,1,1,0
2025-04-17,Organic Search,google,organic,Always-on SEO,tablet,P010,5,4,4,1,0,0
2025-04-17,Organic Search,google,organic,Always-on SEO,tablet,P011,9,7,6,1,1,0
2025-04-17,Organic Search,google,organic,Always-on SEO,tablet,P012,12,10,8,2,1,1
2025-04-17,Direct,direct,none,Unassigned,mobile,P001,11,8,8,2,1,1
2025-04-17,Direct,direct,none,Unassigned,mobile,P002,18,13,12,3,2,1
2025-04-17,Direct,direct,none,Unassigned,mobile,P003,10,7,7,2,1,1
2025-04-17,Direct,direct,none,Unassigned,mobile,P004,16,12,11,2,2,1
2025-04-17,Direct,direct,none,Unassigned,mobile,P005,9,6,6,1,1,0
2025-04-17,Direct,direct,none,Unassigned,mobile,P006,15,11,10,2,1,1
2025-04-17,Direct,direct,none,Unassigned,mobile,P007,22,15,14,3,2,1
2025-04-17,Direct,direct,none,Unassigned,mobile,P008,14,10,9,2,1,1
2025-04-17,Direct,direct,none,Unassigned,mobile,P009,20,15,13,3,2,1
2025-04-17,Direct,direct,none,Unassigned,mobile,P010,13,9,8,2,1,1
2025-04-17,Direct,direct,none,Unassigned,mobile,P011,19,14,13,3,2,1
2025-04-17,Direct,direct,none,Unassigned,mobile,P012,11,8,8,2,1,1
2025-04-18,Affiliates,partners,affiliate,Partner Network,tablet,P001,10,7,7,1,1,1
2025-04-18,Affiliates,partners,affiliate,Partner Network,tablet,P002,6,5,4,1,0,0
2025-04-18,Affiliates,partners,affiliate,Partner Network,tablet,P003,9,7,6,1,1,1
2025-04-18,Affiliates,partners,affiliate,Partner Network,tablet,P004,5,4,3,1,0,0
2025-04-18,Affiliates,partners,affiliate,Partner Network,tablet,P005,9,6,6,1,1,0
2025-04-18,Affiliates,partners,affiliate,Partner Network,tablet,P006,5,4,3,1,0,0
2025-04-18,Affiliates,partners,affiliate,Partner Network,tablet,P007,8,6,5,1,0,0
2025-04-18,Affiliates,partners,affiliate,Partner Network,tablet,P008,12,8,7,2,1,1
2025-04-18,Affiliates,partners,affiliate,Partner Network,tablet,P009,7,5,5,1,0,0
2025-04-18,Affiliates,partners,affiliate,Partner Network,tablet,P010,11,8,7,1,1,1
2025-04-18,Affiliates,partners,affiliate,Partner Network,tablet,P011,7,5,4,1,0,0
2025-04-18,Affiliates,partners,affiliate,Partner Network,tablet,P012,10,7,7,1,1,1
2025-04-18,Paid Search,google,cpc,KSA Growth,mobile,P001,6,5,4,1,1,0
2025-04-18,Paid Search,google,cpc,KSA Growth,mobile,P002,10,8,7,2,1,1
2025-04-18,Paid Search,google,cpc,KSA Growth,mobile,P003,15,11,10,3,1,1
2025-04-18,Paid Search,google,cpc,KSA Growth,mobile,P004,10,7,7,2,1,1
2025-04-18,Paid Search,google,cpc,KSA Growth,mobile,P005,14,10,10,2,1,1
2025-04-18,Paid Search,google,cpc,KSA Growth,mobile,P006,9,6,6,1,1,1
2025-04-18,Paid Search,google,cpc,KSA Growth,mobile,P007,13,10,9,2,1,1
2025-04-18,Paid Search,google,cpc,KSA Growth,mobile,P008,8,6,6,1,1,0
2025-04-18,Paid Search,google,cpc,KSA Growth,mobile,P009,12,9,9,2,1,1
2025-04-18,Paid Search,google,cpc,KSA Growth,mobile,P010,7,5,5,1,1,0
2025-04-18,Paid Search,google,cpc,KSA Growth,mobile,P011,11,8,8,2,1,1
2025-04-18,Paid Search,google,cpc,KSA Growth,mobile,P012,6,5,4,1,1,0
2025-04-18,Paid Social,instagram,paid_social,Creator Offers,desktop,P001,12,10,8,2,1,1
2025-04-18,Paid Social,instagram,paid_social,Creator Offers,desktop,P002,18,16,12,3,2,1
2025-04-18,Paid Social,instagram,paid_social,Creator Offers,desktop,P003,11,9,7,2,1,1
2025-04-18,Paid Social,instagram,paid_social,Creator Offers,desktop,P004,17,15,11,3,2,1
2025-04-18,Paid Social,instagram,paid_social,Creator Offers,desktop,P005,10,8,6,2,1,1
2025-04-18,Paid Social,instagram,paid_social,Creator Offers,desktop,P006,15,14,10,3,1,1
2025-04-18,Paid Social,instagram,paid_social,Creator Offers,desktop,P007,8,7,6,1,1,0
2025-04-18,Paid Social,instagram,paid_social,Creator Offers,desktop,P008,14,12,10,2,1,1
2025-04-18,Paid Social,instagram,paid_social,Creator Offers,desktop,P009,20,18,13,4,2,1
2025-04-18,Paid Social,instagram,paid_social,Creator Offers,desktop,P010,13,11,9,2,1,1
2025-04-18,Paid Social,instagram,paid_social,Creator Offers,desktop,P011,19,17,13,3,2,1
2025-04-18,Paid Social,instagram,paid_social,Creator Offers,desktop,P012,12,10,8,2,1,1
2025-04-19,Organic Search,google,organic,Always-on SEO,mobile,P001,10,8,6,1,1,1
2025-04-19,Organic Search,google,organic,Always-on SEO,mobile,P002,6,5,4,1,0,0
2025-04-19,Organic Search,google,organic,Always-on SEO,mobile,P003,9,8,6,1,1,1
2025-04-19,Organic Search,google,organic,Always-on SEO,mobile,P004,5,5,3,1,0,0
2025-04-19,Organic Search,google,organic,Always-on SEO,mobile,P005,8,7,5,1,1,1
2025-04-19,Organic Search,google,organic,Always-on SEO,mobile,P006,5,4,3,1,0,0
2025-04-19,Organic Search,google,organic,Always-on SEO,mobile,P007,8,7,5,1,1,0
2025-04-19,Organic Search,google,organic,Always-on SEO,mobile,P008,4,4,3,1,0,0
2025-04-19,Organic Search,google,organic,Always-on SEO,mobile,P009,7,6,5,1,1,0
2025-04-19,Organic Search,google,organic,Always-on SEO,mobile,P010,10,9,7,1,1,1
2025-04-19,Organic Search,google,organic,Always-on SEO,mobile,P011,7,6,4,1,0,0
2025-04-19,Organic Search,google,organic,Always-on SEO,mobile,P012,9,8,6,1,1,1
2025-04-19,Direct,direct,none,Unassigned,desktop,P001,8,6,6,1,1,0
2025-04-19,Direct,direct,none,Unassigned,desktop,P002,12,10,9,2,1,1
2025-04-19,Direct,direct,none,Unassigned,desktop,P003,7,5,5,1,1,0
2025-04-19,Direct,direct,none,Unassigned,desktop,P004,11,9,8,2,1,1
2025-04-19,Direct,direct,none,Unassigned,desktop,P005,16,13,12,3,1,1
2025-04-19,Direct,direct,none,Unassigned,desktop,P006,10,8,8,2,1,1
2025-04-19,Direct,direct,none,Unassigned,desktop,P007,15,12,11,3,1,1
2025-04-19,Direct,direct,none,Unassigned,desktop,P008,9,7,7,2,1,1
2025-04-19,Direct,direct,none,Unassigned,desktop,P009,14,11,10,3,1,1
2025-04-19,Direct,direct,none,Unassigned,desktop,P010,9,7,6,2,1,0
2025-04-19,Direct,direct,none,Unassigned,desktop,P011,13,10,10,2,1,1
2025-04-19,Direct,direct,none,Unassigned,desktop,P012,8,6,5,1,1,0
2025-04-19,Email,newsletter,email,Lifecycle,tablet,P001,7,6,5,1,1,0
2025-04-19,Email,newsletter,email,Lifecycle,tablet,P002,10,8,7,1,1,1
2025-04-19,Email,newsletter,email,Lifecycle,tablet,P003,6,5,4,1,0,0
2025-04-19,Email,newsletter,email,Lifecycle,tablet,P004,9,8,6,1,1,1
2025-04-19,Email,newsletter,email,Lifecycle,tablet,P005,6,5,4,1,0,0
2025-04-19,Email,newsletter,email,Lifecycle,tablet,P006,9,7,6,1,1,1
2025-04-19,Email,newsletter,email,Lifecycle,tablet,P007,5,4,3,1,0,0
2025-04-19,Email,newsletter,email,Lifecycle,tablet,P008,8,7,5,1,1,1
2025-04-19,Email,newsletter,email,Lifecycle,tablet,P009,4,3,3,0,0,0
2025-04-19,Email,newsletter,email,Lifecycle,tablet,P010,8,6,5,1,1,1
2025-04-19,Email,newsletter,email,Lifecycle,tablet,P011,11,9,7,1,1,1
2025-04-19,Email,newsletter,email,Lifecycle,tablet,P012,7,6,5,1,0,0
2025-04-20,Paid Search,google,cpc,KSA Growth,desktop,P001,16,13,11,3,2,1
2025-04-20,Paid Search,google,cpc,KSA Growth,desktop,P002,11,8,7,2,1,1
2025-04-20,Paid Search,google,cpc,KSA Growth,desktop,P003,15,12,10,3,2,1
2025-04-20,Paid Search,google,cpc,KSA Growth,desktop,P004,10,7,6,2,1,1
2025-04-20,Paid Search,google,cpc,KSA Growth,desktop,P005,15,11,9,3,1,1
2025-04-20,Paid Search,google,cpc,KSA Growth,desktop,P006,9,7,6,2,1,1
2025-04-20,Paid Search,google,cpc,KSA Growth,desktop,P007,14,11,9,2,1,1
2025-04-20,Paid Search,google,cpc,KSA Growth,desktop,P008,8,6,5,1,1,1
2025-04-20,Paid Search,google,cpc,KSA Growth,desktop,P009,13,10,8,2,1,1
2025-04-20,Paid Search,google,cpc,KSA Growth,desktop,P010,7,5,4,1,1,1
2025-04-20,Paid Search,google,cpc,KSA Growth,desktop,P011,12,9,7,2,1,1
2025-04-20,Paid Search,google,cpc,KSA Growth,desktop,P012,16,13,10,3,2,1
2025-04-20,Paid Social,instagram,paid_social,Creator Offers,tablet,P001,9,7,6,1,1,0
2025-04-20,Paid Social,instagram,paid_social,Creator Offers,tablet,P002,15,12,10,2,1,1
2025-04-20,Paid Social,instagram,paid_social,Creator Offers,tablet,P003,8,7,5,1,1,0
2025-04-20,Paid Social,instagram,paid_social,Creator Offers,tablet,P004,14,11,9,2,1,1
2025-04-20,Paid Social,instagram,paid_social,Creator Offers,tablet,P005,7,6,5,1,0,0
2025-04-20,Paid Social,instagram,paid_social,Creator Offers,tablet,P006,13,10,8,2,1,1
2025-04-20,Paid Social,instagram,paid_social,Creator Offers,tablet,P007,18,14,12,2,1,1
2025-04-20,Paid Social,instagram,paid_social,Creator Offers,tablet,P008,11,9,7,2,1,1
2025-04-20,Paid Social,instagram,paid_social,Creator Offers,tablet,P009,17,13,11,2,1,1
2025-04-20,Paid Social,instagram,paid_social,Creator Offers,tablet,P010,10,8,7,2,1,0
2025-04-20,Paid Social,instagram,paid_social,Creator Offers,tablet,P011,16,12,10,2,1,1
2025-04-20,Paid Social,instagram,paid_social,Creator Offers,tablet,P012,9,7,6,1,1,0
2025-04-20,Affiliates,partners,affiliate,Partner Network,mobile,P001,11,8,7,2,1,1
2025-04-20,Affiliates,partners,affiliate,Partner Network,mobile,P002,16,12,10,3,1,1
2025-04-20,Affiliates,partners,affiliate,Partner Network,mobile,P003,11,8,7,2,1,1
2025-04-20,Affiliates,partners,affiliate,Partner Network,mobile,P004,15,11,10,2,1,1
2025-04-20,Affiliates,partners,affiliate,Partner Network,mobile,P005,10,7,6,2,1,0
2025-04-20,Affiliates,partners,affiliate,Partner Network,mobile,P006,14,10,9,2,1,1
2025-04-20,Affiliates,partners,affiliate,Partner Network,mobile,P007,9,6,6,1,1,0
2025-04-20,Affiliates,partners,affiliate,Partner Network,mobile,P008,13,10,9,2,1,1
2025-04-20,Affiliates,partners,affiliate,Partner Network,mobile,P009,8,5,5,1,1,0
2025-04-20,Affiliates,partners,affiliate,Partner Network,mobile,P010,12,9,8,2,1,1
2025-04-20,Affiliates,partners,affiliate,Partner Network,mobile,P011,7,5,4,1,1,0
2025-04-20,Affiliates,partners,affiliate,Partner Network,mobile,P012,11,8,7,2,1,1
2025-04-21,Direct,direct,none,Unassigned,tablet,P001,7,5,5,1,1,0
2025-04-21,Direct,direct,none,Unassigned,tablet,P002,12,9,9,2,1,1
2025-04-21,Direct,direct,none,Unassigned,tablet,P003,18,13,13,3,2,1
2025-04-21,Direct,direct,none,Unassigned,tablet,P004,11,8,8,2,1,1
2025-04-21,Direct,direct,none,Unassigned,tablet,P005,17,12,12,2,1,1
2025-04-21,Direct,direct,none,Unassigned,tablet,P006,10,8,7,2,1,1
2025-04-21,Direct,direct,none,Unassigned,tablet,P007,16,12,11,2,1,1
2025-04-21,Direct,direct,none,Unassigned,tablet,P008,9,7,7,1,1,1
2025-04-21,Direct,direct,none,Unassigned,tablet,P009,14,11,10,2,1,1
2025-04-21,Direct,direct,none,Unassigned,tablet,P010,8,6,6,1,1,1
2025-04-21,Direct,direct,none,Unassigned,tablet,P011,13,10,10,2,1,1
2025-04-21,Direct,direct,none,Unassigned,tablet,P012,7,5,5,1,1,0
2025-04-21,Email,newsletter,email,Lifecycle,mobile,P001,9,7,6,1,1,0
2025-04-21,Email,newsletter,email,Lifecycle,mobile,P002,13,11,9,2,1,1
2025-04-21,Email,newsletter,email,Lifecycle,mobile,P003,8,6,6,1,0,0
2025-04-21,Email,newsletter,email,Lifecycle,mobile,P004,12,10,9,2,1,1
2025-04-21,Email,newsletter,email,Lifecycle,mobile,P005,7,6,5,1,0,0
2025-04-21,Email,newsletter,email,Lifecycle,mobile,P006,11,9,8,2,1,1
2025-04-21,Email,newsletter,email,Lifecycle,mobile,P007,6,5,4,1,0,0
2025-04-21,Email,newsletter,email,Lifecycle,mobile,P008,10,9,8,2,1,1
2025-04-21,Email,newsletter,email,Lifecycle,mobile,P009,15,12,11,2,1,1
2025-04-21,Email,newsletter,email,Lifecycle,mobile,P010,9,8,7,2,1,0
2025-04-21,Email,newsletter,email,Lifecycle,mobile,P011,14,11,10,2,1,1
2025-04-21,Email,newsletter,email,Lifecycle,mobile,P012,8,7,6,1,1,0
2025-04-21,Organic Search,google,organic,Always-on SEO,desktop,P001,13,12,9,2,1,1
2025-04-21,Organic Search,google,organic,Always-on SEO,desktop,P002,7,6,5,1,1,0
2025-04-21,Organic Search,google,organic,Always-on SEO,desktop,P003,12,11,9,2,1,1
2025-04-21,Organic Search,google,organic,Always-on SEO,desktop,P004,16,15,12,3,2,1
2025-04-21,Organic Search,google,organic,Always-on SEO,desktop,P005,11,10,8,2,1,1
2025-04-21,Organic Search,google,organic,Always-on SEO,desktop,P006,16,14,12,3,1,1
2025-04-21,Organic Search,google,organic,Always-on SEO,desktop,P007,10,9,7,2,1,0
2025-04-21,Organic Search,google,organic,Always-on SEO,desktop,P008,15,13,11,2,1,1
2025-04-21,Organic Search,google,organic,Always-on SEO,desktop,P009,9,8,7,1,1,0
2025-04-21,Organic Search,google,organic,Always-on SEO,desktop,P010,14,13,10,2,1,1
2025-04-21,Organic Search,google,organic,Always-on SEO,desktop,P011,8,7,6,1,1,0
2025-04-21,Organic Search,google,organic,Always-on SEO,desktop,P012,13,12,9,2,1,1
2025-04-22,Paid Social,instagram,paid_social,Creator Offers,mobile,P001,5,4,4,1,0,0
2025-04-22,Paid Social,instagram,paid_social,Creator Offers,mobile,P002,8,7,6,1,1,1
2025-04-22,Paid Social,instagram,paid_social,Creator Offers,mobile,P003,4,4,3,1,0,0
2025-04-22,Paid Social,instagram,paid_social,Creator Offers,mobile,P004,7,7,6,1,1,0
2025-04-22,Paid Social,instagram,paid_social,Creator Offers,mobile,P005,11,9,8,2,1,1
2025-04-22,Paid Social,instagram,paid_social,Creator Offers,mobile,P006,7,6,5,1,0,0
2025-04-22,Paid Social,instagram,paid_social,Creator Offers,mobile,P007,10,9,7,1,1,1
2025-04-22,Paid Social,instagram,paid_social,Creator Offers,mobile,P008,6,5,5,1,0,0
2025-04-22,Paid Social,instagram,paid_social,Creator Offers,mobile,P009,9,8,7,1,1,1
2025-04-22,Paid Social,instagram,paid_social,Creator Offers,mobile,P010,6,5,4,1,0,0
2025-04-22,Paid Social,instagram,paid_social,Creator Offers,mobile,P011,9,8,7,1,1,1
2025-04-22,Paid Social,instagram,paid_social,Creator Offers,mobile,P012,5,4,4,1,0,0
2025-04-22,Affiliates,partners,affiliate,Partner Network,desktop,P001,6,5,5,1,0,0
2025-04-22,Affiliates,partners,affiliate,Partner Network,desktop,P002,8,7,7,1,1,1
2025-04-22,Affiliates,partners,affiliate,Partner Network,desktop,P003,5,4,4,1,0,0
2025-04-22,Affiliates,partners,affiliate,Partner Network,desktop,P004,8,7,6,1,1,1
2025-04-22,Affiliates,partners,affiliate,Partner Network,desktop,P005,5,4,4,1,0,0
2025-04-22,Affiliates,partners,affiliate,Partner Network,desktop,P006,7,6,6,1,1,1
2025-04-22,Affiliates,partners,affiliate,Partner Network,desktop,P007,4,4,3,0,0,0
2025-04-22,Affiliates,partners,affiliate,Partner Network,desktop,P008,7,6,5,1,1,0
2025-04-22,Affiliates,partners,affiliate,Partner Network,desktop,P009,4,3,3,0,0,0
2025-04-22,Affiliates,partners,affiliate,Partner Network,desktop,P010,6,5,5,1,1,0
2025-04-22,Affiliates,partners,affiliate,Partner Network,desktop,P011,9,7,7,1,1,1
2025-04-22,Affiliates,partners,affiliate,Partner Network,desktop,P012,6,5,5,1,0,0
2025-04-22,Paid Search,google,cpc,KSA Growth,tablet,P001,13,12,10,3,2,1
2025-04-22,Paid Search,google,cpc,KSA Growth,tablet,P002,8,7,6,2,1,1
2025-04-22,Paid Search,google,cpc,KSA Growth,tablet,P003,13,11,10,3,1,1
2025-04-22,Paid Search,google,cpc,KSA Growth,tablet,P004,7,6,5,1,1,0
2025-04-22,Paid Search,google,cpc,KSA Growth,tablet,P005,12,10,9,2,1,1
2025-04-22,Paid Search,google,cpc,KSA Growth,tablet,P006,16,14,13,3,2,1
2025-04-22,Paid Search,google,cpc,KSA Growth,tablet,P007,11,9,8,2,1,1
2025-04-22,Paid Search,google,cpc,KSA Growth,tablet,P008,15,13,12,3,2,1
2025-04-22,Paid Search,google,cpc,KSA Growth,tablet,P009,10,8,7,2,1,1
2025-04-22,Paid Search,google,cpc,KSA Growth,tablet,P010,14,12,11,3,2,1
2025-04-22,Paid Search,google,cpc,KSA Growth,tablet,P011,9,7,7,2,1,1
2025-04-22,Paid Search,google,cpc,KSA Growth,tablet,P012,13,12,10,3,2,1
2025-04-23,Email,newsletter,email,Lifecycle,desktop,P001,8,6,6,1,0,0
2025-04-23,Email,newsletter,email,Lifecycle,desktop,P002,12,9,9,2,1,1
2025-04-23,Email,newsletter,email,Lifecycle,desktop,P003,7,5,5,1,0,0
2025-04-23,Email,newsletter,email,Lifecycle,desktop,P004,11,9,9,2,1,1
2025-04-23,Email,newsletter,email,Lifecycle,desktop,P005,6,5,5,1,0,0
2025-04-23,Email,newsletter,email,Lifecycle,desktop,P006,11,8,8,1,1,0
2025-04-23,Email,newsletter,email,Lifecycle,desktop,P007,15,12,12,2,1,1
2025-04-23,Email,newsletter,email,Lifecycle,desktop,P008,10,7,7,1,1,0
2025-04-23,Email,newsletter,email,Lifecycle,desktop,P009,14,11,11,2,1,1
2025-04-23,Email,newsletter,email,Lifecycle,desktop,P010,9,7,7,1,1,0
2025-04-23,Email,newsletter,email,Lifecycle,desktop,P011,13,10,10,2,1,1
2025-04-23,Email,newsletter,email,Lifecycle,desktop,P012,8,6,6,1,0,0
2025-04-23,Organic Search,google,organic,Always-on SEO,tablet,P001,12,10,9,2,1,1
2025-04-23,Organic Search,google,organic,Always-on SEO,tablet,P002,16,14,13,3,1,1
2025-04-23,Organic Search,google,organic,Always-on SEO,tablet,P003,11,9,8,2,1,1
2025-04-23,Organic Search,google,organic,Always-on SEO,tablet,P004,16,13,12,2,1,1
2025-04-23,Organic Search,google,organic,Always-on SEO,tablet,P005,10,8,7,1,1,0
2025-04-23,Organic Search,google,organic,Always-on SEO,tablet,P006,15,12,11,2,1,1
2025-04-23,Organic Search,google,organic,Always-on SEO,tablet,P007,9,7,7,1,1,0
2025-04-23,Organic Search,google,organic,Always-on SEO,tablet,P008,14,12,10,2,1,1
2025-04-23,Organic Search,google,organic,Always-on SEO,tablet,P009,8,7,6,1,1,0
2025-04-23,Organic Search,google,organic,Always-on SEO,tablet,P010,13,11,10,2,1,1
2025-04-23,Organic Search,google,organic,Always-on SEO,tablet,P011,7,6,5,1,0,0
2025-04-23,Organic Search,google,organic,Always-on SEO,tablet,P012,12,10,9,2,1,1
2025-04-23,Direct,direct,none,Unassigned,mobile,P001,16,14,12,2,2,1
2025-04-23,Direct,direct,none,Unassigned,mobile,P002,10,8,7,2,1,1
2025-04-23,Direct,direct,none,Unassigned,mobile,P003,15,13,11,2,1,1
2025-04-23,Direct,direct,none,Unassigned,mobile,P004,9,7,6,1,1,1
2025-04-23,Direct,direct,none,Unassigned,mobile,P005,14,12,10,2,1,1
2025-04-23,Direct,direct,none,Unassigned,mobile,P006,8,6,6,1,1,1
2025-04-23,Direct,direct,none,Unassigned,mobile,P007,13,11,10,2,1,1
2025-04-23,Direct,direct,none,Unassigned,mobile,P008,19,15,13,3,2,1
2025-04-23,Direct,direct,none,Unassigned,mobile,P009,12,10,9,2,1,1
2025-04-23,Direct,direct,none,Unassigned,mobile,P010,17,14,13,3,2,1
2025-04-23,Direct,direct,none,Unassigned,mobile,P011,11,9,8,2,1,1
2025-04-23,Direct,direct,none,Unassigned,mobile,P012,16,13,12,2,2,1
2025-04-24,Affiliates,partners,affiliate,Partner Network,tablet,P001,10,9,7,2,1,1
2025-04-24,Affiliates,partners,affiliate,Partner Network,tablet,P002,16,14,10,2,1,1
2025-04-24,Affiliates,partners,affiliate,Partner Network,tablet,P003,9,8,6,1,1,1
2025-04-24,Affiliates,partners,affiliate,Partner Network,tablet,P004,15,13,9,2,1,1
2025-04-24,Affiliates,partners,affiliate,Partner Network,tablet,P005,8,8,5,1,1,0
2025-04-24,Affiliates,partners,affiliate,Partner Network,tablet,P006,14,12,9,2,1,1
2025-04-24,Affiliates,partners,affiliate,Partner Network,tablet,P007,7,7,5,1,1,0
2025-04-24,Affiliates,partners,affiliate,Partner Network,tablet,P008,12,11,8,2,1,1
2025-04-24,Affiliates,partners,affiliate,Partner Network,tablet,P009,18,16,11,3,2,1
2025-04-24,Affiliates,partners,affiliate,Partner Network,tablet,P010,11,10,7,2,1,1
2025-04-24,Affiliates,partners,affiliate,Partner Network,tablet,P011,17,15,11,3,1,1
2025-04-24,Affiliates,partners,affiliate,Partner Network,tablet,P012,10,9,7,2,1,1
2025-04-24,Paid Search,google,cpc,KSA Growth,mobile,P001,14,10,11,3,2,1
2025-04-24,Paid Search,google,cpc,KSA Growth,mobile,P002,8,6,6,1,1,1
2025-04-24,Paid Search,google,cpc,KSA Growth,mobile,P003,13,10,10,3,2,1
2025-04-24,Paid Search,google,cpc,KSA Growth,mobile,P004,19,14,14,4,2,1
2025-04-24,Paid Search,google,cpc,KSA Growth,mobile,P005,12,9,9,2,2,1
2025-04-24,Paid Search,google,cpc,KSA Growth,mobile,P006,17,13,13,3,2,1
2025-04-24,Paid Search,google,cpc,KSA Growth,mobile,P007,11,8,8,2,1,1
2025-04-24,Paid Search,google,cpc,KSA Growth,mobile,P008,16,12,13,3,2,1
2025-04-24,Paid Search,google,cpc,KSA Growth,mobile,P009,10,7,7,2,1,1
2025-04-24,Paid Search,google,cpc,KSA Growth,mobile,P010,15,11,12,3,2,1
2025-04-24,Paid Search,google,cpc,KSA Growth,mobile,P011,9,6,7,2,1,1
2025-04-24,Paid Search,google,cpc,KSA Growth,mobile,P012,14,10,11,3,2,1
2025-04-24,Paid Social,instagram,paid_social,Creator Offers,desktop,P001,17,15,14,4,2,2
2025-04-24,Paid Social,instagram,paid_social,Creator Offers,desktop,P002,11,10,9,2,1,1
2025-04-24,Paid Social,instagram,paid_social,Creator Offers,desktop,P003,16,14,13,3,2,1
2025-04-24,Paid Social,instagram,paid_social,Creator Offers,desktop,P004,10,9,8,2,1,1
2025-04-24,Paid Social,instagram,paid_social,Creator Offers,desktop,P005,15,13,12,3,2,1
2025-04-24,Paid Social,instagram,paid_social,Creator Offers,desktop,P006,9,8,7,2,1,1
2025-04-24,Paid Social,instagram,paid_social,Creator Offers,desktop,P007,14,12,11,3,2,1
2025-04-24,Paid Social,instagram,paid_social,Creator Offers,desktop,P008,7,7,6,2,1,1
2025-04-24,Paid Social,instagram,paid_social,Creator Offers,desktop,P009,13,11,10,3,2,1
2025-04-24,Paid Social,instagram,paid_social,Creator Offers,desktop,P010,18,16,15,4,2,2
2025-04-24,Paid Social,instagram,paid_social,Creator Offers,desktop,P011,12,10,10,2,2,1
2025-04-24,Paid Social,instagram,paid_social,Creator Offers,desktop,P012,17,15,14,4,2,1
2025-04-25,Organic Search,google,organic,Always-on SEO,mobile,P001,11,8,8,2,1,1
2025-04-25,Organic Search,google,organic,Always-on SEO,mobile,P002,16,12,12,3,2,1
2025-04-25,Organic Search,google,organic,Always-on SEO,mobile,P003,10,7,7,2,1,1
2025-04-25,Organic Search,google,organic,Always-on SEO,mobile,P004,15,11,11,2,2,1
2025-04-25,Organic Search,google,organic,Always-on SEO,mobile,P005,9,6,7,1,1,0
2025-04-25,Organic Search,google,organic,Always-on SEO,mobile,P006,14,10,10,2,1,1
2025-04-25,Organic Search,google,organic,Always-on SEO,mobile,P007,8,6,6,1,1,0
2025-04-25,Organic Search,google,organic,Always-on SEO,mobile,P008,13,9,9,2,1,1
2025-04-25,Organic Search,google,organic,Always-on SEO,mobile,P009,7,5,5,1,1,0
2025-04-25,Organic Search,google,organic,Always-on SEO,mobile,P010,12,9,9,2,1,1
2025-04-25,Organic Search,google,organic,Always-on SEO,mobile,P011,17,12,12,3,2,1
2025-04-25,Organic Search,google,organic,Always-on SEO,mobile,P012,11,8,8,2,1,1
2025-04-25,Direct,direct,none,Unassigned,desktop,P001,17,15,13,3,2,2
2025-04-25,Direct,direct,none,Unassigned,desktop,P002,9,8,8,2,1,1
2025-04-25,Direct,direct,none,Unassigned,desktop,P003,15,13,12,3,2,1
2025-04-25,Direct,direct,none,Unassigned,desktop,P004,8,7,7,2,1,1
2025-04-25,Direct,direct,none,Unassigned,desktop,P005,14,12,11,3,2,1
2025-04-25,Direct,direct,none,Unassigned,desktop,P006,20,18,16,4,2,2
2025-04-25,Direct,direct,none,Unassigned,desktop,P007,13,11,10,3,2,1
2025-04-25,Direct,direct,none,Unassigned,desktop,P008,19,17,15,4,2,2
2025-04-25,Direct,direct,none,Unassigned,desktop,P009,12,10,9,2,1,1
2025-04-25,Direct,direct,none,Unassigned,desktop,P010,18,16,14,4,2,2
2025-04-25,Direct,direct,none,Unassigned,desktop,P011,11,9,9,2,1,1
2025-04-25,Direct,direct,none,Unassigned,desktop,P012,17,15,13,3,2,1
2025-04-25,Email,newsletter,email,Lifecycle,tablet,P001,16,13,12,3,1,1
2025-04-25,Email,newsletter,email,Lifecycle,tablet,P002,10,8,8,2,1,0
2025-04-25,Email,newsletter,email,Lifecycle,tablet,P003,15,12,12,2,1,1
2025-04-25,Email,newsletter,email,Lifecycle,tablet,P004,9,7,7,2,1,0
2025-04-25,Email,newsletter,email,Lifecycle,tablet,P005,14,11,11,2,1,1
2025-04-25,Email,newsletter,email,Lifecycle,tablet,P006,8,7,6,1,1,0
2025-04-25,Email,newsletter,email,Lifecycle,tablet,P007,13,11,10,2,1,1
2025-04-25,Email,newsletter,email,Lifecycle,tablet,P008,7,6,6,1,1,0
2025-04-25,Email,newsletter,email,Lifecycle,tablet,P009,12,10,9,2,1,1
2025-04-25,Email,newsletter,email,Lifecycle,tablet,P010,6,5,5,1,0,0
2025-04-25,Email,newsletter,email,Lifecycle,tablet,P011,11,9,9,2,1,1
2025-04-25,Email,newsletter,email,Lifecycle,tablet,P012,15,13,12,3,1,1
2025-04-26,Paid Search,google,cpc,KSA Growth,desktop,P001,7,5,5,1,1,1
2025-04-26,Paid Search,google,cpc,KSA Growth,desktop,P002,9,7,6,1,1,1
2025-04-26,Paid Search,google,cpc,KSA Growth,desktop,P003,6,4,4,1,0,0
2025-04-26,Paid Search,google,cpc,KSA Growth,desktop,P004,9,6,6,1,1,1
2025-04-26,Paid Search,google,cpc,KSA Growth,desktop,P005,6,4,4,1,0,0
2025-04-26,Paid Search,google,cpc,KSA Growth,desktop,P006,8,6,6,1,1,1
2025-04-26,Paid Search,google,cpc,KSA Growth,desktop,P007,5,4,3,1,0,0
2025-04-26,Paid Search,google,cpc,KSA Growth,desktop,P008,8,5,5,1,1,1
2025-04-26,Paid Search,google,cpc,KSA Growth,desktop,P009,4,3,3,1,0,0
2025-04-26,Paid Search,google,cpc,KSA Growth,desktop,P010,7,5,5,1,1,1
2025-04-26,Paid Search,google,cpc,KSA Growth,desktop,P011,4,3,3,1,0,0
2025-04-26,Paid Search,google,cpc,KSA Growth,desktop,P012,7,5,4,1,1,0
2025-04-26,Paid Social,instagram,paid_social,Creator Offers,tablet,P001,9,7,7,1,1,1
2025-04-26,Paid Social,instagram,paid_social,Creator Offers,tablet,P002,5,4,4,1,0,0
2025-04-26,Paid Social,instagram,paid_social,Creator Offers,tablet,P003,8,6,6,1,1,0
2025-04-26,Paid Social,instagram,paid_social,Creator Offers,tablet,P004,5,4,3,1,0,0
2025-04-26,Paid Social,instagram,paid_social,Creator Offers,tablet,P005,8,6,6,1,1,0
2025-04-26,Paid Social,instagram,paid_social,Creator Offers,tablet,P006,4,3,3,1,0,0
2025-04-26,Paid Social,instagram,paid_social,Creator Offers,tablet,P007,7,5,5,1,0,0
2025-04-26,Paid Social,instagram,paid_social,Creator Offers,tablet,P008,10,7,7,1,1,1
2025-04-26,Paid Social,instagram,paid_social,Creator Offers,tablet,P009,7,5,5,1,0,0
2025-04-26,Paid Social,instagram,paid_social,Creator Offers,tablet,P010,10,7,7,1,1,1
2025-04-26,Paid Social,instagram,paid_social,Creator Offers,tablet,P011,6,4,4,1,0,0
2025-04-26,Paid Social,instagram,paid_social,Creator Offers,tablet,P012,9,7,6,1,1,1
2025-04-26,Affiliates,partners,affiliate,Partner Network,mobile,P001,7,5,5,1,1,0
2025-04-26,Affiliates,partners,affiliate,Partner Network,mobile,P002,11,9,9,2,1,1
2025-04-26,Affiliates,partners,affiliate,Partner Network,mobile,P003,16,13,12,3,1,1
2025-04-26,Affiliates,partners,affiliate,Partner Network,mobile,P004,10,8,8,2,1,1
2025-04-26,Affiliates,partners,affiliate,Partner Network,mobile,P005,15,12,12,3,1,1
2025-04-26,Affiliates,partners,affiliate,Partner Network,mobile,P006,9,8,7,2,1,0
2025-04-26,Affiliates,partners,affiliate,Partner Network,mobile,P007,14,12,11,2,1,1
2025-04-26,Affiliates,partners,affiliate,Partner Network,mobile,P008,8,7,6,1,1,0
2025-04-26,Affiliates,partners,affiliate,Partner Network,mobile,P009,13,11,10,2,1,1
2025-04-26,Affiliates,partners,affiliate,Partner Network,mobile,P010,7,6,6,1,1,0
2025-04-26,Affiliates,partners,affiliate,Partner Network,mobile,P011,12,10,9,2,1,1
2025-04-26,Affiliates,partners,affiliate,Partner Network,mobile,P012,7,5,5,1,0,0
2025-04-27,Direct,direct,none,Unassigned,tablet,P001,6,5,5,1,1,1
2025-04-27,Direct,direct,none,Unassigned,tablet,P002,4,3,3,1,0,0
2025-04-27,Direct,direct,none,Unassigned,tablet,P003,6,5,5,1,1,0
2025-04-27,Direct,direct,none,Unassigned,tablet,P004,8,7,6,1,1,1
2025-04-27,Direct,direct,none,Unassigned,tablet,P005,5,5,4,1,1,0
2025-04-27,Direct,direct,none,Unassigned,tablet,P006,8,7,6,1,1,1
2025-04-27,Direct,direct,none,Unassigned,tablet,P007,5,4,4,1,0,0
2025-04-27,Direct,direct,none,Unassigned,tablet,P008,7,6,6,1,1,1
2025-04-27,Direct,direct,none,Unassigned,tablet,P009,5,4,3,1,0,0
2025-04-27,Direct,direct,none,Unassigned,tablet,P010,7,6,5,1,1,1
2025-04-27,Direct,direct,none,Unassigned,tablet,P011,4,3,3,1,0,0
2025-04-27,Direct,direct,none,Unassigned,tablet,P012,6,5,5,1,1,1
2025-04-27,Email,newsletter,email,Lifecycle,mobile,P001,11,8,9,3,2,1
2025-04-27,Email,newsletter,email,Lifecycle,mobile,P002,7,5,6,2,1,1
2025-04-27,Email,newsletter,email,Lifecycle,mobile,P003,10,8,8,2,1,1
2025-04-27,Email,newsletter,email,Lifecycle,mobile,P004,6,5,5,1,1,0
2025-04-27,Email,newsletter,email,Lifecycle,mobile,P005,10,7,8,2,1,1
2025-04-27,Email,newsletter,email,Lifecycle,mobile,P006,5,4,4,1,1,0
2025-04-27,Email,newsletter,email,Lifecycle,mobile,P007,9,7,7,2,1,1
2025-04-27,Email,newsletter,email,Lifecycle,mobile,P008,5,4,4,1,1,0
2025-04-27,Email,newsletter,email,Lifecycle,mobile,P009,8,6,7,2,1,1
2025-04-27,Email,newsletter,email,Lifecycle,mobile,P010,12,9,9,3,2,1
2025-04-27,Email,newsletter,email,Lifecycle,mobile,P011,7,6,6,2,1,1
2025-04-27,Email,newsletter,email,Lifecycle,mobile,P012,11,8,9,2,2,1
2025-04-27,Organic Search,google,organic,Always-on SEO,desktop,P001,6,5,5,1,0,0
2025-04-27,Organic Search,google,organic,Always-on SEO,desktop,P002,10,8,8,1,1,0
2025-04-27,Organic Search,google,organic,Always-on SEO,desktop,P003,5,4,4,1,0,0
2025-04-27,Organic Search,google,organic,Always-on SEO,desktop,P004,9,7,7,1,1,0
2025-04-27,Organic Search,google,organic,Always-on SEO,desktop,P005,12,10,10,2,1,1
2025-04-27,Organic Search,google,organic,Always-on SEO,desktop,P006,8,7,6,1,1,0
2025-04-27,Organic Search,google,organic,Always-on SEO,desktop,P007,12,10,9,2,1,1
2025-04-27,Organic Search,google,organic,Always-on SEO,desktop,P008,7,6,6,1,0,0
2025-04-27,Organic Search,google,organic,Always-on SEO,desktop,P009,11,9,9,2,1,1
2025-04-27,Organic Search,google,organic,Always-on SEO,desktop,P010,7,5,5,1,0,0
2025-04-27,Organic Search,google,organic,Always-on SEO,desktop,P011,10,9,8,1,1,1
2025-04-27,Organic Search,google,organic,Always-on SEO,desktop,P012,6,5,5,1,0,0
2025-04-28,Paid Social,instagram,paid_social,Creator Offers,mobile,P001,8,7,6,1,1,1
2025-04-28,Paid Social,instagram,paid_social,Creator Offers,mobile,P002,5,4,4,1,0,0
2025-04-28,Paid Social,instagram,paid_social,Creator Offers,mobile,P003,8,7,6,1,1,0
2025-04-28,Paid Social,instagram,paid_social,Creator Offers,mobile,P004,4,3,3,1,0,0
2025-04-28,Paid Social,instagram,paid_social,Creator Offers,mobile,P005,7,6,6,1,0,0
2025-04-28,Paid Social,instagram,paid_social,Creator Offers,mobile,P006,10,9,8,2,1,1
2025-04-28,Paid Social,instagram,paid_social,Creator Offers,mobile,P007,7,6,5,1,0,0
2025-04-28,Paid Social,instagram,paid_social,Creator Offers,mobile,P008,10,8,7,2,1,1
2025-04-28,Paid Social,instagram,paid_social,Creator Offers,mobile,P009,6,5,5,1,0,0
2025-04-28,Paid Social,instagram,paid_social,Creator Offers,mobile,P010,9,8,7,1,1,1
2025-04-28,Paid Social,instagram,paid_social,Creator Offers,mobile,P011,5,5,4,1,0,0
2025-04-28,Paid Social,instagram,paid_social,Creator Offers,mobile,P012,8,7,6,1,1,1
2025-04-28,Affiliates,partners,affiliate,Partner Network,desktop,P001,10,8,6,1,1,1
2025-04-28,Affiliates,partners,affiliate,Partner Network,desktop,P002,7,5,4,1,0,0
2025-04-28,Affiliates,partners,affiliate,Partner Network,desktop,P003,10,7,6,1,1,1
2025-04-28,Affiliates,partners,affiliate,Partner Network,desktop,P004,6,4,4,1,0,0
2025-04-28,Affiliates,partners,affiliate,Partner Network,desktop,P005,9,7,6,1,1,1
2025-04-28,Affiliates,partners,affiliate,Partner Network,desktop,P006,5,4,3,1,0,0
2025-04-28,Affiliates,partners,affiliate,Partner Network,desktop,P007,8,6,5,1,1,0
2025-04-28,Affiliates,partners,affiliate,Partner Network,desktop,P008,5,4,3,1,0,0
2025-04-28,Affiliates,partners,affiliate,Partner Network,desktop,P009,8,6,5,1,1,0
2025-04-28,Affiliates,partners,affiliate,Partner Network,desktop,P010,4,3,3,0,0,0
2025-04-28,Affiliates,partners,affiliate,Partner Network,desktop,P011,7,5,5,1,0,0
2025-04-28,Affiliates,partners,affiliate,Partner Network,desktop,P012,10,7,6,1,1,1
2025-04-28,Paid Search,google,cpc,KSA Growth,tablet,P001,7,6,5,1,0,0
2025-04-28,Paid Search,google,cpc,KSA Growth,tablet,P002,11,9,8,1,1,1
2025-04-28,Paid Search,google,cpc,KSA Growth,tablet,P003,6,5,5,1,0,0
2025-04-28,Paid Search,google,cpc,KSA Growth,tablet,P004,10,9,8,1,1,1
2025-04-28,Paid Search,google,cpc,KSA Growth,tablet,P005,5,5,4,1,0,0
2025-04-28,Paid Search,google,cpc,KSA Growth,tablet,P006,9,8,7,1,1,0
2025-04-28,Paid Search,google,cpc,KSA Growth,tablet,P007,13,12,10,2,1,1
2025-04-28,Paid Search,google,cpc,KSA Growth,tablet,P008,9,7,6,1,1,0
2025-04-28,Paid Search,google,cpc,KSA Growth,tablet,P009,13,11,9,2,1,1
2025-04-28,Paid Search,google,cpc,KSA Growth,tablet,P010,8,7,6,1,0,0
2025-04-28,Paid Search,google,cpc,KSA Growth,tablet,P011,12,10,9,1,1,1
2025-04-28,Paid Search,google,cpc,KSA Growth,tablet,P012,7,6,5,1,0,0
2025-04-29,Email,newsletter,email,Lifecycle,desktop,P001,9,7,6,1,1,1
2025-04-29,Email,newsletter,email,Lifecycle,desktop,P002,5,4,3,1,0,0
2025-04-29,Email,newsletter,email,Lifecycle,desktop,P003,8,6,5,1,1,0
2025-04-29,Email,newsletter,email,Lifecycle,desktop,P004,5,3,3,0,0,0
2025-04-29,Email,newsletter,email,Lifecycle,desktop,P005,8,6,5,1,0,0
2025-04-29,Email,newsletter,email,Lifecycle,desktop,P006,4,3,3,0,0,0
2025-04-29,Email,newsletter,email,Lifecycle,desktop,P007,7,5,5,1,0,0
2025-04-29,Email,newsletter,email,Lifecycle,desktop,P008,10,7,6,1,1,1
2025-04-29,Email,newsletter,email,Lifecycle,desktop,P009,6,5,4,1,0,0
2025-04-29,Email,newsletter,email,Lifecycle,desktop,P010,9,7,6,1,1,1
2025-04-29,Email,newsletter,email,Lifecycle,desktop,P011,6,4,4,1,0,0
2025-04-29,Email,newsletter,email,Lifecycle,desktop,P012,9,6,6,1,1,1
2025-04-29,Organic Search,google,organic,Always-on SEO,tablet,P001,4,3,3,1,0,0
2025-04-29,Organic Search,google,organic,Always-on SEO,tablet,P002,7,5,5,1,1,0
2025-04-29,Organic Search,google,organic,Always-on SEO,tablet,P003,9,7,7,2,1,1
2025-04-29,Organic Search,google,organic,Always-on SEO,tablet,P004,6,5,5,1,1,0
2025-04-29,Organic Search,google,organic,Always-on SEO,tablet,P005,9,7,7,2,1,1
2025-04-29,Organic Search,google,organic,Always-on SEO,tablet,P006,6,4,4,1,1,0
2025-04-29,Organic Search,google,organic,Always-on SEO,tablet,P007,8,6,7,1,1,1
2025-04-29,Organic Search,google,organic,Always-on SEO,tablet,P008,5,4,4,1,0,0
2025-04-29,Organic Search,google,organic,Always-on SEO,tablet,P009,8,6,6,1,1,1
2025-04-29,Organic Search,google,organic,Always-on SEO,tablet,P010,4,3,3,1,0,0
2025-04-29,Organic Search,google,organic,Always-on SEO,tablet,P011,7,5,6,1,1,1
2025-04-29,Organic Search,google,organic,Always-on SEO,tablet,P012,4,3,3,1,0,0
2025-04-29,Direct,direct,none,Unassigned,mobile,P001,6,5,4,1,0,0
2025-04-29,Direct,direct,none,Unassigned,mobile,P002,9,7,6,1,1,1
2025-04-29,Direct,direct,none,Unassigned,mobile,P003,5,4,3,1,0,0
2025-04-29,Direct,direct,none,Unassigned,mobile,P004,8,7,5,1,1,1
2025-04-29,Direct,direct,none,Unassigned,mobile,P005,5,4,3,0,0,0
2025-04-29,Direct,direct,none,Unassigned,mobile,P006,8,6,5,1,1,1
2025-04-29,Direct,direct,none,Unassigned,mobile,P007,4,4,3,0,0,0
2025-04-29,Direct,direct,none,Unassigned,mobile,P008,7,6,5,1,1,0
2025-04-29,Direct,direct,none,Unassigned,mobile,P009,10,8,7,1,1,1
2025-04-29,Direct,direct,none,Unassigned,mobile,P010,7,5,4,1,0,0
2025-04-29,Direct,direct,none,Unassigned,mobile,P011,10,8,6,1,1,1
2025-04-29,Direct,direct,none,Unassigned,mobile,P012,6,5,4,1,0,0
2025-04-30,Affiliates,partners,affiliate,Partner Network,tablet,P001,18,15,14,3,2,1
2025-04-30,Affiliates,partners,affiliate,Partner Network,tablet,P002,11,9,9,2,1,1
2025-04-30,Affiliates,partners,affiliate,Partner Network,tablet,P003,16,14,13,3,2,1
2025-04-30,Affiliates,partners,affiliate,Partner Network,tablet,P004,10,9,8,2,1,1
2025-04-30,Affiliates,partners,affiliate,Partner Network,tablet,P005,15,13,12,3,2,1
2025-04-30,Affiliates,partners,affiliate,Partner Network,tablet,P006,9,8,7,2,1,1
2025-04-30,Affiliates,partners,affiliate,Partner Network,tablet,P007,14,12,12,3,2,1
2025-04-30,Affiliates,partners,affiliate,Partner Network,tablet,P008,8,7,6,1,1,0
2025-04-30,Affiliates,partners,affiliate,Partner Network,tablet,P009,13,11,11,3,2,1
2025-04-30,Affiliates,partners,affiliate,Partner Network,tablet,P010,19,16,15,4,2,1
2025-04-30,Affiliates,partners,affiliate,Partner Network,tablet,P011,12,10,10,2,1,1
2025-04-30,Affiliates,partners,affiliate,Partner Network,tablet,P012,18,15,14,3,2,1
2025-04-30,Paid Search,google,cpc,KSA Growth,mobile,P001,6,5,4,1,1,0
2025-04-30,Paid Search,google,cpc,KSA Growth,mobile,P002,9,7,7,2,1,1
2025-04-30,Paid Search,google,cpc,KSA Growth,mobile,P003,5,4,4,1,0,0
2025-04-30,Paid Search,google,cpc,KSA Growth,mobile,P004,9,7,7,2,1,1
2025-04-30,Paid Search,google,cpc,KSA Growth,mobile,P005,12,10,9,3,1,1
2025-04-30,Paid Search,google,cpc,KSA Growth,mobile,P006,8,6,6,2,1,1
2025-04-30,Paid Search,google,cpc,KSA Growth,mobile,P007,11,9,9,2,1,1
2025-04-30,Paid Search,google,cpc,KSA Growth,mobile,P008,7,6,5,2,1,0
2025-04-30,Paid Search,google,cpc,KSA Growth,mobile,P009,11,9,8,2,1,1
2025-04-30,Paid Search,google,cpc,KSA Growth,mobile,P010,6,5,5,1,1,0
2025-04-30,Paid Search,google,cpc,KSA Growth,mobile,P011,10,8,8,2,1,1
2025-04-30,Paid Search,google,cpc,KSA Growth,mobile,P012,6,4,4,1,1,0
2025-04-30,Paid Social,instagram,paid_social,Creator Offers,desktop,P001,7,6,5,1,1,0
2025-04-30,Paid Social,instagram,paid_social,Creator Offers,desktop,P002,10,9,7,2,1,1
2025-04-30,Paid Social,instagram,paid_social,Creator Offers,desktop,P003,7,6,4,1,0,0
2025-04-30,Paid Social,instagram,paid_social,Creator Offers,desktop,P004,10,8,6,2,1,1
2025-04-30,Paid Social,instagram,paid_social,Creator Offers,desktop,P005,6,5,4,1,0,0
2025-04-30,Paid Social,instagram,paid_social,Creator Offers,desktop,P006,9,8,6,2,1,1
2025-04-30,Paid Social,instagram,paid_social,Creator Offers,desktop,P007,5,4,3,1,0,0
2025-04-30,Paid Social,instagram,paid_social,Creator Offers,desktop,P008,9,7,5,1,1,0
2025-04-30,Paid Social,instagram,paid_social,Creator Offers,desktop,P009,5,4,3,1,0,0
2025-04-30,Paid Social,instagram,paid_social,Creator Offers,desktop,P010,8,7,5,1,1,0
2025-04-30,Paid Social,instagram,paid_social,Creator Offers,desktop,P011,11,9,7,2,1,1
2025-04-30,Paid Social,instagram,paid_social,Creator Offers,desktop,P012,7,6,5,1,0,0
2025-05-01,Organic Search,google,organic,Always-on SEO,mobile,P001,16,13,13,3,2,1
2025-05-01,Organic Search,google,organic,Always-on SEO,mobile,P002,11,8,9,2,1,1
2025-05-01,Organic Search,google,organic,Always-on SEO,mobile,P003,16,12,12,3,2,1
2025-05-01,Organic Search,google,organic,Always-on SEO,mobile,P004,10,8,8,2,1,1
2025-05-01,Organic Search,google,organic,Always-on SEO,mobile,P005,15,11,12,2,2,1
2025-05-01,Organic Search,google,organic,Always-on SEO,mobile,P006,9,7,7,1,1,1
2025-05-01,Organic Search,google,organic,Always-on SEO,mobile,P007,14,11,11,2,2,1
2025-05-01,Organic Search,google,organic,Always-on SEO,mobile,P008,8,6,6,1,1,1
2025-05-01,Organic Search,google,organic,Always-on SEO,mobile,P009,13,10,10,2,1,1
2025-05-01,Organic Search,google,organic,Always-on SEO,mobile,P010,7,5,5,1,1,0
2025-05-01,Organic Search,google,organic,Always-on SEO,mobile,P011,12,9,9,2,1,1
2025-05-01,Organic Search,google,organic,Always-on SEO,mobile,P012,16,13,13,3,2,1
2025-05-01,Direct,direct,none,Unassigned,desktop,P001,9,8,6,1,0,0
2025-05-01,Direct,direct,none,Unassigned,desktop,P002,13,12,9,1,1,1
2025-05-01,Direct,direct,none,Unassigned,desktop,P003,8,7,5,1,0,0
2025-05-01,Direct,direct,none,Unassigned,desktop,P004,12,11,8,1,1,1
2025-05-01,Direct,direct,none,Unassigned,desktop,P005,7,6,4,1,0,0
2025-05-01,Direct,direct,none,Unassigned,desktop,P006,11,10,7,1,1,1
2025-05-01,Direct,direct,none,Unassigned,desktop,P007,16,14,10,2,1,1
2025-05-01,Direct,direct,none,Unassigned,desktop,P008,10,9,7,1,1,0
2025-05-01,Direct,direct,none,Unassigned,desktop,P009,15,13,10,2,1,1
2025-05-01,Direct,direct,none,Unassigned,desktop,P010,10,8,6,1,1,0
2025-05-01,Direct,direct,none,Unassigned,desktop,P011,14,12,9,2,1,1
2025-05-01,Direct,direct,none,Unassigned,desktop,P012,9,7,5,1,0,0
2025-05-01,Email,newsletter,email,Lifecycle,tablet,P001,10,7,8,2,1,1
2025-05-01,Email,newsletter,email,Lifecycle,tablet,P002,13,10,11,3,2,1
2025-05-01,Email,newsletter,email,Lifecycle,tablet,P003,9,7,7,2,1,1
2025-05-01,Email,newsletter,email,Lifecycle,tablet,P004,13,10,10,3,2,1
2025-05-01,Email,newsletter,email,Lifecycle,tablet,P005,8,6,7,2,1,1
2025-05-01,Email,newsletter,email,Lifecycle,tablet,P006,12,9,10,3,2,1
2025-05-01,Email,newsletter,email,Lifecycle,tablet,P007,7,5,6,1,1,1
2025-05-01,Email,newsletter,email,Lifecycle,tablet,P008,11,9,9,2,2,1
2025-05-01,Email,newsletter,email,Lifecycle,tablet,P009,6,5,5,1,1,0
2025-05-01,Email,newsletter,email,Lifecycle,tablet,P010,10,8,8,2,1,1
2025-05-01,Email,newsletter,email,Lifecycle,tablet,P011,6,4,5,1,1,0
2025-05-01,Email,newsletter,email,Lifecycle,tablet,P012,10,7,8,2,1,1
2025-05-02,Paid Search,google,cpc,KSA Growth,desktop,P001,6,5,4,1,1,0
2025-05-02,Paid Search,google,cpc,KSA Growth,desktop,P002,11,9,7,2,1,1
2025-05-02,Paid Search,google,cpc,KSA Growth,desktop,P003,15,12,9,2,1,1
2025-05-02,Paid Search,google,cpc,KSA Growth,desktop,P004,10,8,6,2,1,1
2025-05-02,Paid Search,google,cpc,KSA Growth,desktop,P005,14,12,9,2,1,1
2025-05-02,Paid Search,google,cpc,KSA Growth,desktop,P006,9,7,6,1,1,1
2025-05-02,Paid Search,google,cpc,KSA Growth,desktop,P007,13,11,8,2,1,1
2025-05-02,Paid Search,google,cpc,KSA Growth,desktop,P008,8,7,5,1,1,0
2025-05-02,Paid Search,google,cpc,KSA Growth,desktop,P009,12,10,8,2,1,1
2025-05-02,Paid Search,google,cpc,KSA Growth,desktop,P010,7,6,4,1,1,0
2025-05-02,Paid Search,google,cpc,KSA Growth,desktop,P011,12,9,7,2,1,1
2025-05-02,Paid Search,google,cpc,KSA Growth,desktop,P012,6,5,4,1,0,0
2025-05-02,Paid Social,instagram,paid_social,Creator Offers,tablet,P001,6,5,4,1,0,0
2025-05-02,Paid Social,instagram,paid_social,Creator Offers,tablet,P002,8,7,6,1,1,1
2025-05-02,Paid Social,instagram,paid_social,Creator Offers,tablet,P003,5,4,4,1,0,0
2025-05-02,Paid Social,instagram,paid_social,Creator Offers,tablet,P004,8,6,6,1,1,1
2025-05-02,Paid Social,instagram,paid_social,Creator Offers,tablet,P005,4,4,3,1,0,0
2025-05-02,Paid Social,instagram,paid_social,Creator Offers,tablet,P006,7,6,5,1,1,1
2025-05-02,Paid Social,instagram,paid_social,Creator Offers,tablet,P007,4,3,3,1,0,0
2025-05-02,Paid Social,instagram,paid_social,Creator Offers,tablet,P008,7,5,5,1,1,0
2025-05-02,Paid Social,instagram,paid_social,Creator Offers,tablet,P009,9,8,7,2,1,1
2025-05-02,Paid Social,instagram,paid_social,Creator Offers,tablet,P010,6,5,4,1,1,0
2025-05-02,Paid Social,instagram,paid_social,Creator Offers,tablet,P011,9,7,6,1,1,1
2025-05-02,Paid Social,instagram,paid_social,Creator Offers,tablet,P012,5,4,4,1,0,0
2025-05-02,Affiliates,partners,affiliate,Partner Network,mobile,P001,8,6,6,2,1,1
2025-05-02,Affiliates,partners,affiliate,Partner Network,mobile,P002,4,3,4,1,0,0
2025-05-02,Affiliates,partners,affiliate,Partner Network,mobile,P003,7,5,6,1,1,1
2025-05-02,Affiliates,partners,affiliate,Partner Network,mobile,P004,11,8,8,2,1,1
2025-05-02,Affiliates,partners,affiliate,Partner Network,mobile,P005,7,5,6,1,1,1
2025-05-02,Affiliates,partners,affiliate,Partner Network,mobile,P006,10,7,8,2,1,1
2025-05-02,Affiliates,partners,affiliate,Partner Network,mobile,P007,6,4,5,1,1,0
2025-05-02,Affiliates,partners,affiliate,Partner Network,mobile,P008,9,7,7,2,1,1
2025-05-02,Affiliates,partners,affiliate,Partner Network,mobile,P009,6,4,5,1,1,0
2025-05-02,Affiliates,partners,affiliate,Partner Network,mobile,P010,9,6,7,2,1,1
2025-05-02,Affiliates,partners,affiliate,Partner Network,mobile,P011,5,4,4,1,1,0
2025-05-02,Affiliates,partners,affiliate,Partner Network,mobile,P012,8,6,6,1,1,1
2025-05-03,Direct,direct,none,Unassigned,tablet,P001,8,7,6,1,1,1
2025-05-03,Direct,direct,none,Unassigned,tablet,P002,12,11,10,2,2,1
2025-05-03,Direct,direct,none,Unassigned,tablet,P003,7,6,5,1,1,0
2025-05-03,Direct,direct,none,Unassigned,tablet,P004,11,10,9,2,1,1
2025-05-03,Direct,direct,none,Unassigned,tablet,P005,16,14,13,3,2,1
2025-05-03,Direct,direct,none,Unassigned,tablet,P006,10,9,8,2,1,1
2025-05-03,Direct,direct,none,Unassigned,tablet,P007,15,13,12,3,2,1
2025-05-03,Direct,direct,none,Unassigned,tablet,P008,9,8,8,2,1,1
2025-05-03,Direct,direct,none,Unassigned,tablet,P009,14,13,11,3,2,1
2025-05-03,Direct,direct,none,Unassigned,tablet,P010,8,7,7,2,1,1
2025-05-03,Direct,direct,none,Unassigned,tablet,P011,13,12,10,2,2,1
2025-05-03,Direct,direct,none,Unassigned,tablet,P012,8,7,6,1,1,0
2025-05-03,Email,newsletter,email,Lifecycle,mobile,P001,10,8,7,2,1,1
2025-05-03,Email,newsletter,email,Lifecycle,mobile,P002,14,12,10,3,1,1
2025-05-03,Email,newsletter,email,Lifecycle,mobile,P003,9,8,6,2,1,0
2025-05-03,Email,newsletter,email,Lifecycle,mobile,P004,13,11,9,3,1,1
2025-05-03,Email,newsletter,email,Lifecycle,mobile,P005,8,7,6,1,1,0
2025-05-03,Email,newsletter,email,Lifecycle,mobile,P006,13,11,9,2,1,1
2025-05-03,Email,newsletter,email,Lifecycle,mobile,P007,7,6,5,1,1,0
2025-05-03,Email,newsletter,email,Lifecycle,mobile,P008,12,10,8,2,1,1
2025-05-03,Email,newsletter,email,Lifecycle,mobile,P009,6,5,4,1,1,0
2025-05-03,Email,newsletter,email,Lifecycle,mobile,P010,11,9,7,2,1,1
2025-05-03,Email,newsletter,email,Lifecycle,mobile,P011,15,13,10,3,2,1
2025-05-03,Email,newsletter,email,Lifecycle,mobile,P012,10,8,7,2,1,1
2025-05-03,Organic Search,google,organic,Always-on SEO,desktop,P001,14,11,10,2,1,1
2025-05-03,Organic Search,google,organic,Always-on SEO,desktop,P002,8,6,6,1,1,0
2025-05-03,Organic Search,google,organic,Always-on SEO,desktop,P003,13,10,9,2,1,1
2025-05-03,Organic Search,google,organic,Always-on SEO,desktop,P004,7,6,5,1,1,0
2025-05-03,Organic Search,google,organic,Always-on SEO,desktop,P005,12,10,8,2,1,1
2025-05-03,Organic Search,google,organic,Always-on SEO,desktop,P006,16,13,12,3,2,1
2025-05-03,Organic Search,google,organic,Always-on SEO,desktop,P007,11,9,8,2,1,1
2025-05-03,Organic Search,google,organic,Always-on SEO,desktop,P008,15,13,11,2,2,1
2025-05-03,Organic Search,google,organic,Always-on SEO,desktop,P009,10,8,7,2,1,1
2025-05-03,Organic Search,google,organic,Always-on SEO,desktop,P010,14,12,11,2,2,1
2025-05-03,Organic Search,google,organic,Always-on SEO,desktop,P011,9,7,6,1,1,0
2025-05-03,Organic Search,google,organic,Always-on SEO,desktop,P012,14,11,10,2,1,1
2025-05-04,Paid Social,instagram,paid_social,Creator Offers,mobile,P001,5,5,4,1,0,0
2025-05-04,Paid Social,instagram,paid_social,Creator Offers,mobile,P002,8,7,5,1,1,0
2025-05-04,Paid Social,instagram,paid_social,Creator Offers,mobile,P003,5,4,3,0,0,0
2025-05-04,Paid Social,instagram,paid_social,Creator Offers,mobile,P004,8,7,5,1,0,0
2025-05-04,Paid Social,instagram,paid_social,Creator Offers,mobile,P005,4,4,3,0,0,0
2025-05-04,Paid Social,instagram,paid_social,Creator Offers,mobile,P006,7,6,5,1,0,0
2025-05-04,Paid Social,instagram,paid_social,Creator Offers,mobile,P007,10,9,7,1,1,1
2025-05-04,Paid Social,instagram,paid_social,Creator Offers,mobile,P008,7,6,4,1,0,0
2025-05-04,Paid Social,instagram,paid_social,Creator Offers,mobile,P009,10,9,6,1,1,1
2025-05-04,Paid Social,instagram,paid_social,Creator Offers,mobile,P010,6,5,4,1,0,0
2025-05-04,Paid Social,instagram,paid_social,Creator Offers,mobile,P011,9,8,6,1,1,1
2025-05-04,Paid Social,instagram,paid_social,Creator Offers,mobile,P012,5,5,4,0,0,0
2025-05-04,Affiliates,partners,affiliate,Partner Network,desktop,P001,13,12,9,2,1,1
2025-05-04,Affiliates,partners,affiliate,Partner Network,desktop,P002,19,18,13,3,2,1
2025-05-04,Affiliates,partners,affiliate,Partner Network,desktop,P003,12,11,8,2,1,1
2025-05-04,Affiliates,partners,affiliate,Partner Network,desktop,P004,18,16,12,3,2,1
2025-05-04,Affiliates,partners,affiliate,Partner Network,desktop,P005,11,10,7,2,1,1
2025-05-04,Affiliates,partners,affiliate,Partner Network,desktop,P006,17,15,11,3,2,1
2025-05-04,Affiliates,partners,affiliate,Partner Network,desktop,P007,10,9,7,2,1,1
2025-05-04,Affiliates,partners,affiliate,Partner Network,desktop,P008,16,14,10,2,2,1
2025-05-04,Affiliates,partners,affiliate,Partner Network,desktop,P009,9,8,6,1,1,1
2025-05-04,Affiliates,partners,affiliate,Partner Network,desktop,P010,14,13,10,2,1,1
2025-05-04,Affiliates,partners,affiliate,Partner Network,desktop,P011,8,7,5,1,1,1
2025-05-04,Affiliates,partners,affiliate,Partner Network,desktop,P012,13,12,9,2,1,1
2025-05-04,Paid Search,google,cpc,KSA Growth,tablet,P001,12,11,9,2,2,1
2025-05-04,Paid Search,google,cpc,KSA Growth,tablet,P002,7,6,6,2,1,1
2025-05-04,Paid Search,google,cpc,KSA Growth,tablet,P003,12,10,9,2,1,1
2025-05-04,Paid Search,google,cpc,KSA Growth,tablet,P004,7,6,5,1,1,1
2025-05-04,Paid Search,google,cpc,KSA Growth,tablet,P005,11,9,8,2,1,1
2025-05-04,Paid Search,google,cpc,KSA Growth,tablet,P006,6,5,4,1,1,1
2025-05-04,Paid Search,google,cpc,KSA Growth,tablet,P007,10,9,8,2,1,1
2025-05-04,Paid Search,google,cpc,KSA Growth,tablet,P008,14,12,11,3,2,1
2025-05-04,Paid Search,google,cpc,KSA Growth,tablet,P009,9,8,7,2,1,1
2025-05-04,Paid Search,google,cpc,KSA Growth,tablet,P010,13,12,10,3,2,1
2025-05-04,Paid Search,google,cpc,KSA Growth,tablet,P011,8,7,6,2,1,1
2025-05-04,Paid Search,google,cpc,KSA Growth,tablet,P012,12,11,9,2,2,1
2025-05-05,Email,newsletter,email,Lifecycle,desktop,P001,6,5,4,1,0,0
2025-05-05,Email,newsletter,email,Lifecycle,desktop,P002,8,7,6,1,1,1
2025-05-05,Email,newsletter,email,Lifecycle,desktop,P003,5,5,3,1,0,0
2025-05-05,Email,newsletter,email,Lifecycle,desktop,P004,8,7,5,1,1,1
2025-05-05,Email,newsletter,email,Lifecycle,desktop,P005,4,4,3,1,0,0
2025-05-05,Email,newsletter,email,Lifecycle,desktop,P006,7,6,5,1,1,0
2025-05-05,Email,newsletter,email,Lifecycle,desktop,P007,4,4,3,0,0,0
2025-05-05,Email,newsletter,email,Lifecycle,desktop,P008,7,6,5,1,1,0
2025-05-05,Email,newsletter,email,Lifecycle,desktop,P009,9,8,6,1,1,1
2025-05-05,Email,newsletter,email,Lifecycle,desktop,P010,6,5,4,1,0,0
2025-05-05,Email,newsletter,email,Lifecycle,desktop,P011,9,8,6,1,1,1
2025-05-05,Email,newsletter,email,Lifecycle,desktop,P012,6,5,4,1,0,0
2025-05-05,Organic Search,google,organic,Always-on SEO,tablet,P001,7,6,5,1,1,0
2025-05-05,Organic Search,google,organic,Always-on SEO,tablet,P002,4,3,3,1,0,0
2025-05-05,Organic Search,google,organic,Always-on SEO,tablet,P003,7,5,5,1,0,0
2025-05-05,Organic Search,google,organic,Always-on SEO,tablet,P004,10,7,7,2,1,1
2025-05-05,Organic Search,google,organic,Always-on SEO,tablet,P005,6,5,4,1,0,0
2025-05-05,Organic Search,google,organic,Always-on SEO,tablet,P006,9,7,6,1,1,1
2025-05-05,Organic Search,google,organic,Always-on SEO,tablet,P007,6,4,4,1,0,0
2025-05-05,Organic Search,google,organic,Always-on SEO,tablet,P008,9,7,6,1,1,1
2025-05-05,Organic Search,google,organic,Always-on SEO,tablet,P009,5,4,4,1,0,0
2025-05-05,Organic Search,google,organic,Always-on SEO,tablet,P010,8,6,6,1,1,1
2025-05-05,Organic Search,google,organic,Always-on SEO,tablet,P011,5,3,3,1,0,0
2025-05-05,Organic Search,google,organic,Always-on SEO,tablet,P012,7,6,5,1,1,0
2025-05-05,Direct,direct,none,Unassigned,mobile,P001,14,12,9,3,1,1
2025-05-05,Direct,direct,none,Unassigned,mobile,P002,9,8,6,2,1,0
2025-05-05,Direct,direct,none,Unassigned,mobile,P003,13,12,8,2,1,1
2025-05-05,Direct,direct,none,Unassigned,mobile,P004,8,7,5,1,1,0
2025-05-05,Direct,direct,none,Unassigned,mobile,P005,12,11,8,2,1,1
2025-05-05,Direct,direct,none,Unassigned,mobile,P006,7,6,5,1,1,0
2025-05-05,Direct,direct,none,Unassigned,mobile,P007,11,10,7,2,1,1
2025-05-05,Direct,direct,none,Unassigned,mobile,P008,6,6,4,1,1,0
2025-05-05,Direct,direct,none,Unassigned,mobile,P009,10,9,7,2,1,1
2025-05-05,Direct,direct,none,Unassigned,mobile,P010,15,13,10,3,2,1
2025-05-05,Direct,direct,none,Unassigned,mobile,P011,10,9,6,2,1,1
2025-05-05,Direct,direct,none,Unassigned,mobile,P012,14,12,9,3,1,1
2025-05-06,Affiliates,partners,affiliate,Partner Network,tablet,P001,6,5,5,2,1,0
2025-05-06,Affiliates,partners,affiliate,Partner Network,tablet,P002,9,7,7,2,1,1
2025-05-06,Affiliates,partners,affiliate,Partner Network,tablet,P003,6,5,5,1,1,0
2025-05-06,Affiliates,partners,affiliate,Partner Network,tablet,P004,9,7,7,2,1,1
2025-05-06,Affiliates,partners,affiliate,Partner Network,tablet,P005,5,4,4,1,1,0
2025-05-06,Affiliates,partners,affiliate,Partner Network,tablet,P006,8,7,6,2,1,1
2025-05-06,Affiliates,partners,affiliate,Partner Network,tablet,P007,5,4,4,1,0,0
2025-05-06,Affiliates,partners,affiliate,Partner Network,tablet,P008,8,6,6,2,1,1
2025-05-06,Affiliates,partners,affiliate,Partner Network,tablet,P009,4,3,3,1,0,0
2025-05-06,Affiliates,partners,affiliate,Partner Network,tablet,P010,7,6,6,2,1,1
2025-05-06,Affiliates,partners,affiliate,Partner Network,tablet,P011,10,8,8,2,1,1
2025-05-06,Affiliates,partners,affiliate,Partner Network,tablet,P012,6,5,5,1,1,0
2025-05-06,Paid Search,google,cpc,KSA Growth,mobile,P001,15,12,11,2,1,1
2025-05-06,Paid Search,google,cpc,KSA Growth,mobile,P002,8,7,6,1,1,0
2025-05-06,Paid Search,google,cpc,KSA Growth,mobile,P003,14,11,10,2,1,1
2025-05-06,Paid Search,google,cpc,KSA Growth,mobile,P004,7,6,5,1,1,0
2025-05-06,Paid Search,google,cpc,KSA Growth,mobile,P005,13,11,9,2,1,1
2025-05-06,Paid Search,google,cpc,KSA Growth,mobile,P006,18,15,13,3,2,1
2025-05-06,Paid Search,google,cpc,KSA Growth,mobile,P007,11,10,8,2,1,1
2025-05-06,Paid Search,google,cpc,KSA Growth,mobile,P008,17,14,12,3,1,1
2025-05-06,Paid Search,google,cpc,KSA Growth,mobile,P009,10,9,7,2,1,0
2025-05-06,Paid Search,google,cpc,KSA Growth,mobile,P010,16,13,11,2,1,1
2025-05-06,Paid Search,google,cpc,KSA Growth,mobile,P011,9,8,7,2,1,0
2025-05-06,Paid Search,google,cpc,KSA Growth,mobile,P012,15,12,11,2,1,1
2025-05-06,Paid Social,instagram,paid_social,Creator Offers,desktop,P001,9,8,7,2,1,1
2025-05-06,Paid Social,instagram,paid_social,Creator Offers,desktop,P002,6,5,5,1,0,0
2025-05-06,Paid Social,instagram,paid_social,Creator Offers,desktop,P003,9,7,7,1,1,1
2025-05-06,Paid Social,instagram,paid_social,Creator Offers,desktop,P004,5,5,4,1,0,0
2025-05-06,Paid Social,instagram,paid_social,Creator Offers,desktop,P005,8,7,7,1,1,1
2025-05-06,Paid Social,instagram,paid_social,Creator Offers,desktop,P006,5,4,4,1,0,0
2025-05-06,Paid Social,instagram,paid_social,Creator Offers,desktop,P007,8,6,6,1,1,1
2025-05-06,Paid Social,instagram,paid_social,Creator Offers,desktop,P008,4,4,3,1,0,0
2025-05-06,Paid Social,instagram,paid_social,Creator Offers,desktop,P009,7,6,6,1,1,0
2025-05-06,Paid Social,instagram,paid_social,Creator Offers,desktop,P010,4,3,3,1,0,0
2025-05-06,Paid Social,instagram,paid_social,Creator Offers,desktop,P011,7,5,5,1,1,0
2025-05-06,Paid Social,instagram,paid_social,Creator Offers,desktop,P012,9,8,7,1,1,1
2025-05-07,Organic Search,google,organic,Always-on SEO,mobile,P001,10,7,7,2,1,1
2025-05-07,Organic Search,google,organic,Always-on SEO,mobile,P002,13,10,9,2,1,1
2025-05-07,Organic Search,google,organic,Always-on SEO,mobile,P003,9,6,6,1,1,0
2025-05-07,Organic Search,google,organic,Always-on SEO,mobile,P004,13,9,9,2,1,1
2025-05-07,Organic Search,google,organic,Always-on SEO,mobile,P005,8,6,6,1,1,0
2025-05-07,Organic Search,google,organic,Always-on SEO,mobile,P006,12,9,8,2,1,1
2025-05-07,Organic Search,google,organic,Always-on SEO,mobile,P007,7,5,5,1,1,0
2025-05-07,Organic Search,google,organic,Always-on SEO,mobile,P008,11,8,8,2,1,1
2025-05-07,Organic Search,google,organic,Always-on SEO,mobile,P009,6,5,4,1,0,0
2025-05-07,Organic Search,google,organic,Always-on SEO,mobile,P010,10,8,7,2,1,1
2025-05-07,Organic Search,google,organic,Always-on SEO,mobile,P011,6,4,4,1,0,0
2025-05-07,Organic Search,google,organic,Always-on SEO,mobile,P012,10,7,7,2,1,1
2025-05-07,Direct,direct,none,Unassigned,desktop,P001,8,7,6,2,1,1
2025-05-07,Direct,direct,none,Unassigned,desktop,P002,5,5,4,1,0,0
2025-05-07,Direct,direct,none,Unassigned,desktop,P003,8,7,5,1,1,1
2025-05-07,Direct,direct,none,Unassigned,desktop,P004,4,4,3,1,0,0
2025-05-07,Direct,direct,none,Unassigned,desktop,P005,7,6,5,1,1,0
2025-05-07,Direct,direct,none,Unassigned,desktop,P006,4,4,3,1,0,0
2025-05-07,Direct,direct,none,Unassigned,desktop,P007,7,6,5,1,1,0
2025-05-07,Direct,direct,none,Unassigned,desktop,P008,10,8,7,2,1,1
2025-05-07,Direct,direct,none,Unassigned,desktop,P009,6,6,4,1,1,0
2025-05-07,Direct,direct,none,Unassigned,desktop,P010,9,8,6,2,1,1
2025-05-07,Direct,direct,none,Unassigned,desktop,P011,6,5,4,1,0,0
2025-05-07,Direct,direct,none,Unassigned,desktop,P012,8,7,6,2,1,1
2025-05-07,Email,newsletter,email,Lifecycle,tablet,P001,5,4,4,1,0,0
2025-05-07,Email,newsletter,email,Lifecycle,tablet,P002,9,7,7,1,1,1
2025-05-07,Email,newsletter,email,Lifecycle,tablet,P003,12,11,10,2,1,1
2025-05-07,Email,newsletter,email,Lifecycle,tablet,P004,8,7,6,1,1,1
2025-05-07,Email,newsletter,email,Lifecycle,tablet,P005,12,10,9,2,1,1
2025-05-07,Email,newsletter,email,Lifecycle,tablet,P006,7,6,6,1,1,0
2025-05-07,Email,newsletter,email,Lifecycle,tablet,P007,11,9,9,2,1,1
2025-05-07,Email,newsletter,email,Lifecycle,tablet,P008,7,6,5,1,1,0
2025-05-07,Email,newsletter,email,Lifecycle,tablet,P009,10,9,8,1,1,1
2025-05-07,Email,newsletter,email,Lifecycle,tablet,P010,6,5,5,1,1,0
2025-05-07,Email,newsletter,email,Lifecycle,tablet,P011,10,8,7,1,1,1
2025-05-07,Email,newsletter,email,Lifecycle,tablet,P012,5,4,4,1,0,0
2025-05-08,Paid Search,google,cpc,KSA Growth,desktop,P001,8,6,5,1,1,0
2025-05-08,Paid Search,google,cpc,KSA Growth,desktop,P002,4,3,3,1,0,0
2025-05-08,Paid Search,google,cpc,KSA Growth,desktop,P003,7,5,5,1,0,0
2025-05-08,Paid Search,google,cpc,KSA Growth,desktop,P004,10,7,7,1,1,1
2025-05-08,Paid Search,google,cpc,KSA Growth,desktop,P005,7,5,5,1,0,0
2025-05-08,Paid Search,google,cpc,KSA Growth,desktop,P006,10,7,7,1,1,1
2025-05-08,Paid Search,google,cpc,KSA Growth,desktop,P007,6,4,4,1,0,0
2025-05-08,Paid Search,google,cpc,KSA Growth,desktop,P008,9,6,6,1,1,1
2025-05-08,Paid Search,google,cpc,KSA Growth,desktop,P009,5,4,4,1,0,0
2025-05-08,Paid Search,google,cpc,KSA Growth,desktop,P010,8,6,6,1,1,1
2025-05-08,Paid Search,google,cpc,KSA Growth,desktop,P011,5,3,3,1,0,0
2025-05-08,Paid Search,google,cpc,KSA Growth,desktop,P012,8,6,5,1,0,0
2025-05-08,Paid Social,instagram,paid_social,Creator Offers,tablet,P001,11,9,8,2,1,1
2025-05-08,Paid Social,instagram,paid_social,Creator Offers,tablet,P002,7,6,5,1,1,0
2025-05-08,Paid Social,instagram,paid_social,Creator Offers,tablet,P003,10,8,7,1,1,1
2025-05-08,Paid Social,instagram,paid_social,Creator Offers,tablet,P004,6,5,4,1,0,0
2025-05-08,Paid Social,instagram,paid_social,Creator Offers,tablet,P005,10,8,7,1,1,1
2025-05-08,Paid Social,instagram,paid_social,Creator Offers,tablet,P006,5,5,4,1,0,0
2025-05-08,Paid Social,instagram,paid_social,Creator Offers,tablet,P007,9,7,6,1,1,1
2025-05-08,Paid Social,instagram,paid_social,Creator Offers,tablet,P008,5,4,3,1,0,0
2025-05-08,Paid Social,instagram,paid_social,Creator Offers,tablet,P009,8,7,6,1,1,0
2025-05-08,Paid Social,instagram,paid_social,Creator Offers,tablet,P010,12,10,8,2,1,1
2025-05-08,Paid Social,instagram,paid_social,Creator Offers,tablet,P011,8,6,5,1,1,0
2025-05-08,Paid Social,instagram,paid_social,Creator Offers,tablet,P012,11,9,8,1,1,1
2025-05-08,Affiliates,partners,affiliate,Partner Network,mobile,P001,6,5,4,1,1,0
2025-05-08,Affiliates,partners,affiliate,Partner Network,mobile,P002,10,8,7,2,1,1
2025-05-08,Affiliates,partners,affiliate,Partner Network,mobile,P003,5,4,3,1,0,0
2025-05-08,Affiliates,partners,affiliate,Partner Network,mobile,P004,9,7,6,1,1,1
2025-05-08,Affiliates,partners,affiliate,Partner Network,mobile,P005,13,11,9,2,1,1
2025-05-08,Affiliates,partners,affiliate,Partner Network,mobile,P006,9,7,6,1,1,1
2025-05-08,Affiliates,partners,affiliate,Partner Network,mobile,P007,12,10,8,2,1,1
2025-05-08,Affiliates,partners,affiliate,Partner Network,mobile,P008,8,6,5,1,1,1
2025-05-08,Affiliates,partners,affiliate,Partner Network,mobile,P009,12,9,8,2,1,1
2025-05-08,Affiliates,partners,affiliate,Partner Network,mobile,P010,7,6,4,1,1,0
2025-05-08,Affiliates,partners,affiliate,Partner Network,mobile,P011,11,9,7,2,1,1
2025-05-08,Affiliates,partners,affiliate,Partner Network,mobile,P012,6,5,4,1,1,0
2025-05-09,Direct,direct,none,Unassigned,tablet,P001,10,8,7,2,1,1
2025-05-09,Direct,direct,none,Unassigned,tablet,P002,6,5,4,1,0,0
2025-05-09,Direct,direct,none,Unassigned,tablet,P003,10,7,6,1,1,1
2025-05-09,Direct,direct,none,Unassigned,tablet,P004,5,4,4,1,0,0
2025-05-09,Direct,direct,none,Unassigned,tablet,P005,9,7,6,1,1,0
2025-05-09,Direct,direct,none,Unassigned,tablet,P006,12,10,8,2,1,1
2025-05-09,Direct,direct,none,Unassigned,tablet,P007,8,6,5,1,1,0
2025-05-09,Direct,direct,none,Unassigned,tablet,P008,12,9,8,2,1,1
2025-05-09,Direct,direct,none,Unassigned,tablet,P009,7,6,5,1,1,0
2025-05-09,Direct,direct,none,Unassigned,tablet,P010,11,8,7,2,1,1
2025-05-09,Direct,direct,none,Unassigned,tablet,P011,7,5,4,1,0,0
2025-05-09,Direct,direct,none,Unassigned,tablet,P012,10,8,7,1,1,1
2025-05-09,Email,newsletter,email,Lifecycle,mobile,P001,12,10,8,2,1,1
2025-05-09,Email,newsletter,email,Lifecycle,mobile,P002,8,6,5,1,1,0
2025-05-09,Email,newsletter,email,Lifecycle,mobile,P003,11,9,7,2,1,1
2025-05-09,Email,newsletter,email,Lifecycle,mobile,P004,7,6,5,1,1,0
2025-05-09,Email,newsletter,email,Lifecycle,mobile,P005,10,9,7,2,1,1
2025-05-09,Email,newsletter,email,Lifecycle,mobile,P006,6,5,4,1,1,0
2025-05-09,Email,newsletter,email,Lifecycle,mobile,P007,10,8,6,2,1,1
2025-05-09,Email,newsletter,email,Lifecycle,mobile,P008,5,5,4,1,0,0
2025-05-09,Email,newsletter,email,Lifecycle,mobile,P009,9,8,6,2,1,1
2025-05-09,Email,newsletter,email,Lifecycle,mobile,P010,5,4,3,1,0,0
2025-05-09,Email,newsletter,email,Lifecycle,mobile,P011,8,7,5,1,1,1
2025-05-09,Email,newsletter,email,Lifecycle,mobile,P012,12,10,8,2,1,1
2025-05-09,Organic Search,google,organic,Always-on SEO,desktop,P001,7,5,6,1,1,0
2025-05-09,Organic Search,google,organic,Always-on SEO,desktop,P002,11,8,9,2,1,1
2025-05-09,Organic Search,google,organic,Always-on SEO,desktop,P003,6,5,5,1,1,0
2025-05-09,Organic Search,google,organic,Always-on SEO,desktop,P004,11,8,8,2,1,1
2025-05-09,Organic Search,google,organic,Always-on SEO,desktop,P005,6,4,4,1,1,0
2025-05-09,Organic Search,google,organic,Always-on SEO,desktop,P006,10,7,7,2,1,1
2025-05-09,Organic Search,google,organic,Always-on SEO,desktop,P007,14,10,11,3,2,1
2025-05-09,Organic Search,google,organic,Always-on SEO,desktop,P008,9,6,7,2,1,1
2025-05-09,Organic Search,google,organic,Always-on SEO,desktop,P009,13,9,10,3,1,1
2025-05-09,Organic Search,google,organic,Always-on SEO,desktop,P010,8,6,6,2,1,1
2025-05-09,Organic Search,google,organic,Always-on SEO,desktop,P011,12,9,9,2,1,1
2025-05-09,Organic Search,google,organic,Always-on SEO,desktop,P012,7,5,6,1,1,0
2025-05-10,Paid Social,instagram,paid_social,Creator Offers,mobile,P001,14,10,11,2,1,1
2025-05-10,Paid Social,instagram,paid_social,Creator Offers,mobile,P002,9,6,6,1,1,0
2025-05-10,Paid Social,instagram,paid_social,Creator Offers,mobile,P003,13,10,10,2,1,1
2025-05-10,Paid Social,instagram,paid_social,Creator Offers,mobile,P004,8,5,6,1,1,0
2025-05-10,Paid Social,instagram,paid_social,Creator Offers,mobile,P005,12,9,9,2,1,1
2025-05-10,Paid Social,instagram,paid_social,Creator Offers,mobile,P006,7,5,5,1,1,0
2025-05-10,Paid Social,instagram,paid_social,Creator Offers,mobile,P007,11,8,8,2,1,1
2025-05-10,Paid Social,instagram,paid_social,Creator Offers,mobile,P008,16,12,12,2,1,1
2025-05-10,Paid Social,instagram,paid_social,Creator Offers,mobile,P009,11,8,8,2,1,1
2025-05-10,Paid Social,instagram,paid_social,Creator Offers,mobile,P010,15,11,11,2,1,1
2025-05-10,Paid Social,instagram,paid_social,Creator Offers,mobile,P011,10,7,7,1,1,1
2025-05-10,Paid Social,instagram,paid_social,Creator Offers,mobile,P012,14,10,11,2,1,1
2025-05-10,Affiliates,partners,affiliate,Partner Network,desktop,P001,5,4,3,1,0,0
2025-05-10,Affiliates,partners,affiliate,Partner Network,desktop,P002,8,7,6,1,1,0
2025-05-10,Affiliates,partners,affiliate,Partner Network,desktop,P003,12,10,8,2,1,1
2025-05-10,Affiliates,partners,affiliate,Partner Network,desktop,P004,8,7,5,1,1,0
2025-05-10,Affiliates,partners,affiliate,Partner Network,desktop,P005,11,9,8,2,1,1
2025-05-10,Affiliates,partners,affiliate,Partner Network,desktop,P006,7,6,5,1,0,0
2025-05-10,Affiliates,partners,affiliate,Partner Network,desktop,P007,10,9,7,2,1,1
2025-05-10,Affiliates,partners,affiliate,Partner Network,desktop,P008,6,5,4,1,0,0
2025-05-10,Affiliates,partners,affiliate,Partner Network,desktop,P009,10,8,7,1,1,1
2025-05-10,Affiliates,partners,affiliate,Partner Network,desktop,P010,6,5,4,1,0,0
2025-05-10,Affiliates,partners,affiliate,Partner Network,desktop,P011,9,8,6,1,1,1
2025-05-10,Affiliates,partners,affiliate,Partner Network,desktop,P012,5,4,3,1,0,0
2025-05-10,Paid Search,google,cpc,KSA Growth,tablet,P001,5,4,4,1,0,0
2025-05-10,Paid Search,google,cpc,KSA Growth,tablet,P002,8,6,6,1,1,1
2025-05-10,Paid Search,google,cpc,KSA Growth,tablet,P003,4,4,3,1,0,0
2025-05-10,Paid Search,google,cpc,KSA Growth,tablet,P004,7,6,5,1,1,1
2025-05-10,Paid Search,google,cpc,KSA Growth,tablet,P005,4,3,3,1,0,0
2025-05-10,Paid Search,google,cpc,KSA Growth,tablet,P006,7,5,5,1,1,0
2025-05-10,Paid Search,google,cpc,KSA Growth,tablet,P007,3,3,3,0,0,0
2025-05-10,Paid Search,google,cpc,KSA Growth,tablet,P008,6,5,5,1,1,0
2025-05-10,Paid Search,google,cpc,KSA Growth,tablet,P009,9,7,6,1,1,1
2025-05-10,Paid Search,google,cpc,KSA Growth,tablet,P010,6,4,4,1,1,0
2025-05-10,Paid Search,google,cpc,KSA Growth,tablet,P011,8,6,6,1,1,1
2025-05-10,Paid Search,google,cpc,KSA Growth,tablet,P012,5,4,4,1,0,0
2025-05-11,Email,newsletter,email,Lifecycle,desktop,P001,10,8,7,1,1,1
2025-05-11,Email,newsletter,email,Lifecycle,desktop,P002,6,5,4,1,0,0
2025-05-11,Email,newsletter,email,Lifecycle,desktop,P003,9,7,7,1,1,1
2025-05-11,Email,newsletter,email,Lifecycle,desktop,P004,5,4,4,1,0,0
2025-05-11,Email,newsletter,email,Lifecycle,desktop,P005,8,7,6,1,1,0
2025-05-11,Email,newsletter,email,Lifecycle,desktop,P006,5,4,4,1,0,0
2025-05-11,Email,newsletter,email,Lifecycle,desktop,P007,8,6,6,1,0,0
2025-05-11,Email,newsletter,email,Lifecycle,desktop,P008,4,3,3,1,0,0
2025-05-11,Email,newsletter,email,Lifecycle,desktop,P009,7,6,5,1,0,0
2025-05-11,Email,newsletter,email,Lifecycle,desktop,P010,10,8,8,1,1,1
2025-05-11,Email,newsletter,email,Lifecycle,desktop,P011,7,5,5,1,0,0
2025-05-11,Email,newsletter,email,Lifecycle,desktop,P012,10,7,7,1,1,1
2025-05-11,Organic Search,google,organic,Always-on SEO,tablet,P001,8,7,6,2,1,1
2025-05-11,Organic Search,google,organic,Always-on SEO,tablet,P002,13,11,11,3,2,1
2025-05-11,Organic Search,google,organic,Always-on SEO,tablet,P003,7,6,6,1,1,1
2025-05-11,Organic Search,google,organic,Always-on SEO,tablet,P004,12,10,10,2,2,1
2025-05-11,Organic Search,google,organic,Always-on SEO,tablet,P005,18,14,14,4,2,2
2025-05-11,Organic Search,google,organic,Always-on SEO,tablet,P006,11,9,9,2,2,1
2025-05-11,Organic Search,google,organic,Always-on SEO,tablet,P007,17,13,13,3,2,2
2025-05-11,Organic Search,google,organic,Always-on SEO,tablet,P008,10,8,8,2,1,1
2025-05-11,Organic Search,google,organic,Always-on SEO,tablet,P009,15,13,12,3,2,1
2025-05-11,Organic Search,google,organic,Always-on SEO,tablet,P010,9,8,7,2,1,1
2025-05-11,Organic Search,google,organic,Always-on SEO,tablet,P011,14,12,11,3,2,1
2025-05-11,Organic Search,google,organic,Always-on SEO,tablet,P012,8,7,6,2,1,1
2025-05-11,Direct,direct,none,Unassigned,mobile,P001,7,6,5,1,1,0
2025-05-11,Direct,direct,none,Unassigned,mobile,P002,11,9,7,2,1,1
2025-05-11,Direct,direct,none,Unassigned,mobile,P003,7,6,4,1,0,0
2025-05-11,Direct,direct,none,Unassigned,mobile,P004,10,8,7,2,1,1
2025-05-11,Direct,direct,none,Unassigned,mobile,P005,6,5,4,1,0,0
2025-05-11,Direct,direct,none,Unassigned,mobile,P006,9,8,6,1,1,1
2025-05-11,Direct,direct,none,Unassigned,mobile,P007,5,4,4,1,0,0
2025-05-11,Direct,direct,none,Unassigned,mobile,P008,9,7,6,1,1,1
2025-05-11,Direct,direct,none,Unassigned,mobile,P009,5,4,3,1,0,0
2025-05-11,Direct,direct,none,Unassigned,mobile,P010,8,7,5,1,1,0
2025-05-11,Direct,direct,none,Unassigned,mobile,P011,11,10,7,2,1,1
2025-05-11,Direct,direct,none,Unassigned,mobile,P012,7,6,5,1,1,0
2025-05-12,Affiliates,partners,affiliate,Partner Network,tablet,P001,18,14,12,3,2,1
2025-05-12,Affiliates,partners,affiliate,Partner Network,tablet,P002,12,9,8,2,1,1
2025-05-12,Affiliates,partners,affiliate,Partner Network,tablet,P003,17,13,11,3,2,1
2025-05-12,Affiliates,partners,affiliate,Partner Network,tablet,P004,10,8,7,2,1,1
2025-05-12,Affiliates,partners,affiliate,Partner Network,tablet,P005,16,12,10,3,2,1
2025-05-12,Affiliates,partners,affiliate,Partner Network,tablet,P006,9,7,6,2,1,1
2025-05-12,Affiliates,partners,affiliate,Partner Network,tablet,P007,15,12,10,3,2,1
2025-05-12,Affiliates,partners,affiliate,Partner Network,tablet,P008,8,7,5,2,1,1
2025-05-12,Affiliates,partners,affiliate,Partner Network,tablet,P009,14,11,9,3,2,1
2025-05-12,Affiliates,partners,affiliate,Partner Network,tablet,P010,7,6,5,1,1,1
2025-05-12,Affiliates,partners,affiliate,Partner Network,tablet,P011,13,10,8,2,2,1
2025-05-12,Affiliates,partners,affiliate,Partner Network,tablet,P012,18,14,12,3,2,1
2025-05-12,Paid Search,google,cpc,KSA Growth,mobile,P001,8,6,6,2,1,1
2025-05-12,Paid Search,google,cpc,KSA Growth,mobile,P002,12,9,9,2,1,1
2025-05-12,Paid Search,google,cpc,KSA Growth,mobile,P003,7,5,5,1,1,0
2025-05-12,Paid Search,google,cpc,KSA Growth,mobile,P004,11,9,9,2,1,1
2025-05-12,Paid Search,google,cpc,KSA Growth,mobile,P005,6,5,5,1,1,0
2025-05-12,Paid Search,google,cpc,KSA Growth,mobile,P006,10,8,8,2,1,1
2025-05-12,Paid Search,google,cpc,KSA Growth,mobile,P007,15,11,12,3,2,1
2025-05-12,Paid Search,google,cpc,KSA Growth,mobile,P008,9,7,7,2,1,1
2025-05-12,Paid Search,google,cpc,KSA Growth,mobile,P009,14,10,11,3,2,1
2025-05-12,Paid Search,google,cpc,KSA Growth,mobile,P010,8,7,7,2,1,1
2025-05-12,Paid Search,google,cpc,KSA Growth,mobile,P011,13,10,10,3,2,1
2025-05-12,Paid Search,google,cpc,KSA Growth,mobile,P012,8,6,6,1,1,0
2025-05-12,Paid Social,instagram,paid_social,Creator Offers,desktop,P001,10,8,7,1,1,1
2025-05-12,Paid Social,instagram,paid_social,Creator Offers,desktop,P002,14,11,9,2,1,1
2025-05-12,Paid Social,instagram,paid_social,Creator Offers,desktop,P003,9,7,6,1,1,0
2025-05-12,Paid Social,instagram,paid_social,Creator Offers,desktop,P004,13,10,9,2,1,1
2025-05-12,Paid Social,instagram,paid_social,Creator Offers,desktop,P005,8,7,6,1,1,0
2025-05-12,Paid Social,instagram,paid_social,Creator Offers,desktop,P006,12,10,8,2,1,1
2025-05-12,Paid Social,instagram,paid_social,Creator Offers,desktop,P007,7,6,5,1,1,0
2025-05-12,Paid Social,instagram,paid_social,Creator Offers,desktop,P008,12,9,8,2,1,1
2025-05-12,Paid Social,instagram,paid_social,Creator Offers,desktop,P009,7,5,4,1,0,0
2025-05-12,Paid Social,instagram,paid_social,Creator Offers,desktop,P010,11,9,7,1,1,1
2025-05-12,Paid Social,instagram,paid_social,Creator Offers,desktop,P011,6,5,4,1,0,0
2025-05-12,Paid Social,instagram,paid_social,Creator Offers,desktop,P012,10,8,7,1,1,0
2025-05-13,Organic Search,google,organic,Always-on SEO,mobile,P001,5,4,4,1,0,0
2025-05-13,Organic Search,google,organic,Always-on SEO,mobile,P002,8,7,6,2,1,1
2025-05-13,Organic Search,google,organic,Always-on SEO,mobile,P003,12,10,9,2,1,1
2025-05-13,Organic Search,google,organic,Always-on SEO,mobile,P004,7,7,6,2,1,0
2025-05-13,Organic Search,google,organic,Always-on SEO,mobile,P005,11,10,8,2,1,1
2025-05-13,Organic Search,google,organic,Always-on SEO,mobile,P006,7,6,5,1,1,0
2025-05-13,Organic Search,google,organic,Always-on SEO,mobile,P007,10,9,8,2,1,1
2025-05-13,Organic Search,google,organic,Always-on SEO,mobile,P008,6,5,5,1,1,0
2025-05-13,Organic Search,google,organic,Always-on SEO,mobile,P009,9,8,7,2,1,1
2025-05-13,Organic Search,google,organic,Always-on SEO,mobile,P010,5,5,4,1,0,0
2025-05-13,Organic Search,google,organic,Always-on SEO,mobile,P011,9,8,7,2,1,1
2025-05-13,Organic Search,google,organic,Always-on SEO,mobile,P012,5,4,4,1,0,0
2025-05-13,Direct,direct,none,Unassigned,desktop,P001,10,7,7,2,1,1
2025-05-13,Direct,direct,none,Unassigned,desktop,P002,15,11,10,3,2,1
2025-05-13,Direct,direct,none,Unassigned,desktop,P003,9,6,6,2,1,1
2025-05-13,Direct,direct,none,Unassigned,desktop,P004,14,10,9,3,2,1
2025-05-13,Direct,direct,none,Unassigned,desktop,P005,8,6,5,1,1,1
2025-05-13,Direct,direct,none,Unassigned,desktop,P006,13,9,9,2,2,1
2025-05-13,Direct,direct,none,Unassigned,desktop,P007,7,5,5,1,1,1
2025-05-13,Direct,direct,none,Unassigned,desktop,P008,12,9,8,2,1,1
2025-05-13,Direct,direct,none,Unassigned,desktop,P009,17,12,11,3,2,1
2025-05-13,Direct,direct,none,Unassigned,desktop,P010,11,8,7,2,1,1
2025-05-13,Direct,direct,none,Unassigned,desktop,P011,16,12,10,3,2,1
2025-05-13,Direct,direct,none,Unassigned,desktop,P012,10,7,7,2,1,1
2025-05-13,Email,newsletter,email,Lifecycle,tablet,P001,11,10,9,2,1,1
2025-05-13,Email,newsletter,email,Lifecycle,tablet,P002,6,5,5,1,1,0
2025-05-13,Email,newsletter,email,Lifecycle,tablet,P003,11,9,9,1,1,1
2025-05-13,Email,newsletter,email,Lifecycle,tablet,P004,15,13,12,2,1,1
2025-05-13,Email,newsletter,email,Lifecycle,tablet,P005,10,8,8,1,1,1
2025-05-13,Email,newsletter,email,Lifecycle,tablet,P006,14,12,11,2,1,1
2025-05-13,Email,newsletter,email,Lifecycle,tablet,P007,9,7,7,1,1,1
2025-05-13,Email,newsletter,email,Lifecycle,tablet,P008,13,11,11,2,1,1
2025-05-13,Email,newsletter,email,Lifecycle,tablet,P009,8,7,6,1,1,0
2025-05-13,Email,newsletter,email,Lifecycle,tablet,P010,12,11,10,2,1,1
2025-05-13,Email,newsletter,email,Lifecycle,tablet,P011,7,6,6,1,1,0
2025-05-13,Email,newsletter,email,Lifecycle,tablet,P012,11,10,9,2,1,1
2025-05-14,Paid Search,google,cpc,KSA Growth,desktop,P001,9,7,7,2,1,1
2025-05-14,Paid Search,google,cpc,KSA Growth,desktop,P002,15,11,12,3,2,1
2025-05-14,Paid Search,google,cpc,KSA Growth,desktop,P003,8,6,6,1,1,0
2025-05-14,Paid Search,google,cpc,KSA Growth,desktop,P004,14,10,11,2,1,1
2025-05-14,Paid Search,google,cpc,KSA Growth,desktop,P005,19,14,16,3,2,1
2025-05-14,Paid Search,google,cpc,KSA Growth,desktop,P006,13,9,10,2,1,1
2025-05-14,Paid Search,google,cpc,KSA Growth,desktop,P007,18,13,15,3,2,1
2025-05-14,Paid Search,google,cpc,KSA Growth,desktop,P008,12,8,9,2,1,1
2025-05-14,Paid Search,google,cpc,KSA Growth,desktop,P009,17,12,14,3,2,1
2025-05-14,Paid Search,google,cpc,KSA Growth,desktop,P010,10,7,8,2,1,1
2025-05-14,Paid Search,google,cpc,KSA Growth,desktop,P011,16,11,13,3,2,1
2025-05-14,Paid Search,google,cpc,KSA Growth,desktop,P012,9,7,7,2,1,0
2025-05-14,Paid Social,instagram,paid_social,Creator Offers,tablet,P001,12,9,8,2,1,1
2025-05-14,Paid Social,instagram,paid_social,Creator Offers,tablet,P002,17,14,11,3,1,1
2025-05-14,Paid Social,instagram,paid_social,Creator Offers,tablet,P003,10,9,7,2,1,0
2025-05-14,Paid Social,instagram,paid_social,Creator Offers,tablet,P004,16,13,10,3,1,1
2025-05-14,Paid Social,instagram,paid_social,Creator Offers,tablet,P005,9,8,6,1,1,0
2025-05-14,Paid Social,instagram,paid_social,Creator Offers,tablet,P006,15,12,10,2,1,1
2025-05-14,Paid Social,instagram,paid_social,Creator Offers,tablet,P007,8,7,5,1,1,0
2025-05-14,Paid Social,instagram,paid_social,Creator Offers,tablet,P008,14,11,9,2,1,1
2025-05-14,Paid Social,instagram,paid_social,Creator Offers,tablet,P009,7,6,5,1,1,0
2025-05-14,Paid Social,instagram,paid_social,Creator Offers,tablet,P010,13,10,8,2,1,1
2025-05-14,Paid Social,instagram,paid_social,Creator Offers,tablet,P011,18,14,12,3,1,1
2025-05-14,Paid Social,instagram,paid_social,Creator Offers,tablet,P012,11,9,8,2,1,0
2025-05-14,Affiliates,partners,affiliate,Partner Network,mobile,P001,9,6,6,1,1,1
2025-05-14,Affiliates,partners,affiliate,Partner Network,mobile,P002,5,4,3,1,0,0
2025-05-14,Affiliates,partners,affiliate,Partner Network,mobile,P003,8,6,6,1,1,0
2025-05-14,Affiliates,partners,affiliate,Partner Network,mobile,P004,4,3,3,1,0,0
2025-05-14,Affiliates,partners,affiliate,Partner Network,mobile,P005,7,6,5,1,1,0
2025-05-14,Affiliates,partners,affiliate,Partner Network,mobile,P006,10,8,7,2,1,1
2025-05-14,Affiliates,partners,affiliate,Partner Network,mobile,P007,7,5,5,1,1,0
2025-05-14,Affiliates,partners,affiliate,Partner Network,mobile,P008,10,7,7,2,1,1
2025-05-14,Affiliates,partners,affiliate,Partner Network,mobile,P009,6,5,4,1,0,0
2025-05-14,Affiliates,partners,affiliate,Partner Network,mobile,P010,9,7,6,1,1,1
2025-05-14,Affiliates,partners,affiliate,Partner Network,mobile,P011,5,4,4,1,0,0
2025-05-14,Affiliates,partners,affiliate,Partner Network,mobile,P012,9,6,6,1,1,1
2025-05-15,Direct,direct,none,Unassigned,tablet,P001,8,6,6,1,1,1
2025-05-15,Direct,direct,none,Unassigned,tablet,P002,12,9,9,2,1,1
2025-05-15,Direct,direct,none,Unassigned,tablet,P003,7,5,5,1,1,0
2025-05-15,Direct,direct,none,Unassigned,tablet,P004,11,8,8,2,1,1
2025-05-15,Direct,direct,none,Unassigned,tablet,P005,6,4,4,1,1,0
2025-05-15,Direct,direct,none,Unassigned,tablet,P006,11,8,8,2,1,1
2025-05-15,Direct,direct,none,Unassigned,tablet,P007,15,11,11,3,1,1
2025-05-15,Direct,direct,none,Unassigned,tablet,P008,10,7,7,2,1,1
2025-05-15,Direct,direct,none,Unassigned,tablet,P009,14,10,10,3,1,1
2025-05-15,Direct,direct,none,Unassigned,tablet,P010,9,6,6,2,1,1
2025-05-15,Direct,direct,none,Unassigned,tablet,P011,13,9,9,2,1,1
2025-05-15,Direct,direct,none,Unassigned,tablet,P012,8,6,6,1,1,0
2025-05-15,Email,newsletter,email,Lifecycle,mobile,P001,9,7,6,1,1,1
2025-05-15,Email,newsletter,email,Lifecycle,mobile,P002,13,10,8,2,1,1
2025-05-15,Email,newsletter,email,Lifecycle,mobile,P003,8,6,5,1,1,0
2025-05-15,Email,newsletter,email,Lifecycle,mobile,P004,12,9,7,2,1,1
2025-05-15,Email,newsletter,email,Lifecycle,mobile,P005,7,6,5,1,0,0
2025-05-15,Email,newsletter,email,Lifecycle,mobile,P006,11,9,7,2,1,1
2025-05-15,Email,newsletter,email,Lifecycle,mobile,P007,7,5,4,1,0,0
2025-05-15,Email,newsletter,email,Lifecycle,mobile,P008,10,8,6,1,1,1
2025-05-15,Email,newsletter,email,Lifecycle,mobile,P009,6,5,4,1,0,0
2025-05-15,Email,newsletter,email,Lifecycle,mobile,P010,10,8,6,1,1,1
2025-05-15,Email,newsletter,email,Lifecycle,mobile,P011,5,4,3,1,0,0
2025-05-15,Email,newsletter,email,Lifecycle,mobile,P012,9,7,6,1,1,0
2025-05-15,Organic Search,google,organic,Always-on SEO,desktop,P001,10,9,8,2,1,1
2025-05-15,Organic Search,google,organic,Always-on SEO,desktop,P002,6,5,4,1,1,1
2025-05-15,Organic Search,google,organic,Always-on SEO,desktop,P003,10,8,7,2,1,1
2025-05-15,Organic Search,google,organic,Always-on SEO,desktop,P004,6,5,4,1,1,0
2025-05-15,Organic Search,google,organic,Always-on SEO,desktop,P005,9,7,7,2,1,1
2025-05-15,Organic Search,google,organic,Always-on SEO,desktop,P006,5,4,3,1,1,0
2025-05-15,Organic Search,google,organic,Always-on SEO,desktop,P007,8,7,6,2,1,1
2025-05-15,Organic Search,google,organic,Always-on SEO,desktop,P008,12,10,9,2,2,1
2025-05-15,Organic Search,google,organic,Always-on SEO,desktop,P009,8,6,6,2,1,1
2025-05-15,Organic Search,google,organic,Always-on SEO,desktop,P010,11,9,8,2,2,1
2025-05-15,Organic Search,google,organic,Always-on SEO,desktop,P011,7,6,5,2,1,1
2025-05-15,Organic Search,google,organic,Always-on SEO,desktop,P012,10,8,8,2,1,1
2025-05-16,Paid Social,instagram,paid_social,Creator Offers,mobile,P001,12,9,10,3,2,1
2025-05-16,Paid Social,instagram,paid_social,Creator Offers,mobile,P002,18,14,14,4,2,2
2025-05-16,Paid Social,instagram,paid_social,Creator Offers,mobile,P003,11,8,9,2,1,1
2025-05-16,Paid Social,instagram,paid_social,Creator Offers,mobile,P004,17,13,13,4,2,1
2025-05-16,Paid Social,instagram,paid_social,Creator Offers,mobile,P005,10,8,8,2,1,1
2025-05-16,Paid Social,instagram,paid_social,Creator Offers,mobile,P006,16,12,12,4,2,1
2025-05-16,Paid Social,instagram,paid_social,Creator Offers,mobile,P007,8,7,7,2,1,1
2025-05-16,Paid Social,instagram,paid_social,Creator Offers,mobile,P008,14,11,11,3,2,1
2025-05-16,Paid Social,instagram,paid_social,Creator Offers,mobile,P009,20,16,16,5,3,2
2025-05-16,Paid Social,instagram,paid_social,Creator Offers,mobile,P010,13,10,10,3,2,1
2025-05-16,Paid Social,instagram,paid_social,Creator Offers,mobile,P011,19,15,15,4,2,2
2025-05-16,Paid Social,instagram,paid_social,Creator Offers,mobile,P012,12,9,10,3,2,1
2025-05-16,Affiliates,partners,affiliate,Partner Network,desktop,P001,15,12,12,3,2,1
2025-05-16,Affiliates,partners,affiliate,Partner Network,desktop,P002,8,7,7,1,1,1
2025-05-16,Affiliates,partners,affiliate,Partner Network,desktop,P003,14,11,11,3,1,1
2025-05-16,Affiliates,partners,affiliate,Partner Network,desktop,P004,20,16,16,4,2,1
2025-05-16,Affiliates,partners,affiliate,Partner Network,desktop,P005,13,10,10,2,1,1
2025-05-16,Affiliates,partners,affiliate,Partner Network,desktop,P006,19,15,15,3,2,1
2025-05-16,Affiliates,partners,affiliate,Partner Network,desktop,P007,12,9,9,2,1,1
2025-05-16,Affiliates,partners,affiliate,Partner Network,desktop,P008,17,14,14,3,2,1
2025-05-16,Affiliates,partners,affiliate,Partner Network,desktop,P009,11,8,8,2,1,1
2025-05-16,Affiliates,partners,affiliate,Partner Network,desktop,P010,16,13,13,3,2,1
2025-05-16,Affiliates,partners,affiliate,Partner Network,desktop,P011,9,8,7,2,1,1
2025-05-16,Affiliates,partners,affiliate,Partner Network,desktop,P012,15,12,12,3,1,1
2025-05-16,Paid Search,google,cpc,KSA Growth,tablet,P001,11,8,8,1,1,1
2025-05-16,Paid Search,google,cpc,KSA Growth,tablet,P002,7,5,5,1,0,0
2025-05-16,Paid Search,google,cpc,KSA Growth,tablet,P003,11,8,7,1,1,1
2025-05-16,Paid Search,google,cpc,KSA Growth,tablet,P004,6,4,4,1,0,0
2025-05-16,Paid Search,google,cpc,KSA Growth,tablet,P005,10,7,7,1,1,0
2025-05-16,Paid Search,google,cpc,KSA Growth,tablet,P006,6,4,4,1,0,0
2025-05-16,Paid Search,google,cpc,KSA Growth,tablet,P007,9,7,6,1,1,0
2025-05-16,Paid Search,google,cpc,KSA Growth,tablet,P008,5,3,3,1,0,0
2025-05-16,Paid Search,google,cpc,KSA Growth,tablet,P009,8,6,6,1,1,0
2025-05-16,Paid Search,google,cpc,KSA Growth,tablet,P010,12,9,8,1,1,1
2025-05-16,Paid Search,google,cpc,KSA Growth,tablet,P011,8,6,5,1,0,0
2025-05-16,Paid Search,google,cpc,KSA Growth,tablet,P012,11,8,7,1,1,1
2025-05-17,Email,newsletter,email,Lifecycle,desktop,P001,8,6,6,2,1,1
2025-05-17,Email,newsletter,email,Lifecycle,desktop,P002,11,8,9,2,1,1
2025-05-17,Email,newsletter,email,Lifecycle,desktop,P003,7,5,5,1,1,0
2025-05-17,Email,newsletter,email,Lifecycle,desktop,P004,11,8,8,2,1,1
2025-05-17,Email,newsletter,email,Lifecycle,desktop,P005,6,5,5,1,1,0
2025-05-17,Email,newsletter,email,Lifecycle,desktop,P006,10,7,8,2,1,1
2025-05-17,Email,newsletter,email,Lifecycle,desktop,P007,6,4,4,1,1,0
2025-05-17,Email,newsletter,email,Lifecycle,desktop,P008,9,7,7,2,1,1
2025-05-17,Email,newsletter,email,Lifecycle,desktop,P009,5,4,4,1,1,0
2025-05-17,Email,newsletter,email,Lifecycle,desktop,P010,9,6,7,2,1,1
2025-05-17,Email,newsletter,email,Lifecycle,desktop,P011,12,9,9,2,1,1
2025-05-17,Email,newsletter,email,Lifecycle,desktop,P012,8,6,6,1,1,0
2025-05-17,Organic Search,google,organic,Always-on SEO,tablet,P001,11,9,9,1,1,1
2025-05-17,Organic Search,google,organic,Always-on SEO,tablet,P002,6,5,5,1,0,0
2025-05-17,Organic Search,google,organic,Always-on SEO,tablet,P003,10,8,8,1,1,0
2025-05-17,Organic Search,google,organic,Always-on SEO,tablet,P004,5,4,4,1,0,0
2025-05-17,Organic Search,google,organic,Always-on SEO,tablet,P005,9,8,7,1,1,0
2025-05-17,Organic Search,google,organic,Always-on SEO,tablet,P006,13,11,10,2,1,1
2025-05-17,Organic Search,google,organic,Always-on SEO,tablet,P007,8,7,7,1,1,0
2025-05-17,Organic Search,google,organic,Always-on SEO,tablet,P008,12,10,10,2,1,1
2025-05-17,Organic Search,google,organic,Always-on SEO,tablet,P009,8,6,6,1,1,0
2025-05-17,Organic Search,google,organic,Always-on SEO,tablet,P010,12,10,9,2,1,1
2025-05-17,Organic Search,google,organic,Always-on SEO,tablet,P011,7,6,5,1,0,0
2025-05-17,Organic Search,google,organic,Always-on SEO,tablet,P012,11,9,9,1,1,1
2025-05-17,Direct,direct,none,Unassigned,mobile,P001,15,12,12,3,2,1
2025-05-17,Direct,direct,none,Unassigned,mobile,P002,10,7,8,2,1,1
2025-05-17,Direct,direct,none,Unassigned,mobile,P003,15,11,11,3,2,1
2025-05-17,Direct,direct,none,Unassigned,mobile,P004,9,7,7,2,1,1
2025-05-17,Direct,direct,none,Unassigned,mobile,P005,14,10,11,3,2,1
2025-05-17,Direct,direct,none,Unassigned,mobile,P006,8,6,6,2,1,1
2025-05-17,Direct,direct,none,Unassigned,mobile,P007,13,9,10,3,1,1
2025-05-17,Direct,direct,none,Unassigned,mobile,P008,7,5,6,2,1,1
2025-05-17,Direct,direct,none,Unassigned,mobile,P009,12,9,9,2,1,1
2025-05-17,Direct,direct,none,Unassigned,mobile,P010,6,5,5,1,1,0
2025-05-17,Direct,direct,none,Unassigned,mobile,P011,11,8,9,2,1,1
2025-05-17,Direct,direct,none,Unassigned,mobile,P012,15,12,12,3,2,1
2025-05-18,Affiliates,partners,affiliate,Partner Network,tablet,P001,12,9,9,2,1,1
2025-05-18,Affiliates,partners,affiliate,Partner Network,tablet,P002,18,13,13,3,2,1
2025-05-18,Affiliates,partners,affiliate,Partner Network,tablet,P003,11,9,9,2,1,1
2025-05-18,Affiliates,partners,affiliate,Partner Network,tablet,P004,16,13,13,3,2,1
2025-05-18,Affiliates,partners,affiliate,Partner Network,tablet,P005,10,8,8,2,1,1
2025-05-18,Affiliates,partners,affiliate,Partner Network,tablet,P006,15,12,12,3,2,1
2025-05-18,Affiliates,partners,affiliate,Partner Network,tablet,P007,9,7,7,2,1,1
2025-05-18,Affiliates,partners,affiliate,Partner Network,tablet,P008,14,11,11,3,2,1
2025-05-18,Affiliates,partners,affiliate,Partner Network,tablet,P009,8,6,6,2,1,0
2025-05-18,Affiliates,partners,affiliate,Partner Network,tablet,P010,13,10,10,3,2,1
2025-05-18,Affiliates,partners,affiliate,Partner Network,tablet,P011,7,6,5,1,1,0
2025-05-18,Affiliates,partners,affiliate,Partner Network,tablet,P012,12,9,9,2,1,1
2025-05-18,Paid Search,google,cpc,KSA Growth,mobile,P001,10,9,8,2,1,1
2025-05-18,Paid Search,google,cpc,KSA Growth,mobile,P002,6,5,4,1,0,0
2025-05-18,Paid Search,google,cpc,KSA Growth,mobile,P003,10,8,7,1,1,1
2025-05-18,Paid Search,google,cpc,KSA Growth,mobile,P004,6,5,4,1,0,0
2025-05-18,Paid Search,google,cpc,KSA Growth,mobile,P005,9,7,7,1,1,0
2025-05-18,Paid Search,google,cpc,KSA Growth,mobile,P006,5,4,3,1,0,0
2025-05-18,Paid Search,google,cpc,KSA Growth,mobile,P007,8,7,6,1,1,0
2025-05-18,Paid Search,google,cpc,KSA Growth,mobile,P008,12,10,9,2,1,1
2025-05-18,Paid Search,google,cpc,KSA Growth,mobile,P009,8,6,5,1,0,0
2025-05-18,Paid Search,google,cpc,KSA Growth,mobile,P010,11,9,8,2,1,1
2025-05-18,Paid Search,google,cpc,KSA Growth,mobile,P011,7,6,5,1,0,0
2025-05-18,Paid Search,google,cpc,KSA Growth,mobile,P012,10,9,8,1,1,1
2025-05-18,Paid Social,instagram,paid_social,Creator Offers,desktop,P001,7,6,6,1,1,0
2025-05-18,Paid Social,instagram,paid_social,Creator Offers,desktop,P002,13,9,10,2,1,1
2025-05-18,Paid Social,instagram,paid_social,Creator Offers,desktop,P003,18,13,14,3,1,1
2025-05-18,Paid Social,instagram,paid_social,Creator Offers,desktop,P004,12,9,9,2,1,1
2025-05-18,Paid Social,instagram,paid_social,Creator Offers,desktop,P005,17,13,13,3,1,1
2025-05-18,Paid Social,instagram,paid_social,Creator Offers,desktop,P006,11,8,8,2,1,1
2025-05-18,Paid Social,instagram,paid_social,Creator Offers,desktop,P007,16,12,12,2,1,1
2025-05-18,Paid Social,instagram,paid_social,Creator Offers,desktop,P008,9,7,7,2,1,1
2025-05-18,Paid Social,instagram,paid_social,Creator Offers,desktop,P009,15,11,11,2,1,1
2025-05-18,Paid Social,instagram,paid_social,Creator Offers,desktop,P010,8,6,7,1,1,0
2025-05-18,Paid Social,instagram,paid_social,Creator Offers,desktop,P011,14,10,11,2,1,1
2025-05-18,Paid Social,instagram,paid_social,Creator Offers,desktop,P012,7,5,6,1,1,0
2025-05-19,Organic Search,google,organic,Always-on SEO,mobile,P001,10,7,8,2,1,1
2025-05-19,Organic Search,google,organic,Always-on SEO,mobile,P002,5,4,4,1,1,0
2025-05-19,Organic Search,google,organic,Always-on SEO,mobile,P003,9,7,7,2,1,1
2025-05-19,Organic Search,google,organic,Always-on SEO,mobile,P004,13,10,11,3,2,1
2025-05-19,Organic Search,google,organic,Always-on SEO,mobile,P005,8,6,7,2,1,1
2025-05-19,Organic Search,google,organic,Always-on SEO,mobile,P006,12,9,10,3,2,1
2025-05-19,Organic Search,google,organic,Always-on SEO,mobile,P007,8,6,6,2,1,1
2025-05-19,Organic Search,google,organic,Always-on SEO,mobile,P008,11,8,9,2,2,1
2025-05-19,Organic Search,google,organic,Always-on SEO,mobile,P009,7,5,6,1,1,1
2025-05-19,Organic Search,google,organic,Always-on SEO,mobile,P010,11,8,9,2,1,1
2025-05-19,Organic Search,google,organic,Always-on SEO,mobile,P011,6,5,5,1,1,0
2025-05-19,Organic Search,google,organic,Always-on SEO,mobile,P012,10,7,8,2,1,1
2025-05-19,Direct,direct,none,Unassigned,desktop,P001,17,13,11,3,2,1
2025-05-19,Direct,direct,none,Unassigned,desktop,P002,10,8,7,2,1,1
2025-05-19,Direct,direct,none,Unassigned,desktop,P003,16,12,10,2,2,1
2025-05-19,Direct,direct,none,Unassigned,desktop,P004,9,7,6,1,1,1
2025-05-19,Direct,direct,none,Unassigned,desktop,P005,15,11,9,2,1,1
2025-05-19,Direct,direct,none,Unassigned,desktop,P006,8,6,5,1,1,1
2025-05-19,Direct,direct,none,Unassigned,desktop,P007,14,10,9,2,1,1
2025-05-19,Direct,direct,none,Unassigned,desktop,P008,7,6,5,1,1,1
2025-05-19,Direct,direct,none,Unassigned,desktop,P009,12,9,8,2,1,1
2025-05-19,Direct,direct,none,Unassigned,desktop,P010,18,13,11,3,2,1
2025-05-19,Direct,direct,none,Unassigned,desktop,P011,11,9,7,2,1,1
2025-05-19,Direct,direct,none,Unassigned,desktop,P012,17,13,10,3,2,1
2025-05-19,Email,newsletter,email,Lifecycle,tablet,P001,4,4,3,1,0,0
2025-05-19,Email,newsletter,email,Lifecycle,tablet,P002,7,6,5,1,1,1
2025-05-19,Email,newsletter,email,Lifecycle,tablet,P003,4,3,3,1,0,0
2025-05-19,Email,newsletter,email,Lifecycle,tablet,P004,6,5,4,1,1,1
2025-05-19,Email,newsletter,email,Lifecycle,tablet,P005,9,7,6,1,1,1
2025-05-19,Email,newsletter,email,Lifecycle,tablet,P006,6,5,4,1,1,0
2025-05-19,Email,newsletter,email,Lifecycle,tablet,P007,9,7,6,1,1,1
2025-05-19,Email,newsletter,email,Lifecycle,tablet,P008,5,4,4,1,1,0
2025-05-19,Email,newsletter,email,Lifecycle,tablet,P009,8,7,5,1,1,1
2025-05-19,Email,newsletter,email,Lifecycle,tablet,P010,5,4,3,1,0,0
2025-05-19,Email,newsletter,email,Lifecycle,tablet,P011,8,6,5,1,1,1
2025-05-19,Email,newsletter,email,Lifecycle,tablet,P012,4,4,3,1,0,0
2025-05-20,Paid Search,google,cpc,KSA Growth,desktop,P001,12,10,9,2,1,1
2025-05-20,Paid Search,google,cpc,KSA Growth,desktop,P002,7,6,5,1,0,0
2025-05-20,Paid Search,google,cpc,KSA Growth,desktop,P003,11,9,8,2,1,1
2025-05-20,Paid Search,google,cpc,KSA Growth,desktop,P004,6,5,4,1,0,0
2025-05-20,Paid Search,google,cpc,KSA Growth,desktop,P005,10,9,7,1,1,0
2025-05-20,Paid Search,google,cpc,KSA Growth,desktop,P006,14,12,11,2,1,1
2025-05-20,Paid Search,google,cpc,KSA Growth,desktop,P007,9,8,7,1,1,0
2025-05-20,Paid Search,google,cpc,KSA Growth,desktop,P008,14,12,10,2,1,1
2025-05-20,Paid Search,google,cpc,KSA Growth,desktop,P009,8,7,6,1,1,0
2025-05-20,Paid Search,google,cpc,KSA Growth,desktop,P010,13,11,9,2,1,1
2025-05-20,Paid Search,google,cpc,KSA Growth,desktop,P011,8,7,6,1,0,0
2025-05-20,Paid Search,google,cpc,KSA Growth,desktop,P012,12,10,9,2,1,1
2025-05-20,Paid Social,instagram,paid_social,Creator Offers,tablet,P001,17,13,11,2,1,1
2025-05-20,Paid Social,instagram,paid_social,Creator Offers,tablet,P002,11,8,7,2,1,1
2025-05-20,Paid Social,instagram,paid_social,Creator Offers,tablet,P003,16,12,10,2,1,1
2025-05-20,Paid Social,instagram,paid_social,Creator Offers,tablet,P004,10,7,7,2,1,0
2025-05-20,Paid Social,instagram,paid_social,Creator Offers,tablet,P005,15,11,10,2,1,1
2025-05-20,Paid Social,instagram,paid_social,Creator Offers,tablet,P006,9,7,6,1,1,0
2025-05-20,Paid Social,instagram,paid_social,Creator Offers,tablet,P007,14,10,9,2,1,1
2025-05-20,Paid Social,instagram,paid_social,Creator Offers,tablet,P008,8,6,5,1,1,0
2025-05-20,Paid Social,instagram,paid_social,Creator Offers,tablet,P009,13,10,8,2,1,1
2025-05-20,Paid Social,instagram,paid_social,Creator Offers,tablet,P010,7,5,5,1,0,0
2025-05-20,Paid Social,instagram,paid_social,Creator Offers,tablet,P011,12,9,8,2,1,1
2025-05-20,Paid Social,instagram,paid_social,Creator Offers,tablet,P012,16,13,11,2,1,1
2025-05-20,Affiliates,partners,affiliate,Partner Network,mobile,P001,6,4,4,1,0,0
2025-05-20,Affiliates,partners,affiliate,Partner Network,mobile,P002,9,7,7,1,1,1
2025-05-20,Affiliates,partners,affiliate,Partner Network,mobile,P003,5,4,4,1,0,0
2025-05-20,Affiliates,partners,affiliate,Partner Network,mobile,P004,9,7,6,1,1,1
2025-05-20,Affiliates,partners,affiliate,Partner Network,mobile,P005,5,3,3,1,0,0
2025-05-20,Affiliates,partners,affiliate,Partner Network,mobile,P006,8,6,6,1,1,0
2025-05-20,Affiliates,partners,affiliate,Partner Network,mobile,P007,12,9,8,2,1,1
2025-05-20,Affiliates,partners,affiliate,Partner Network,mobile,P008,7,6,5,1,1,0
2025-05-20,Affiliates,partners,affiliate,Partner Network,mobile,P009,11,8,8,2,1,1
2025-05-20,Affiliates,partners,affiliate,Partner Network,mobile,P010,7,5,5,1,1,0
2025-05-20,Affiliates,partners,affiliate,Partner Network,mobile,P011,10,8,7,2,1,1
2025-05-20,Affiliates,partners,affiliate,Partner Network,mobile,P012,6,4,4,1,0,0
2025-05-21,Direct,direct,none,Unassigned,tablet,P001,9,7,6,1,1,1
2025-05-21,Direct,direct,none,Unassigned,tablet,P002,5,5,3,1,0,0
2025-05-21,Direct,direct,none,Unassigned,tablet,P003,8,7,5,1,1,0
2025-05-21,Direct,direct,none,Unassigned,tablet,P004,5,4,3,0,0,0
2025-05-21,Direct,direct,none,Unassigned,tablet,P005,7,6,5,1,0,0
2025-05-21,Direct,direct,none,Unassigned,tablet,P006,4,4,3,0,0,0
2025-05-21,Direct,direct,none,Unassigned,tablet,P007,7,6,5,1,0,0
2025-05-21,Direct,direct,none,Unassigned,tablet,P008,10,8,7,1,1,1
2025-05-21,Direct,direct,none,Unassigned,tablet,P009,6,5,4,1,0,0
2025-05-21,Direct,direct,none,Unassigned,tablet,P010,9,8,6,1,1,1
2025-05-21,Direct,direct,none,Unassigned,tablet,P011,6,5,4,1,0,0
2025-05-21,Direct,direct,none,Unassigned,tablet,P012,8,7,6,1,1,1
2025-05-21,Email,newsletter,email,Lifecycle,mobile,P001,5,4,4,1,0,0
2025-05-21,Email,newsletter,email,Lifecycle,mobile,P002,8,7,7,1,1,1
2025-05-21,Email,newsletter,email,Lifecycle,mobile,P003,12,10,10,2,1,1
2025-05-21,Email,newsletter,email,Lifecycle,mobile,P004,8,7,6,1,1,0
2025-05-21,Email,newsletter,email,Lifecycle,mobile,P005,11,10,9,2,1,1
2025-05-21,Email,newsletter,email,Lifecycle,mobile,P006,7,6,6,1,1,0
2025-05-21,Email,newsletter,email,Lifecycle,mobile,P007,10,9,8,2,1,1
2025-05-21,Email,newsletter,email,Lifecycle,mobile,P008,6,6,5,1,1,0
2025-05-21,Email,newsletter,email,Lifecycle,mobile,P009,10,9,8,2,1,1
2025-05-21,Email,newsletter,email,Lifecycle,mobile,P010,5,5,4,1,0,0
2025-05-21,Email,newsletter,email,Lifecycle,mobile,P011,9,8,7,2,1,1
2025-05-21,Email,newsletter,email,Lifecycle,mobile,P012,5,4,4,1,0,0
2025-05-21,Organic Search,google,organic,Always-on SEO,desktop,P001,8,7,6,2,1,0
2025-05-21,Organic Search,google,organic,Always-on SEO,desktop,P002,12,10,9,2,1,1
2025-05-21,Organic Search,google,organic,Always-on SEO,desktop,P003,7,6,5,1,1,0
2025-05-21,Organic Search,google,organic,Always-on SEO,desktop,P004,11,10,9,2,1,1
2025-05-21,Organic Search,google,organic,Always-on SEO,desktop,P005,6,5,5,1,1,0
2025-05-21,Organic Search,google,organic,Always-on SEO,desktop,P006,10,9,8,2,1,1
2025-05-21,Organic Search,google,organic,Always-on SEO,desktop,P007,6,5,4,1,1,0
2025-05-21,Organic Search,google,organic,Always-on SEO,desktop,P008,9,8,7,2,1,1
2025-05-21,Organic Search,google,organic,Always-on SEO,desktop,P009,13,12,10,2,1,1
2025-05-21,Organic Search,google,organic,Always-on SEO,desktop,P010,9,8,7,2,1,1
2025-05-21,Organic Search,google,organic,Always-on SEO,desktop,P011,13,11,10,2,1,1
2025-05-21,Organic Search,google,organic,Always-on SEO,desktop,P012,8,7,6,1,1,0
2025-05-22,Paid Social,instagram,paid_social,Creator Offers,mobile,P001,9,7,6,1,1,1
2025-05-22,Paid Social,instagram,paid_social,Creator Offers,mobile,P002,6,4,4,1,0,0
2025-05-22,Paid Social,instagram,paid_social,Creator Offers,mobile,P003,8,7,6,1,1,1
2025-05-22,Paid Social,instagram,paid_social,Creator Offers,mobile,P004,5,4,4,1,0,0
2025-05-22,Paid Social,instagram,paid_social,Creator Offers,mobile,P005,8,6,6,1,1,0
2025-05-22,Paid Social,instagram,paid_social,Creator Offers,mobile,P006,4,3,3,1,0,0
2025-05-22,Paid Social,instagram,paid_social,Creator Offers,mobile,P007,7,6,5,1,1,0
2025-05-22,Paid Social,instagram,paid_social,Creator Offers,mobile,P008,4,3,3,1,0,0
2025-05-22,Paid Social,instagram,paid_social,Creator Offers,mobile,P009,7,5,5,1,0,0
2025-05-22,Paid Social,instagram,paid_social,Creator Offers,mobile,P010,10,7,7,1,1,1
2025-05-22,Paid Social,instagram,paid_social,Creator Offers,mobile,P011,6,5,4,1,0,0
2025-05-22,Paid Social,instagram,paid_social,Creator Offers,mobile,P012,9,7,6,1,1,1
2025-05-22,Affiliates,partners,affiliate,Partner Network,desktop,P001,9,7,6,2,1,0
2025-05-22,Affiliates,partners,affiliate,Partner Network,desktop,P002,15,11,9,2,1,1
2025-05-22,Affiliates,partners,affiliate,Partner Network,desktop,P003,8,6,5,1,1,0
2025-05-22,Affiliates,partners,affiliate,Partner Network,desktop,P004,13,11,9,2,1,1
2025-05-22,Affiliates,partners,affiliate,Partner Network,desktop,P005,19,15,12,3,2,1
2025-05-22,Affiliates,partners,affiliate,Partner Network,desktop,P006,12,10,8,2,1,1
2025-05-22,Affiliates,partners,affiliate,Partner Network,desktop,P007,18,14,12,3,2,1
2025-05-22,Affiliates,partners,affiliate,Partner Network,desktop,P008,11,9,7,2,1,1
2025-05-22,Affiliates,partners,affiliate,Partner Network,desktop,P009,17,13,11,3,1,1
2025-05-22,Affiliates,partners,affiliate,Partner Network,desktop,P010,10,8,7,2,1,1
2025-05-22,Affiliates,partners,affiliate,Partner Network,desktop,P011,16,12,10,3,1,1
2025-05-22,Affiliates,partners,affiliate,Partner Network,desktop,P012,9,7,6,1,1,0
2025-05-22,Paid Search,google,cpc,KSA Growth,tablet,P001,8,7,7,2,1,1
2025-05-22,Paid Search,google,cpc,KSA Growth,tablet,P002,12,11,10,3,1,1
2025-05-22,Paid Search,google,cpc,KSA Growth,tablet,P003,8,7,6,2,1,0
2025-05-22,Paid Search,google,cpc,KSA Growth,tablet,P004,11,10,9,2,1,1
2025-05-22,Paid Search,google,cpc,KSA Growth,tablet,P005,7,6,5,1,1,0
2025-05-22,Paid Search,google,cpc,KSA Growth,tablet,P006,11,9,9,2,1,1
2025-05-22,Paid Search,google,cpc,KSA Growth,tablet,P007,6,5,5,1,1,0
2025-05-22,Paid Search,google,cpc,KSA Growth,tablet,P008,10,9,8,2,1,1
2025-05-22,Paid Search,google,cpc,KSA Growth,tablet,P009,5,5,4,1,1,0
2025-05-22,Paid Search,google,cpc,KSA Growth,tablet,P010,9,8,7,2,1,1
2025-05-22,Paid Search,google,cpc,KSA Growth,tablet,P011,13,12,10,3,2,1
2025-05-22,Paid Search,google,cpc,KSA Growth,tablet,P012,8,7,7,2,1,1
2025-05-23,Email,newsletter,email,Lifecycle,desktop,P001,15,12,10,2,2,1
2025-05-23,Email,newsletter,email,Lifecycle,desktop,P002,10,7,6,2,1,1
2025-05-23,Email,newsletter,email,Lifecycle,desktop,P003,14,11,9,2,1,1
2025-05-23,Email,newsletter,email,Lifecycle,desktop,P004,9,7,6,2,1,1
2025-05-23,Email,newsletter,email,Lifecycle,desktop,P005,13,10,8,2,1,1
2025-05-23,Email,newsletter,email,Lifecycle,desktop,P006,8,6,5,1,1,1
2025-05-23,Email,newsletter,email,Lifecycle,desktop,P007,12,10,8,2,1,1
2025-05-23,Email,newsletter,email,Lifecycle,desktop,P008,7,5,5,1,1,0
2025-05-23,Email,newsletter,email,Lifecycle,desktop,P009,11,9,7,2,1,1
2025-05-23,Email,newsletter,email,Lifecycle,desktop,P010,6,5,4,1,1,0
2025-05-23,Email,newsletter,email,Lifecycle,desktop,P011,11,8,7,2,1,1
2025-05-23,Email,newsletter,email,Lifecycle,desktop,P012,15,12,10,2,2,1
2025-05-23,Organic Search,google,organic,Always-on SEO,tablet,P001,6,5,5,1,0,0
2025-05-23,Organic Search,google,organic,Always-on SEO,tablet,P002,10,8,7,1,1,1
2025-05-23,Organic Search,google,organic,Always-on SEO,tablet,P003,5,5,4,1,0,0
2025-05-23,Organic Search,google,organic,Always-on SEO,tablet,P004,9,7,6,1,1,1
2025-05-23,Organic Search,google,organic,Always-on SEO,tablet,P005,5,4,4,1,0,0
2025-05-23,Organic Search,google,organic,Always-on SEO,tablet,P006,8,7,6,1,1,0
2025-05-23,Organic Search,google,organic,Always-on SEO,tablet,P007,12,10,8,2,1,1
2025-05-23,Organic Search,google,organic,Always-on SEO,tablet,P008,8,6,5,1,0,0
2025-05-23,Organic Search,google,organic,Always-on SEO,tablet,P009,11,9,8,2,1,1
2025-05-23,Organic Search,google,organic,Always-on SEO,tablet,P010,7,6,5,1,0,0
2025-05-23,Organic Search,google,organic,Always-on SEO,tablet,P011,10,9,7,1,1,1
2025-05-23,Organic Search,google,organic,Always-on SEO,tablet,P012,6,5,5,1,0,0
2025-05-23,Direct,direct,none,Unassigned,mobile,P001,10,8,7,1,1,1
2025-05-23,Direct,direct,none,Unassigned,mobile,P002,13,11,9,2,1,1
2025-05-23,Direct,direct,none,Unassigned,mobile,P003,9,7,6,1,1,0
2025-05-23,Direct,direct,none,Unassigned,mobile,P004,13,10,9,1,1,1
2025-05-23,Direct,direct,none,Unassigned,mobile,P005,8,6,5,1,0,0
2025-05-23,Direct,direct,none,Unassigned,mobile,P006,12,10,8,1,1,1
2025-05-23,Direct,direct,none,Unassigned,mobile,P007,7,6,5,1,0,0
2025-05-23,Direct,direct,none,Unassigned,mobile,P008,11,9,8,1,1,1
2025-05-23,Direct,direct,none,Unassigned,mobile,P009,6,5,4,1,0,0
2025-05-23,Direct,direct,none,Unassigned,mobile,P010,10,8,7,1,1,1
2025-05-23,Direct,direct,none,Unassigned,mobile,P011,6,4,4,1,0,0
2025-05-23,Direct,direct,none,Unassigned,mobile,P012,9,8,6,1,1,0
2025-05-24,Affiliates,partners,affiliate,Partner Network,tablet,P001,7,5,5,1,0,0
2025-05-24,Affiliates,partners,affiliate,Partner Network,tablet,P002,11,8,8,2,1,1
2025-05-24,Affiliates,partners,affiliate,Partner Network,tablet,P003,16,12,11,2,1,1
2025-05-24,Affiliates,partners,affiliate,Partner Network,tablet,P004,10,7,7,1,1,0
2025-05-24,Affiliates,partners,affiliate,Partner Network,tablet,P005,15,11,10,2,1,1
2025-05-24,Affiliates,partners,affiliate,Partner Network,tablet,P006,9,7,6,1,1,0
2025-05-24,Affiliates,partners,affiliate,Partner Network,tablet,P007,14,10,10,2,1,1
2025-05-24,Affiliates,partners,affiliate,Partner Network,tablet,P008,9,6,6,1,0,0
2025-05-24,Affiliates,partners,affiliate,Partner Network,tablet,P009,13,10,9,2,1,1
2025-05-24,Affiliates,partners,affiliate,Partner Network,tablet,P010,8,5,5,1,0,0
2025-05-24,Affiliates,partners,affiliate,Partner Network,tablet,P011,12,9,8,2,1,1
2025-05-24,Affiliates,partners,affiliate,Partner Network,tablet,P012,7,5,5,1,0,0
2025-05-24,Paid Search,google,cpc,KSA Growth,mobile,P001,6,6,5,2,1,0
2025-05-24,Paid Search,google,cpc,KSA Growth,mobile,P002,10,8,7,2,1,1
2025-05-24,Paid Search,google,cpc,KSA Growth,mobile,P003,6,5,4,1,1,0
2025-05-24,Paid Search,google,cpc,KSA Growth,mobile,P004,9,8,7,2,1,1
2025-05-24,Paid Search,google,cpc,KSA Growth,mobile,P005,5,4,4,1,0,0
2025-05-24,Paid Search,google,cpc,KSA Growth,mobile,P006,8,7,6,2,1,1
2025-05-24,Paid Search,google,cpc,KSA Growth,mobile,P007,4,4,4,1,0,0
2025-05-24,Paid Search,google,cpc,KSA Growth,mobile,P008,8,7,6,2,1,1
2025-05-24,Paid Search,google,cpc,KSA Growth,mobile,P009,11,9,8,2,1,1
2025-05-24,Paid Search,google,cpc,KSA Growth,mobile,P010,7,6,5,2,1,0
2025-05-24,Paid Search,google,cpc,KSA Growth,mobile,P011,10,9,8,2,1,1
2025-05-24,Paid Search,google,cpc,KSA Growth,mobile,P012,6,5,5,1,1,0
2025-05-24,Paid Social,instagram,paid_social,Creator Offers,desktop,P001,9,7,6,1,1,1
2025-05-24,Paid Social,instagram,paid_social,Creator Offers,desktop,P002,5,4,3,1,0,0
2025-05-24,Paid Social,instagram,paid_social,Creator Offers,desktop,P003,9,7,6,1,1,0
2025-05-24,Paid Social,instagram,paid_social,Creator Offers,desktop,P004,12,9,8,2,1,1
2025-05-24,Paid Social,instagram,paid_social,Creator Offers,desktop,P005,8,6,5,1,0,0
2025-05-24,Paid Social,instagram,paid_social,Creator Offers,desktop,P006,11,9,7,2,1,1
2025-05-24,Paid Social,instagram,paid_social,Creator Offers,desktop,P007,7,6,5,1,0,0
2025-05-24,Paid Social,instagram,paid_social,Creator Offers,desktop,P008,11,8,7,2,1,1
2025-05-24,Paid Social,instagram,paid_social,Creator Offers,desktop,P009,6,5,4,1,0,0
2025-05-24,Paid Social,instagram,paid_social,Creator Offers,desktop,P010,10,8,7,1,1,1
2025-05-24,Paid Social,instagram,paid_social,Creator Offers,desktop,P011,6,4,4,1,0,0
2025-05-24,Paid Social,instagram,paid_social,Creator Offers,desktop,P012,9,7,6,1,1,0
2025-05-25,Organic Search,google,organic,Always-on SEO,mobile,P001,9,8,6,1,1,0
2025-05-25,Organic Search,google,organic,Always-on SEO,mobile,P002,14,13,10,2,1,1
2025-05-25,Organic Search,google,organic,Always-on SEO,mobile,P003,8,7,5,1,0,0
2025-05-25,Organic Search,google,organic,Always-on SEO,mobile,P004,13,12,9,2,1,1
2025-05-25,Organic Search,google,organic,Always-on SEO,mobile,P005,19,16,13,3,1,1
2025-05-25,Organic Search,google,organic,Always-on SEO,mobile,P006,12,11,8,2,1,0
2025-05-25,Organic Search,google,organic,Always-on SEO,mobile,P007,18,15,12,2,1,1
2025-05-25,Organic Search,google,organic,Always-on SEO,mobile,P008,11,10,8,2,1,0
2025-05-25,Organic Search,google,organic,Always-on SEO,mobile,P009,17,14,11,2,1,1
2025-05-25,Organic Search,google,organic,Always-on SEO,mobile,P010,10,9,7,1,1,0
2025-05-25,Organic Search,google,organic,Always-on SEO,mobile,P011,16,14,10,2,1,1
2025-05-25,Organic Search,google,organic,Always-on SEO,mobile,P012,9,8,6,1,1,0
2025-05-25,Direct,direct,none,Unassigned,desktop,P001,6,5,4,1,0,0
2025-05-25,Direct,direct,none,Unassigned,desktop,P002,8,7,6,1,1,1
2025-05-25,Direct,direct,none,Unassigned,desktop,P003,5,4,3,1,0,0
2025-05-25,Direct,direct,none,Unassigned,desktop,P004,8,7,5,1,1,1
2025-05-25,Direct,direct,none,Unassigned,desktop,P005,4,4,3,1,0,0
2025-05-25,Direct,direct,none,Unassigned,desktop,P006,7,6,5,1,1,1
2025-05-25,Direct,direct,none,Unassigned,desktop,P007,4,4,3,1,0,0
2025-05-25,Direct,direct,none,Unassigned,desktop,P008,7,6,4,1,1,0
2025-05-25,Direct,direct,none,Unassigned,desktop,P009,3,3,2,0,0,0
2025-05-25,Direct,direct,none,Unassigned,desktop,P010,6,5,4,1,0,0
2025-05-25,Direct,direct,none,Unassigned,desktop,P011,9,7,6,1,1,1
2025-05-25,Direct,direct,none,Unassigned,desktop,P012,6,5,4,1,0,0
2025-05-25,Email,newsletter,email,Lifecycle,tablet,P001,14,12,11,2,2,1
2025-05-25,Email,newsletter,email,Lifecycle,tablet,P002,8,7,6,1,1,0
2025-05-25,Email,newsletter,email,Lifecycle,tablet,P003,13,11,10,2,1,1
2025-05-25,Email,newsletter,email,Lifecycle,tablet,P004,7,6,6,1,1,0
2025-05-25,Email,newsletter,email,Lifecycle,tablet,P005,12,10,9,2,1,1
2025-05-25,Email,newsletter,email,Lifecycle,tablet,P006,16,14,13,3,2,1
2025-05-25,Email,newsletter,email,Lifecycle,tablet,P007,11,9,9,2,1,1
2025-05-25,Email,newsletter,email,Lifecycle,tablet,P008,16,13,13,3,2,1
2025-05-25,Email,newsletter,email,Lifecycle,tablet,P009,10,8,8,2,1,1
2025-05-25,Email,newsletter,email,Lifecycle,tablet,P010,15,13,12,3,2,1
2025-05-25,Email,newsletter,email,Lifecycle,tablet,P011,9,8,7,2,1,0
2025-05-25,Email,newsletter,email,Lifecycle,tablet,P012,14,12,11,2,1,1
2025-05-26,Paid Search,google,cpc,KSA Growth,desktop,P001,8,7,6,2,1,1
2025-05-26,Paid Search,google,cpc,KSA Growth,desktop,P002,13,11,10,2,1,1
2025-05-26,Paid Search,google,cpc,KSA Growth,desktop,P003,7,6,5,1,1,0
2025-05-26,Paid Search,google,cpc,KSA Growth,desktop,P004,12,10,9,2,1,1
2025-05-26,Paid Search,google,cpc,KSA Growth,desktop,P005,6,5,5,1,1,0
2025-05-26,Paid Search,google,cpc,KSA Growth,desktop,P006,11,9,8,2,1,1
2025-05-26,Paid Search,google,cpc,KSA Growth,desktop,P007,16,13,12,3,2,1
2025-05-26,Paid Search,google,cpc,KSA Growth,desktop,P008,10,9,8,2,1,1
2025-05-26,Paid Search,google,cpc,KSA Growth,desktop,P009,15,13,11,3,2,1
2025-05-26,Paid Search,google,cpc,KSA Growth,desktop,P010,9,8,7,2,1,1
2025-05-26,Paid Search,google,cpc,KSA Growth,desktop,P011,14,12,10,2,1,1
2025-05-26,Paid Search,google,cpc,KSA Growth,desktop,P012,8,7,6,1,1,1
2025-05-26,Paid Social,instagram,paid_social,Creator Offers,tablet,P001,10,8,8,2,1,1
2025-05-26,Paid Social,instagram,paid_social,Creator Offers,tablet,P002,14,12,11,2,1,1
2025-05-26,Paid Social,instagram,paid_social,Creator Offers,tablet,P003,9,7,7,1,1,1
2025-05-26,Paid Social,instagram,paid_social,Creator Offers,tablet,P004,13,11,10,2,1,1
2025-05-26,Paid Social,instagram,paid_social,Creator Offers,tablet,P005,8,7,6,1,1,0
2025-05-26,Paid Social,instagram,paid_social,Creator Offers,tablet,P006,12,10,9,2,1,1
2025-05-26,Paid Social,instagram,paid_social,Creator Offers,tablet,P007,7,6,6,1,1,0
2025-05-26,Paid Social,instagram,paid_social,Creator Offers,tablet,P008,11,10,9,2,1,1
2025-05-26,Paid Social,instagram,paid_social,Creator Offers,tablet,P009,7,5,5,1,1,0
2025-05-26,Paid Social,instagram,paid_social,Creator Offers,tablet,P010,11,9,8,2,1,1
2025-05-26,Paid Social,instagram,paid_social,Creator Offers,tablet,P011,6,5,4,1,1,0
2025-05-26,Paid Social,instagram,paid_social,Creator Offers,tablet,P012,10,8,7,1,1,1
2025-05-26,Affiliates,partners,affiliate,Partner Network,mobile,P001,12,8,9,2,1,1
2025-05-26,Affiliates,partners,affiliate,Partner Network,mobile,P002,7,5,6,1,0,0
2025-05-26,Affiliates,partners,affiliate,Partner Network,mobile,P003,11,8,9,1,1,1
2025-05-26,Affiliates,partners,affiliate,Partner Network,mobile,P004,6,5,5,1,0,0
2025-05-26,Affiliates,partners,affiliate,Partner Network,mobile,P005,10,7,8,1,1,0
2025-05-26,Affiliates,partners,affiliate,Partner Network,mobile,P006,5,4,4,1,0,0
2025-05-26,Affiliates,partners,affiliate,Partner Network,mobile,P007,9,7,7,1,1,0
2025-05-26,Affiliates,partners,affiliate,Partner Network,mobile,P008,13,10,10,2,1,1
2025-05-26,Affiliates,partners,affiliate,Partner Network,mobile,P009,8,6,7,1,1,0
2025-05-26,Affiliates,partners,affiliate,Partner Network,mobile,P010,12,9,10,2,1,1
2025-05-26,Affiliates,partners,affiliate,Partner Network,mobile,P011,8,6,6,1,1,0
2025-05-26,Affiliates,partners,affiliate,Partner Network,mobile,P012,12,8,9,2,1,1
2025-05-27,Direct,direct,none,Unassigned,tablet,P001,11,8,9,2,1,1
2025-05-27,Direct,direct,none,Unassigned,tablet,P002,16,12,13,3,2,1
2025-05-27,Direct,direct,none,Unassigned,tablet,P003,10,7,8,2,1,1
2025-05-27,Direct,direct,none,Unassigned,tablet,P004,15,11,12,3,2,1
2025-05-27,Direct,direct,none,Unassigned,tablet,P005,9,6,7,2,1,1
2025-05-27,Direct,direct,none,Unassigned,tablet,P006,14,10,11,3,2,1
2025-05-27,Direct,direct,none,Unassigned,tablet,P007,7,6,6,2,1,1
2025-05-27,Direct,direct,none,Unassigned,tablet,P008,13,10,11,3,2,1
2025-05-27,Direct,direct,none,Unassigned,tablet,P009,18,13,15,4,2,1
2025-05-27,Direct,direct,none,Unassigned,tablet,P010,12,9,10,2,2,1
2025-05-27,Direct,direct,none,Unassigned,tablet,P011,17,13,14,4,2,1
2025-05-27,Direct,direct,none,Unassigned,tablet,P012,11,8,9,2,1,1
2025-05-27,Email,newsletter,email,Lifecycle,mobile,P001,15,12,10,2,1,1
2025-05-27,Email,newsletter,email,Lifecycle,mobile,P002,8,7,5,1,1,0
2025-05-27,Email,newsletter,email,Lifecycle,mobile,P003,14,11,9,2,1,1
2025-05-27,Email,newsletter,email,Lifecycle,mobile,P004,19,16,13,3,1,1
2025-05-27,Email,newsletter,email,Lifecycle,mobile,P005,12,10,8,2,1,1
2025-05-27,Email,newsletter,email,Lifecycle,mobile,P006,18,15,12,3,1,1
2025-05-27,Email,newsletter,email,Lifecycle,mobile,P007,11,9,8,2,1,0
2025-05-27,Email,newsletter,email,Lifecycle,mobile,P008,17,14,12,2,1,1
2025-05-27,Email,newsletter,email,Lifecycle,mobile,P009,10,8,7,1,1,0
2025-05-27,Email,newsletter,email,Lifecycle,mobile,P010,16,13,11,2,1,1
2025-05-27,Email,newsletter,email,Lifecycle,mobile,P011,9,8,6,1,1,0
2025-05-27,Email,newsletter,email,Lifecycle,mobile,P012,15,12,10,2,1,1
2025-05-27,Organic Search,google,organic,Always-on SEO,desktop,P001,16,14,11,3,2,1
2025-05-27,Organic Search,google,organic,Always-on SEO,desktop,P002,10,8,7,2,1,1
2025-05-27,Organic Search,google,organic,Always-on SEO,desktop,P003,15,13,11,2,1,1
2025-05-27,Organic Search,google,organic,Always-on SEO,desktop,P004,9,8,6,1,1,1
2025-05-27,Organic Search,google,organic,Always-on SEO,desktop,P005,14,12,10,2,1,1
2025-05-27,Organic Search,google,organic,Always-on SEO,desktop,P006,8,7,6,1,1,0
2025-05-27,Organic Search,google,organic,Always-on SEO,desktop,P007,13,11,9,2,1,1
2025-05-27,Organic Search,google,organic,Always-on SEO,desktop,P008,7,6,5,1,1,0
2025-05-27,Organic Search,google,organic,Always-on SEO,desktop,P009,12,10,9,2,1,1
2025-05-27,Organic Search,google,organic,Always-on SEO,desktop,P010,16,14,12,3,2,1
2025-05-27,Organic Search,google,organic,Always-on SEO,desktop,P011,11,9,8,2,1,1
2025-05-27,Organic Search,google,organic,Always-on SEO,desktop,P012,16,14,11,2,2,1
2025-05-28,Paid Social,instagram,paid_social,Creator Offers,mobile,P001,7,6,5,1,1,0
2025-05-28,Paid Social,instagram,paid_social,Creator Offers,mobile,P002,9,8,7,1,1,1
2025-05-28,Paid Social,instagram,paid_social,Creator Offers,mobile,P003,6,5,5,1,0,0
2025-05-28,Paid Social,instagram,paid_social,Creator Offers,mobile,P004,9,8,7,1,1,1
2025-05-28,Paid Social,instagram,paid_social,Creator Offers,mobile,P005,5,5,4,1,0,0
2025-05-28,Paid Social,instagram,paid_social,Creator Offers,mobile,P006,8,7,7,1,1,1
2025-05-28,Paid Social,instagram,paid_social,Creator Offers,mobile,P007,5,4,4,1,0,0
2025-05-28,Paid Social,instagram,paid_social,Creator Offers,mobile,P008,8,7,6,1,1,1
2025-05-28,Paid Social,instagram,paid_social,Creator Offers,mobile,P009,4,3,3,1,0,0
2025-05-28,Paid Social,instagram,paid_social,Creator Offers,mobile,P010,7,6,6,1,1,0
2025-05-28,Paid Social,instagram,paid_social,Creator Offers,mobile,P011,10,9,8,1,1,1
2025-05-28,Paid Social,instagram,paid_social,Creator Offers,mobile,P012,6,6,5,1,0,0
2025-05-28,Affiliates,partners,affiliate,Partner Network,desktop,P001,9,6,7,2,1,1
2025-05-28,Affiliates,partners,affiliate,Partner Network,desktop,P002,5,4,4,1,1,0
2025-05-28,Affiliates,partners,affiliate,Partner Network,desktop,P003,8,6,6,2,1,1
2025-05-28,Affiliates,partners,affiliate,Partner Network,desktop,P004,4,3,3,1,1,0
2025-05-28,Affiliates,partners,affiliate,Partner Network,desktop,P005,8,6,6,2,1,1
2025-05-28,Affiliates,partners,affiliate,Partner Network,desktop,P006,11,8,8,2,1,1
2025-05-28,Affiliates,partners,affiliate,Partner Network,desktop,P007,7,5,5,1,1,1
2025-05-28,Affiliates,partners,affiliate,Partner Network,desktop,P008,10,7,7,2,1,1
2025-05-28,Affiliates,partners,affiliate,Partner Network,desktop,P009,6,5,5,1,1,1
2025-05-28,Affiliates,partners,affiliate,Partner Network,desktop,P010,10,7,7,2,1,1
2025-05-28,Affiliates,partners,affiliate,Partner Network,desktop,P011,6,4,4,1,1,1
2025-05-28,Affiliates,partners,affiliate,Partner Network,desktop,P012,9,6,7,2,1,1
2025-05-28,Paid Search,google,cpc,KSA Growth,tablet,P001,18,15,11,3,2,1
2025-05-28,Paid Search,google,cpc,KSA Growth,tablet,P002,11,10,7,2,1,1
2025-05-28,Paid Search,google,cpc,KSA Growth,tablet,P003,17,14,10,2,1,1
2025-05-28,Paid Search,google,cpc,KSA Growth,tablet,P004,10,9,7,2,1,0
2025-05-28,Paid Search,google,cpc,KSA Growth,tablet,P005,16,13,10,2,1,1
2025-05-28,Paid Search,google,cpc,KSA Growth,tablet,P006,9,8,6,1,1,0
2025-05-28,Paid Search,google,cpc,KSA Growth,tablet,P007,15,12,9,2,1,1
2025-05-28,Paid Search,google,cpc,KSA Growth,tablet,P008,8,7,5,1,1,0
2025-05-28,Paid Search,google,cpc,KSA Growth,tablet,P009,13,11,8,2,1,1
2025-05-28,Paid Search,google,cpc,KSA Growth,tablet,P010,7,6,5,1,1,0
2025-05-28,Paid Search,google,cpc,KSA Growth,tablet,P011,12,10,8,2,1,1
2025-05-28,Paid Search,google,cpc,KSA Growth,tablet,P012,18,15,11,3,1,1
2025-05-29,Email,newsletter,email,Lifecycle,desktop,P001,10,9,7,1,1,0
2025-05-29,Email,newsletter,email,Lifecycle,desktop,P002,14,12,10,2,1,1
2025-05-29,Email,newsletter,email,Lifecycle,desktop,P003,9,8,6,1,0,0
2025-05-29,Email,newsletter,email,Lifecycle,desktop,P004,13,12,9,2,1,1
2025-05-29,Email,newsletter,email,Lifecycle,desktop,P005,8,7,6,1,0,0
2025-05-29,Email,newsletter,email,Lifecycle,desktop,P006,13,11,9,1,1,1
2025-05-29,Email,newsletter,email,Lifecycle,desktop,P007,7,6,5,1,0,0
2025-05-29,Email,newsletter,email,Lifecycle,desktop,P008,12,10,8,1,1,1
2025-05-29,Email,newsletter,email,Lifecycle,desktop,P009,7,6,5,1,0,0
2025-05-29,Email,newsletter,email,Lifecycle,desktop,P010,11,9,8,1,1,1
2025-05-29,Email,newsletter,email,Lifecycle,desktop,P011,6,5,4,1,0,0
2025-05-29,Email,newsletter,email,Lifecycle,desktop,P012,10,9,7,1,1,0
2025-05-29,Organic Search,google,organic,Always-on SEO,tablet,P001,13,10,9,2,1,1
2025-05-29,Organic Search,google,organic,Always-on SEO,tablet,P002,8,6,5,1,1,0
2025-05-29,Organic Search,google,organic,Always-on SEO,tablet,P003,12,9,8,2,1,1
2025-05-29,Organic Search,google,organic,Always-on SEO,tablet,P004,7,5,5,1,0,0
2025-05-29,Organic Search,google,organic,Always-on SEO,tablet,P005,11,8,8,2,1,1
2025-05-29,Organic Search,google,organic,Always-on SEO,tablet,P006,6,5,4,1,0,0
2025-05-29,Organic Search,google,organic,Always-on SEO,tablet,P007,10,8,7,1,1,1
2025-05-29,Organic Search,google,organic,Always-on SEO,tablet,P008,14,11,10,2,1,1
2025-05-29,Organic Search,google,organic,Always-on SEO,tablet,P009,9,7,6,1,1,0
2025-05-29,Organic Search,google,organic,Always-on SEO,tablet,P010,14,10,9,2,1,1
2025-05-29,Organic Search,google,organic,Always-on SEO,tablet,P011,8,7,6,1,1,0
2025-05-29,Organic Search,google,organic,Always-on SEO,tablet,P012,13,10,9,2,1,1
2025-05-29,Direct,direct,none,Unassigned,mobile,P001,6,5,4,1,0,0
2025-05-29,Direct,direct,none,Unassigned,mobile,P002,11,8,7,2,1,1
2025-05-29,Direct,direct,none,Unassigned,mobile,P003,15,12,10,2,1,1
2025-05-29,Direct,direct,none,Unassigned,mobile,P004,10,8,6,1,1,1
2025-05-29,Direct,direct,none,Unassigned,mobile,P005,14,11,9,2,1,1
2025-05-29,Direct,direct,none,Unassigned,mobile,P006,9,7,6,1,1,0
2025-05-29,Direct,direct,none,Unassigned,mobile,P007,13,10,9,2,1,1
2025-05-29,Direct,direct,none,Unassigned,mobile,P008,8,6,5,1,1,0
2025-05-29,Direct,direct,none,Unassigned,mobile,P009,12,10,8,2,1,1
2025-05-29,Direct,direct,none,Unassigned,mobile,P010,7,5,5,1,0,0
2025-05-29,Direct,direct,none,Unassigned,mobile,P011,12,9,8,2,1,1
2025-05-29,Direct,direct,none,Unassigned,mobile,P012,6,5,4,1,0,0
2025-05-30,Affiliates,partners,affiliate,Partner Network,tablet,P001,12,9,8,2,1,1
2025-05-30,Affiliates,partners,affiliate,Partner Network,tablet,P002,7,5,4,1,1,1
2025-05-30,Affiliates,partners,affiliate,Partner Network,tablet,P003,11,8,7,2,1,1
2025-05-30,Affiliates,partners,affiliate,Partner Network,tablet,P004,16,12,11,3,2,1
2025-05-30,Affiliates,partners,affiliate,Partner Network,tablet,P005,10,7,7,2,1,1
2025-05-30,Affiliates,partners,affiliate,Partner Network,tablet,P006,15,11,10,3,2,1
2025-05-30,Affiliates,partners,affiliate,Partner Network,tablet,P007,9,7,6,2,1,1
2025-05-30,Affiliates,partners,affiliate,Partner Network,tablet,P008,14,10,9,3,2,1
2025-05-30,Affiliates,partners,affiliate,Partner Network,tablet,P009,9,6,6,2,1,1
2025-05-30,Affiliates,partners,affiliate,Partner Network,tablet,P010,13,9,9,2,2,1
2025-05-30,Affiliates,partners,affiliate,Partner Network,tablet,P011,8,5,5,1,1,1
2025-05-30,Affiliates,partners,affiliate,Partner Network,tablet,P012,12,9,8,2,1,1
2025-05-30,Paid Search,google,cpc,KSA Growth,mobile,P001,14,12,11,2,1,1
2025-05-30,Paid Search,google,cpc,KSA Growth,mobile,P002,8,8,7,1,1,0
2025-05-30,Paid Search,google,cpc,KSA Growth,mobile,P003,13,11,10,2,1,1
2025-05-30,Paid Search,google,cpc,KSA Growth,mobile,P004,8,7,6,1,1,0
2025-05-30,Paid Search,google,cpc,KSA Growth,mobile,P005,12,11,9,2,1,1
2025-05-30,Paid Search,google,cpc,KSA Growth,mobile,P006,7,6,5,1,0,0
2025-05-30,Paid Search,google,cpc,KSA Growth,mobile,P007,11,10,9,2,1,1
2025-05-30,Paid Search,google,cpc,KSA Growth,mobile,P008,6,5,5,1,0,0
2025-05-30,Paid Search,google,cpc,KSA Growth,mobile,P009,10,9,8,2,1,0
2025-05-30,Paid Search,google,cpc,KSA Growth,mobile,P010,14,13,11,2,1,1
2025-05-30,Paid Search,google,cpc,KSA Growth,mobile,P011,9,8,7,1,1,0
2025-05-30,Paid Search,google,cpc,KSA Growth,mobile,P012,14,12,10,2,1,1
2025-05-30,Paid Social,instagram,paid_social,Creator Offers,desktop,P001,8,6,7,2,1,1
2025-05-30,Paid Social,instagram,paid_social,Creator Offers,desktop,P002,14,10,11,3,2,1
2025-05-30,Paid Social,instagram,paid_social,Creator Offers,desktop,P003,7,5,6,2,1,1
2025-05-30,Paid Social,instagram,paid_social,Creator Offers,desktop,P004,13,9,10,3,2,1
2025-05-30,Paid Social,instagram,paid_social,Creator Offers,desktop,P005,18,13,14,4,2,1
2025-05-30,Paid Social,instagram,paid_social,Creator Offers,desktop,P006,12,9,9,2,2,1
2025-05-30,Paid Social,instagram,paid_social,Creator Offers,desktop,P007,17,12,13,4,2,1
2025-05-30,Paid Social,instagram,paid_social,Creator Offers,desktop,P008,11,8,8,2,1,1
2025-05-30,Paid Social,instagram,paid_social,Creator Offers,desktop,P009,16,12,12,3,2,1
2025-05-30,Paid Social,instagram,paid_social,Creator Offers,desktop,P010,9,7,7,2,1,1
2025-05-30,Paid Social,instagram,paid_social,Creator Offers,desktop,P011,15,11,11,3,2,1
2025-05-30,Paid Social,instagram,paid_social,Creator Offers,desktop,P012,8,6,7,2,1,1
2025-05-31,Organic Search,google,organic,Always-on SEO,mobile,P001,13,10,10,2,1,1
2025-05-31,Organic Search,google,organic,Always-on SEO,mobile,P002,7,6,6,1,1,0
2025-05-31,Organic Search,google,organic,Always-on SEO,mobile,P003,12,9,10,2,1,1
2025-05-31,Organic Search,google,organic,Always-on SEO,mobile,P004,6,5,5,1,1,0
2025-05-31,Organic Search,google,organic,Always-on SEO,mobile,P005,11,9,9,2,1,1
2025-05-31,Organic Search,google,organic,Always-on SEO,mobile,P006,16,12,13,3,2,1
2025-05-31,Organic Search,google,organic,Always-on SEO,mobile,P007,10,8,8,2,1,1
2025-05-31,Organic Search,google,organic,Always-on SEO,mobile,P008,15,11,12,3,1,1
2025-05-31,Organic Search,google,organic,Always-on SEO,mobile,P009,9,7,7,2,1,1
2025-05-31,Organic Search,google,organic,Always-on SEO,mobile,P010,14,11,11,3,1,1
2025-05-31,Organic Search,google,organic,Always-on SEO,mobile,P011,8,6,7,2,1,0
2025-05-31,Organic Search,google,organic,Always-on SEO,mobile,P012,13,10,10,2,1,1
2025-05-31,Direct,direct,none,Unassigned,desktop,P001,11,8,7,2,1,1
2025-05-31,Direct,direct,none,Unassigned,desktop,P002,7,6,5,1,1,0
2025-05-31,Direct,direct,none,Unassigned,desktop,P003,10,8,7,1,1,1
2025-05-31,Direct,direct,none,Unassigned,desktop,P004,6,5,4,1,0,0
2025-05-31,Direct,direct,none,Unassigned,desktop,P005,10,7,6,1,1,1
2025-05-31,Direct,direct,none,Unassigned,desktop,P006,6,5,4,1,0,0
2025-05-31,Direct,direct,none,Unassigned,desktop,P007,9,7,6,1,1,1
2025-05-31,Direct,direct,none,Unassigned,desktop,P008,5,4,3,1,0,0
2025-05-31,Direct,direct,none,Unassigned,desktop,P009,8,6,6,1,1,1
2025-05-31,Direct,direct,none,Unassigned,desktop,P010,4,4,3,1,0,0
2025-05-31,Direct,direct,none,Unassigned,desktop,P011,8,6,5,1,1,0
2025-05-31,Direct,direct,none,Unassigned,desktop,P012,11,8,7,2,1,1
2025-05-31,Email,newsletter,email,Lifecycle,tablet,P001,9,8,7,1,1,0
2025-05-31,Email,newsletter,email,Lifecycle,tablet,P002,13,12,10,2,1,1
2025-05-31,Email,newsletter,email,Lifecycle,tablet,P003,8,7,6,1,1,0
2025-05-31,Email,newsletter,email,Lifecycle,tablet,P004,12,11,10,2,1,1
2025-05-31,Email,newsletter,email,Lifecycle,tablet,P005,7,6,5,1,1,0
2025-05-31,Email,newsletter,email,Lifecycle,tablet,P006,11,10,9,2,1,1
2025-05-31,Email,newsletter,email,Lifecycle,tablet,P007,16,15,13,3,1,1
2025-05-31,Email,newsletter,email,Lifecycle,tablet,P008,11,9,8,2,1,1
2025-05-31,Email,newsletter,email,Lifecycle,tablet,P009,15,14,12,3,1,1
2025-05-31,Email,newsletter,email,Lifecycle,tablet,P010,10,8,7,2,1,1
2025-05-31,Email,newsletter,email,Lifecycle,tablet,P011,14,13,11,2,1,1
2025-05-31,Email,newsletter,email,Lifecycle,tablet,P012,9,8,7,1,1,0
2025-06-01,Paid Search,google,cpc,KSA Growth,desktop,P001,12,10,9,2,1,1
2025-06-01,Paid Search,google,cpc,KSA Growth,desktop,P002,7,6,5,1,1,0
2025-06-01,Paid Search,google,cpc,KSA Growth,desktop,P003,11,9,8,2,1,1
2025-06-01,Paid Search,google,cpc,KSA Growth,desktop,P004,6,5,5,1,1,0
2025-06-01,Paid Search,google,cpc,KSA Growth,desktop,P005,10,9,7,2,1,1
2025-06-01,Paid Search,google,cpc,KSA Growth,desktop,P006,6,5,4,1,1,0
2025-06-01,Paid Search,google,cpc,KSA Growth,desktop,P007,9,8,7,2,1,1
2025-06-01,Paid Search,google,cpc,KSA Growth,desktop,P008,13,11,10,3,2,1
2025-06-01,Paid Search,google,cpc,KSA Growth,desktop,P009,9,7,6,2,1,1
2025-06-01,Paid Search,google,cpc,KSA Growth,desktop,P010,13,10,9,2,1,1
2025-06-01,Paid Search,google,cpc,KSA Growth,desktop,P011,8,7,6,2,1,1
2025-06-01,Paid Search,google,cpc,KSA Growth,desktop,P012,12,10,8,2,1,1
2025-06-01,Paid Social,instagram,paid_social,Creator Offers,tablet,P001,8,7,6,1,1,1
2025-06-01,Paid Social,instagram,paid_social,Creator Offers,tablet,P002,13,12,10,2,1,1
2025-06-01,Paid Social,instagram,paid_social,Creator Offers,tablet,P003,19,16,14,3,2,1
2025-06-01,Paid Social,instagram,paid_social,Creator Offers,tablet,P004,12,11,9,2,1,1
2025-06-01,Paid Social,instagram,paid_social,Creator Offers,tablet,P005,18,15,13,3,2,1
2025-06-01,Paid Social,instagram,paid_social,Creator Offers,tablet,P006,11,10,8,2,1,1
2025-06-01,Paid Social,instagram,paid_social,Creator Offers,tablet,P007,17,14,12,3,2,1
2025-06-01,Paid Social,instagram,paid_social,Creator Offers,tablet,P008,10,9,7,2,1,1
2025-06-01,Paid Social,instagram,paid_social,Creator Offers,tablet,P009,15,13,11,3,2,1
2025-06-01,Paid Social,instagram,paid_social,Creator Offers,tablet,P010,9,8,6,2,1,1
2025-06-01,Paid Social,instagram,paid_social,Creator Offers,tablet,P011,14,12,10,3,2,1
2025-06-01,Paid Social,instagram,paid_social,Creator Offers,tablet,P012,8,7,6,1,1,1
2025-06-01,Affiliates,partners,affiliate,Partner Network,mobile,P001,10,9,7,2,1,1
2025-06-01,Affiliates,partners,affiliate,Partner Network,mobile,P002,16,13,10,3,2,1
2025-06-01,Affiliates,partners,affiliate,Partner Network,mobile,P003,9,8,6,2,1,1
2025-06-01,Affiliates,partners,affiliate,Partner Network,mobile,P004,15,12,9,3,2,1
2025-06-01,Affiliates,partners,affiliate,Partner Network,mobile,P005,8,7,5,1,1,1
2025-06-01,Affiliates,partners,affiliate,Partner Network,mobile,P006,14,11,9,2,2,1
2025-06-01,Affiliates,partners,affiliate,Partner Network,mobile,P007,7,6,5,1,1,1
2025-06-01,Affiliates,partners,affiliate,Partner Network,mobile,P008,12,10,8,2,2,1
2025-06-01,Affiliates,partners,affiliate,Partner Network,mobile,P009,18,15,11,3,2,1
2025-06-01,Affiliates,partners,affiliate,Partner Network,mobile,P010,11,10,7,2,1,1
2025-06-01,Affiliates,partners,affiliate,Partner Network,mobile,P011,17,14,11,3,2,1
2025-06-01,Affiliates,partners,affiliate,Partner Network,mobile,P012,10,9,7,2,1,1
2025-06-02,Direct,direct,none,Unassigned,tablet,P001,13,11,9,2,1,1
2025-06-02,Direct,direct,none,Unassigned,tablet,P002,8,7,6,1,1,1
2025-06-02,Direct,direct,none,Unassigned,tablet,P003,12,10,8,2,1,1
2025-06-02,Direct,direct,none,Unassigned,tablet,P004,7,6,5,1,1,0
2025-06-02,Direct,direct,none,Unassigned,tablet,P005,11,9,8,2,1,1
2025-06-02,Direct,direct,none,Unassigned,tablet,P006,7,5,4,1,1,0
2025-06-02,Direct,direct,none,Unassigned,tablet,P007,11,9,7,2,1,1
2025-06-02,Direct,direct,none,Unassigned,tablet,P008,6,5,4,1,1,0
2025-06-02,Direct,direct,none,Unassigned,tablet,P009,10,8,7,1,1,1
2025-06-02,Direct,direct,none,Unassigned,tablet,P010,14,11,10,2,1,1
2025-06-02,Direct,direct,none,Unassigned,tablet,P011,9,7,6,1,1,1
2025-06-02,Direct,direct,none,Unassigned,tablet,P012,13,11,9,2,1,1
2025-06-02,Email,newsletter,email,Lifecycle,mobile,P001,9,7,6,1,1,0
2025-06-02,Email,newsletter,email,Lifecycle,mobile,P002,15,12,10,2,1,1
2025-06-02,Email,newsletter,email,Lifecycle,mobile,P003,8,6,6,1,0,0
2025-06-02,Email,newsletter,email,Lifecycle,mobile,P004,14,11,10,2,1,1
2025-06-02,Email,newsletter,email,Lifecycle,mobile,P005,20,16,13,2,1,1
2025-06-02,Email,newsletter,email,Lifecycle,mobile,P006,13,10,9,2,1,1
2025-06-02,Email,newsletter,email,Lifecycle,mobile,P007,19,15,13,2,1,1
2025-06-02,Email,newsletter,email,Lifecycle,mobile,P008,12,9,8,2,1,0
2025-06-02,Email,newsletter,email,Lifecycle,mobile,P009,18,14,12,2,1,1
2025-06-02,Email,newsletter,email,Lifecycle,mobile,P010,11,8,7,1,1,0
2025-06-02,Email,newsletter,email,Lifecycle,mobile,P011,16,13,11,2,1,1
2025-06-02,Email,newsletter,email,Lifecycle,mobile,P012,9,7,6,1,1,0
2025-06-02,Organic Search,google,organic,Always-on SEO,desktop,P001,7,6,6,1,1,0
2025-06-02,Organic Search,google,organic,Always-on SEO,desktop,P002,11,8,8,1,1,1
2025-06-02,Organic Search,google,organic,Always-on SEO,desktop,P003,7,5,5,1,0,0
2025-06-02,Organic Search,google,organic,Always-on SEO,desktop,P004,10,8,8,1,1,1
2025-06-02,Organic Search,google,organic,Always-on SEO,desktop,P005,6,4,4,1,0,0
2025-06-02,Organic Search,google,organic,Always-on SEO,desktop,P006,9,7,7,1,1,1
2025-06-02,Organic Search,google,organic,Always-on SEO,desktop,P007,5,4,4,1,0,0
2025-06-02,Organic Search,google,organic,Always-on SEO,desktop,P008,9,7,7,1,1,1
2025-06-02,Organic Search,google,organic,Always-on SEO,desktop,P009,5,3,3,1,0,0
2025-06-02,Organic Search,google,organic,Always-on SEO,desktop,P010,8,6,6,1,1,1
2025-06-02,Organic Search,google,organic,Always-on SEO,desktop,P011,11,9,9,2,1,1
2025-06-02,Organic Search,google,organic,Always-on SEO,desktop,P012,7,5,6,1,1,0
2025-06-03,Paid Social,instagram,paid_social,Creator Offers,mobile,P001,13,12,10,3,2,1
2025-06-03,Paid Social,instagram,paid_social,Creator Offers,mobile,P002,9,8,6,2,1,1
2025-06-03,Paid Social,instagram,paid_social,Creator Offers,mobile,P003,13,11,9,2,2,1
2025-06-03,Paid Social,instagram,paid_social,Creator Offers,mobile,P004,8,7,6,2,1,1
2025-06-03,Paid Social,instagram,paid_social,Creator Offers,mobile,P005,12,11,9,2,1,1
2025-06-03,Paid Social,instagram,paid_social,Creator Offers,mobile,P006,7,6,5,1,1,1
2025-06-03,Paid Social,instagram,paid_social,Creator Offers,mobile,P007,11,10,8,2,1,1
2025-06-03,Paid Social,instagram,paid_social,Creator Offers,mobile,P008,6,6,5,1,1,1
2025-06-03,Paid Social,instagram,paid_social,Creator Offers,mobile,P009,10,9,7,2,1,1
2025-06-03,Paid Social,instagram,paid_social,Creator Offers,mobile,P010,6,5,4,1,1,0
2025-06-03,Paid Social,instagram,paid_social,Creator Offers,mobile,P011,10,8,7,2,1,1
2025-06-03,Paid Social,instagram,paid_social,Creator Offers,mobile,P012,13,12,10,3,2,1
2025-06-03,Affiliates,partners,affiliate,Partner Network,desktop,P001,8,6,6,1,1,0
2025-06-03,Affiliates,partners,affiliate,Partner Network,desktop,P002,12,9,9,2,1,1
2025-06-03,Affiliates,partners,affiliate,Partner Network,desktop,P003,7,5,5,1,0,0
2025-06-03,Affiliates,partners,affiliate,Partner Network,desktop,P004,11,8,8,2,1,1
2025-06-03,Affiliates,partners,affiliate,Partner Network,desktop,P005,6,4,4,1,0,0
2025-06-03,Affiliates,partners,affiliate,Partner Network,desktop,P006,10,7,7,2,1,1
2025-06-03,Affiliates,partners,affiliate,Partner Network,desktop,P007,14,11,10,2,1,1
2025-06-03,Affiliates,partners,affiliate,Partner Network,desktop,P008,9,7,7,2,1,1
2025-06-03,Affiliates,partners,affiliate,Partner Network,desktop,P009,13,10,10,2,1,1
2025-06-03,Affiliates,partners,affiliate,Partner Network,desktop,P010,8,6,6,1,1,1
2025-06-03,Affiliates,partners,affiliate,Partner Network,desktop,P011,13,9,9,2,1,1
2025-06-03,Affiliates,partners,affiliate,Partner Network,desktop,P012,8,6,5,1,1,0
2025-06-03,Paid Search,google,cpc,KSA Growth,tablet,P001,13,11,11,3,2,1
2025-06-03,Paid Search,google,cpc,KSA Growth,tablet,P002,19,16,15,4,3,2
2025-06-03,Paid Search,google,cpc,KSA Growth,tablet,P003,12,10,10,3,2,1
2025-06-03,Paid Search,google,cpc,KSA Growth,tablet,P004,18,15,14,4,2,2
2025-06-03,Paid Search,google,cpc,KSA Growth,tablet,P005,11,10,9,3,2,1
2025-06-03,Paid Search,google,cpc,KSA Growth,tablet,P006,17,14,13,4,2,2
2025-06-03,Paid Search,google,cpc,KSA Growth,tablet,P007,10,9,8,2,1,1
2025-06-03,Paid Search,google,cpc,KSA Growth,tablet,P008,15,13,12,3,2,2
2025-06-03,Paid Search,google,cpc,KSA Growth,tablet,P009,9,8,7,2,1,1
2025-06-03,Paid Search,google,cpc,KSA Growth,tablet,P010,14,12,11,3,2,1
2025-06-03,Paid Search,google,cpc,KSA Growth,tablet,P011,8,7,6,2,1,1
2025-06-03,Paid Search,google,cpc,KSA Growth,tablet,P012,13,11,11,3,2,1
2025-06-04,Email,newsletter,email,Lifecycle,desktop,P001,6,5,4,1,1,0
2025-06-04,Email,newsletter,email,Lifecycle,desktop,P002,9,8,7,2,1,1
2025-06-04,Email,newsletter,email,Lifecycle,desktop,P003,13,12,10,3,2,1
2025-06-04,Email,newsletter,email,Lifecycle,desktop,P004,9,8,7,2,1,1
2025-06-04,Email,newsletter,email,Lifecycle,desktop,P005,13,11,10,2,1,1
2025-06-04,Email,newsletter,email,Lifecycle,desktop,P006,8,7,6,1,1,1
2025-06-04,Email,newsletter,email,Lifecycle,desktop,P007,12,11,9,2,1,1
2025-06-04,Email,newsletter,email,Lifecycle,desktop,P008,7,6,5,1,1,1
2025-06-04,Email,newsletter,email,Lifecycle,desktop,P009,11,10,9,2,1,1
2025-06-04,Email,newsletter,email,Lifecycle,desktop,P010,6,6,5,1,1,1
2025-06-04,Email,newsletter,email,Lifecycle,desktop,P011,10,9,8,2,1,1
2025-06-04,Email,newsletter,email,Lifecycle,desktop,P012,5,5,4,1,1,0
2025-06-04,Organic Search,google,organic,Always-on SEO,tablet,P001,8,6,7,2,1,1
2025-06-04,Organic Search,google,organic,Always-on SEO,tablet,P002,13,10,10,3,2,1
2025-06-04,Organic Search,google,organic,Always-on SEO,tablet,P003,8,6,6,2,1,1
2025-06-04,Organic Search,google,organic,Always-on SEO,tablet,P004,12,9,10,2,2,1
2025-06-04,Organic Search,google,organic,Always-on SEO,tablet,P005,7,5,5,1,1,1
2025-06-04,Organic Search,google,organic,Always-on SEO,tablet,P006,11,8,9,2,1,1
2025-06-04,Organic Search,google,organic,Always-on SEO,tablet,P007,6,4,5,1,1,1
2025-06-04,Organic Search,google,organic,Always-on SEO,tablet,P008,10,8,8,2,1,1
2025-06-04,Organic Search,google,organic,Always-on SEO,tablet,P009,14,11,12,3,2,1
2025-06-04,Organic Search,google,organic,Always-on SEO,tablet,P010,9,7,7,2,1,1
2025-06-04,Organic Search,google,organic,Always-on SEO,tablet,P011,14,10,11,3,2,1
2025-06-04,Organic Search,google,organic,Always-on SEO,tablet,P012,8,6,7,2,1,1
2025-06-04,Direct,direct,none,Unassigned,mobile,P001,8,7,6,1,1,1
2025-06-04,Direct,direct,none,Unassigned,mobile,P002,4,4,3,1,0,0
2025-06-04,Direct,direct,none,Unassigned,mobile,P003,8,6,6,1,1,0
2025-06-04,Direct,direct,none,Unassigned,mobile,P004,11,9,8,2,1,1
2025-06-04,Direct,direct,none,Unassigned,mobile,P005,7,6,5,1,0,0
2025-06-04,Direct,direct,none,Unassigned,mobile,P006,10,8,7,1,1,1
2025-06-04,Direct,direct,none,Unassigned,mobile,P007,6,5,5,1,0,0
2025-06-04,Direct,direct,none,Unassigned,mobile,P008,9,8,7,1,1,1
2025-06-04,Direct,direct,none,Unassigned,mobile,P009,6,5,4,1,0,0
2025-06-04,Direct,direct,none,Unassigned,mobile,P010,9,7,7,1,1,1
2025-06-04,Direct,direct,none,Unassigned,mobile,P011,5,4,4,1,0,0
2025-06-04,Direct,direct,none,Unassigned,mobile,P012,8,7,6,1,1,0
2025-06-05,Affiliates,partners,affiliate,Partner Network,tablet,P001,8,6,6,2,1,1
2025-06-05,Affiliates,partners,affiliate,Partner Network,tablet,P002,12,9,10,3,2,1
2025-06-05,Affiliates,partners,affiliate,Partner Network,tablet,P003,7,5,5,1,1,0
2025-06-05,Affiliates,partners,affiliate,Partner Network,tablet,P004,11,8,9,2,2,1
2025-06-05,Affiliates,partners,affiliate,Partner Network,tablet,P005,16,12,13,3,2,1
2025-06-05,Affiliates,partners,affiliate,Partner Network,tablet,P006,10,8,8,2,2,1
2025-06-05,Affiliates,partners,affiliate,Partner Network,tablet,P007,15,11,12,3,2,1
2025-06-05,Affiliates,partners,affiliate,Partner Network,tablet,P008,10,7,7,2,1,1
2025-06-05,Affiliates,partners,affiliate,Partner Network,tablet,P009,14,10,11,3,2,1
2025-06-05,Affiliates,partners,affiliate,Partner Network,tablet,P010,9,6,7,2,1,1
2025-06-05,Affiliates,partners,affiliate,Partner Network,tablet,P011,13,10,10,3,2,1
2025-06-05,Affiliates,partners,affiliate,Partner Network,tablet,P012,8,6,6,2,1,1
2025-06-05,Paid Search,google,cpc,KSA Growth,mobile,P001,12,11,9,2,1,1
2025-06-05,Paid Search,google,cpc,KSA Growth,mobile,P002,18,15,13,2,1,1
2025-06-05,Paid Search,google,cpc,KSA Growth,mobile,P003,11,10,8,2,1,0
2025-06-05,Paid Search,google,cpc,KSA Growth,mobile,P004,17,14,12,2,1,1
2025-06-05,Paid Search,google,cpc,KSA Growth,mobile,P005,10,9,7,1,1,0
2025-06-05,Paid Search,google,cpc,KSA Growth,mobile,P006,15,13,11,2,1,1
2025-06-05,Paid Search,google,cpc,KSA Growth,mobile,P007,9,8,6,1,1,0
2025-06-05,Paid Search,google,cpc,KSA Growth,mobile,P008,14,12,10,2,1,1
2025-06-05,Paid Search,google,cpc,KSA Growth,mobile,P009,8,7,6,1,0,0
2025-06-05,Paid Search,google,cpc,KSA Growth,mobile,P010,13,12,10,2,1,1
2025-06-05,Paid Search,google,cpc,KSA Growth,mobile,P011,19,16,13,3,1,1
2025-06-05,Paid Search,google,cpc,KSA Growth,mobile,P012,12,11,9,2,1,1
2025-06-05,Paid Social,instagram,paid_social,Creator Offers,desktop,P001,17,15,12,3,2,1
2025-06-05,Paid Social,instagram,paid_social,Creator Offers,desktop,P002,10,8,7,2,1,1
2025-06-05,Paid Social,instagram,paid_social,Creator Offers,desktop,P003,15,14,11,3,2,1
2025-06-05,Paid Social,instagram,paid_social,Creator Offers,desktop,P004,8,7,6,1,1,1
2025-06-05,Paid Social,instagram,paid_social,Creator Offers,desktop,P005,14,13,10,3,2,1
2025-06-05,Paid Social,instagram,paid_social,Creator Offers,desktop,P006,20,18,14,4,3,1
2025-06-05,Paid Social,instagram,paid_social,Creator Offers,desktop,P007,13,12,9,2,2,1
2025-06-05,Paid Social,instagram,paid_social,Creator Offers,desktop,P008,19,17,14,3,2,1
2025-06-05,Paid Social,instagram,paid_social,Creator Offers,desktop,P009,12,10,8,2,1,1
2025-06-05,Paid Social,instagram,paid_social,Creator Offers,desktop,P010,18,16,13,3,2,1
2025-06-05,Paid Social,instagram,paid_social,Creator Offers,desktop,P011,11,9,8,2,1,1
2025-06-05,Paid Social,instagram,paid_social,Creator Offers,desktop,P012,17,15,12,3,2,1
2025-06-06,Organic Search,google,organic,Always-on SEO,mobile,P001,6,4,5,1,1,0
2025-06-06,Organic Search,google,organic,Always-on SEO,mobile,P002,9,7,7,1,1,1
2025-06-06,Organic Search,google,organic,Always-on SEO,mobile,P003,5,4,4,1,0,0
2025-06-06,Organic Search,google,organic,Always-on SEO,mobile,P004,8,6,6,1,1,1
2025-06-06,Organic Search,google,organic,Always-on SEO,mobile,P005,5,3,4,1,0,0
2025-06-06,Organic Search,google,organic,Always-on SEO,mobile,P006,8,6,6,1,1,0
2025-06-06,Organic Search,google,organic,Always-on SEO,mobile,P007,11,8,8,2,1,1
2025-06-06,Organic Search,google,organic,Always-on SEO,mobile,P008,7,5,5,1,1,0
2025-06-06,Organic Search,google,organic,Always-on SEO,mobile,P009,10,7,8,2,1,1
2025-06-06,Organic Search,google,organic,Always-on SEO,mobile,P010,6,5,5,1,1,0
2025-06-06,Organic Search,google,organic,Always-on SEO,mobile,P011,10,7,7,1,1,1
2025-06-06,Organic Search,google,organic,Always-on SEO,mobile,P012,6,4,5,1,0,0
2025-06-06,Direct,direct,none,Unassigned,desktop,P001,10,8,7,2,1,1
2025-06-06,Direct,direct,none,Unassigned,desktop,P002,14,11,10,2,1,1
2025-06-06,Direct,direct,none,Unassigned,desktop,P003,9,7,6,2,1,1
2025-06-06,Direct,direct,none,Unassigned,desktop,P004,13,10,9,2,1,1
2025-06-06,Direct,direct,none,Unassigned,desktop,P005,8,6,6,1,1,0
2025-06-06,Direct,direct,none,Unassigned,desktop,P006,13,9,9,2,1,1
2025-06-06,Direct,direct,none,Unassigned,desktop,P007,7,6,5,1,1,0
2025-06-06,Direct,direct,none,Unassigned,desktop,P008,12,9,8,2,1,1
2025-06-06,Direct,direct,none,Unassigned,desktop,P009,7,5,5,1,0,0
2025-06-06,Direct,direct,none,Unassigned,desktop,P010,11,8,8,2,1,1
2025-06-06,Direct,direct,none,Unassigned,desktop,P011,6,4,4,1,0,0
2025-06-06,Direct,direct,none,Unassigned,desktop,P012,10,8,7,2,1,1
2025-06-06,Email,newsletter,email,Lifecycle,tablet,P001,9,7,7,1,1,1
2025-06-06,Email,newsletter,email,Lifecycle,tablet,P002,5,4,4,1,0,0
2025-06-06,Email,newsletter,email,Lifecycle,tablet,P003,8,7,6,1,1,1
2025-06-06,Email,newsletter,email,Lifecycle,tablet,P004,5,4,4,1,0,0
2025-06-06,Email,newsletter,email,Lifecycle,tablet,P005,8,6,6,1,1,0
2025-06-06,Email,newsletter,email,Lifecycle,tablet,P006,4,4,3,1,0,0
2025-06-06,Email,newsletter,email,Lifecycle,tablet,P007,7,6,5,1,1,0
2025-06-06,Email,newsletter,email,Lifecycle,tablet,P008,10,8,8,2,1,1
2025-06-06,Email,newsletter,email,Lifecycle,tablet,P009,7,5,5,1,0,0
2025-06-06,Email,newsletter,email,Lifecycle,tablet,P010,9,8,7,1,1,1
2025-06-06,Email,newsletter,email,Lifecycle,tablet,P011,6,5,5,1,0,0
2025-06-06,Email,newsletter,email,Lifecycle,tablet,P012,9,7,7,1,1,1
2025-06-07,Paid Search,google,cpc,KSA Growth,desktop,P001,12,10,10,2,1,1
2025-06-07,Paid Search,google,cpc,KSA Growth,desktop,P002,17,16,14,3,2,1
2025-06-07,Paid Search,google,cpc,KSA Growth,desktop,P003,10,9,9,2,1,1
2025-06-07,Paid Search,google,cpc,KSA Growth,desktop,P004,16,15,13,3,2,1
2025-06-07,Paid Search,google,cpc,KSA Growth,desktop,P005,9,8,8,2,1,1
2025-06-07,Paid Search,google,cpc,KSA Growth,desktop,P006,15,14,12,2,2,1
2025-06-07,Paid Search,google,cpc,KSA Growth,desktop,P007,8,7,7,1,1,1
2025-06-07,Paid Search,google,cpc,KSA Growth,desktop,P008,14,12,11,2,2,1
2025-06-07,Paid Search,google,cpc,KSA Growth,desktop,P009,20,18,16,3,2,1
2025-06-07,Paid Search,google,cpc,KSA Growth,desktop,P010,13,11,10,2,2,1
2025-06-07,Paid Search,google,cpc,KSA Growth,desktop,P011,18,17,15,3,2,1
2025-06-07,Paid Search,google,cpc,KSA Growth,desktop,P012,12,10,9,2,1,1
2025-06-07,Paid Social,instagram,paid_social,Creator Offers,tablet,P001,7,6,6,2,1,1
2025-06-07,Paid Social,instagram,paid_social,Creator Offers,tablet,P002,4,3,3,1,0,0
2025-06-07,Paid Social,instagram,paid_social,Creator Offers,tablet,P003,7,5,5,1,1,1
2025-06-07,Paid Social,instagram,paid_social,Creator Offers,tablet,P004,10,8,7,2,1,1
2025-06-07,Paid Social,instagram,paid_social,Creator Offers,tablet,P005,6,5,5,1,1,0
2025-06-07,Paid Social,instagram,paid_social,Creator Offers,tablet,P006,9,7,7,2,1,1
2025-06-07,Paid Social,instagram,paid_social,Creator Offers,tablet,P007,6,5,4,1,1,0
2025-06-07,Paid Social,instagram,paid_social,Creator Offers,tablet,P008,8,7,7,2,1,1
2025-06-07,Paid Social,instagram,paid_social,Creator Offers,tablet,P009,5,4,4,1,1,0
2025-06-07,Paid Social,instagram,paid_social,Creator Offers,tablet,P010,8,6,6,2,1,1
2025-06-07,Paid Social,instagram,paid_social,Creator Offers,tablet,P011,5,4,4,1,0,0
2025-06-07,Paid Social,instagram,paid_social,Creator Offers,tablet,P012,7,6,6,1,1,1
2025-06-07,Affiliates,partners,affiliate,Partner Network,mobile,P001,14,10,10,2,1,1
2025-06-07,Affiliates,partners,affiliate,Partner Network,mobile,P002,9,6,6,1,1,1
2025-06-07,Affiliates,partners,affiliate,Partner Network,mobile,P003,13,10,9,2,1,1
2025-06-07,Affiliates,partners,affiliate,Partner Network,mobile,P004,8,6,5,1,1,0
2025-06-07,Affiliates,partners,affiliate,Partner Network,mobile,P005,12,9,8,2,1,1
2025-06-07,Affiliates,partners,affiliate,Partner Network,mobile,P006,7,5,5,1,1,0
2025-06-07,Affiliates,partners,affiliate,Partner Network,mobile,P007,11,8,8,2,1,1
2025-06-07,Affiliates,partners,affiliate,Partner Network,mobile,P008,6,4,4,1,1,0
2025-06-07,Affiliates,partners,affiliate,Partner Network,mobile,P009,10,8,7,2,1,1
2025-06-07,Affiliates,partners,affiliate,Partner Network,mobile,P010,15,11,10,2,1,1
2025-06-07,Affiliates,partners,affiliate,Partner Network,mobile,P011,10,7,7,1,1,1
2025-06-07,Affiliates,partners,affiliate,Partner Network,mobile,P012,14,10,9,2,1,1
2025-06-08,Direct,direct,none,Unassigned,tablet,P001,7,6,5,1,1,0
2025-06-08,Direct,direct,none,Unassigned,tablet,P002,10,8,7,2,1,1
2025-06-08,Direct,direct,none,Unassigned,tablet,P003,6,5,5,1,1,0
2025-06-08,Direct,direct,none,Unassigned,tablet,P004,9,8,7,2,1,1
2025-06-08,Direct,direct,none,Unassigned,tablet,P005,5,5,4,1,1,0
2025-06-08,Direct,direct,none,Unassigned,tablet,P006,8,7,6,1,1,1
2025-06-08,Direct,direct,none,Unassigned,tablet,P007,5,4,4,1,0,0
2025-06-08,Direct,direct,none,Unassigned,tablet,P008,8,7,6,1,1,1
2025-06-08,Direct,direct,none,Unassigned,tablet,P009,4,4,3,1,0,0
2025-06-08,Direct,direct,none,Unassigned,tablet,P010,7,6,5,1,1,1
2025-06-08,Direct,direct,none,Unassigned,tablet,P011,10,9,8,2,1,1
2025-06-08,Direct,direct,none,Unassigned,tablet,P012,7,6,5,1,1,0
2025-06-08,Email,newsletter,email,Lifecycle,mobile,P001,10,8,6,2,1,1
2025-06-08,Email,newsletter,email,Lifecycle,mobile,P002,6,5,4,1,0,0
2025-06-08,Email,newsletter,email,Lifecycle,mobile,P003,9,8,6,1,1,0
2025-06-08,Email,newsletter,email,Lifecycle,mobile,P004,5,4,3,1,0,0
2025-06-08,Email,newsletter,email,Lifecycle,mobile,P005,8,7,6,1,1,0
2025-06-08,Email,newsletter,email,Lifecycle,mobile,P006,12,10,8,2,1,1
2025-06-08,Email,newsletter,email,Lifecycle,mobile,P007,8,6,5,1,1,0
2025-06-08,Email,newsletter,email,Lifecycle,mobile,P008,11,9,7,2,1,1
2025-06-08,Email,newsletter,email,Lifecycle,mobile,P009,7,6,5,1,0,0
2025-06-08,Email,newsletter,email,Lifecycle,mobile,P010,10,9,7,2,1,1
2025-06-08,Email,newsletter,email,Lifecycle,mobile,P011,6,5,4,1,0,0
2025-06-08,Email,newsletter,email,Lifecycle,mobile,P012,10,8,6,2,1,1
2025-06-08,Organic Search,google,organic,Always-on SEO,desktop,P001,10,9,8,2,1,1
2025-06-08,Organic Search,google,organic,Always-on SEO,desktop,P002,7,6,5,2,1,0
2025-06-08,Organic Search,google,organic,Always-on SEO,desktop,P003,9,8,8,2,1,1
2025-06-08,Organic Search,google,organic,Always-on SEO,desktop,P004,6,5,5,1,1,0
2025-06-08,Organic Search,google,organic,Always-on SEO,desktop,P005,9,8,7,2,1,1
2025-06-08,Organic Search,google,organic,Always-on SEO,desktop,P006,5,5,4,1,0,0
2025-06-08,Organic Search,google,organic,Always-on SEO,desktop,P007,8,7,7,2,1,1
2025-06-08,Organic Search,google,organic,Always-on SEO,desktop,P008,5,4,4,1,0,0
2025-06-08,Organic Search,google,organic,Always-on SEO,desktop,P009,8,7,6,2,1,1
2025-06-08,Organic Search,google,organic,Always-on SEO,desktop,P010,4,4,3,1,0,0
2025-06-08,Organic Search,google,organic,Always-on SEO,desktop,P011,7,6,6,2,1,0
2025-06-08,Organic Search,google,organic,Always-on SEO,desktop,P012,10,9,8,2,1,1
2025-06-09,Paid Social,instagram,paid_social,Creator Offers,mobile,P001,7,6,5,1,1,0
2025-06-09,Paid Social,instagram,paid_social,Creator Offers,mobile,P002,9,8,7,1,1,1
2025-06-09,Paid Social,instagram,paid_social,Creator Offers,mobile,P003,6,5,4,1,0,0
2025-06-09,Paid Social,instagram,paid_social,Creator Offers,mobile,P004,9,8,6,1,1,1
2025-06-09,Paid Social,instagram,paid_social,Creator Offers,mobile,P005,6,5,4,1,0,0
2025-06-09,Paid Social,instagram,paid_social,Creator Offers,mobile,P006,8,7,6,1,1,1
2025-06-09,Paid Social,instagram,paid_social,Creator Offers,mobile,P007,5,4,3,1,0,0
2025-06-09,Paid Social,instagram,paid_social,Creator Offers,mobile,P008,8,7,5,1,1,1
2025-06-09,Paid Social,instagram,paid_social,Creator Offers,mobile,P009,4,4,3,1,0,0
2025-06-09,Paid Social,instagram,paid_social,Creator Offers,mobile,P010,7,6,5,1,1,1
2025-06-09,Paid Social,instagram,paid_social,Creator Offers,mobile,P011,4,3,3,1,0,0
2025-06-09,Paid Social,instagram,paid_social,Creator Offers,mobile,P012,7,6,5,1,1,0
2025-06-09,Affiliates,partners,affiliate,Partner Network,desktop,P001,16,12,11,2,1,1
2025-06-09,Affiliates,partners,affiliate,Partner Network,desktop,P002,9,7,7,1,1,0
2025-06-09,Affiliates,partners,affiliate,Partner Network,desktop,P003,15,11,10,2,1,1
2025-06-09,Affiliates,partners,affiliate,Partner Network,desktop,P004,8,6,6,1,1,0
2025-06-09,Affiliates,partners,affiliate,Partner Network,desktop,P005,14,10,10,2,1,1
2025-06-09,Affiliates,partners,affiliate,Partner Network,desktop,P006,7,5,5,1,1,0
2025-06-09,Affiliates,partners,affiliate,Partner Network,desktop,P007,13,9,9,2,1,1
2025-06-09,Affiliates,partners,affiliate,Partner Network,desktop,P008,18,13,13,3,1,1
2025-06-09,Affiliates,partners,affiliate,Partner Network,desktop,P009,11,8,8,2,1,1
2025-06-09,Affiliates,partners,affiliate,Partner Network,desktop,P010,17,12,12,3,1,1
2025-06-09,Affiliates,partners,affiliate,Partner Network,desktop,P011,10,8,8,2,1,0
2025-06-09,Affiliates,partners,affiliate,Partner Network,desktop,P012,16,11,11,2,1,1
2025-06-09,Paid Search,google,cpc,KSA Growth,tablet,P001,4,3,2,0,0,0
2025-06-09,Paid Search,google,cpc,KSA Growth,tablet,P002,6,5,4,1,0,0
2025-06-09,Paid Search,google,cpc,KSA Growth,tablet,P003,9,7,6,1,1,1
2025-06-09,Paid Search,google,cpc,KSA Growth,tablet,P004,6,4,4,1,0,0
2025-06-09,Paid Search,google,cpc,KSA Growth,tablet,P005,8,6,5,1,1,1
2025-06-09,Paid Search,google,cpc,KSA Growth,tablet,P006,5,4,3,1,0,0
2025-06-09,Paid Search,google,cpc,KSA Growth,tablet,P007,8,6,5,1,1,1
2025-06-09,Paid Search,google,cpc,KSA Growth,tablet,P008,5,4,3,1,0,0
2025-06-09,Paid Search,google,cpc,KSA Growth,tablet,P009,7,6,5,1,1,0
2025-06-09,Paid Search,google,cpc,KSA Growth,tablet,P010,4,3,3,1,0,0
2025-06-09,Paid Search,google,cpc,KSA Growth,tablet,P011,7,5,4,1,1,0
2025-06-09,Paid Search,google,cpc,KSA Growth,tablet,P012,3,3,2,0,0,0
2025-06-10,Email,newsletter,email,Lifecycle,desktop,P001,9,8,7,1,1,1
2025-06-10,Email,newsletter,email,Lifecycle,desktop,P002,5,4,4,1,0,0
2025-06-10,Email,newsletter,email,Lifecycle,desktop,P003,9,7,7,1,1,1
2025-06-10,Email,newsletter,email,Lifecycle,desktop,P004,12,10,10,2,1,1
2025-06-10,Email,newsletter,email,Lifecycle,desktop,P005,8,7,6,1,1,0
2025-06-10,Email,newsletter,email,Lifecycle,desktop,P006,11,10,9,2,1,1
2025-06-10,Email,newsletter,email,Lifecycle,desktop,P007,7,6,6,1,1,0
2025-06-10,Email,newsletter,email,Lifecycle,desktop,P008,11,9,8,2,1,1
2025-06-10,Email,newsletter,email,Lifecycle,desktop,P009,6,6,5,1,0,0
2025-06-10,Email,newsletter,email,Lifecycle,desktop,P010,10,9,8,2,1,1
2025-06-10,Email,newsletter,email,Lifecycle,desktop,P011,6,5,5,1,0,0
2025-06-10,Email,newsletter,email,Lifecycle,desktop,P012,9,8,7,1,1,1
2025-06-10,Organic Search,google,organic,Always-on SEO,tablet,P001,10,8,8,2,1,1
2025-06-10,Organic Search,google,organic,Always-on SEO,tablet,P002,7,5,5,1,0,0
2025-06-10,Organic Search,google,organic,Always-on SEO,tablet,P003,10,8,8,2,1,1
2025-06-10,Organic Search,google,organic,Always-on SEO,tablet,P004,6,5,5,1,0,0
2025-06-10,Organic Search,google,organic,Always-on SEO,tablet,P005,9,7,7,1,1,1
2025-06-10,Organic Search,google,organic,Always-on SEO,tablet,P006,5,4,4,1,0,0
2025-06-10,Organic Search,google,organic,Always-on SEO,tablet,P007,8,7,7,1,1,0
2025-06-10,Organic Search,google,organic,Always-on SEO,tablet,P008,5,3,3,1,0,0
2025-06-10,Organic Search,google,organic,Always-on SEO,tablet,P009,8,6,6,1,1,0
2025-06-10,Organic Search,google,organic,Always-on SEO,tablet,P010,11,8,9,2,1,1
2025-06-10,Organic Search,google,organic,Always-on SEO,tablet,P011,7,5,6,1,1,0
2025-06-10,Organic Search,google,organic,Always-on SEO,tablet,P012,10,8,8,2,1,1
2025-06-10,Direct,direct,none,Unassigned,mobile,P001,8,7,6,2,1,0
2025-06-10,Direct,direct,none,Unassigned,mobile,P002,13,11,9,2,1,1
2025-06-10,Direct,direct,none,Unassigned,mobile,P003,7,6,5,1,1,0
2025-06-10,Direct,direct,none,Unassigned,mobile,P004,12,10,9,2,1,1
2025-06-10,Direct,direct,none,Unassigned,mobile,P005,18,15,12,3,2,1
2025-06-10,Direct,direct,none,Unassigned,mobile,P006,11,9,8,2,1,1
2025-06-10,Direct,direct,none,Unassigned,mobile,P007,17,14,12,3,2,1
2025-06-10,Direct,direct,none,Unassigned,mobile,P008,10,8,7,2,1,1
2025-06-10,Direct,direct,none,Unassigned,mobile,P009,15,13,11,3,2,1
2025-06-10,Direct,direct,none,Unassigned,mobile,P010,9,8,7,2,1,1
2025-06-10,Direct,direct,none,Unassigned,mobile,P011,14,12,10,3,1,1
2025-06-10,Direct,direct,none,Unassigned,mobile,P012,8,7,6,1,1,0
2025-06-11,Affiliates,partners,affiliate,Partner Network,tablet,P001,12,9,9,2,1,1
2025-06-11,Affiliates,partners,affiliate,Partner Network,tablet,P002,7,5,5,1,1,0
2025-06-11,Affiliates,partners,affiliate,Partner Network,tablet,P003,11,8,9,2,1,1
2025-06-11,Affiliates,partners,affiliate,Partner Network,tablet,P004,6,5,5,1,1,0
2025-06-11,Affiliates,partners,affiliate,Partner Network,tablet,P005,10,8,8,2,1,1
2025-06-11,Affiliates,partners,affiliate,Partner Network,tablet,P006,14,11,12,2,1,1
2025-06-11,Affiliates,partners,affiliate,Partner Network,tablet,P007,9,7,7,2,1,0
2025-06-11,Affiliates,partners,affiliate,Partner Network,tablet,P008,13,10,11,2,1,1
2025-06-11,Affiliates,partners,affiliate,Partner Network,tablet,P009,8,6,7,1,1,0
2025-06-11,Affiliates,partners,affiliate,Partner Network,tablet,P010,12,10,10,2,1,1
2025-06-11,Affiliates,partners,affiliate,Partner Network,tablet,P011,7,6,6,1,1,0
2025-06-11,Affiliates,partners,affiliate,Partner Network,tablet,P012,12,9,9,2,1,1
2025-06-11,Paid Search,google,cpc,KSA Growth,mobile,P001,8,6,7,2,1,1
2025-06-11,Paid Search,google,cpc,KSA Growth,mobile,P002,5,4,4,1,0,0
2025-06-11,Paid Search,google,cpc,KSA Growth,mobile,P003,8,6,6,1,1,1
2025-06-11,Paid Search,google,cpc,KSA Growth,mobile,P004,5,4,4,1,0,0
2025-06-11,Paid Search,google,cpc,KSA Growth,mobile,P005,7,5,6,1,1,1
2025-06-11,Paid Search,google,cpc,KSA Growth,mobile,P006,4,3,3,1,0,0
2025-06-11,Paid Search,google,cpc,KSA Growth,mobile,P007,7,5,5,1,1,0
2025-06-11,Paid Search,google,cpc,KSA Growth,mobile,P008,4,3,3,1,0,0
2025-06-11,Paid Search,google,cpc,KSA Growth,mobile,P009,6,5,5,1,1,0
2025-06-11,Paid Search,google,cpc,KSA Growth,mobile,P010,3,2,3,1,0,0
2025-06-11,Paid Search,google,cpc,KSA Growth,mobile,P011,6,4,5,1,1,0
2025-06-11,Paid Search,google,cpc,KSA Growth,mobile,P012,8,6,6,1,1,1
2025-06-11,Paid Social,instagram,paid_social,Creator Offers,desktop,P001,5,5,4,1,0,0
2025-06-11,Paid Social,instagram,paid_social,Creator Offers,desktop,P002,8,7,6,1,1,0
2025-06-11,Paid Social,instagram,paid_social,Creator Offers,desktop,P003,5,4,3,1,0,0
2025-06-11,Paid Social,instagram,paid_social,Creator Offers,desktop,P004,8,7,6,1,1,0
2025-06-11,Paid Social,instagram,paid_social,Creator Offers,desktop,P005,4,4,3,0,0,0
2025-06-11,Paid Social,instagram,paid_social,Creator Offers,desktop,P006,7,6,5,1,0,0
2025-06-11,Paid Social,instagram,paid_social,Creator Offers,desktop,P007,10,9,7,1,1,1
2025-06-11,Paid Social,instagram,paid_social,Creator Offers,desktop,P008,7,6,5,1,0,0
2025-06-11,Paid Social,instagram,paid_social,Creator Offers,desktop,P009,10,8,7,1,1,1
2025-06-11,Paid Social,instagram,paid_social,Creator Offers,desktop,P010,6,5,4,1,0,0
2025-06-11,Paid Social,instagram,paid_social,Creator Offers,desktop,P011,9,8,6,1,1,1
2025-06-11,Paid Social,instagram,paid_social,Creator Offers,desktop,P012,5,5,4,1,0,0
2025-06-12,Organic Search,google,organic,Always-on SEO,mobile,P001,14,12,10,3,2,1
2025-06-12,Organic Search,google,organic,Always-on SEO,mobile,P002,8,7,6,1,1,1
2025-06-12,Organic Search,google,organic,Always-on SEO,mobile,P003,13,11,9,2,1,1
2025-06-12,Organic Search,google,organic,Always-on SEO,mobile,P004,7,6,5,1,1,1
2025-06-12,Organic Search,google,organic,Always-on SEO,mobile,P005,12,10,8,2,1,1
2025-06-12,Organic Search,google,organic,Always-on SEO,mobile,P006,7,5,4,1,1,0
2025-06-12,Organic Search,google,organic,Always-on SEO,mobile,P007,11,9,8,2,1,1
2025-06-12,Organic Search,google,organic,Always-on SEO,mobile,P008,16,13,11,3,2,1
2025-06-12,Organic Search,google,organic,Always-on SEO,mobile,P009,10,9,7,2,1,1
2025-06-12,Organic Search,google,organic,Always-on SEO,mobile,P010,15,12,10,3,2,1
2025-06-12,Organic Search,google,organic,Always-on SEO,mobile,P011,9,8,6,2,1,1
2025-06-12,Organic Search,google,organic,Always-on SEO,mobile,P012,14,12,9,3,2,1
2025-06-12,Direct,direct,none,Unassigned,desktop,P001,6,5,4,1,1,0
2025-06-12,Direct,direct,none,Unassigned,desktop,P002,10,8,7,2,1,1
2025-06-12,Direct,direct,none,Unassigned,desktop,P003,13,12,11,3,2,1
2025-06-12,Direct,direct,none,Unassigned,desktop,P004,9,8,7,2,1,1
2025-06-12,Direct,direct,none,Unassigned,desktop,P005,13,11,10,2,1,1
2025-06-12,Direct,direct,none,Unassigned,desktop,P006,8,7,6,1,1,1
2025-06-12,Direct,direct,none,Unassigned,desktop,P007,12,11,9,2,1,1
2025-06-12,Direct,direct,none,Unassigned,desktop,P008,7,6,6,1,1,1
2025-06-12,Direct,direct,none,Unassigned,desktop,P009,11,10,9,2,1,1
2025-06-12,Direct,direct,none,Unassigned,desktop,P010,6,6,5,1,1,1
2025-06-12,Direct,direct,none,Unassigned,desktop,P011,10,9,8,2,1,1
2025-06-12,Direct,direct,none,Unassigned,desktop,P012,6,5,4,1,1,0
2025-06-12,Email,newsletter,email,Lifecycle,tablet,P001,6,5,4,1,1,0
2025-06-12,Email,newsletter,email,Lifecycle,tablet,P002,9,7,7,2,1,1
2025-06-12,Email,newsletter,email,Lifecycle,tablet,P003,5,4,4,1,1,0
2025-06-12,Email,newsletter,email,Lifecycle,tablet,P004,8,6,6,2,1,1
2025-06-12,Email,newsletter,email,Lifecycle,tablet,P005,5,4,4,1,1,0
2025-06-12,Email,newsletter,email,Lifecycle,tablet,P006,8,6,6,1,1,1
2025-06-12,Email,newsletter,email,Lifecycle,tablet,P007,4,3,3,1,0,0
2025-06-12,Email,newsletter,email,Lifecycle,tablet,P008,7,5,5,1,1,1
2025-06-12,Email,newsletter,email,Lifecycle,tablet,P009,10,8,8,2,1,1
2025-06-12,Email,newsletter,email,Lifecycle,tablet,P010,7,5,5,1,1,1
2025-06-12,Email,newsletter,email,Lifecycle,tablet,P011,10,7,7,2,1,1
2025-06-12,Email,newsletter,email,Lifecycle,tablet,P012,6,4,4,1,1,0
2025-06-13,Paid Search,google,cpc,KSA Growth,desktop,P001,17,13,10,3,2,1
2025-06-13,Paid Search,google,cpc,KSA Growth,desktop,P002,10,8,7,2,1,1
2025-06-13,Paid Search,google,cpc,KSA Growth,desktop,P003,15,12,10,3,1,1
2025-06-13,Paid Search,google,cpc,KSA Growth,desktop,P004,9,7,6,2,1,1
2025-06-13,Paid Search,google,cpc,KSA Growth,desktop,P005,14,11,9,2,1,1
2025-06-13,Paid Search,google,cpc,KSA Growth,desktop,P006,8,7,5,1,1,0
2025-06-13,Paid Search,google,cpc,KSA Growth,desktop,P007,13,11,9,2,1,1
2025-06-13,Paid Search,google,cpc,KSA Growth,desktop,P008,7,6,5,1,1,0
2025-06-13,Paid Search,google,cpc,KSA Growth,desktop,P009,12,10,8,2,1,1
2025-06-13,Paid Search,google,cpc,KSA Growth,desktop,P010,18,14,11,3,2,1
2025-06-13,Paid Search,google,cpc,KSA Growth,desktop,P011,11,9,7,2,1,1
2025-06-13,Paid Search,google,cpc,KSA Growth,desktop,P012,17,13,10,3,1,1
2025-06-13,Paid Social,instagram,paid_social,Creator Offers,tablet,P001,10,9,7,2,1,1
2025-06-13,Paid Social,instagram,paid_social,Creator Offers,tablet,P002,16,14,11,2,1,1
2025-06-13,Paid Social,instagram,paid_social,Creator Offers,tablet,P003,9,8,6,1,1,0
2025-06-13,Paid Social,instagram,paid_social,Creator Offers,tablet,P004,15,13,10,2,1,1
2025-06-13,Paid Social,instagram,paid_social,Creator Offers,tablet,P005,21,19,14,3,2,1
2025-06-13,Paid Social,instagram,paid_social,Creator Offers,tablet,P006,14,12,9,2,1,1
2025-06-13,Paid Social,instagram,paid_social,Creator Offers,tablet,P007,20,18,14,3,2,1
2025-06-13,Paid Social,instagram,paid_social,Creator Offers,tablet,P008,13,11,8,2,1,1
2025-06-13,Paid Social,instagram,paid_social,Creator Offers,tablet,P009,19,16,13,3,1,1
2025-06-13,Paid Social,instagram,paid_social,Creator Offers,tablet,P010,11,10,8,2,1,1
2025-06-13,Paid Social,instagram,paid_social,Creator Offers,tablet,P011,17,15,12,3,1,1
2025-06-13,Paid Social,instagram,paid_social,Creator Offers,tablet,P012,10,9,7,2,1,0
2025-06-13,Affiliates,partners,affiliate,Partner Network,mobile,P001,14,10,10,3,2,1
2025-06-13,Affiliates,partners,affiliate,Partner Network,mobile,P002,20,14,15,4,3,2
2025-06-13,Affiliates,partners,affiliate,Partner Network,mobile,P003,12,9,9,3,2,1
2025-06-13,Affiliates,partners,affiliate,Partner Network,mobile,P004,19,14,14,4,3,2
2025-06-13,Affiliates,partners,affiliate,Partner Network,mobile,P005,11,8,9,2,2,1
2025-06-13,Affiliates,partners,affiliate,Partner Network,mobile,P006,17,13,13,4,2,2
2025-06-13,Affiliates,partners,affiliate,Partner Network,mobile,P007,10,7,8,2,1,1
2025-06-13,Affiliates,partners,affiliate,Partner Network,mobile,P008,16,12,12,3,2,2
2025-06-13,Affiliates,partners,affiliate,Partner Network,mobile,P009,9,6,7,2,1,1
2025-06-13,Affiliates,partners,affiliate,Partner Network,mobile,P010,15,11,11,3,2,2
2025-06-13,Affiliates,partners,affiliate,Partner Network,mobile,P011,21,15,16,5,3,2
2025-06-13,Affiliates,partners,affiliate,Partner Network,mobile,P012,14,10,10,3,2,1
2025-06-14,Direct,direct,none,Unassigned,tablet,P001,10,7,7,2,1,1
2025-06-14,Direct,direct,none,Unassigned,tablet,P002,6,5,4,1,1,0
2025-06-14,Direct,direct,none,Unassigned,tablet,P003,9,7,6,2,1,1
2025-06-14,Direct,direct,none,Unassigned,tablet,P004,6,4,4,1,0,0
2025-06-14,Direct,direct,none,Unassigned,tablet,P005,8,7,6,1,1,1
2025-06-14,Direct,direct,none,Unassigned,tablet,P006,5,4,4,1,0,0
2025-06-14,Direct,direct,none,Unassigned,tablet,P007,8,6,6,1,1,1
2025-06-14,Direct,direct,none,Unassigned,tablet,P008,5,4,3,1,0,0
2025-06-14,Direct,direct,none,Unassigned,tablet,P009,7,6,5,1,1,0
2025-06-14,Direct,direct,none,Unassigned,tablet,P010,4,3,3,1,0,0
2025-06-14,Direct,direct,none,Unassigned,tablet,P011,7,5,5,1,1,0
2025-06-14,Direct,direct,none,Unassigned,tablet,P012,10,7,7,2,1,1
2025-06-14,Email,newsletter,email,Lifecycle,mobile,P001,8,7,7,1,1,0
2025-06-14,Email,newsletter,email,Lifecycle,mobile,P002,13,11,10,2,1,1
2025-06-14,Email,newsletter,email,Lifecycle,mobile,P003,7,6,6,1,0,0
2025-06-14,Email,newsletter,email,Lifecycle,mobile,P004,12,10,10,2,1,1
2025-06-14,Email,newsletter,email,Lifecycle,mobile,P005,7,6,5,1,0,0
2025-06-14,Email,newsletter,email,Lifecycle,mobile,P006,11,9,9,2,1,1
2025-06-14,Email,newsletter,email,Lifecycle,mobile,P007,16,13,13,2,1,1
2025-06-14,Email,newsletter,email,Lifecycle,mobile,P008,10,9,8,2,1,1
2025-06-14,Email,newsletter,email,Lifecycle,mobile,P009,15,13,12,2,1,1
2025-06-14,Email,newsletter,email,Lifecycle,mobile,P010,9,8,7,1,1,1
2025-06-14,Email,newsletter,email,Lifecycle,mobile,P011,14,12,11,2,1,1
2025-06-14,Email,newsletter,email,Lifecycle,mobile,P012,8,7,7,1,1,0
2025-06-14,Organic Search,google,organic,Always-on SEO,desktop,P001,13,12,11,3,1,1
2025-06-14,Organic Search,google,organic,Always-on SEO,desktop,P002,19,16,15,4,2,1
2025-06-14,Organic Search,google,organic,Always-on SEO,desktop,P003,12,11,10,2,1,1
2025-06-14,Organic Search,google,organic,Always-on SEO,desktop,P004,18,15,14,4,2,1
2025-06-14,Organic Search,google,organic,Always-on SEO,desktop,P005,11,10,9,2,1,1
2025-06-14,Organic Search,google,organic,Always-on SEO,desktop,P006,17,14,14,3,2,1
2025-06-14,Organic Search,google,organic,Always-on SEO,desktop,P007,10,9,8,2,1,1
2025-06-14,Organic Search,google,organic,Always-on SEO,desktop,P008,16,13,13,3,2,1
2025-06-14,Organic Search,google,organic,Always-on SEO,desktop,P009,9,8,7,2,1,1
2025-06-14,Organic Search,google,organic,Always-on SEO,desktop,P010,14,12,12,3,2,1
2025-06-14,Organic Search,google,organic,Always-on SEO,desktop,P011,8,7,6,2,1,1
2025-06-14,Organic Search,google,organic,Always-on SEO,desktop,P012,13,11,11,3,1,1
2025-06-15,Paid Social,instagram,paid_social,Creator Offers,mobile,P001,7,6,6,1,1,1
2025-06-15,Paid Social,instagram,paid_social,Creator Offers,mobile,P002,12,10,9,2,2,1
2025-06-15,Paid Social,instagram,paid_social,Creator Offers,mobile,P003,16,14,13,3,2,2
2025-06-15,Paid Social,instagram,paid_social,Creator Offers,mobile,P004,11,9,9,2,2,1
2025-06-15,Paid Social,instagram,paid_social,Creator Offers,mobile,P005,16,13,12,3,2,1
2025-06-15,Paid Social,instagram,paid_social,Creator Offers,mobile,P006,10,8,8,2,1,1
2025-06-15,Paid Social,instagram,paid_social,Creator Offers,mobile,P007,15,12,12,3,2,1
2025-06-15,Paid Social,instagram,paid_social,Creator Offers,mobile,P008,9,7,7,2,1,1
2025-06-15,Paid Social,instagram,paid_social,Creator Offers,mobile,P009,14,11,11,3,2,1
2025-06-15,Paid Social,instagram,paid_social,Creator Offers,mobile,P010,8,7,6,2,1,1
2025-06-15,Paid Social,instagram,paid_social,Creator Offers,mobile,P011,13,11,10,3,2,1
2025-06-15,Paid Social,instagram,paid_social,Creator Offers,mobile,P012,7,6,5,1,1,1
2025-06-15,Affiliates,partners,affiliate,Partner Network,desktop,P001,10,8,7,2,1,1
2025-06-15,Affiliates,partners,affiliate,Partner Network,desktop,P002,16,11,10,3,2,1
2025-06-15,Affiliates,partners,affiliate,Partner Network,desktop,P003,9,7,6,2,1,1
2025-06-15,Affiliates,partners,affiliate,Partner Network,desktop,P004,15,11,9,2,2,1
2025-06-15,Affiliates,partners,affiliate,Partner Network,desktop,P005,8,6,5,1,1,1
2025-06-15,Affiliates,partners,affiliate,Partner Network,desktop,P006,13,10,9,2,2,1
2025-06-15,Affiliates,partners,affiliate,Partner Network,desktop,P007,7,5,5,1,1,0
2025-06-15,Affiliates,partners,affiliate,Partner Network,desktop,P008,12,9,8,2,1,1
2025-06-15,Affiliates,partners,affiliate,Partner Network,desktop,P009,18,13,11,3,2,1
2025-06-15,Affiliates,partners,affiliate,Partner Network,desktop,P010,11,8,7,2,1,1
2025-06-15,Affiliates,partners,affiliate,Partner Network,desktop,P011,17,12,10,3,2,1
2025-06-15,Affiliates,partners,affiliate,Partner Network,desktop,P012,10,8,7,2,1,1
2025-06-15,Paid Search,google,cpc,KSA Growth,tablet,P001,11,9,9,2,1,1
2025-06-15,Paid Search,google,cpc,KSA Growth,tablet,P002,6,5,5,1,1,0
2025-06-15,Paid Search,google,cpc,KSA Growth,tablet,P003,10,8,8,2,1,1
2025-06-15,Paid Search,google,cpc,KSA Growth,tablet,P004,15,11,12,3,2,1
2025-06-15,Paid Search,google,cpc,KSA Growth,tablet,P005,9,7,7,2,1,1
2025-06-15,Paid Search,google,cpc,KSA Growth,tablet,P006,14,10,11,3,2,1
2025-06-15,Paid Search,google,cpc,KSA Growth,tablet,P007,9,7,7,2,1,1
2025-06-15,Paid Search,google,cpc,KSA Growth,tablet,P008,13,10,10,3,2,1
2025-06-15,Paid Search,google,cpc,KSA Growth,tablet,P009,8,6,6,2,1,0
2025-06-15,Paid Search,google,cpc,KSA Growth,tablet,P010,12,9,10,3,1,1
2025-06-15,Paid Search,google,cpc,KSA Growth,tablet,P011,7,5,5,2,1,0
2025-06-15,Paid Search,google,cpc,KSA Growth,tablet,P012,11,9,9,2,1,1
2025-06-16,Email,newsletter,email,Lifecycle,desktop,P001,7,5,5,1,1,0
2025-06-16,Email,newsletter,email,Lifecycle,desktop,P002,11,8,7,2,1,1
2025-06-16,Email,newsletter,email,Lifecycle,desktop,P003,6,4,4,1,0,0
2025-06-16,Email,newsletter,email,Lifecycle,desktop,P004,10,8,7,2,1,1
2025-06-16,Email,newsletter,email,Lifecycle,desktop,P005,14,11,10,2,1,1
2025-06-16,Email,newsletter,email,Lifecycle,desktop,P006,9,7,6,1,1,1
2025-06-16,Email,newsletter,email,Lifecycle,desktop,P007,13,10,9,2,1,1
2025-06-16,Email,newsletter,email,Lifecycle,desktop,P008,8,6,6,1,1,1
2025-06-16,Email,newsletter,email,Lifecycle,desktop,P009,12,9,8,2,1,1
2025-06-16,Email,newsletter,email,Lifecycle,desktop,P010,7,6,5,1,1,0
2025-06-16,Email,newsletter,email,Lifecycle,desktop,P011,11,9,8,2,1,1
2025-06-16,Email,newsletter,email,Lifecycle,desktop,P012,7,5,4,1,0,0
2025-06-16,Organic Search,google,organic,Always-on SEO,tablet,P001,8,7,5,2,1,0
2025-06-16,Organic Search,google,organic,Always-on SEO,tablet,P002,11,10,8,2,1,1
2025-06-16,Organic Search,google,organic,Always-on SEO,tablet,P003,7,6,5,1,1,0
2025-06-16,Organic Search,google,organic,Always-on SEO,tablet,P004,11,10,7,2,1,1
2025-06-16,Organic Search,google,organic,Always-on SEO,tablet,P005,6,6,5,1,0,0
2025-06-16,Organic Search,google,organic,Always-on SEO,tablet,P006,10,9,7,2,1,1
2025-06-16,Organic Search,google,organic,Always-on SEO,tablet,P007,6,5,4,1,0,0
2025-06-16,Organic Search,google,organic,Always-on SEO,tablet,P008,9,8,6,2,1,1
2025-06-16,Organic Search,google,organic,Always-on SEO,tablet,P009,5,4,4,1,0,0
2025-06-16,Organic Search,google,organic,Always-on SEO,tablet,P010,8,8,6,2,1,0
2025-06-16,Organic Search,google,organic,Always-on SEO,tablet,P011,12,11,8,2,1,1
2025-06-16,Organic Search,google,organic,Always-on SEO,tablet,P012,8,7,5,1,1,0
2025-06-16,Direct,direct,none,Unassigned,mobile,P001,7,5,6,1,1,0
2025-06-16,Direct,direct,none,Unassigned,mobile,P002,4,3,3,0,0,0
2025-06-16,Direct,direct,none,Unassigned,mobile,P003,7,5,5,1,0,0
2025-06-16,Direct,direct,none,Unassigned,mobile,P004,3,3,3,0,0,0
2025-06-16,Direct,direct,none,Unassigned,mobile,P005,6,5,5,1,0,0
2025-06-16,Direct,direct,none,Unassigned,mobile,P006,9,6,7,1,1,1
2025-06-16,Direct,direct,none,Unassigned,mobile,P007,6,4,4,1,0,0
2025-06-16,Direct,direct,none,Unassigned,mobile,P008,8,6,6,1,1,1
2025-06-16,Direct,direct,none,Unassigned,mobile,P009,5,4,4,1,0,0
2025-06-16,Direct,direct,none,Unassigned,mobile,P010,8,6,6,1,1,1
2025-06-16,Direct,direct,none,Unassigned,mobile,P011,4,3,4,0,0,0
2025-06-16,Direct,direct,none,Unassigned,mobile,P012,7,5,5,1,0,0
2025-06-17,Affiliates,partners,affiliate,Partner Network,tablet,P001,8,7,6,2,1,1
2025-06-17,Affiliates,partners,affiliate,Partner Network,tablet,P002,13,11,9,2,2,1
2025-06-17,Affiliates,partners,affiliate,Partner Network,tablet,P003,7,6,5,1,1,1
2025-06-17,Affiliates,partners,affiliate,Partner Network,tablet,P004,12,10,8,2,1,1
2025-06-17,Affiliates,partners,affiliate,Partner Network,tablet,P005,6,5,4,1,1,1
2025-06-17,Affiliates,partners,affiliate,Partner Network,tablet,P006,11,9,8,2,1,1
2025-06-17,Affiliates,partners,affiliate,Partner Network,tablet,P007,16,13,11,3,2,1
2025-06-17,Affiliates,partners,affiliate,Partner Network,tablet,P008,10,9,7,2,1,1
2025-06-17,Affiliates,partners,affiliate,Partner Network,tablet,P009,15,13,10,3,2,1
2025-06-17,Affiliates,partners,affiliate,Partner Network,tablet,P010,9,8,6,2,1,1
2025-06-17,Affiliates,partners,affiliate,Partner Network,tablet,P011,14,12,9,2,2,1
2025-06-17,Affiliates,partners,affiliate,Partner Network,tablet,P012,8,7,6,1,1,1
2025-06-17,Paid Search,google,cpc,KSA Growth,mobile,P001,7,5,5,1,1,0
2025-06-17,Paid Search,google,cpc,KSA Growth,mobile,P002,10,8,7,2,1,1
2025-06-17,Paid Search,google,cpc,KSA Growth,mobile,P003,7,5,4,1,1,0
2025-06-17,Paid Search,google,cpc,KSA Growth,mobile,P004,10,7,7,2,1,1
2025-06-17,Paid Search,google,cpc,KSA Growth,mobile,P005,6,5,4,1,0,0
2025-06-17,Paid Search,google,cpc,KSA Growth,mobile,P006,9,7,6,2,1,1
2025-06-17,Paid Search,google,cpc,KSA Growth,mobile,P007,5,4,4,1,0,0
2025-06-17,Paid Search,google,cpc,KSA Growth,mobile,P008,8,6,6,1,1,1
2025-06-17,Paid Search,google,cpc,KSA Growth,mobile,P009,5,4,3,1,0,0
2025-06-17,Paid Search,google,cpc,KSA Growth,mobile,P010,8,6,5,1,1,1
2025-06-17,Paid Search,google,cpc,KSA Growth,mobile,P011,4,3,3,1,0,0
2025-06-17,Paid Search,google,cpc,KSA Growth,mobile,P012,7,5,5,1,1,0
2025-06-17,Paid Social,instagram,paid_social,Creator Offers,desktop,P001,10,9,8,2,1,1
2025-06-17,Paid Social,instagram,paid_social,Creator Offers,desktop,P002,6,5,4,1,0,0
2025-06-17,Paid Social,instagram,paid_social,Creator Offers,desktop,P003,9,8,7,1,1,1
2025-06-17,Paid Social,instagram,paid_social,Creator Offers,desktop,P004,5,5,4,1,0,0
2025-06-17,Paid Social,instagram,paid_social,Creator Offers,desktop,P005,9,8,7,1,1,0
2025-06-17,Paid Social,instagram,paid_social,Creator Offers,desktop,P006,5,4,3,1,0,0
2025-06-17,Paid Social,instagram,paid_social,Creator Offers,desktop,P007,8,7,6,1,1,0
2025-06-17,Paid Social,instagram,paid_social,Creator Offers,desktop,P008,12,10,9,2,1,1
2025-06-17,Paid Social,instagram,paid_social,Creator Offers,desktop,P009,7,6,6,1,0,0
2025-06-17,Paid Social,instagram,paid_social,Creator Offers,desktop,P010,11,9,8,2,1,1
2025-06-17,Paid Social,instagram,paid_social,Creator Offers,desktop,P011,7,6,5,1,0,0
2025-06-17,Paid Social,instagram,paid_social,Creator Offers,desktop,P012,10,9,8,1,1,1
2025-06-18,Organic Search,google,organic,Always-on SEO,mobile,P001,10,8,8,2,1,1
2025-06-18,Organic Search,google,organic,Always-on SEO,mobile,P002,14,11,12,3,1,1
2025-06-18,Organic Search,google,organic,Always-on SEO,mobile,P003,9,7,7,1,1,0
2025-06-18,Organic Search,google,organic,Always-on SEO,mobile,P004,14,11,11,2,1,1
2025-06-18,Organic Search,google,organic,Always-on SEO,mobile,P005,8,6,6,1,1,0
2025-06-18,Organic Search,google,organic,Always-on SEO,mobile,P006,13,10,10,2,1,1
2025-06-18,Organic Search,google,organic,Always-on SEO,mobile,P007,7,5,5,1,1,0
2025-06-18,Organic Search,google,organic,Always-on SEO,mobile,P008,12,9,9,2,1,1
2025-06-18,Organic Search,google,organic,Always-on SEO,mobile,P009,16,13,13,3,2,1
2025-06-18,Organic Search,google,organic,Always-on SEO,mobile,P010,11,8,9,2,1,1
2025-06-18,Organic Search,google,organic,Always-on SEO,mobile,P011,15,12,13,3,1,1
2025-06-18,Organic Search,google,organic,Always-on SEO,mobile,P012,10,7,8,2,1,1
2025-06-18,Direct,direct,none,Unassigned,desktop,P001,8,6,6,2,1,1
2025-06-18,Direct,direct,none,Unassigned,desktop,P002,4,3,3,1,0,0
2025-06-18,Direct,direct,none,Unassigned,desktop,P003,7,6,5,1,1,1
2025-06-18,Direct,direct,none,Unassigned,desktop,P004,10,8,7,2,1,1
2025-06-18,Direct,direct,none,Unassigned,desktop,P005,7,5,5,1,1,1
2025-06-18,Direct,direct,none,Unassigned,desktop,P006,10,7,7,2,1,1
2025-06-18,Direct,direct,none,Unassigned,desktop,P007,6,5,4,1,1,0
2025-06-18,Direct,direct,none,Unassigned,desktop,P008,9,7,6,2,1,1
2025-06-18,Direct,direct,none,Unassigned,desktop,P009,5,4,4,1,1,0
2025-06-18,Direct,direct,none,Unassigned,desktop,P010,9,7,6,2,1,1
2025-06-18,Direct,direct,none,Unassigned,desktop,P011,5,4,3,1,0,0
2025-06-18,Direct,direct,none,Unassigned,desktop,P012,8,6,6,1,1,1
2025-06-18,Email,newsletter,email,Lifecycle,tablet,P001,14,11,10,2,1,1
2025-06-18,Email,newsletter,email,Lifecycle,tablet,P002,9,7,6,1,1,0
2025-06-18,Email,newsletter,email,Lifecycle,tablet,P003,13,11,9,2,1,1
2025-06-18,Email,newsletter,email,Lifecycle,tablet,P004,8,6,6,1,1,0
2025-06-18,Email,newsletter,email,Lifecycle,tablet,P005,13,10,9,2,1,1
2025-06-18,Email,newsletter,email,Lifecycle,tablet,P006,7,6,5,1,0,0
2025-06-18,Email,newsletter,email,Lifecycle,tablet,P007,12,9,8,2,1,1
2025-06-18,Email,newsletter,email,Lifecycle,tablet,P008,6,5,4,1,0,0
2025-06-18,Email,newsletter,email,Lifecycle,tablet,P009,11,8,7,2,1,1
2025-06-18,Email,newsletter,email,Lifecycle,tablet,P010,15,12,11,2,1,1
2025-06-18,Email,newsletter,email,Lifecycle,tablet,P011,10,8,7,2,1,0
2025-06-18,Email,newsletter,email,Lifecycle,tablet,P012,14,11,10,2,1,1
2025-06-19,Paid Search,google,cpc,KSA Growth,desktop,P001,9,8,6,1,1,0
2025-06-19,Paid Search,google,cpc,KSA Growth,desktop,P002,13,11,9,2,1,1
2025-06-19,Paid Search,google,cpc,KSA Growth,desktop,P003,8,7,6,1,0,0
2025-06-19,Paid Search,google,cpc,KSA Growth,desktop,P004,12,10,8,1,1,1
2025-06-19,Paid Search,google,cpc,KSA Growth,desktop,P005,7,6,5,1,0,0
2025-06-19,Paid Search,google,cpc,KSA Growth,desktop,P006,11,10,8,1,1,1
2025-06-19,Paid Search,google,cpc,KSA Growth,desktop,P007,7,5,4,1,0,0
2025-06-19,Paid Search,google,cpc,KSA Growth,desktop,P008,11,9,7,1,1,1
2025-06-19,Paid Search,google,cpc,KSA Growth,desktop,P009,6,5,4,1,0,0
2025-06-19,Paid Search,google,cpc,KSA Growth,desktop,P010,10,8,7,1,1,1
2025-06-19,Paid Search,google,cpc,KSA Growth,desktop,P011,14,12,10,2,1,1
2025-06-19,Paid Search,google,cpc,KSA Growth,desktop,P012,9,8,6,1,1,0
2025-06-19,Paid Social,instagram,paid_social,Creator Offers,tablet,P001,9,7,6,2,1,1
2025-06-19,Paid Social,instagram,paid_social,Creator Offers,tablet,P002,5,4,4,1,1,0
2025-06-19,Paid Social,instagram,paid_social,Creator Offers,tablet,P003,8,7,6,2,1,1
2025-06-19,Paid Social,instagram,paid_social,Creator Offers,tablet,P004,4,3,3,1,1,0
2025-06-19,Paid Social,instagram,paid_social,Creator Offers,tablet,P005,7,6,5,1,1,1
2025-06-19,Paid Social,instagram,paid_social,Creator Offers,tablet,P006,10,9,8,2,1,1
2025-06-19,Paid Social,instagram,paid_social,Creator Offers,tablet,P007,7,6,5,1,1,0
2025-06-19,Paid Social,instagram,paid_social,Creator Offers,tablet,P008,10,8,7,2,1,1
2025-06-19,Paid Social,instagram,paid_social,Creator Offers,tablet,P009,6,5,5,1,1,0
2025-06-19,Paid Social,instagram,paid_social,Creator Offers,tablet,P010,9,8,7,2,1,1
2025-06-19,Paid Social,instagram,paid_social,Creator Offers,tablet,P011,5,5,4,1,1,0
2025-06-19,Paid Social,instagram,paid_social,Creator Offers,tablet,P012,9,7,6,2,1,1
2025-06-19,Affiliates,partners,affiliate,Partner Network,mobile,P001,15,13,10,3,1,1
2025-06-19,Affiliates,partners,affiliate,Partner Network,mobile,P002,10,8,7,2,1,0
2025-06-19,Affiliates,partners,affiliate,Partner Network,mobile,P003,14,12,10,3,1,1
2025-06-19,Affiliates,partners,affiliate,Partner Network,mobile,P004,9,8,6,2,1,0
2025-06-19,Affiliates,partners,affiliate,Partner Network,mobile,P005,14,11,9,2,1,1
2025-06-19,Affiliates,partners,affiliate,Partner Network,mobile,P006,8,7,5,1,1,0
2025-06-19,Affiliates,partners,affiliate,Partner Network,mobile,P007,13,11,8,2,1,1
2025-06-19,Affiliates,partners,affiliate,Partner Network,mobile,P008,7,6,5,1,1,0
2025-06-19,Affiliates,partners,affiliate,Partner Network,mobile,P009,12,10,8,2,1,1
2025-06-19,Affiliates,partners,affiliate,Partner Network,mobile,P010,6,5,4,1,1,0
2025-06-19,Affiliates,partners,affiliate,Partner Network,mobile,P011,11,9,7,2,1,1
2025-06-19,Affiliates,partners,affiliate,Partner Network,mobile,P012,15,13,10,3,1,1
2025-06-20,Direct,direct,none,Unassigned,tablet,P001,14,12,11,3,2,1
2025-06-20,Direct,direct,none,Unassigned,tablet,P002,20,18,16,4,3,2
2025-06-20,Direct,direct,none,Unassigned,tablet,P003,13,11,10,3,2,1
2025-06-20,Direct,direct,none,Unassigned,tablet,P004,19,17,15,4,2,2
2025-06-20,Direct,direct,none,Unassigned,tablet,P005,12,10,10,3,1,1
2025-06-20,Direct,direct,none,Unassigned,tablet,P006,18,16,14,4,2,2
2025-06-20,Direct,direct,none,Unassigned,tablet,P007,11,9,9,2,1,1
2025-06-20,Direct,direct,none,Unassigned,tablet,P008,17,15,13,4,2,1
2025-06-20,Direct,direct,none,Unassigned,tablet,P009,9,8,8,2,1,1
2025-06-20,Direct,direct,none,Unassigned,tablet,P010,15,13,12,3,2,1
2025-06-20,Direct,direct,none,Unassigned,tablet,P011,8,7,7,2,1,1
2025-06-20,Direct,direct,none,Unassigned,tablet,P012,14,12,11,3,2,1
2025-06-20,Email,newsletter,email,Lifecycle,mobile,P001,12,9,9,2,1,1
2025-06-20,Email,newsletter,email,Lifecycle,mobile,P002,7,5,5,1,1,0
2025-06-20,Email,newsletter,email,Lifecycle,mobile,P003,11,8,9,2,1,1
2025-06-20,Email,newsletter,email,Lifecycle,mobile,P004,6,5,5,1,1,0
2025-06-20,Email,newsletter,email,Lifecycle,mobile,P005,11,8,8,2,1,1
2025-06-20,Email,newsletter,email,Lifecycle,mobile,P006,6,4,4,1,0,0
2025-06-20,Email,newsletter,email,Lifecycle,mobile,P007,10,7,7,2,1,1
2025-06-20,Email,newsletter,email,Lifecycle,mobile,P008,14,10,10,2,1,1
2025-06-20,Email,newsletter,email,Lifecycle,mobile,P009,9,7,7,1,1,0
2025-06-20,Email,newsletter,email,Lifecycle,mobile,P010,13,10,10,2,1,1
2025-06-20,Email,newsletter,email,Lifecycle,mobile,P011,8,6,6,1,1,0
2025-06-20,Email,newsletter,email,Lifecycle,mobile,P012,12,9,9,2,1,1
2025-06-20,Organic Search,google,organic,Always-on SEO,desktop,P001,8,7,7,2,1,1
2025-06-20,Organic Search,google,organic,Always-on SEO,desktop,P002,14,12,11,3,2,1
2025-06-20,Organic Search,google,organic,Always-on SEO,desktop,P003,20,16,16,4,2,1
2025-06-20,Organic Search,google,organic,Always-on SEO,desktop,P004,13,11,10,3,2,1
2025-06-20,Organic Search,google,organic,Always-on SEO,desktop,P005,19,15,15,4,2,1
2025-06-20,Organic Search,google,organic,Always-on SEO,desktop,P006,12,10,9,3,1,1
2025-06-20,Organic Search,google,organic,Always-on SEO,desktop,P007,17,14,14,4,2,1
2025-06-20,Organic Search,google,organic,Always-on SEO,desktop,P008,10,9,8,2,1,1
2025-06-20,Organic Search,google,organic,Always-on SEO,desktop,P009,16,14,13,4,2,1
2025-06-20,Organic Search,google,organic,Always-on SEO,desktop,P010,9,8,7,2,1,1
2025-06-20,Organic Search,google,organic,Always-on SEO,desktop,P011,15,13,12,3,2,1
2025-06-20,Organic Search,google,organic,Always-on SEO,desktop,P012,8,7,7,2,1,1
2025-06-21,Paid Social,instagram,paid_social,Creator Offers,mobile,P001,7,6,6,1,1,0
2025-06-21,Paid Social,instagram,paid_social,Creator Offers,mobile,P002,4,3,3,1,0,0
2025-06-21,Paid Social,instagram,paid_social,Creator Offers,mobile,P003,7,6,5,1,1,0
2025-06-21,Paid Social,instagram,paid_social,Creator Offers,mobile,P004,10,8,7,1,1,1
2025-06-21,Paid Social,instagram,paid_social,Creator Offers,mobile,P005,6,5,5,1,0,0
2025-06-21,Paid Social,instagram,paid_social,Creator Offers,mobile,P006,9,7,7,1,1,1
2025-06-21,Paid Social,instagram,paid_social,Creator Offers,mobile,P007,6,5,4,1,0,0
2025-06-21,Paid Social,instagram,paid_social,Creator Offers,mobile,P008,8,7,6,1,1,1
2025-06-21,Paid Social,instagram,paid_social,Creator Offers,mobile,P009,5,4,4,1,0,0
2025-06-21,Paid Social,instagram,paid_social,Creator Offers,mobile,P010,8,6,6,1,1,1
2025-06-21,Paid Social,instagram,paid_social,Creator Offers,mobile,P011,5,4,3,1,0,0
2025-06-21,Paid Social,instagram,paid_social,Creator Offers,mobile,P012,7,6,6,1,1,0
2025-06-21,Affiliates,partners,affiliate,Partner Network,desktop,P001,15,13,10,3,2,1
2025-06-21,Affiliates,partners,affiliate,Partner Network,desktop,P002,9,8,6,2,1,0
2025-06-21,Affiliates,partners,affiliate,Partner Network,desktop,P003,14,12,10,2,1,1
2025-06-21,Affiliates,partners,affiliate,Partner Network,desktop,P004,8,7,6,1,1,0
2025-06-21,Affiliates,partners,affiliate,Partner Network,desktop,P005,13,11,9,2,1,1
2025-06-21,Affiliates,partners,affiliate,Partner Network,desktop,P006,7,6,5,1,1,0
2025-06-21,Affiliates,partners,affiliate,Partner Network,desktop,P007,12,11,8,2,1,1
2025-06-21,Affiliates,partners,affiliate,Partner Network,desktop,P008,6,6,5,1,1,0
2025-06-21,Affiliates,partners,affiliate,Partner Network,desktop,P009,11,10,8,2,1,1
2025-06-21,Affiliates,partners,affiliate,Partner Network,desktop,P010,15,14,11,3,2,1
2025-06-21,Affiliates,partners,affiliate,Partner Network,desktop,P011,10,9,7,2,1,1
2025-06-21,Affiliates,partners,affiliate,Partner Network,desktop,P012,14,13,10,2,1,1
2025-06-21,Paid Search,google,cpc,KSA Growth,tablet,P001,6,5,4,1,1,0
2025-06-21,Paid Search,google,cpc,KSA Growth,tablet,P002,10,9,7,2,1,1
2025-06-21,Paid Search,google,cpc,KSA Growth,tablet,P003,5,5,4,1,1,0
2025-06-21,Paid Search,google,cpc,KSA Growth,tablet,P004,9,8,6,2,1,1
2025-06-21,Paid Search,google,cpc,KSA Growth,tablet,P005,13,12,9,2,2,1
2025-06-21,Paid Search,google,cpc,KSA Growth,tablet,P006,8,8,5,2,1,1
2025-06-21,Paid Search,google,cpc,KSA Growth,tablet,P007,12,11,8,2,1,1
2025-06-21,Paid Search,google,cpc,KSA Growth,tablet,P008,8,7,5,2,1,1
2025-06-21,Paid Search,google,cpc,KSA Growth,tablet,P009,11,10,7,2,1,1
2025-06-21,Paid Search,google,cpc,KSA Growth,tablet,P010,7,6,4,1,1,1
2025-06-21,Paid Search,google,cpc,KSA Growth,tablet,P011,11,10,7,2,1,1
2025-06-21,Paid Search,google,cpc,KSA Growth,tablet,P012,6,5,4,1,1,0
2025-06-22,Email,newsletter,email,Lifecycle,desktop,P001,15,12,10,2,1,1
2025-06-22,Email,newsletter,email,Lifecycle,desktop,P002,8,7,5,1,1,0
2025-06-22,Email,newsletter,email,Lifecycle,desktop,P003,14,11,9,2,1,1
2025-06-22,Email,newsletter,email,Lifecycle,desktop,P004,7,6,5,1,0,0
2025-06-22,Email,newsletter,email,Lifecycle,desktop,P005,13,10,8,2,1,1
2025-06-22,Email,newsletter,email,Lifecycle,desktop,P006,18,15,12,2,1,1
2025-06-22,Email,newsletter,email,Lifecycle,desktop,P007,11,10,7,2,1,1
2025-06-22,Email,newsletter,email,Lifecycle,desktop,P008,17,14,11,2,1,1
2025-06-22,Email,newsletter,email,Lifecycle,desktop,P009,10,9,7,1,1,0
2025-06-22,Email,newsletter,email,Lifecycle,desktop,P010,16,13,10,2,1,1
2025-06-22,Email,newsletter,email,Lifecycle,desktop,P011,9,8,6,1,1,0
2025-06-22,Email,newsletter,email,Lifecycle,desktop,P012,15,12,10,2,1,1
2025-06-22,Organic Search,google,organic,Always-on SEO,tablet,P001,9,8,6,2,1,1
2025-06-22,Organic Search,google,organic,Always-on SEO,tablet,P002,6,5,4,1,1,0
2025-06-22,Organic Search,google,organic,Always-on SEO,tablet,P003,9,7,6,1,1,1
2025-06-22,Organic Search,google,organic,Always-on SEO,tablet,P004,6,5,4,1,0,0
2025-06-22,Organic Search,google,organic,Always-on SEO,tablet,P005,8,7,6,1,1,1
2025-06-22,Organic Search,google,organic,Always-on SEO,tablet,P006,5,4,3,1,0,0
2025-06-22,Organic Search,google,organic,Always-on SEO,tablet,P007,8,6,5,1,1,1
2025-06-22,Organic Search,google,organic,Always-on SEO,tablet,P008,4,4,3,1,0,0
2025-06-22,Organic Search,google,organic,Always-on SEO,tablet,P009,7,6,5,1,1,1
2025-06-22,Organic Search,google,organic,Always-on SEO,tablet,P010,4,3,3,1,0,0
2025-06-22,Organic Search,google,organic,Always-on SEO,tablet,P011,7,6,5,1,1,0
2025-06-22,Organic Search,google,organic,Always-on SEO,tablet,P012,9,8,6,2,1,1
2025-06-22,Direct,direct,none,Unassigned,mobile,P001,5,5,4,1,0,0
2025-06-22,Direct,direct,none,Unassigned,mobile,P002,8,7,6,1,1,1
2025-06-22,Direct,direct,none,Unassigned,mobile,P003,5,4,4,1,0,0
2025-06-22,Direct,direct,none,Unassigned,mobile,P004,7,6,6,1,1,1
2025-06-22,Direct,direct,none,Unassigned,mobile,P005,4,4,3,1,0,0
2025-06-22,Direct,direct,none,Unassigned,mobile,P006,7,6,5,1,1,1
2025-06-22,Direct,direct,none,Unassigned,mobile,P007,10,8,8,2,1,1
2025-06-22,Direct,direct,none,Unassigned,mobile,P008,6,5,5,1,1,0
2025-06-22,Direct,direct,none,Unassigned,mobile,P009,9,8,7,1,1,1
2025-06-22,Direct,direct,none,Unassigned,mobile,P010,6,5,4,1,1,0
2025-06-22,Direct,direct,none,Unassigned,mobile,P011,9,7,7,1,1,1
2025-06-22,Direct,direct,none,Unassigned,mobile,P012,5,5,4,1,0,0
2025-06-23,Affiliates,partners,affiliate,Partner Network,tablet,P001,10,7,7,2,1,1
2025-06-23,Affiliates,partners,affiliate,Partner Network,tablet,P002,6,4,4,1,1,0
2025-06-23,Affiliates,partners,affiliate,Partner Network,tablet,P003,9,7,6,2,1,1
2025-06-23,Affiliates,partners,affiliate,Partner Network,tablet,P004,5,4,4,1,0,0
2025-06-23,Affiliates,partners,affiliate,Partner Network,tablet,P005,9,6,6,2,1,1
2025-06-23,Affiliates,partners,affiliate,Partner Network,tablet,P006,5,4,3,1,0,0
2025-06-23,Affiliates,partners,affiliate,Partner Network,tablet,P007,8,6,5,1,1,0
2025-06-23,Affiliates,partners,affiliate,Partner Network,tablet,P008,11,8,8,2,1,1
2025-06-23,Affiliates,partners,affiliate,Partner Network,tablet,P009,7,5,5,1,1,0
2025-06-23,Affiliates,partners,affiliate,Partner Network,tablet,P010,11,8,7,2,1,1
2025-06-23,Affiliates,partners,affiliate,Partner Network,tablet,P011,7,5,4,1,1,0
2025-06-23,Affiliates,partners,affiliate,Partner Network,tablet,P012,10,7,7,2,1,1
2025-06-23,Paid Search,google,cpc,KSA Growth,mobile,P001,7,5,5,1,1,0
2025-06-23,Paid Search,google,cpc,KSA Growth,mobile,P002,11,9,8,2,1,1
2025-06-23,Paid Search,google,cpc,KSA Growth,mobile,P003,16,12,11,3,2,1
2025-06-23,Paid Search,google,cpc,KSA Growth,mobile,P004,10,8,7,2,1,1
2025-06-23,Paid Search,google,cpc,KSA Growth,mobile,P005,15,12,10,3,2,1
2025-06-23,Paid Search,google,cpc,KSA Growth,mobile,P006,9,7,6,2,1,1
2025-06-23,Paid Search,google,cpc,KSA Growth,mobile,P007,14,11,10,3,1,1
2025-06-23,Paid Search,google,cpc,KSA Growth,mobile,P008,8,6,6,2,1,1
2025-06-23,Paid Search,google,cpc,KSA Growth,mobile,P009,13,10,9,2,1,1
2025-06-23,Paid Search,google,cpc,KSA Growth,mobile,P010,7,6,5,1,1,1
2025-06-23,Paid Search,google,cpc,KSA Growth,mobile,P011,12,9,8,2,1,1
2025-06-23,Paid Search,google,cpc,KSA Growth,mobile,P012,6,5,4,1,1,0
2025-06-23,Paid Social,instagram,paid_social,Creator Offers,desktop,P001,11,10,8,2,1,0
2025-06-23,Paid Social,instagram,paid_social,Creator Offers,desktop,P002,17,16,12,2,1,1
2025-06-23,Paid Social,instagram,paid_social,Creator Offers,desktop,P003,10,9,7,1,1,0
2025-06-23,Paid Social,instagram,paid_social,Creator Offers,desktop,P004,16,14,11,2,1,1
2025-06-23,Paid Social,instagram,paid_social,Creator Offers,desktop,P005,9,8,6,1,1,0
2025-06-23,Paid Social,instagram,paid_social,Creator Offers,desktop,P006,15,13,10,2,1,1
2025-06-23,Paid Social,instagram,paid_social,Creator Offers,desktop,P007,8,7,5,1,0,0
2025-06-23,Paid Social,instagram,paid_social,Creator Offers,desktop,P008,14,12,9,2,1,1
2025-06-23,Paid Social,instagram,paid_social,Creator Offers,desktop,P009,19,18,13,3,1,1
2025-06-23,Paid Social,instagram,paid_social,Creator Offers,desktop,P010,12,11,9,2,1,1
2025-06-23,Paid Social,instagram,paid_social,Creator Offers,desktop,P011,18,17,12,2,1,1
2025-06-23,Paid Social,instagram,paid_social,Creator Offers,desktop,P012,11,10,8,1,1,0
2025-06-24,Organic Search,google,organic,Always-on SEO,mobile,P001,9,8,7,1,1,1
2025-06-24,Organic Search,google,organic,Always-on SEO,mobile,P002,6,5,4,1,0,0
2025-06-24,Organic Search,google,organic,Always-on SEO,mobile,P003,9,8,7,1,1,1
2025-06-24,Organic Search,google,organic,Always-on SEO,mobile,P004,5,5,4,1,0,0
2025-06-24,Organic Search,google,organic,Always-on SEO,mobile,P005,8,7,6,1,1,1
2025-06-24,Organic Search,google,organic,Always-on SEO,mobile,P006,5,4,3,1,0,0
2025-06-24,Organic Search,google,organic,Always-on SEO,mobile,P007,7,7,6,1,1,1
2025-06-24,Organic Search,google,organic,Always-on SEO,mobile,P008,4,3,3,0,0,0
2025-06-24,Organic Search,google,organic,Always-on SEO,mobile,P009,7,6,5,1,1,0
2025-06-24,Organic Search,google,organic,Always-on SEO,mobile,P010,10,9,7,1,1,1
2025-06-24,Organic Search,google,organic,Always-on SEO,mobile,P011,6,6,5,1,0,0
2025-06-24,Organic Search,google,organic,Always-on SEO,mobile,P012,9,8,7,1,1,1
2025-06-24,Direct,direct,none,Unassigned,desktop,P001,7,6,5,1,1,0
2025-06-24,Direct,direct,none,Unassigned,desktop,P002,11,10,8,2,1,1
2025-06-24,Direct,direct,none,Unassigned,desktop,P003,6,5,4,1,0,0
2025-06-24,Direct,direct,none,Unassigned,desktop,P004,10,9,7,1,1,1
2025-06-24,Direct,direct,none,Unassigned,desktop,P005,15,13,10,2,1,1
2025-06-24,Direct,direct,none,Unassigned,desktop,P006,9,8,7,1,1,0
2025-06-24,Direct,direct,none,Unassigned,desktop,P007,14,12,10,2,1,1
2025-06-24,Direct,direct,none,Unassigned,desktop,P008,9,7,6,1,1,0
2025-06-24,Direct,direct,none,Unassigned,desktop,P009,13,11,9,2,1,1
2025-06-24,Direct,direct,none,Unassigned,desktop,P010,8,7,5,1,1,0
2025-06-24,Direct,direct,none,Unassigned,desktop,P011,12,10,9,2,1,1
2025-06-24,Direct,direct,none,Unassigned,desktop,P012,7,6,5,1,1,0
2025-06-24,Email,newsletter,email,Lifecycle,tablet,P001,11,9,9,2,1,1
2025-06-24,Email,newsletter,email,Lifecycle,tablet,P002,17,14,13,3,2,1
2025-06-24,Email,newsletter,email,Lifecycle,tablet,P003,10,9,8,2,1,1
2025-06-24,Email,newsletter,email,Lifecycle,tablet,P004,16,13,12,3,2,1
2025-06-24,Email,newsletter,email,Lifecycle,tablet,P005,9,8,7,2,1,1
2025-06-24,Email,newsletter,email,Lifecycle,tablet,P006,15,12,12,3,1,1
2025-06-24,Email,newsletter,email,Lifecycle,tablet,P007,8,7,7,1,1,0
2025-06-24,Email,newsletter,email,Lifecycle,tablet,P008,13,11,11,2,1,1
2025-06-24,Email,newsletter,email,Lifecycle,tablet,P009,7,6,6,1,1,0
2025-06-24,Email,newsletter,email,Lifecycle,tablet,P010,12,10,10,2,1,1
2025-06-24,Email,newsletter,email,Lifecycle,tablet,P011,18,14,14,3,2,1
2025-06-24,Email,newsletter,email,Lifecycle,tablet,P012,11,9,9,2,1,1
2025-06-25,Paid Search,google,cpc,KSA Growth,desktop,P001,13,11,10,2,1,1
2025-06-25,Paid Search,google,cpc,KSA Growth,desktop,P002,8,7,7,1,1,1
2025-06-25,Paid Search,google,cpc,KSA Growth,desktop,P003,12,10,10,2,1,1
2025-06-25,Paid Search,google,cpc,KSA Growth,desktop,P004,7,6,6,1,1,0
2025-06-25,Paid Search,google,cpc,KSA Growth,desktop,P005,11,9,9,2,1,1
2025-06-25,Paid Search,google,cpc,KSA Growth,desktop,P006,7,6,5,1,1,0
2025-06-25,Paid Search,google,cpc,KSA Growth,desktop,P007,11,9,8,2,1,1
2025-06-25,Paid Search,google,cpc,KSA Growth,desktop,P008,6,5,5,1,1,0
2025-06-25,Paid Search,google,cpc,KSA Growth,desktop,P009,10,8,8,1,1,1
2025-06-25,Paid Search,google,cpc,KSA Growth,desktop,P010,5,4,4,1,0,0
2025-06-25,Paid Search,google,cpc,KSA Growth,desktop,P011,9,8,7,1,1,1
2025-06-25,Paid Search,google,cpc,KSA Growth,desktop,P012,13,11,10,2,1,1
2025-06-25,Paid Social,instagram,paid_social,Creator Offers,tablet,P001,8,7,6,2,1,1
2025-06-25,Paid Social,instagram,paid_social,Creator Offers,tablet,P002,13,11,9,2,1,1
2025-06-25,Paid Social,instagram,paid_social,Creator Offers,tablet,P003,7,6,5,1,1,1
2025-06-25,Paid Social,instagram,paid_social,Creator Offers,tablet,P004,12,10,9,2,1,1
2025-06-25,Paid Social,instagram,paid_social,Creator Offers,tablet,P005,6,6,5,1,1,0
2025-06-25,Paid Social,instagram,paid_social,Creator Offers,tablet,P006,11,9,8,2,1,1
2025-06-25,Paid Social,instagram,paid_social,Creator Offers,tablet,P007,15,13,11,3,2,1
2025-06-25,Paid Social,instagram,paid_social,Creator Offers,tablet,P008,10,9,7,2,1,1
2025-06-25,Paid Social,instagram,paid_social,Creator Offers,tablet,P009,15,13,11,3,2,1
2025-06-25,Paid Social,instagram,paid_social,Creator Offers,tablet,P010,9,8,7,2,1,1
2025-06-25,Paid Social,instagram,paid_social,Creator Offers,tablet,P011,14,12,10,2,2,1
2025-06-25,Paid Social,instagram,paid_social,Creator Offers,tablet,P012,8,7,6,1,1,1
2025-06-25,Affiliates,partners,affiliate,Partner Network,mobile,P001,12,8,9,2,2,1
2025-06-25,Affiliates,partners,affiliate,Partner Network,mobile,P002,16,12,12,3,2,2
2025-06-25,Affiliates,partners,affiliate,Partner Network,mobile,P003,11,8,8,2,1,1
2025-06-25,Affiliates,partners,affiliate,Partner Network,mobile,P004,15,11,11,3,2,1
2025-06-25,Affiliates,partners,affiliate,Partner Network,mobile,P005,10,7,7,2,1,1
2025-06-25,Affiliates,partners,affiliate,Partner Network,mobile,P006,14,11,11,3,2,1
2025-06-25,Affiliates,partners,affiliate,Partner Network,mobile,P007,9,6,6,2,1,1
2025-06-25,Affiliates,partners,affiliate,Partner Network,mobile,P008,13,10,10,3,2,1
2025-06-25,Affiliates,partners,affiliate,Partner Network,mobile,P009,8,6,6,2,1,1
2025-06-25,Affiliates,partners,affiliate,Partner Network,mobile,P010,13,9,9,3,2,1
2025-06-25,Affiliates,partners,affiliate,Partner Network,mobile,P011,7,5,5,1,1,1
2025-06-25,Affiliates,partners,affiliate,Partner Network,mobile,P012,12,8,8,2,2,1
2025-06-26,Direct,direct,none,Unassigned,tablet,P001,6,5,4,1,1,0
2025-06-26,Direct,direct,none,Unassigned,tablet,P002,10,8,6,1,1,1
2025-06-26,Direct,direct,none,Unassigned,tablet,P003,13,11,9,2,1,1
2025-06-26,Direct,direct,none,Unassigned,tablet,P004,9,7,6,1,1,1
2025-06-26,Direct,direct,none,Unassigned,tablet,P005,13,10,9,2,1,1
2025-06-26,Direct,direct,none,Unassigned,tablet,P006,8,6,5,1,1,0
2025-06-26,Direct,direct,none,Unassigned,tablet,P007,12,10,8,2,1,1
2025-06-26,Direct,direct,none,Unassigned,tablet,P008,7,6,5,1,1,0
2025-06-26,Direct,direct,none,Unassigned,tablet,P009,11,9,7,2,1,1
2025-06-26,Direct,direct,none,Unassigned,tablet,P010,6,5,4,1,1,0
2025-06-26,Direct,direct,none,Unassigned,tablet,P011,10,8,7,2,1,1
2025-06-26,Direct,direct,none,Unassigned,tablet,P012,6,4,4,1,0,0
2025-06-26,Email,newsletter,email,Lifecycle,mobile,P001,6,5,4,1,1,0
2025-06-26,Email,newsletter,email,Lifecycle,mobile,P002,8,7,6,2,1,1
2025-06-26,Email,newsletter,email,Lifecycle,mobile,P003,5,4,4,1,0,0
2025-06-26,Email,newsletter,email,Lifecycle,mobile,P004,8,6,6,1,1,1
2025-06-26,Email,newsletter,email,Lifecycle,mobile,P005,4,4,3,1,0,0
2025-06-26,Email,newsletter,email,Lifecycle,mobile,P006,7,6,5,1,1,1
2025-06-26,Email,newsletter,email,Lifecycle,mobile,P007,4,3,3,1,0,0
2025-06-26,Email,newsletter,email,Lifecycle,mobile,P008,7,5,5,1,1,1
2025-06-26,Email,newsletter,email,Lifecycle,mobile,P009,10,8,7,2,1,1
2025-06-26,Email,newsletter,email,Lifecycle,mobile,P010,6,5,5,1,1,0
2025-06-26,Email,newsletter,email,Lifecycle,mobile,P011,9,7,7,2,1,1
2025-06-26,Email,newsletter,email,Lifecycle,mobile,P012,6,5,4,1,1,0
2025-06-26,Organic Search,google,organic,Always-on SEO,desktop,P001,12,10,8,1,1,1
2025-06-26,Organic Search,google,organic,Always-on SEO,desktop,P002,6,5,4,1,0,0
2025-06-26,Organic Search,google,organic,Always-on SEO,desktop,P003,11,9,7,1,1,0
2025-06-26,Organic Search,google,organic,Always-on SEO,desktop,P004,16,13,10,2,1,1
2025-06-26,Organic Search,google,organic,Always-on SEO,desktop,P005,10,8,7,1,1,0
2025-06-26,Organic Search,google,organic,Always-on SEO,desktop,P006,15,12,9,2,1,1
2025-06-26,Organic Search,google,organic,Always-on SEO,desktop,P007,9,7,6,1,0,0
2025-06-26,Organic Search,google,organic,Always-on SEO,desktop,P008,14,11,9,2,1,1
2025-06-26,Organic Search,google,organic,Always-on SEO,desktop,P009,8,7,5,1,0,0
2025-06-26,Organic Search,google,organic,Always-on SEO,desktop,P010,13,10,8,2,1,1
2025-06-26,Organic Search,google,organic,Always-on SEO,desktop,P011,7,6,5,1,0,0
2025-06-26,Organic Search,google,organic,Always-on SEO,desktop,P012,12,10,8,1,1,0
2025-06-27,Paid Social,instagram,paid_social,Creator Offers,mobile,P001,5,4,4,1,0,0
2025-06-27,Paid Social,instagram,paid_social,Creator Offers,mobile,P002,9,7,6,1,1,0
2025-06-27,Paid Social,instagram,paid_social,Creator Offers,mobile,P003,5,4,3,1,0,0
2025-06-27,Paid Social,instagram,paid_social,Creator Offers,mobile,P004,8,7,6,1,1,0
2025-06-27,Paid Social,instagram,paid_social,Creator Offers,mobile,P005,11,9,8,1,1,1
2025-06-27,Paid Social,instagram,paid_social,Creator Offers,mobile,P006,7,6,5,1,0,0
2025-06-27,Paid Social,instagram,paid_social,Creator Offers,mobile,P007,11,9,7,1,1,1
2025-06-27,Paid Social,instagram,paid_social,Creator Offers,mobile,P008,7,6,5,1,0,0
2025-06-27,Paid Social,instagram,paid_social,Creator Offers,mobile,P009,10,8,7,1,1,1
2025-06-27,Paid Social,instagram,paid_social,Creator Offers,mobile,P010,6,5,4,1,0,0
2025-06-27,Paid Social,instagram,paid_social,Creator Offers,mobile,P011,9,8,6,1,1,1
2025-06-27,Paid Social,instagram,paid_social,Creator Offers,mobile,P012,5,4,4,1,0,0
2025-06-27,Affiliates,partners,affiliate,Partner Network,desktop,P001,8,7,6,1,1,0
2025-06-27,Affiliates,partners,affiliate,Partner Network,desktop,P002,12,9,9,2,1,1
2025-06-27,Affiliates,partners,affiliate,Partner Network,desktop,P003,7,6,6,1,1,0
2025-06-27,Affiliates,partners,affiliate,Partner Network,desktop,P004,11,9,8,2,1,1
2025-06-27,Affiliates,partners,affiliate,Partner Network,desktop,P005,6,5,5,1,1,0
2025-06-27,Affiliates,partners,affiliate,Partner Network,desktop,P006,10,8,8,2,1,1
2025-06-27,Affiliates,partners,affiliate,Partner Network,desktop,P007,6,5,4,1,0,0
2025-06-27,Affiliates,partners,affiliate,Partner Network,desktop,P008,9,8,7,2,1,1
2025-06-27,Affiliates,partners,affiliate,Partner Network,desktop,P009,5,4,4,1,0,0
2025-06-27,Affiliates,partners,affiliate,Partner Network,desktop,P010,9,7,7,1,1,1
2025-06-27,Affiliates,partners,affiliate,Partner Network,desktop,P011,12,10,9,2,1,1
2025-06-27,Affiliates,partners,affiliate,Partner Network,desktop,P012,8,6,6,1,1,0
2025-06-27,Paid Search,google,cpc,KSA Growth,tablet,P001,14,12,11,2,1,1
2025-06-27,Paid Search,google,cpc,KSA Growth,tablet,P002,8,7,6,1,1,0
2025-06-27,Paid Search,google,cpc,KSA Growth,tablet,P003,13,11,11,2,1,1
2025-06-27,Paid Search,google,cpc,KSA Growth,tablet,P004,7,6,6,1,0,0
2025-06-27,Paid Search,google,cpc,KSA Growth,tablet,P005,12,10,10,2,1,1
2025-06-27,Paid Search,google,cpc,KSA Growth,tablet,P006,17,14,14,3,1,1
2025-06-27,Paid Search,google,cpc,KSA Growth,tablet,P007,11,9,9,2,1,0
2025-06-27,Paid Search,google,cpc,KSA Growth,tablet,P008,16,13,13,2,1,1
2025-06-27,Paid Search,google,cpc,KSA Growth,tablet,P009,10,8,8,1,1,0
2025-06-27,Paid Search,google,cpc,KSA Growth,tablet,P010,15,12,12,2,1,1
2025-06-27,Paid Search,google,cpc,KSA Growth,tablet,P011,9,7,7,1,1,0
2025-06-27,Paid Search,google,cpc,KSA Growth,tablet,P012,14,12,11,2,1,1
2025-06-28,Email,newsletter,email,Lifecycle,desktop,P001,9,8,7,2,1,1
2025-06-28,Email,newsletter,email,Lifecycle,desktop,P002,13,12,11,2,1,1
2025-06-28,Email,newsletter,email,Lifecycle,desktop,P003,8,7,6,1,1,0
2025-06-28,Email,newsletter,email,Lifecycle,desktop,P004,12,11,10,2,1,1
2025-06-28,Email,newsletter,email,Lifecycle,desktop,P005,7,6,5,1,1,0
2025-06-28,Email,newsletter,email,Lifecycle,desktop,P006,12,10,9,2,1,1
2025-06-28,Email,newsletter,email,Lifecycle,desktop,P007,16,15,13,3,2,1
2025-06-28,Email,newsletter,email,Lifecycle,desktop,P008,11,9,8,2,1,1
2025-06-28,Email,newsletter,email,Lifecycle,desktop,P009,15,14,12,3,1,1
2025-06-28,Email,newsletter,email,Lifecycle,desktop,P010,10,9,7,2,1,1
2025-06-28,Email,newsletter,email,Lifecycle,desktop,P011,14,13,11,3,1,1
2025-06-28,Email,newsletter,email,Lifecycle,desktop,P012,9,8,7,1,1,0
2025-06-28,Organic Search,google,organic,Always-on SEO,tablet,P001,13,11,10,2,2,1
2025-06-28,Organic Search,google,organic,Always-on SEO,tablet,P002,18,15,14,3,2,1
2025-06-28,Organic Search,google,organic,Always-on SEO,tablet,P003,12,10,9,2,1,1
2025-06-28,Organic Search,google,organic,Always-on SEO,tablet,P004,17,14,14,3,2,1
2025-06-28,Organic Search,google,organic,Always-on SEO,tablet,P005,11,9,9,2,1,1
2025-06-28,Organic Search,google,organic,Always-on SEO,tablet,P006,16,13,13,3,2,1
2025-06-28,Organic Search,google,organic,Always-on SEO,tablet,P007,10,8,8,2,1,1
2025-06-28,Organic Search,google,organic,Always-on SEO,tablet,P008,15,12,12,3,2,1
2025-06-28,Organic Search,google,organic,Always-on SEO,tablet,P009,9,7,7,2,1,1
2025-06-28,Organic Search,google,organic,Always-on SEO,tablet,P010,14,11,11,2,2,1
2025-06-28,Organic Search,google,organic,Always-on SEO,tablet,P011,7,6,6,1,1,1
2025-06-28,Organic Search,google,organic,Always-on SEO,tablet,P012,13,10,10,2,2,1
2025-06-28,Direct,direct,none,Unassigned,mobile,P001,10,8,6,1,1,1
2025-06-28,Direct,direct,none,Unassigned,mobile,P002,6,5,4,1,0,0
2025-06-28,Direct,direct,none,Unassigned,mobile,P003,9,8,6,1,1,0
2025-06-28,Direct,direct,none,Unassigned,mobile,P004,5,4,3,0,0,0
2025-06-28,Direct,direct,none,Unassigned,mobile,P005,8,7,5,1,0,0
2025-06-28,Direct,direct,none,Unassigned,mobile,P006,5,4,3,0,0,0
2025-06-28,Direct,direct,none,Unassigned,mobile,P007,8,7,5,1,0,0
2025-06-28,Direct,direct,none,Unassigned,mobile,P008,11,9,7,1,1,1
2025-06-28,Direct,direct,none,Unassigned,mobile,P009,7,6,5,1,0,0
2025-06-28,Direct,direct,none,Unassigned,mobile,P010,10,9,7,1,1,1
2025-06-28,Direct,direct,none,Unassigned,mobile,P011,7,5,4,1,0,0
2025-06-28,Direct,direct,none,Unassigned,mobile,P012,10,8,6,1,1,1
2025-06-29,Affiliates,partners,affiliate,Partner Network,tablet,P001,9,8,6,1,1,0
2025-06-29,Affiliates,partners,affiliate,Partner Network,tablet,P002,14,12,9,2,1,1
2025-06-29,Affiliates,partners,affiliate,Partner Network,tablet,P003,8,7,5,1,0,0
2025-06-29,Affiliates,partners,affiliate,Partner Network,tablet,P004,13,11,8,2,1,1
2025-06-29,Affiliates,partners,affiliate,Partner Network,tablet,P005,8,6,5,1,0,0
2025-06-29,Affiliates,partners,affiliate,Partner Network,tablet,P006,12,10,8,1,1,1
2025-06-29,Affiliates,partners,affiliate,Partner Network,tablet,P007,7,5,4,1,0,0
2025-06-29,Affiliates,partners,affiliate,Partner Network,tablet,P008,11,9,7,1,1,1
2025-06-29,Affiliates,partners,affiliate,Partner Network,tablet,P009,16,13,10,2,1,1
2025-06-29,Affiliates,partners,affiliate,Partner Network,tablet,P010,10,9,7,1,1,0
2025-06-29,Affiliates,partners,affiliate,Partner Network,tablet,P011,15,13,10,2,1,1
2025-06-29,Affiliates,partners,affiliate,Partner Network,tablet,P012,9,8,6,1,0,0
2025-06-29,Paid Search,google,cpc,KSA Growth,mobile,P001,10,8,7,1,1,1
2025-06-29,Paid Search,google,cpc,KSA Growth,mobile,P002,5,4,4,1,0,0
2025-06-29,Paid Search,google,cpc,KSA Growth,mobile,P003,9,7,7,1,1,0
2025-06-29,Paid Search,google,cpc,KSA Growth,mobile,P004,13,11,10,2,1,1
2025-06-29,Paid Search,google,cpc,KSA Growth,mobile,P005,8,7,6,1,1,0
2025-06-29,Paid Search,google,cpc,KSA Growth,mobile,P006,12,10,9,2,1,1
2025-06-29,Paid Search,google,cpc,KSA Growth,mobile,P007,7,6,6,1,0,0
2025-06-29,Paid Search,google,cpc,KSA Growth,mobile,P008,11,9,8,2,1,1
2025-06-29,Paid Search,google,cpc,KSA Growth,mobile,P009,7,6,5,1,0,0
2025-06-29,Paid Search,google,cpc,KSA Growth,mobile,P010,11,9,8,1,1,1
2025-06-29,Paid Search,google,cpc,KSA Growth,mobile,P011,6,5,5,1,0,0
2025-06-29,Paid Search,google,cpc,KSA Growth,mobile,P012,10,8,7,1,1,1
2025-06-29,Paid Social,instagram,paid_social,Creator Offers,desktop,P001,12,10,10,3,1,1
2025-06-29,Paid Social,instagram,paid_social,Creator Offers,desktop,P002,8,6,6,2,1,0
2025-06-29,Paid Social,instagram,paid_social,Creator Offers,desktop,P003,12,9,9,2,1,1
2025-06-29,Paid Social,instagram,paid_social,Creator Offers,desktop,P004,7,6,6,1,1,0
2025-06-29,Paid Social,instagram,paid_social,Creator Offers,desktop,P005,11,9,9,2,1,1
2025-06-29,Paid Social,instagram,paid_social,Creator Offers,desktop,P006,6,5,5,1,1,0
2025-06-29,Paid Social,instagram,paid_social,Creator Offers,desktop,P007,10,8,8,2,1,1
2025-06-29,Paid Social,instagram,paid_social,Creator Offers,desktop,P008,5,4,4,1,1,0
2025-06-29,Paid Social,instagram,paid_social,Creator Offers,desktop,P009,9,8,7,2,1,1
2025-06-29,Paid Social,instagram,paid_social,Creator Offers,desktop,P010,13,11,10,3,2,1
2025-06-29,Paid Social,instagram,paid_social,Creator Offers,desktop,P011,8,7,7,2,1,1
2025-06-29,Paid Social,instagram,paid_social,Creator Offers,desktop,P012,12,10,10,3,1,1
2025-06-30,Organic Search,google,organic,Always-on SEO,mobile,P001,10,8,7,2,1,1
2025-06-30,Organic Search,google,organic,Always-on SEO,mobile,P002,15,12,10,3,2,1
2025-06-30,Organic Search,google,organic,Always-on SEO,mobile,P003,9,7,6,2,1,1
2025-06-30,Organic Search,google,organic,Always-on SEO,mobile,P004,14,11,10,3,2,1
2025-06-30,Organic Search,google,organic,Always-on SEO,mobile,P005,8,7,6,1,1,0
2025-06-30,Organic Search,google,organic,Always-on SEO,mobile,P006,13,10,9,2,1,1
2025-06-30,Organic Search,google,organic,Always-on SEO,mobile,P007,7,6,5,1,1,0
2025-06-30,Organic Search,google,organic,Always-on SEO,mobile,P008,12,10,8,2,1,1
2025-06-30,Organic Search,google,organic,Always-on SEO,mobile,P009,7,5,4,1,1,0
2025-06-30,Organic Search,google,organic,Always-on SEO,mobile,P010,11,9,8,2,1,1
2025-06-30,Organic Search,google,organic,Always-on SEO,mobile,P011,16,12,11,3,2,1
2025-06-30,Organic Search,google,organic,Always-on SEO,mobile,P012,10,8,7,2,1,1
2025-06-30,Direct,direct,none,Unassigned,desktop,P001,12,9,8,2,1,1
2025-06-30,Direct,direct,none,Unassigned,desktop,P002,7,5,5,1,1,1
2025-06-30,Direct,direct,none,Unassigned,desktop,P003,11,8,7,2,1,1
2025-06-30,Direct,direct,none,Unassigned,desktop,P004,6,4,4,1,1,0
2025-06-30,Direct,direct,none,Unassigned,desktop,P005,10,8,7,2,1,1
2025-06-30,Direct,direct,none,Unassigned,desktop,P006,14,11,10,3,2,1
2025-06-30,Direct,direct,none,Unassigned,desktop,P007,9,7,6,2,1,1
2025-06-30,Direct,direct,none,Unassigned,desktop,P008,13,10,9,3,2,1
2025-06-30,Direct,direct,none,Unassigned,desktop,P009,8,6,6,2,1,1
2025-06-30,Direct,direct,none,Unassigned,desktop,P010,12,10,9,2,1,1
2025-06-30,Direct,direct,none,Unassigned,desktop,P011,7,6,5,1,1,1
2025-06-30,Direct,direct,none,Unassigned,desktop,P012,11,9,8,2,1,1
2025-06-30,Email,newsletter,email,Lifecycle,tablet,P001,10,8,8,2,1,1
2025-06-30,Email,newsletter,email,Lifecycle,tablet,P002,7,5,5,1,1,0
2025-06-30,Email,newsletter,email,Lifecycle,tablet,P003,9,7,7,2,1,1
2025-06-30,Email,newsletter,email,Lifecycle,tablet,P004,6,5,5,1,1,0
2025-06-30,Email,newsletter,email,Lifecycle,tablet,P005,9,7,7,2,1,1
2025-06-30,Email,newsletter,email,Lifecycle,tablet,P006,5,4,4,1,1,0
2025-06-30,Email,newsletter,email,Lifecycle,tablet,P007,8,6,6,2,1,1
2025-06-30,Email,newsletter,email,Lifecycle,tablet,P008,5,4,4,1,1,0
2025-06-30,Email,newsletter,email,Lifecycle,tablet,P009,8,6,6,2,1,1
2025-06-30,Email,newsletter,email,Lifecycle,tablet,P010,4,3,3,1,0,0
2025-06-30,Email,newsletter,email,Lifecycle,tablet,P011,7,6,5,1,1,0
2025-06-30,Email,newsletter,email,Lifecycle,tablet,P012,10,8,8,2,1,1
2025-07-01,Paid Search,google,cpc,KSA Growth,desktop,P001,11,8,8,2,1,1
2025-07-01,Paid Search,google,cpc,KSA Growth,desktop,P002,16,12,11,2,2,1
2025-07-01,Paid Search,google,cpc,KSA Growth,desktop,P003,10,8,7,2,1,1
2025-07-01,Paid Search,google,cpc,KSA Growth,desktop,P004,15,11,10,2,2,1
2025-07-01,Paid Search,google,cpc,KSA Growth,desktop,P005,10,7,7,1,1,1
2025-07-01,Paid Search,google,cpc,KSA Growth,desktop,P006,14,10,10,2,1,1
2025-07-01,Paid Search,google,cpc,KSA Growth,desktop,P007,9,6,6,1,1,0
2025-07-01,Paid Search,google,cpc,KSA Growth,desktop,P008,13,10,9,2,1,1
2025-07-01,Paid Search,google,cpc,KSA Growth,desktop,P009,8,5,5,1,1,0
2025-07-01,Paid Search,google,cpc,KSA Growth,desktop,P010,12,9,8,2,1,1
2025-07-01,Paid Search,google,cpc,KSA Growth,desktop,P011,7,5,5,1,1,0
2025-07-01,Paid Search,google,cpc,KSA Growth,desktop,P012,11,8,8,2,1,1
2025-07-01,Paid Social,instagram,paid_social,Creator Offers,tablet,P001,14,10,10,2,1,1
2025-07-01,Paid Social,instagram,paid_social,Creator Offers,tablet,P002,8,6,6,1,1,0
2025-07-01,Paid Social,instagram,paid_social,Creator Offers,tablet,P003,13,9,9,2,1,1
2025-07-01,Paid Social,instagram,paid_social,Creator Offers,tablet,P004,8,5,5,1,1,0
2025-07-01,Paid Social,instagram,paid_social,Creator Offers,tablet,P005,12,9,9,2,1,1
2025-07-01,Paid Social,instagram,paid_social,Creator Offers,tablet,P006,7,5,5,1,1,0
2025-07-01,Paid Social,instagram,paid_social,Creator Offers,tablet,P007,11,8,8,2,1,1
2025-07-01,Paid Social,instagram,paid_social,Creator Offers,tablet,P008,16,11,12,3,1,1
2025-07-01,Paid Social,instagram,paid_social,Creator Offers,tablet,P009,10,7,7,2,1,1
2025-07-01,Paid Social,instagram,paid_social,Creator Offers,tablet,P010,15,11,11,2,1,1
2025-07-01,Paid Social,instagram,paid_social,Creator Offers,tablet,P011,9,7,7,2,1,0
2025-07-01,Paid Social,instagram,paid_social,Creator Offers,tablet,P012,14,10,10,2,1,1
2025-07-01,Affiliates,partners,affiliate,Partner Network,mobile,P001,8,7,5,1,1,0
2025-07-01,Affiliates,partners,affiliate,Partner Network,mobile,P002,14,12,9,2,1,1
2025-07-01,Affiliates,partners,affiliate,Partner Network,mobile,P003,20,18,13,3,2,1
2025-07-01,Affiliates,partners,affiliate,Partner Network,mobile,P004,13,11,9,2,1,1
2025-07-01,Affiliates,partners,affiliate,Partner Network,mobile,P005,19,17,12,3,2,1
2025-07-01,Affiliates,partners,affiliate,Partner Network,mobile,P006,12,10,8,2,1,1
2025-07-01,Affiliates,partners,affiliate,Partner Network,mobile,P007,17,16,12,3,1,1
2025-07-01,Affiliates,partners,affiliate,Partner Network,mobile,P008,11,9,7,2,1,0
2025-07-01,Affiliates,partners,affiliate,Partner Network,mobile,P009,16,15,11,2,1,1
2025-07-01,Affiliates,partners,affiliate,Partner Network,mobile,P010,9,8,6,1,1,0
2025-07-01,Affiliates,partners,affiliate,Partner Network,mobile,P011,15,14,10,2,1,1
2025-07-01,Affiliates,partners,affiliate,Partner Network,mobile,P012,8,7,5,1,1,0
2025-07-02,Direct,direct,none,Unassigned,tablet,P001,14,11,11,3,2,1
2025-07-02,Direct,direct,none,Unassigned,tablet,P002,8,6,6,2,1,1
2025-07-02,Direct,direct,none,Unassigned,tablet,P003,13,11,10,3,1,1
2025-07-02,Direct,direct,none,Unassigned,tablet,P004,19,15,14,4,2,2
2025-07-02,Direct,direct,none,Unassigned,tablet,P005,12,10,9,2,1,1
2025-07-02,Direct,direct,none,Unassigned,tablet,P006,17,14,13,4,2,1
2025-07-02,Direct,direct,none,Unassigned,tablet,P007,11,9,8,2,1,1
2025-07-02,Direct,direct,none,Unassigned,tablet,P008,16,13,12,3,2,1
2025-07-02,Direct,direct,none,Unassigned,tablet,P009,10,8,7,2,1,1
2025-07-02,Direct,direct,none,Unassigned,tablet,P010,15,12,11,3,2,1
2025-07-02,Direct,direct,none,Unassigned,tablet,P011,9,7,7,2,1,1
2025-07-02,Direct,direct,none,Unassigned,tablet,P012,14,11,11,3,2,1
2025-07-02,Email,newsletter,email,Lifecycle,mobile,P001,12,10,9,3,2,1
2025-07-02,Email,newsletter,email,Lifecycle,mobile,P002,7,6,6,2,1,1
2025-07-02,Email,newsletter,email,Lifecycle,mobile,P003,11,9,9,2,1,1
2025-07-02,Email,newsletter,email,Lifecycle,mobile,P004,7,5,5,1,1,0
2025-07-02,Email,newsletter,email,Lifecycle,mobile,P005,10,9,8,2,1,1
2025-07-02,Email,newsletter,email,Lifecycle,mobile,P006,6,5,5,1,1,0
2025-07-02,Email,newsletter,email,Lifecycle,mobile,P007,9,8,8,2,1,1
2025-07-02,Email,newsletter,email,Lifecycle,mobile,P008,5,4,4,1,1,0
2025-07-02,Email,newsletter,email,Lifecycle,mobile,P009,9,7,7,2,1,1
2025-07-02,Email,newsletter,email,Lifecycle,mobile,P010,12,10,10,3,2,1
2025-07-02,Email,newsletter,email,Lifecycle,mobile,P011,8,7,7,2,1,1
2025-07-02,Email,newsletter,email,Lifecycle,mobile,P012,12,10,9,3,1,1
2025-07-02,Organic Search,google,organic,Always-on SEO,desktop,P001,6,5,5,1,0,0
2025-07-02,Organic Search,google,organic,Always-on SEO,desktop,P002,10,8,7,1,1,1
2025-07-02,Organic Search,google,organic,Always-on SEO,desktop,P003,5,4,4,1,0,0
2025-07-02,Organic Search,google,organic,Always-on SEO,desktop,P004,9,7,7,1,1,1
2025-07-02,Organic Search,google,organic,Always-on SEO,desktop,P005,13,10,10,2,1,1
2025-07-02,Organic Search,google,organic,Always-on SEO,desktop,P006,9,7,6,1,1,0
2025-07-02,Organic Search,google,organic,Always-on SEO,desktop,P007,13,10,9,2,1,1
2025-07-02,Organic Search,google,organic,Always-on SEO,desktop,P008,8,6,6,1,1,0
2025-07-02,Organic Search,google,organic,Always-on SEO,desktop,P009,12,9,9,2,1,1
2025-07-02,Organic Search,google,organic,Always-on SEO,desktop,P010,7,6,5,1,0,0
2025-07-02,Organic Search,google,organic,Always-on SEO,desktop,P011,11,9,8,2,1,1
2025-07-02,Organic Search,google,organic,Always-on SEO,desktop,P012,6,5,5,1,0,0
2025-07-03,Paid Social,instagram,paid_social,Creator Offers,mobile,P001,9,7,7,1,1,1
2025-07-03,Paid Social,instagram,paid_social,Creator Offers,mobile,P002,5,4,4,1,0,0
2025-07-03,Paid Social,instagram,paid_social,Creator Offers,mobile,P003,9,6,6,1,1,0
2025-07-03,Paid Social,instagram,paid_social,Creator Offers,mobile,P004,5,3,3,1,0,0
2025-07-03,Paid Social,instagram,paid_social,Creator Offers,mobile,P005,8,6,6,1,0,0
2025-07-03,Paid Social,instagram,paid_social,Creator Offers,mobile,P006,12,8,8,2,1,1
2025-07-03,Paid Social,instagram,paid_social,Creator Offers,mobile,P007,7,5,5,1,0,0
2025-07-03,Paid Social,instagram,paid_social,Creator Offers,mobile,P008,11,8,7,1,1,1
2025-07-03,Paid Social,instagram,paid_social,Creator Offers,mobile,P009,7,5,5,1,0,0
2025-07-03,Paid Social,instagram,paid_social,Creator Offers,mobile,P010,10,7,7,1,1,1
2025-07-03,Paid Social,instagram,paid_social,Creator Offers,mobile,P011,6,4,4,1,0,0
2025-07-03,Paid Social,instagram,paid_social,Creator Offers,mobile,P012,9,7,7,1,1,0
2025-07-03,Affiliates,partners,affiliate,Partner Network,desktop,P001,16,13,12,3,2,1
2025-07-03,Affiliates,partners,affiliate,Partner Network,desktop,P002,10,9,8,2,1,1
2025-07-03,Affiliates,partners,affiliate,Partner Network,desktop,P003,15,13,12,3,1,1
2025-07-03,Affiliates,partners,affiliate,Partner Network,desktop,P004,10,8,7,2,1,1
2025-07-03,Affiliates,partners,affiliate,Partner Network,desktop,P005,14,12,11,2,1,1
2025-07-03,Affiliates,partners,affiliate,Partner Network,desktop,P006,9,7,7,1,1,0
2025-07-03,Affiliates,partners,affiliate,Partner Network,desktop,P007,13,11,10,2,1,1
2025-07-03,Affiliates,partners,affiliate,Partner Network,desktop,P008,8,6,6,1,1,0
2025-07-03,Affiliates,partners,affiliate,Partner Network,desktop,P009,12,10,10,2,1,1
2025-07-03,Affiliates,partners,affiliate,Partner Network,desktop,P010,7,6,5,1,1,0
2025-07-03,Affiliates,partners,affiliate,Partner Network,desktop,P011,11,9,9,2,1,1
2025-07-03,Affiliates,partners,affiliate,Partner Network,desktop,P012,16,13,12,3,2,1
2025-07-03,Paid Search,google,cpc,KSA Growth,tablet,P001,10,7,8,1,1,1
2025-07-03,Paid Search,google,cpc,KSA Growth,tablet,P002,15,11,12,2,1,1
2025-07-03,Paid Search,google,cpc,KSA Growth,tablet,P003,8,7,7,1,1,0
2025-07-03,Paid Search,google,cpc,KSA Growth,tablet,P004,14,11,11,2,1,1
2025-07-03,Paid Search,google,cpc,KSA Growth,tablet,P005,7,6,6,1,1,0
2025-07-03,Paid Search,google,cpc,KSA Growth,tablet,P006,13,10,10,2,1,1
2025-07-03,Paid Search,google,cpc,KSA Growth,tablet,P007,18,14,14,3,2,1
2025-07-03,Paid Search,google,cpc,KSA Growth,tablet,P008,12,9,9,2,1,1
2025-07-03,Paid Search,google,cpc,KSA Growth,tablet,P009,17,13,13,3,2,1
2025-07-03,Paid Search,google,cpc,KSA Growth,tablet,P010,11,8,8,2,1,1
2025-07-03,Paid Search,google,cpc,KSA Growth,tablet,P011,16,12,13,2,2,1
2025-07-03,Paid Search,google,cpc,KSA Growth,tablet,P012,9,7,7,1,1,1
2025-07-04,Email,newsletter,email,Lifecycle,desktop,P001,12,10,10,2,1,1
2025-07-04,Email,newsletter,email,Lifecycle,desktop,P002,7,6,6,1,1,0
2025-07-04,Email,newsletter,email,Lifecycle,desktop,P003,11,9,9,2,1,1
2025-07-04,Email,newsletter,email,Lifecycle,desktop,P004,6,5,5,1,1,0
2025-07-04,Email,newsletter,email,Lifecycle,desktop,P005,11,8,9,2,1,1
2025-07-04,Email,newsletter,email,Lifecycle,desktop,P006,6,4,5,1,1,0
2025-07-04,Email,newsletter,email,Lifecycle,desktop,P007,10,8,8,2,1,1
2025-07-04,Email,newsletter,email,Lifecycle,desktop,P008,14,11,11,3,1,1
2025-07-04,Email,newsletter,email,Lifecycle,desktop,P009,9,7,7,2,1,1
2025-07-04,Email,newsletter,email,Lifecycle,desktop,P010,13,10,10,2,1,1
2025-07-04,Email,newsletter,email,Lifecycle,desktop,P011,8,6,7,2,1,0
2025-07-04,Email,newsletter,email,Lifecycle,desktop,P012,12,9,10,2,1,1
2025-07-04,Organic Search,google,organic,Always-on SEO,tablet,P001,8,7,5,1,1,0
2025-07-04,Organic Search,google,organic,Always-on SEO,tablet,P002,13,11,9,2,1,1
2025-07-04,Organic Search,google,organic,Always-on SEO,tablet,P003,18,16,12,3,1,1
2025-07-04,Organic Search,google,organic,Always-on SEO,tablet,P004,12,10,8,2,1,1
2025-07-04,Organic Search,google,organic,Always-on SEO,tablet,P005,17,15,11,3,1,1
2025-07-04,Organic Search,google,organic,Always-on SEO,tablet,P006,11,9,7,2,1,0
2025-07-04,Organic Search,google,organic,Always-on SEO,tablet,P007,16,14,11,2,1,1
2025-07-04,Organic Search,google,organic,Always-on SEO,tablet,P008,10,9,6,1,1,0
2025-07-04,Organic Search,google,organic,Always-on SEO,tablet,P009,15,13,10,2,1,1
2025-07-04,Organic Search,google,organic,Always-on SEO,tablet,P010,9,8,6,1,1,0
2025-07-04,Organic Search,google,organic,Always-on SEO,tablet,P011,14,12,9,2,1,1
2025-07-04,Organic Search,google,organic,Always-on SEO,tablet,P012,8,7,5,1,0,0
2025-07-04,Direct,direct,none,Unassigned,mobile,P001,12,10,9,2,1,1
2025-07-04,Direct,direct,none,Unassigned,mobile,P002,19,15,13,3,2,1
2025-07-04,Direct,direct,none,Unassigned,mobile,P003,11,9,8,2,1,1
2025-07-04,Direct,direct,none,Unassigned,mobile,P004,17,14,12,3,2,1
2025-07-04,Direct,direct,none,Unassigned,mobile,P005,10,8,7,2,1,1
2025-07-04,Direct,direct,none,Unassigned,mobile,P006,16,13,11,3,2,1
2025-07-04,Direct,direct,none,Unassigned,mobile,P007,9,7,6,2,1,1
2025-07-04,Direct,direct,none,Unassigned,mobile,P008,15,12,11,3,2,1
2025-07-04,Direct,direct,none,Unassigned,mobile,P009,21,17,15,4,2,2
2025-07-04,Direct,direct,none,Unassigned,mobile,P010,14,11,10,2,2,1
2025-07-04,Direct,direct,none,Unassigned,mobile,P011,20,16,14,4,2,2
2025-07-04,Direct,direct,none,Unassigned,mobile,P012,12,10,9,2,1,1
2025-07-05,Affiliates,partners,affiliate,Partner Network,tablet,P001,17,15,13,3,2,1
2025-07-05,Affiliates,partners,affiliate,Partner Network,tablet,P002,11,10,8,2,1,1
2025-07-05,Affiliates,partners,affiliate,Partner Network,tablet,P003,16,14,12,3,1,1
2025-07-05,Affiliates,partners,affiliate,Partner Network,tablet,P004,10,9,7,2,1,1
2025-07-05,Affiliates,partners,affiliate,Partner Network,tablet,P005,15,13,11,3,1,1
2025-07-05,Affiliates,partners,affiliate,Partner Network,tablet,P006,9,8,6,2,1,1
2025-07-05,Affiliates,partners,affiliate,Partner Network,tablet,P007,14,12,11,3,1,1
2025-07-05,Affiliates,partners,affiliate,Partner Network,tablet,P008,8,7,6,1,1,0
2025-07-05,Affiliates,partners,affiliate,Partner Network,tablet,P009,13,12,10,2,1,1
2025-07-05,Affiliates,partners,affiliate,Partner Network,tablet,P010,18,16,14,4,2,1
2025-07-05,Affiliates,partners,affiliate,Partner Network,tablet,P011,12,11,9,2,1,1
2025-07-05,Affiliates,partners,affiliate,Partner Network,tablet,P012,17,15,13,3,2,1
2025-07-05,Paid Search,google,cpc,KSA Growth,mobile,P001,7,6,5,1,1,1
2025-07-05,Paid Search,google,cpc,KSA Growth,mobile,P002,11,9,8,2,1,1
2025-07-05,Paid Search,google,cpc,KSA Growth,mobile,P003,6,5,4,1,1,0
2025-07-05,Paid Search,google,cpc,KSA Growth,mobile,P004,10,9,7,2,1,1
2025-07-05,Paid Search,google,cpc,KSA Growth,mobile,P005,15,12,10,3,2,1
2025-07-05,Paid Search,google,cpc,KSA Growth,mobile,P006,9,8,7,2,1,1
2025-07-05,Paid Search,google,cpc,KSA Growth,mobile,P007,14,11,10,2,1,1
2025-07-05,Paid Search,google,cpc,KSA Growth,mobile,P008,8,7,6,2,1,1
2025-07-05,Paid Search,google,cpc,KSA Growth,mobile,P009,13,11,9,2,1,1
2025-07-05,Paid Search,google,cpc,KSA Growth,mobile,P010,8,6,5,1,1,1
2025-07-05,Paid Search,google,cpc,KSA Growth,mobile,P011,12,10,8,2,1,1
2025-07-05,Paid Search,google,cpc,KSA Growth,mobile,P012,7,6,5,1,1,0
2025-07-05,Paid Social,instagram,paid_social,Creator Offers,desktop,P001,10,8,8,2,1,1
2025-07-05,Paid Social,instagram,paid_social,Creator Offers,desktop,P002,14,11,11,3,2,1
2025-07-05,Paid Social,instagram,paid_social,Creator Offers,desktop,P003,9,7,7,2,1,1
2025-07-05,Paid Social,instagram,paid_social,Creator Offers,desktop,P004,14,10,11,2,2,1
2025-07-05,Paid Social,instagram,paid_social,Creator Offers,desktop,P005,8,6,6,1,1,0
2025-07-05,Paid Social,instagram,paid_social,Creator Offers,desktop,P006,13,10,10,2,1,1
2025-07-05,Paid Social,instagram,paid_social,Creator Offers,desktop,P007,7,5,6,1,1,0
2025-07-05,Paid Social,instagram,paid_social,Creator Offers,desktop,P008,12,9,9,2,1,1
2025-07-05,Paid Social,instagram,paid_social,Creator Offers,desktop,P009,6,5,5,1,1,0
2025-07-05,Paid Social,instagram,paid_social,Creator Offers,desktop,P010,11,8,9,2,1,1
2025-07-05,Paid Social,instagram,paid_social,Creator Offers,desktop,P011,15,12,12,3,2,1
2025-07-05,Paid Social,instagram,paid_social,Creator Offers,desktop,P012,10,7,8,2,1,1
2025-07-06,Organic Search,google,organic,Always-on SEO,mobile,P001,15,14,10,2,1,1
2025-07-06,Organic Search,google,organic,Always-on SEO,mobile,P002,10,9,6,2,1,0
2025-07-06,Organic Search,google,organic,Always-on SEO,mobile,P003,14,13,9,2,1,1
2025-07-06,Organic Search,google,organic,Always-on SEO,mobile,P004,9,8,6,2,1,0
2025-07-06,Organic Search,google,organic,Always-on SEO,mobile,P005,14,12,9,2,1,1
2025-07-06,Organic Search,google,organic,Always-on SEO,mobile,P006,8,7,5,1,1,0
2025-07-06,Organic Search,google,organic,Always-on SEO,mobile,P007,13,11,8,2,1,1
2025-07-06,Organic Search,google,organic,Always-on SEO,mobile,P008,7,6,5,1,1,0
2025-07-06,Organic Search,google,organic,Always-on SEO,mobile,P009,12,10,8,2,1,1
2025-07-06,Organic Search,google,organic,Always-on SEO,mobile,P010,6,6,4,1,1,0
2025-07-06,Organic Search,google,organic,Always-on SEO,mobile,P011,11,10,7,2,1,1
2025-07-06,Organic Search,google,organic,Always-on SEO,mobile,P012,15,13,10,2,1,1
2025-07-06,Direct,direct,none,Unassigned,desktop,P001,5,4,4,1,0,0
2025-07-06,Direct,direct,none,Unassigned,desktop,P002,8,6,6,1,1,1
2025-07-06,Direct,direct,none,Unassigned,desktop,P003,5,3,3,1,0,0
2025-07-06,Direct,direct,none,Unassigned,desktop,P004,7,6,6,1,1,0
2025-07-06,Direct,direct,none,Unassigned,desktop,P005,4,3,3,1,0,0
2025-07-06,Direct,direct,none,Unassigned,desktop,P006,7,5,5,1,1,0
2025-07-06,Direct,direct,none,Unassigned,desktop,P007,10,7,7,2,1,1
2025-07-06,Direct,direct,none,Unassigned,desktop,P008,6,5,5,1,0,0
2025-07-06,Direct,direct,none,Unassigned,desktop,P009,9,7,7,2,1,1
2025-07-06,Direct,direct,none,Unassigned,desktop,P010,6,4,4,1,0,0
2025-07-06,Direct,direct,none,Unassigned,desktop,P011,8,7,6,1,1,1
2025-07-06,Direct,direct,none,Unassigned,desktop,P012,5,4,4,1,0,0
2025-07-06,Email,newsletter,email,Lifecycle,tablet,P001,6,5,4,1,1,0
2025-07-06,Email,newsletter,email,Lifecycle,tablet,P002,9,7,6,2,1,1
2025-07-06,Email,newsletter,email,Lifecycle,tablet,P003,6,5,4,1,1,0
2025-07-06,Email,newsletter,email,Lifecycle,tablet,P004,8,7,6,2,1,1
2025-07-06,Email,newsletter,email,Lifecycle,tablet,P005,5,4,4,1,0,0
2025-07-06,Email,newsletter,email,Lifecycle,tablet,P006,8,7,5,1,1,1
2025-07-06,Email,newsletter,email,Lifecycle,tablet,P007,4,4,3,1,0,0
2025-07-06,Email,newsletter,email,Lifecycle,tablet,P008,7,6,5,1,1,1
2025-07-06,Email,newsletter,email,Lifecycle,tablet,P009,4,3,3,1,0,0
2025-07-06,Email,newsletter,email,Lifecycle,tablet,P010,7,6,5,1,1,1
2025-07-06,Email,newsletter,email,Lifecycle,tablet,P011,3,3,3,1,0,0
2025-07-06,Email,newsletter,email,Lifecycle,tablet,P012,6,5,4,1,1,0
2025-07-07,Paid Search,google,cpc,KSA Growth,desktop,P001,7,5,5,1,1,0
2025-07-07,Paid Search,google,cpc,KSA Growth,desktop,P002,11,8,8,2,1,1
2025-07-07,Paid Search,google,cpc,KSA Growth,desktop,P003,16,12,11,3,2,1
2025-07-07,Paid Search,google,cpc,KSA Growth,desktop,P004,10,8,7,2,1,1
2025-07-07,Paid Search,google,cpc,KSA Growth,desktop,P005,15,11,10,3,2,1
2025-07-07,Paid Search,google,cpc,KSA Growth,desktop,P006,9,7,6,2,1,1
2025-07-07,Paid Search,google,cpc,KSA Growth,desktop,P007,14,11,10,3,1,1
2025-07-07,Paid Search,google,cpc,KSA Growth,desktop,P008,8,6,6,2,1,1
2025-07-07,Paid Search,google,cpc,KSA Growth,desktop,P009,13,10,9,2,1,1
2025-07-07,Paid Search,google,cpc,KSA Growth,desktop,P010,7,6,5,1,1,1
2025-07-07,Paid Search,google,cpc,KSA Growth,desktop,P011,12,9,8,2,1,1
2025-07-07,Paid Search,google,cpc,KSA Growth,desktop,P012,6,5,5,1,1,0
2025-07-07,Paid Social,instagram,paid_social,Creator Offers,tablet,P001,10,9,7,2,1,1
2025-07-07,Paid Social,instagram,paid_social,Creator Offers,tablet,P002,16,13,11,3,2,1
2025-07-07,Paid Social,instagram,paid_social,Creator Offers,tablet,P003,9,8,6,2,1,1
2025-07-07,Paid Social,instagram,paid_social,Creator Offers,tablet,P004,15,12,10,3,2,1
2025-07-07,Paid Social,instagram,paid_social,Creator Offers,tablet,P005,8,7,6,2,1,1
2025-07-07,Paid Social,instagram,paid_social,Creator Offers,tablet,P006,14,11,9,3,2,1
2025-07-07,Paid Social,instagram,paid_social,Creator Offers,tablet,P007,7,6,5,1,1,1
2025-07-07,Paid Social,instagram,paid_social,Creator Offers,tablet,P008,12,11,9,2,1,1
2025-07-07,Paid Social,instagram,paid_social,Creator Offers,tablet,P009,18,15,12,3,2,1
2025-07-07,Paid Social,instagram,paid_social,Creator Offers,tablet,P010,11,10,8,2,1,1
2025-07-07,Paid Social,instagram,paid_social,Creator Offers,tablet,P011,17,14,11,3,2,1
2025-07-07,Paid Social,instagram,paid_social,Creator Offers,tablet,P012,10,9,7,2,1,1
2025-07-07,Affiliates,partners,affiliate,Partner Network,mobile,P001,15,12,11,3,2,1
2025-07-07,Affiliates,partners,affiliate,Partner Network,mobile,P002,8,7,6,2,1,0
2025-07-07,Affiliates,partners,affiliate,Partner Network,mobile,P003,13,11,10,3,1,1
2025-07-07,Affiliates,partners,affiliate,Partner Network,mobile,P004,19,16,14,4,2,1
2025-07-07,Affiliates,partners,affiliate,Partner Network,mobile,P005,12,10,9,2,1,1
2025-07-07,Affiliates,partners,affiliate,Partner Network,mobile,P006,18,15,14,4,2,1
2025-07-07,Affiliates,partners,affiliate,Partner Network,mobile,P007,11,9,8,2,1,1
2025-07-07,Affiliates,partners,affiliate,Partner Network,mobile,P008,17,14,13,3,2,1
2025-07-07,Affiliates,partners,affiliate,Partner Network,mobile,P009,10,8,8,2,1,1
2025-07-07,Affiliates,partners,affiliate,Partner Network,mobile,P010,16,13,12,3,2,1
2025-07-07,Affiliates,partners,affiliate,Partner Network,mobile,P011,9,7,7,2,1,0
2025-07-07,Affiliates,partners,affiliate,Partner Network,mobile,P012,15,12,11,3,1,1
2025-07-08,Direct,direct,none,Unassigned,tablet,P001,5,4,4,1,0,0
2025-07-08,Direct,direct,none,Unassigned,tablet,P002,8,6,6,1,1,1
2025-07-08,Direct,direct,none,Unassigned,tablet,P003,4,3,3,1,0,0
2025-07-08,Direct,direct,none,Unassigned,tablet,P004,8,6,5,1,1,1
2025-07-08,Direct,direct,none,Unassigned,tablet,P005,11,8,7,2,1,1
2025-07-08,Direct,direct,none,Unassigned,tablet,P006,7,5,5,1,1,0
2025-07-08,Direct,direct,none,Unassigned,tablet,P007,10,8,7,2,1,1
2025-07-08,Direct,direct,none,Unassigned,tablet,P008,6,5,4,1,1,0
2025-07-08,Direct,direct,none,Unassigned,tablet,P009,9,7,7,2,1,1
2025-07-08,Direct,direct,none,Unassigned,tablet,P010,6,4,4,1,0,0
2025-07-08,Direct,direct,none,Unassigned,tablet,P011,9,7,6,1,1,1
2025-07-08,Direct,direct,none,Unassigned,tablet,P012,5,4,4,1,0,0
2025-07-08,Email,newsletter,email,Lifecycle,mobile,P001,7,6,6,2,1,1
2025-07-08,Email,newsletter,email,Lifecycle,mobile,P002,11,8,8,2,1,1
2025-07-08,Email,newsletter,email,Lifecycle,mobile,P003,7,5,5,1,1,1
2025-07-08,Email,newsletter,email,Lifecycle,mobile,P004,10,8,8,2,1,1
2025-07-08,Email,newsletter,email,Lifecycle,mobile,P005,6,5,5,1,1,0
2025-07-08,Email,newsletter,email,Lifecycle,mobile,P006,9,7,7,2,1,1
2025-07-08,Email,newsletter,email,Lifecycle,mobile,P007,5,4,4,1,1,0
2025-07-08,Email,newsletter,email,Lifecycle,mobile,P008,9,7,7,2,1,1
2025-07-08,Email,newsletter,email,Lifecycle,mobile,P009,5,4,4,1,1,0
2025-07-08,Email,newsletter,email,Lifecycle,mobile,P010,8,6,6,2,1,1
2025-07-08,Email,newsletter,email,Lifecycle,mobile,P011,11,9,9,2,1,1
2025-07-08,Email,newsletter,email,Lifecycle,mobile,P012,7,6,6,1,1,1
2025-07-08,Organic Search,google,organic,Always-on SEO,desktop,P001,9,8,7,1,1,1
2025-07-08,Organic Search,google,organic,Always-on SEO,desktop,P002,5,5,4,1,0,0
2025-07-08,Organic Search,google,organic,Always-on SEO,desktop,P003,8,7,6,1,1,0
2025-07-08,Organic Search,google,organic,Always-on SEO,desktop,P004,5,4,3,1,0,0
2025-07-08,Organic Search,google,organic,Always-on SEO,desktop,P005,8,7,6,1,0,0
2025-07-08,Organic Search,google,organic,Always-on SEO,desktop,P006,11,10,8,2,1,1
2025-07-08,Organic Search,google,organic,Always-on SEO,desktop,P007,7,6,5,1,0,0
2025-07-08,Organic Search,google,organic,Always-on SEO,desktop,P008,10,9,7,2,1,1
2025-07-08,Organic Search,google,organic,Always-on SEO,desktop,P009,6,6,5,1,0,0
2025-07-08,Organic Search,google,organic,Always-on SEO,desktop,P010,10,9,7,1,1,1
2025-07-08,Organic Search,google,organic,Always-on SEO,desktop,P011,6,5,4,1,0,0
2025-07-08,Organic Search,google,organic,Always-on SEO,desktop,P012,9,8,6,1,1,1
2025-07-09,Paid Social,instagram,paid_social,Creator Offers,mobile,P001,6,4,4,1,1,0
2025-07-09,Paid Social,instagram,paid_social,Creator Offers,mobile,P002,9,6,6,2,1,1
2025-07-09,Paid Social,instagram,paid_social,Creator Offers,mobile,P003,5,4,4,1,1,0
2025-07-09,Paid Social,instagram,paid_social,Creator Offers,mobile,P004,8,6,6,2,1,1
2025-07-09,Paid Social,instagram,paid_social,Creator Offers,mobile,P005,4,3,3,1,0,0
2025-07-09,Paid Social,instagram,paid_social,Creator Offers,mobile,P006,7,5,5,2,1,1
2025-07-09,Paid Social,instagram,paid_social,Creator Offers,mobile,P007,11,8,8,2,1,1
2025-07-09,Paid Social,instagram,paid_social,Creator Offers,mobile,P008,7,5,5,1,1,1
2025-07-09,Paid Social,instagram,paid_social,Creator Offers,mobile,P009,10,7,7,2,1,1
2025-07-09,Paid Social,instagram,paid_social,Creator Offers,mobile,P010,6,5,5,1,1,1
2025-07-09,Paid Social,instagram,paid_social,Creator Offers,mobile,P011,9,7,7,2,1,1
2025-07-09,Paid Social,instagram,paid_social,Creator Offers,mobile,P012,6,4,4,1,1,0
2025-07-09,Affiliates,partners,affiliate,Partner Network,desktop,P001,8,7,6,1,1,0
2025-07-09,Affiliates,partners,affiliate,Partner Network,desktop,P002,12,10,9,2,1,1
2025-07-09,Affiliates,partners,affiliate,Partner Network,desktop,P003,8,7,6,1,0,0
2025-07-09,Affiliates,partners,affiliate,Partner Network,desktop,P004,11,10,8,2,1,1
2025-07-09,Affiliates,partners,affiliate,Partner Network,desktop,P005,7,6,5,1,0,0
2025-07-09,Affiliates,partners,affiliate,Partner Network,desktop,P006,10,9,8,1,1,1
2025-07-09,Affiliates,partners,affiliate,Partner Network,desktop,P007,6,6,5,1,0,0
2025-07-09,Affiliates,partners,affiliate,Partner Network,desktop,P008,10,9,7,1,1,1
2025-07-09,Affiliates,partners,affiliate,Partner Network,desktop,P009,6,5,4,1,0,0
2025-07-09,Affiliates,partners,affiliate,Partner Network,desktop,P010,9,8,7,1,1,1
2025-07-09,Affiliates,partners,affiliate,Partner Network,desktop,P011,5,4,4,1,0,0
2025-07-09,Affiliates,partners,affiliate,Partner Network,desktop,P012,8,7,6,1,1,0
2025-07-09,Paid Search,google,cpc,KSA Growth,tablet,P001,14,13,10,3,2,1
2025-07-09,Paid Search,google,cpc,KSA Growth,tablet,P002,9,8,6,2,1,1
2025-07-09,Paid Search,google,cpc,KSA Growth,tablet,P003,13,12,10,3,1,1
2025-07-09,Paid Search,google,cpc,KSA Growth,tablet,P004,8,7,5,1,1,1
2025-07-09,Paid Search,google,cpc,KSA Growth,tablet,P005,13,11,9,2,1,1
2025-07-09,Paid Search,google,cpc,KSA Growth,tablet,P006,7,6,5,1,1,0
2025-07-09,Paid Search,google,cpc,KSA Growth,tablet,P007,12,10,8,2,1,1
2025-07-09,Paid Search,google,cpc,KSA Growth,tablet,P008,16,15,12,3,2,1
2025-07-09,Paid Search,google,cpc,KSA Growth,tablet,P009,11,10,7,2,1,1
2025-07-09,Paid Search,google,cpc,KSA Growth,tablet,P010,15,14,11,3,2,1
2025-07-09,Paid Search,google,cpc,KSA Growth,tablet,P011,10,9,7,2,1,1
2025-07-09,Paid Search,google,cpc,KSA Growth,tablet,P012,14,13,10,3,1,1
2025-07-10,Email,newsletter,email,Lifecycle,desktop,P001,7,5,5,1,1,0
2025-07-10,Email,newsletter,email,Lifecycle,desktop,P002,11,8,7,2,1,1
2025-07-10,Email,newsletter,email,Lifecycle,desktop,P003,7,5,5,1,1,0
2025-07-10,Email,newsletter,email,Lifecycle,desktop,P004,10,8,7,2,1,1
2025-07-10,Email,newsletter,email,Lifecycle,desktop,P005,6,4,4,1,0,0
2025-07-10,Email,newsletter,email,Lifecycle,desktop,P006,9,7,6,2,1,1
2025-07-10,Email,newsletter,email,Lifecycle,desktop,P007,5,4,4,1,0,0
2025-07-10,Email,newsletter,email,Lifecycle,desktop,P008,9,6,6,2,1,1
2025-07-10,Email,newsletter,email,Lifecycle,desktop,P009,12,9,8,2,1,1
2025-07-10,Email,newsletter,email,Lifecycle,desktop,P010,8,6,5,2,1,0
2025-07-10,Email,newsletter,email,Lifecycle,desktop,P011,12,9,8,2,1,1
2025-07-10,Email,newsletter,email,Lifecycle,desktop,P012,7,5,5,1,1,0
2025-07-10,Organic Search,google,organic,Always-on SEO,tablet,P001,8,7,5,1,1,1
2025-07-10,Organic Search,google,organic,Always-on SEO,tablet,P002,4,4,3,0,0,0
2025-07-10,Organic Search,google,organic,Always-on SEO,tablet,P003,7,6,5,1,0,0
2025-07-10,Organic Search,google,organic,Always-on SEO,tablet,P004,10,9,7,1,1,1
2025-07-10,Organic Search,google,organic,Always-on SEO,tablet,P005,7,6,4,1,0,0
2025-07-10,Organic Search,google,organic,Always-on SEO,tablet,P006,10,9,7,1,1,1
2025-07-10,Organic Search,google,organic,Always-on SEO,tablet,P007,6,5,4,1,0,0
2025-07-10,Organic Search,google,organic,Always-on SEO,tablet,P008,9,8,6,1,1,1
2025-07-10,Organic Search,google,organic,Always-on SEO,tablet,P009,5,5,4,1,0,0
2025-07-10,Organic Search,google,organic,Always-on SEO,tablet,P010,8,7,6,1,1,1
2025-07-10,Organic Search,google,organic,Always-on SEO,tablet,P011,5,4,3,1,0,0
2025-07-10,Organic Search,google,organic,Always-on SEO,tablet,P012,8,7,5,1,1,0
2025-07-10,Direct,direct,none,Unassigned,mobile,P001,13,9,8,2,1,1
2025-07-10,Direct,direct,none,Unassigned,mobile,P002,8,6,5,1,1,0
2025-07-10,Direct,direct,none,Unassigned,mobile,P003,12,9,8,1,1,1
2025-07-10,Direct,direct,none,Unassigned,mobile,P004,7,5,4,1,0,0
2025-07-10,Direct,direct,none,Unassigned,mobile,P005,11,8,7,1,1,1
2025-07-10,Direct,direct,none,Unassigned,mobile,P006,6,5,4,1,0,0
2025-07-10,Direct,direct,none,Unassigned,mobile,P007,10,7,7,1,1,1
2025-07-10,Direct,direct,none,Unassigned,mobile,P008,6,4,3,1,0,0
2025-07-10,Direct,direct,none,Unassigned,mobile,P009,9,7,6,1,1,0
2025-07-10,Direct,direct,none,Unassigned,mobile,P010,13,10,9,2,1,1
2025-07-10,Direct,direct,none,Unassigned,mobile,P011,9,6,6,1,1,0
2025-07-10,Direct,direct,none,Unassigned,mobile,P012,13,9,8,1,1,1
2025-07-11,Affiliates,partners,affiliate,Partner Network,tablet,P001,11,10,8,2,1,1
2025-07-11,Affiliates,partners,affiliate,Partner Network,tablet,P002,17,14,12,3,2,1
2025-07-11,Affiliates,partners,affiliate,Partner Network,tablet,P003,10,9,7,2,1,1
2025-07-11,Affiliates,partners,affiliate,Partner Network,tablet,P004,16,13,11,3,2,1
2025-07-11,Affiliates,partners,affiliate,Partner Network,tablet,P005,9,8,7,2,1,1
2025-07-11,Affiliates,partners,affiliate,Partner Network,tablet,P006,15,12,10,2,1,1
2025-07-11,Affiliates,partners,affiliate,Partner Network,tablet,P007,8,7,6,1,1,0
2025-07-11,Affiliates,partners,affiliate,Partner Network,tablet,P008,14,11,9,2,1,1
2025-07-11,Affiliates,partners,affiliate,Partner Network,tablet,P009,7,6,5,1,1,0
2025-07-11,Affiliates,partners,affiliate,Partner Network,tablet,P010,12,10,9,2,1,1
2025-07-11,Affiliates,partners,affiliate,Partner Network,tablet,P011,18,15,12,3,2,1
2025-07-11,Affiliates,partners,affiliate,Partner Network,tablet,P012,11,9,8,2,1,1
2025-07-11,Paid Search,google,cpc,KSA Growth,mobile,P001,14,13,11,2,1,1
2025-07-11,Paid Search,google,cpc,KSA Growth,mobile,P002,8,7,6,1,1,0
2025-07-11,Paid Search,google,cpc,KSA Growth,mobile,P003,13,12,10,2,1,1
2025-07-11,Paid Search,google,cpc,KSA Growth,mobile,P004,7,6,6,1,1,0
2025-07-11,Paid Search,google,cpc,KSA Growth,mobile,P005,12,11,10,2,1,1
2025-07-11,Paid Search,google,cpc,KSA Growth,mobile,P006,18,15,13,3,2,1
2025-07-11,Paid Search,google,cpc,KSA Growth,mobile,P007,11,10,9,2,1,1
2025-07-11,Paid Search,google,cpc,KSA Growth,mobile,P008,16,14,13,2,2,1
2025-07-11,Paid Search,google,cpc,KSA Growth,mobile,P009,10,9,8,2,1,1
2025-07-11,Paid Search,google,cpc,KSA Growth,mobile,P010,15,13,12,2,2,1
2025-07-11,Paid Search,google,cpc,KSA Growth,mobile,P011,9,8,7,1,1,1
2025-07-11,Paid Search,google,cpc,KSA Growth,mobile,P012,14,12,11,2,1,1
2025-07-11,Paid Social,instagram,paid_social,Creator Offers,desktop,P001,9,7,6,1,1,1
2025-07-11,Paid Social,instagram,paid_social,Creator Offers,desktop,P002,6,4,4,1,0,0
2025-07-11,Paid Social,instagram,paid_social,Creator Offers,desktop,P003,9,6,6,1,1,1
2025-07-11,Paid Social,instagram,paid_social,Creator Offers,desktop,P004,5,4,3,1,0,0
2025-07-11,Paid Social,instagram,paid_social,Creator Offers,desktop,P005,8,6,5,1,1,0
2025-07-11,Paid Social,instagram,paid_social,Creator Offers,desktop,P006,5,4,3,0,0,0
2025-07-11,Paid Social,instagram,paid_social,Creator Offers,desktop,P007,8,6,5,1,0,0
2025-07-11,Paid Social,instagram,paid_social,Creator Offers,desktop,P008,4,3,3,0,0,0
2025-07-11,Paid Social,instagram,paid_social,Creator Offers,desktop,P009,7,5,5,1,0,0
2025-07-11,Paid Social,instagram,paid_social,Creator Offers,desktop,P010,4,3,2,0,0,0
2025-07-11,Paid Social,instagram,paid_social,Creator Offers,desktop,P011,7,5,4,1,0,0
2025-07-11,Paid Social,instagram,paid_social,Creator Offers,desktop,P012,9,7,6,1,1,1
2025-07-12,Organic Search,google,organic,Always-on SEO,mobile,P001,13,11,10,3,1,1
2025-07-12,Organic Search,google,organic,Always-on SEO,mobile,P002,18,15,13,4,2,1
2025-07-12,Organic Search,google,organic,Always-on SEO,mobile,P003,11,10,9,2,1,1
2025-07-12,Organic Search,google,organic,Always-on SEO,mobile,P004,17,14,13,3,2,1
2025-07-12,Organic Search,google,organic,Always-on SEO,mobile,P005,10,9,8,2,1,1
2025-07-12,Organic Search,google,organic,Always-on SEO,mobile,P006,16,13,12,3,2,1
2025-07-12,Organic Search,google,organic,Always-on SEO,mobile,P007,9,8,7,2,1,1
2025-07-12,Organic Search,google,organic,Always-on SEO,mobile,P008,15,13,11,3,2,1
2025-07-12,Organic Search,google,organic,Always-on SEO,mobile,P009,8,7,6,2,1,1
2025-07-12,Organic Search,google,organic,Always-on SEO,mobile,P010,14,12,10,3,2,1
2025-07-12,Organic Search,google,organic,Always-on SEO,mobile,P011,7,6,6,2,1,1
2025-07-12,Organic Search,google,organic,Always-on SEO,mobile,P012,12,11,10,3,1,1
2025-07-12,Direct,direct,none,Unassigned,desktop,P001,8,7,5,1,1,1
2025-07-12,Direct,direct,none,Unassigned,desktop,P002,5,4,3,1,0,0
2025-07-12,Direct,direct,none,Unassigned,desktop,P003,7,6,5,1,1,1
2025-07-12,Direct,direct,none,Unassigned,desktop,P004,4,4,3,1,0,0
2025-07-12,Direct,direct,none,Unassigned,desktop,P005,7,6,5,1,1,1
2025-07-12,Direct,direct,none,Unassigned,desktop,P006,4,3,2,1,0,0
2025-07-12,Direct,direct,none,Unassigned,desktop,P007,6,5,4,1,1,0
2025-07-12,Direct,direct,none,Unassigned,desktop,P008,9,8,6,2,1,1
2025-07-12,Direct,direct,none,Unassigned,desktop,P009,6,5,4,1,1,0
2025-07-12,Direct,direct,none,Unassigned,desktop,P010,8,7,6,1,1,1
2025-07-12,Direct,direct,none,Unassigned,desktop,P011,5,5,3,1,0,0
2025-07-12,Direct,direct,none,Unassigned,desktop,P012,8,7,5,1,1,1
2025-07-12,Email,newsletter,email,Lifecycle,tablet,P001,6,5,4,1,0,0
2025-07-12,Email,newsletter,email,Lifecycle,tablet,P002,9,8,8,2,1,1
2025-07-12,Email,newsletter,email,Lifecycle,tablet,P003,13,11,11,2,1,1
2025-07-12,Email,newsletter,email,Lifecycle,tablet,P004,9,7,7,1,1,1
2025-07-12,Email,newsletter,email,Lifecycle,tablet,P005,12,11,10,2,1,1
2025-07-12,Email,newsletter,email,Lifecycle,tablet,P006,8,7,6,1,1,0
2025-07-12,Email,newsletter,email,Lifecycle,tablet,P007,12,10,9,2,1,1
2025-07-12,Email,newsletter,email,Lifecycle,tablet,P008,7,6,6,1,1,0
2025-07-12,Email,newsletter,email,Lifecycle,tablet,P009,11,9,9,2,1,1
2025-07-12,Email,newsletter,email,Lifecycle,tablet,P010,6,5,5,1,0,0
2025-07-12,Email,newsletter,email,Lifecycle,tablet,P011,10,9,8,2,1,1
2025-07-12,Email,newsletter,email,Lifecycle,tablet,P012,5,5,4,1,0,0
2025-07-13,Paid Search,google,cpc,KSA Growth,desktop,P001,14,10,9,2,1,1
2025-07-13,Paid Search,google,cpc,KSA Growth,desktop,P002,7,5,5,1,1,0
2025-07-13,Paid Search,google,cpc,KSA Growth,desktop,P003,13,9,8,2,1,1
2025-07-13,Paid Search,google,cpc,KSA Growth,desktop,P004,18,13,12,3,2,1
2025-07-13,Paid Search,google,cpc,KSA Growth,desktop,P005,12,9,8,2,1,1
2025-07-13,Paid Search,google,cpc,KSA Growth,desktop,P006,17,12,11,3,1,1
2025-07-13,Paid Search,google,cpc,KSA Growth,desktop,P007,11,8,7,2,1,1
2025-07-13,Paid Search,google,cpc,KSA Growth,desktop,P008,16,12,10,3,1,1
2025-07-13,Paid Search,google,cpc,KSA Growth,desktop,P009,9,7,6,2,1,0
2025-07-13,Paid Search,google,cpc,KSA Growth,desktop,P010,15,11,10,3,1,1
2025-07-13,Paid Search,google,cpc,KSA Growth,desktop,P011,8,6,6,1,1,0
2025-07-13,Paid Search,google,cpc,KSA Growth,desktop,P012,14,10,9,2,1,1
2025-07-13,Paid Social,instagram,paid_social,Creator Offers,tablet,P001,11,10,8,2,1,1
2025-07-13,Paid Social,instagram,paid_social,Creator Offers,tablet,P002,7,6,5,1,0,0
2025-07-13,Paid Social,instagram,paid_social,Creator Offers,tablet,P003,11,9,7,1,1,1
2025-07-13,Paid Social,instagram,paid_social,Creator Offers,tablet,P004,6,5,4,1,0,0
2025-07-13,Paid Social,instagram,paid_social,Creator Offers,tablet,P005,10,9,7,1,1,0
2025-07-13,Paid Social,instagram,paid_social,Creator Offers,tablet,P006,6,5,4,1,0,0
2025-07-13,Paid Social,instagram,paid_social,Creator Offers,tablet,P007,9,8,6,1,1,0
2025-07-13,Paid Social,instagram,paid_social,Creator Offers,tablet,P008,5,4,3,1,0,0
2025-07-13,Paid Social,instagram,paid_social,Creator Offers,tablet,P009,8,7,6,1,1,0
2025-07-13,Paid Social,instagram,paid_social,Creator Offers,tablet,P010,12,10,8,2,1,1
2025-07-13,Paid Social,instagram,paid_social,Creator Offers,tablet,P011,8,7,5,1,0,0
2025-07-13,Paid Social,instagram,paid_social,Creator Offers,tablet,P012,11,10,8,2,1,1
2025-07-13,Affiliates,partners,affiliate,Partner Network,mobile,P001,6,4,4,1,0,0
2025-07-13,Affiliates,partners,affiliate,Partner Network,mobile,P002,10,7,7,2,1,1
2025-07-13,Affiliates,partners,affiliate,Partner Network,mobile,P003,5,4,4,1,0,0
2025-07-13,Affiliates,partners,affiliate,Partner Network,mobile,P004,9,7,7,2,1,1
2025-07-13,Affiliates,partners,affiliate,Partner Network,mobile,P005,13,10,9,2,1,1
2025-07-13,Affiliates,partners,affiliate,Partner Network,mobile,P006,8,6,6,1,1,0
2025-07-13,Affiliates,partners,affiliate,Partner Network,mobile,P007,12,9,9,2,1,1
2025-07-13,Affiliates,partners,affiliate,Partner Network,mobile,P008,8,6,5,1,1,0
2025-07-13,Affiliates,partners,affiliate,Partner Network,mobile,P009,11,8,8,2,1,1
2025-07-13,Affiliates,partners,affiliate,Partner Network,mobile,P010,7,5,5,1,1,0
2025-07-13,Affiliates,partners,affiliate,Partner Network,mobile,P011,10,8,8,2,1,1
2025-07-13,Affiliates,partners,affiliate,Partner Network,mobile,P012,6,4,4,1,0,0
2025-07-14,Direct,direct,none,Unassigned,tablet,P001,15,12,10,3,2,1
2025-07-14,Direct,direct,none,Unassigned,tablet,P002,9,7,6,2,1,0
2025-07-14,Direct,direct,none,Unassigned,tablet,P003,14,11,9,3,1,1
2025-07-14,Direct,direct,none,Unassigned,tablet,P004,8,6,5,1,1,0
2025-07-14,Direct,direct,none,Unassigned,tablet,P005,13,10,8,2,1,1
2025-07-14,Direct,direct,none,Unassigned,tablet,P006,19,14,12,3,2,1
2025-07-14,Direct,direct,none,Unassigned,tablet,P007,12,9,8,2,1,1
2025-07-14,Direct,direct,none,Unassigned,tablet,P008,17,14,11,3,2,1
2025-07-14,Direct,direct,none,Unassigned,tablet,P009,11,8,7,2,1,1
2025-07-14,Direct,direct,none,Unassigned,tablet,P010,16,13,10,3,2,1
2025-07-14,Direct,direct,none,Unassigned,tablet,P011,10,8,6,2,1,1
2025-07-14,Direct,direct,none,Unassigned,tablet,P012,15,12,10,3,2,1
2025-07-14,Email,newsletter,email,Lifecycle,mobile,P001,9,8,7,2,1,1
2025-07-14,Email,newsletter,email,Lifecycle,mobile,P002,6,5,4,1,0,0
2025-07-14,Email,newsletter,email,Lifecycle,mobile,P003,9,8,6,1,1,1
2025-07-14,Email,newsletter,email,Lifecycle,mobile,P004,5,5,4,1,0,0
2025-07-14,Email,newsletter,email,Lifecycle,mobile,P005,8,7,6,1,1,1
2025-07-14,Email,newsletter,email,Lifecycle,mobile,P006,5,4,4,1,0,0
2025-07-14,Email,newsletter,email,Lifecycle,mobile,P007,8,7,5,1,1,0
2025-07-14,Email,newsletter,email,Lifecycle,mobile,P008,4,4,3,1,0,0
2025-07-14,Email,newsletter,email,Lifecycle,mobile,P009,7,6,5,1,1,0
2025-07-14,Email,newsletter,email,Lifecycle,mobile,P010,4,4,3,1,0,0
2025-07-14,Email,newsletter,email,Lifecycle,mobile,P011,6,6,5,1,0,0
2025-07-14,Email,newsletter,email,Lifecycle,mobile,P012,9,8,7,1,1,1
2025-07-14,Organic Search,google,organic,Always-on SEO,desktop,P001,7,6,5,1,1,0
2025-07-14,Organic Search,google,organic,Always-on SEO,desktop,P002,11,9,7,2,1,1
2025-07-14,Organic Search,google,organic,Always-on SEO,desktop,P003,6,5,4,1,1,0
2025-07-14,Organic Search,google,organic,Always-on SEO,desktop,P004,10,8,7,2,1,1
2025-07-14,Organic Search,google,organic,Always-on SEO,desktop,P005,6,4,4,1,1,0
2025-07-14,Organic Search,google,organic,Always-on SEO,desktop,P006,10,7,6,2,1,1
2025-07-14,Organic Search,google,organic,Always-on SEO,desktop,P007,14,10,9,2,1,1
2025-07-14,Organic Search,google,organic,Always-on SEO,desktop,P008,9,7,6,2,1,1
2025-07-14,Organic Search,google,organic,Always-on SEO,desktop,P009,13,10,9,2,1,1
2025-07-14,Organic Search,google,organic,Always-on SEO,desktop,P010,8,6,5,2,1,1
2025-07-14,Organic Search,google,organic,Always-on SEO,desktop,P011,12,9,8,2,1,1
2025-07-14,Organic Search,google,organic,Always-on SEO,desktop,P012,7,6,5,1,1,0
2025-07-15,Paid Social,instagram,paid_social,Creator Offers,mobile,P001,7,5,5,1,1,1
2025-07-15,Paid Social,instagram,paid_social,Creator Offers,mobile,P002,4,3,3,1,0,0
2025-07-15,Paid Social,instagram,paid_social,Creator Offers,mobile,P003,7,5,5,1,1,0
2025-07-15,Paid Social,instagram,paid_social,Creator Offers,mobile,P004,4,3,3,0,0,0
2025-07-15,Paid Social,instagram,paid_social,Creator Offers,mobile,P005,6,5,5,1,1,0
2025-07-15,Paid Social,instagram,paid_social,Creator Offers,mobile,P006,3,2,2,0,0,0
2025-07-15,Paid Social,instagram,paid_social,Creator Offers,mobile,P007,6,4,4,1,0,0
2025-07-15,Paid Social,instagram,paid_social,Creator Offers,mobile,P008,8,6,6,1,1,1
2025-07-15,Paid Social,instagram,paid_social,Creator Offers,mobile,P009,5,4,4,1,0,0
2025-07-15,Paid Social,instagram,paid_social,Creator Offers,mobile,P010,8,6,6,1,1,1
2025-07-15,Paid Social,instagram,paid_social,Creator Offers,mobile,P011,5,4,3,1,0,0
2025-07-15,Paid Social,instagram,paid_social,Creator Offers,mobile,P012,7,5,5,1,1,1
2025-07-15,Affiliates,partners,affiliate,Partner Network,desktop,P001,4,3,3,1,0,0
2025-07-15,Affiliates,partners,affiliate,Partner Network,desktop,P002,7,6,6,2,1,1
2025-07-15,Affiliates,partners,affiliate,Partner Network,desktop,P003,10,9,8,2,1,1
2025-07-15,Affiliates,partners,affiliate,Partner Network,desktop,P004,7,6,5,1,1,1
2025-07-15,Affiliates,partners,affiliate,Partner Network,desktop,P005,9,8,8,2,1,1
2025-07-15,Affiliates,partners,affiliate,Partner Network,desktop,P006,6,5,5,1,1,0
2025-07-15,Affiliates,partners,affiliate,Partner Network,desktop,P007,9,8,7,2,1,1
2025-07-15,Affiliates,partners,affiliate,Partner Network,desktop,P008,5,4,4,1,1,0
2025-07-15,Affiliates,partners,affiliate,Partner Network,desktop,P009,8,7,7,2,1,1
2025-07-15,Affiliates,partners,affiliate,Partner Network,desktop,P010,5,4,4,1,1,0
2025-07-15,Affiliates,partners,affiliate,Partner Network,desktop,P011,8,7,6,2,1,1
2025-07-15,Affiliates,partners,affiliate,Partner Network,desktop,P012,4,3,3,1,0,0
2025-07-15,Paid Search,google,cpc,KSA Growth,tablet,P001,10,8,6,2,1,1
2025-07-15,Paid Search,google,cpc,KSA Growth,tablet,P002,14,13,9,2,2,1
2025-07-15,Paid Search,google,cpc,KSA Growth,tablet,P003,9,8,6,1,1,0
2025-07-15,Paid Search,google,cpc,KSA Growth,tablet,P004,13,12,9,2,1,1
2025-07-15,Paid Search,google,cpc,KSA Growth,tablet,P005,8,7,5,1,1,0
2025-07-15,Paid Search,google,cpc,KSA Growth,tablet,P006,12,11,8,2,1,1
2025-07-15,Paid Search,google,cpc,KSA Growth,tablet,P007,7,6,4,1,1,0
2025-07-15,Paid Search,google,cpc,KSA Growth,tablet,P008,11,10,8,2,1,1
2025-07-15,Paid Search,google,cpc,KSA Growth,tablet,P009,16,14,11,3,2,1
2025-07-15,Paid Search,google,cpc,KSA Growth,tablet,P010,10,9,7,2,1,1
2025-07-15,Paid Search,google,cpc,KSA Growth,tablet,P011,15,13,10,3,2,1
2025-07-15,Paid Search,google,cpc,KSA Growth,tablet,P012,10,8,6,2,1,1
2025-07-16,Email,newsletter,email,Lifecycle,desktop,P001,9,7,6,1,1,1
2025-07-16,Email,newsletter,email,Lifecycle,desktop,P002,5,5,4,1,0,0
2025-07-16,Email,newsletter,email,Lifecycle,desktop,P003,8,7,6,1,1,1
2025-07-16,Email,newsletter,email,Lifecycle,desktop,P004,5,4,4,1,0,0
2025-07-16,Email,newsletter,email,Lifecycle,desktop,P005,8,7,6,1,1,1
2025-07-16,Email,newsletter,email,Lifecycle,desktop,P006,4,4,3,1,0,0
2025-07-16,Email,newsletter,email,Lifecycle,desktop,P007,7,6,5,1,1,0
2025-07-16,Email,newsletter,email,Lifecycle,desktop,P008,4,3,3,1,0,0
2025-07-16,Email,newsletter,email,Lifecycle,desktop,P009,7,6,5,1,0,0
2025-07-16,Email,newsletter,email,Lifecycle,desktop,P010,9,8,7,1,1,1
2025-07-16,Email,newsletter,email,Lifecycle,desktop,P011,6,5,4,1,0,0
2025-07-16,Email,newsletter,email,Lifecycle,desktop,P012,9,7,6,1,1,1
2025-07-16,Organic Search,google,organic,Always-on SEO,tablet,P001,6,5,4,1,0,0
2025-07-16,Organic Search,google,organic,Always-on SEO,tablet,P002,10,9,7,1,1,1
2025-07-16,Organic Search,google,organic,Always-on SEO,tablet,P003,5,5,3,1,0,0
2025-07-16,Organic Search,google,organic,Always-on SEO,tablet,P004,9,8,6,1,1,1
2025-07-16,Organic Search,google,organic,Always-on SEO,tablet,P005,13,12,9,2,1,1
2025-07-16,Organic Search,google,organic,Always-on SEO,tablet,P006,9,7,6,1,1,0
2025-07-16,Organic Search,google,organic,Always-on SEO,tablet,P007,13,11,8,2,1,1
2025-07-16,Organic Search,google,organic,Always-on SEO,tablet,P008,8,7,5,1,1,0
2025-07-16,Organic Search,google,organic,Always-on SEO,tablet,P009,12,10,8,2,1,1
2025-07-16,Organic Search,google,organic,Always-on SEO,tablet,P010,7,6,4,1,0,0
2025-07-16,Organic Search,google,organic,Always-on SEO,tablet,P011,11,9,7,2,1,1
2025-07-16,Organic Search,google,organic,Always-on SEO,tablet,P012,6,5,4,1,0,0
2025-07-16,Direct,direct,none,Unassigned,mobile,P001,11,8,7,2,1,1
2025-07-16,Direct,direct,none,Unassigned,mobile,P002,15,12,11,3,2,1
2025-07-16,Direct,direct,none,Unassigned,mobile,P003,10,8,7,2,1,1
2025-07-16,Direct,direct,none,Unassigned,mobile,P004,14,12,10,3,2,1
2025-07-16,Direct,direct,none,Unassigned,mobile,P005,9,7,6,2,1,1
2025-07-16,Direct,direct,none,Unassigned,mobile,P006,13,11,9,2,2,1
2025-07-16,Direct,direct,none,Unassigned,mobile,P007,8,6,5,1,1,1
2025-07-16,Direct,direct,none,Unassigned,mobile,P008,12,10,9,2,1,1
2025-07-16,Direct,direct,none,Unassigned,mobile,P009,7,5,5,1,1,1
2025-07-16,Direct,direct,none,Unassigned,mobile,P010,11,9,8,2,1,1
2025-07-16,Direct,direct,none,Unassigned,mobile,P011,16,13,12,3,2,1
2025-07-16,Direct,direct,none,Unassigned,mobile,P012,11,8,7,2,1,1
2025-07-17,Affiliates,partners,affiliate,Partner Network,tablet,P001,19,15,13,2,2,1
2025-07-17,Affiliates,partners,affiliate,Partner Network,tablet,P002,12,10,8,2,1,1
2025-07-17,Affiliates,partners,affiliate,Partner Network,tablet,P003,18,14,12,2,1,1
2025-07-17,Affiliates,partners,affiliate,Partner Network,tablet,P004,11,9,7,2,1,0
2025-07-17,Affiliates,partners,affiliate,Partner Network,tablet,P005,16,13,11,2,1,1
2025-07-17,Affiliates,partners,affiliate,Partner Network,tablet,P006,10,8,7,1,1,0
2025-07-17,Affiliates,partners,affiliate,Partner Network,tablet,P007,15,12,11,2,1,1
2025-07-17,Affiliates,partners,affiliate,Partner Network,tablet,P008,9,7,6,1,1,0
2025-07-17,Affiliates,partners,affiliate,Partner Network,tablet,P009,14,12,10,2,1,1
2025-07-17,Affiliates,partners,affiliate,Partner Network,tablet,P010,8,6,5,1,1,0
2025-07-17,Affiliates,partners,affiliate,Partner Network,tablet,P011,13,11,9,2,1,1
2025-07-17,Affiliates,partners,affiliate,Partner Network,tablet,P012,19,15,13,2,2,1
2025-07-17,Paid Search,google,cpc,KSA Growth,mobile,P001,7,6,5,1,1,1
2025-07-17,Paid Search,google,cpc,KSA Growth,mobile,P002,11,9,7,2,1,1
2025-07-17,Paid Search,google,cpc,KSA Growth,mobile,P003,6,5,4,1,1,0
2025-07-17,Paid Search,google,cpc,KSA Growth,mobile,P004,10,8,7,2,1,1
2025-07-17,Paid Search,google,cpc,KSA Growth,mobile,P005,5,4,4,1,1,0
2025-07-17,Paid Search,google,cpc,KSA Growth,mobile,P006,9,7,6,2,1,1
2025-07-17,Paid Search,google,cpc,KSA Growth,mobile,P007,13,10,9,2,1,1
2025-07-17,Paid Search,google,cpc,KSA Growth,mobile,P008,8,7,6,2,1,1
2025-07-17,Paid Search,google,cpc,KSA Growth,mobile,P009,12,10,9,2,1,1
2025-07-17,Paid Search,google,cpc,KSA Growth,mobile,P010,7,6,5,1,1,1
2025-07-17,Paid Search,google,cpc,KSA Growth,mobile,P011,11,9,8,2,1,1
2025-07-17,Paid Search,google,cpc,KSA Growth,mobile,P012,7,5,5,1,1,0
2025-07-17,Paid Social,instagram,paid_social,Creator Offers,desktop,P001,14,13,10,2,1,1
2025-07-17,Paid Social,instagram,paid_social,Creator Offers,desktop,P002,21,18,14,3,2,1
2025-07-17,Paid Social,instagram,paid_social,Creator Offers,desktop,P003,13,12,9,2,1,1
2025-07-17,Paid Social,instagram,paid_social,Creator Offers,desktop,P004,19,17,13,3,2,1
2025-07-17,Paid Social,instagram,paid_social,Creator Offers,desktop,P005,12,11,8,2,1,1
2025-07-17,Paid Social,instagram,paid_social,Creator Offers,desktop,P006,18,16,12,3,1,1
2025-07-17,Paid Social,instagram,paid_social,Creator Offers,desktop,P007,11,10,7,1,1,0
2025-07-17,Paid Social,instagram,paid_social,Creator Offers,desktop,P008,17,15,12,2,1,1
2025-07-17,Paid Social,instagram,paid_social,Creator Offers,desktop,P009,10,9,7,1,1,0
2025-07-17,Paid Social,instagram,paid_social,Creator Offers,desktop,P010,16,14,11,2,1,1
2025-07-17,Paid Social,instagram,paid_social,Creator Offers,desktop,P011,8,8,6,1,1,0
2025-07-17,Paid Social,instagram,paid_social,Creator Offers,desktop,P012,14,13,10,2,1,1
2025-07-18,Organic Search,google,organic,Always-on SEO,mobile,P001,7,5,5,1,1,1
2025-07-18,Organic Search,google,organic,Always-on SEO,mobile,P002,11,9,9,2,1,1
2025-07-18,Organic Search,google,organic,Always-on SEO,mobile,P003,16,12,12,3,2,1
2025-07-18,Organic Search,google,organic,Always-on SEO,mobile,P004,10,8,8,2,1,1
2025-07-18,Organic Search,google,organic,Always-on SEO,mobile,P005,15,12,11,3,2,1
2025-07-18,Organic Search,google,organic,Always-on SEO,mobile,P006,9,7,7,2,1,1
2025-07-18,Organic Search,google,organic,Always-on SEO,mobile,P007,14,11,11,3,2,1
2025-07-18,Organic Search,google,organic,Always-on SEO,mobile,P008,8,7,6,2,1,1
2025-07-18,Organic Search,google,organic,Always-on SEO,mobile,P009,13,10,10,3,2,1
2025-07-18,Organic Search,google,organic,Always-on SEO,mobile,P010,7,6,6,2,1,1
2025-07-18,Organic Search,google,organic,Always-on SEO,mobile,P011,12,9,9,3,1,1
2025-07-18,Organic Search,google,organic,Always-on SEO,mobile,P012,7,5,5,1,1,1
2025-07-18,Direct,direct,none,Unassigned,desktop,P001,12,9,9,2,1,1
2025-07-18,Direct,direct,none,Unassigned,desktop,P002,18,13,13,4,2,1
2025-07-18,Direct,direct,none,Unassigned,desktop,P003,11,8,8,2,1,1
2025-07-18,Direct,direct,none,Unassigned,desktop,P004,17,13,12,3,2,1
2025-07-18,Direct,direct,none,Unassigned,desktop,P005,9,7,7,2,1,1
2025-07-18,Direct,direct,none,Unassigned,desktop,P006,15,12,12,3,2,1
2025-07-18,Direct,direct,none,Unassigned,desktop,P007,8,6,6,2,1,1
2025-07-18,Direct,direct,none,Unassigned,desktop,P008,14,11,11,3,2,1
2025-07-18,Direct,direct,none,Unassigned,desktop,P009,20,15,15,4,2,1
2025-07-18,Direct,direct,none,Unassigned,desktop,P010,13,10,10,3,2,1
2025-07-18,Direct,direct,none,Unassigned,desktop,P011,19,14,14,4,2,1
2025-07-18,Direct,direct,none,Unassigned,desktop,P012,12,9,9,2,1,1
2025-07-18,Email,newsletter,email,Lifecycle,tablet,P001,10,7,8,2,1,1
2025-07-18,Email,newsletter,email,Lifecycle,tablet,P002,6,4,5,1,0,0
2025-07-18,Email,newsletter,email,Lifecycle,tablet,P003,9,7,8,1,1,0
2025-07-18,Email,newsletter,email,Lifecycle,tablet,P004,13,10,11,2,1,1
2025-07-18,Email,newsletter,email,Lifecycle,tablet,P005,9,6,7,1,1,0
2025-07-18,Email,newsletter,email,Lifecycle,tablet,P006,13,9,10,2,1,1
2025-07-18,Email,newsletter,email,Lifecycle,tablet,P007,8,6,7,1,0,0
2025-07-18,Email,newsletter,email,Lifecycle,tablet,P008,12,9,10,2,1,1
2025-07-18,Email,newsletter,email,Lifecycle,tablet,P009,7,5,6,1,0,0
2025-07-18,Email,newsletter,email,Lifecycle,tablet,P010,11,8,9,2,1,1
2025-07-18,Email,newsletter,email,Lifecycle,tablet,P011,6,5,5,1,0,0
2025-07-18,Email,newsletter,email,Lifecycle,tablet,P012,10,7,8,1,1,0
2025-07-19,Paid Search,google,cpc,KSA Growth,desktop,P001,7,5,5,1,1,0
2025-07-19,Paid Search,google,cpc,KSA Growth,desktop,P002,11,9,8,2,1,1
2025-07-19,Paid Search,google,cpc,KSA Growth,desktop,P003,6,5,4,1,1,0
2025-07-19,Paid Search,google,cpc,KSA Growth,desktop,P004,11,8,8,2,1,1
2025-07-19,Paid Search,google,cpc,KSA Growth,desktop,P005,15,11,11,3,2,1
2025-07-19,Paid Search,google,cpc,KSA Growth,desktop,P006,10,7,7,2,1,1
2025-07-19,Paid Search,google,cpc,KSA Growth,desktop,P007,14,10,10,3,2,1
2025-07-19,Paid Search,google,cpc,KSA Growth,desktop,P008,9,7,6,2,1,1
2025-07-19,Paid Search,google,cpc,KSA Growth,desktop,P009,13,10,10,3,2,1
2025-07-19,Paid Search,google,cpc,KSA Growth,desktop,P010,8,6,6,2,1,1
2025-07-19,Paid Search,google,cpc,KSA Growth,desktop,P011,12,9,9,2,1,1
2025-07-19,Paid Search,google,cpc,KSA Growth,desktop,P012,7,5,5,1,1,0
2025-07-19,Paid Social,instagram,paid_social,Creator Offers,tablet,P001,9,8,7,1,1,0
2025-07-19,Paid Social,instagram,paid_social,Creator Offers,tablet,P002,13,11,9,2,1,1
2025-07-19,Paid Social,instagram,paid_social,Creator Offers,tablet,P003,8,7,6,1,0,0
2025-07-19,Paid Social,instagram,paid_social,Creator Offers,tablet,P004,12,10,9,2,1,1
2025-07-19,Paid Social,instagram,paid_social,Creator Offers,tablet,P005,7,6,5,1,0,0
2025-07-19,Paid Social,instagram,paid_social,Creator Offers,tablet,P006,11,10,8,2,1,1
2025-07-19,Paid Social,instagram,paid_social,Creator Offers,tablet,P007,6,5,5,1,0,0
2025-07-19,Paid Social,instagram,paid_social,Creator Offers,tablet,P008,10,9,8,2,1,1
2025-07-19,Paid Social,instagram,paid_social,Creator Offers,tablet,P009,6,5,4,1,0,0
2025-07-19,Paid Social,instagram,paid_social,Creator Offers,tablet,P010,10,8,7,1,1,1
2025-07-19,Paid Social,instagram,paid_social,Creator Offers,tablet,P011,14,12,10,2,1,1
2025-07-19,Paid Social,instagram,paid_social,Creator Offers,tablet,P012,9,8,6,1,1,0
2025-07-19,Affiliates,partners,affiliate,Partner Network,mobile,P001,8,7,5,1,1,1
2025-07-19,Affiliates,partners,affiliate,Partner Network,mobile,P002,4,4,3,1,0,0
2025-07-19,Affiliates,partners,affiliate,Partner Network,mobile,P003,7,6,5,1,1,0
2025-07-19,Affiliates,partners,affiliate,Partner Network,mobile,P004,4,3,3,1,0,0
2025-07-19,Affiliates,partners,affiliate,Partner Network,mobile,P005,6,6,5,1,1,0
2025-07-19,Affiliates,partners,affiliate,Partner Network,mobile,P006,9,8,7,2,1,1
2025-07-19,Affiliates,partners,affiliate,Partner Network,mobile,P007,6,5,4,1,1,0
2025-07-19,Affiliates,partners,affiliate,Partner Network,mobile,P008,9,7,6,2,1,1
2025-07-19,Affiliates,partners,affiliate,Partner Network,mobile,P009,5,5,4,1,0,0
2025-07-19,Affiliates,partners,affiliate,Partner Network,mobile,P010,8,7,6,2,1,1
2025-07-19,Affiliates,partners,affiliate,Partner Network,mobile,P011,5,4,4,1,0,0
2025-07-19,Affiliates,partners,affiliate,Partner Network,mobile,P012,8,7,5,1,1,1
2025-07-20,Direct,direct,none,Unassigned,tablet,P001,6,5,5,1,1,0
2025-07-20,Direct,direct,none,Unassigned,tablet,P002,10,8,7,2,1,1
2025-07-20,Direct,direct,none,Unassigned,tablet,P003,6,5,4,1,1,0
2025-07-20,Direct,direct,none,Unassigned,tablet,P004,9,8,6,1,1,1
2025-07-20,Direct,direct,none,Unassigned,tablet,P005,5,4,4,1,0,0
2025-07-20,Direct,direct,none,Unassigned,tablet,P006,8,7,6,1,1,1
2025-07-20,Direct,direct,none,Unassigned,tablet,P007,12,10,8,2,1,1
2025-07-20,Direct,direct,none,Unassigned,tablet,P008,8,6,5,1,1,1
2025-07-20,Direct,direct,none,Unassigned,tablet,P009,11,9,8,2,1,1
2025-07-20,Direct,direct,none,Unassigned,tablet,P010,7,6,5,1,1,1
2025-07-20,Direct,direct,none,Unassigned,tablet,P011,10,9,7,2,1,1
2025-07-20,Direct,direct,none,Unassigned,tablet,P012,6,5,4,1,1,0
2025-07-20,Email,newsletter,email,Lifecycle,mobile,P001,9,7,6,1,1,1
2025-07-20,Email,newsletter,email,Lifecycle,mobile,P002,12,10,9,2,1,1
2025-07-20,Email,newsletter,email,Lifecycle,mobile,P003,8,6,6,1,0,0
2025-07-20,Email,newsletter,email,Lifecycle,mobile,P004,12,9,8,2,1,1
2025-07-20,Email,newsletter,email,Lifecycle,mobile,P005,7,6,5,1,0,0
2025-07-20,Email,newsletter,email,Lifecycle,mobile,P006,11,8,8,1,1,1
2025-07-20,Email,newsletter,email,Lifecycle,mobile,P007,7,5,5,1,0,0
2025-07-20,Email,newsletter,email,Lifecycle,mobile,P008,10,8,7,1,1,1
2025-07-20,Email,newsletter,email,Lifecycle,mobile,P009,6,5,4,1,0,0
2025-07-20,Email,newsletter,email,Lifecycle,mobile,P010,10,7,7,1,1,1
2025-07-20,Email,newsletter,email,Lifecycle,mobile,P011,5,4,3,1,0,0
2025-07-20,Email,newsletter,email,Lifecycle,mobile,P012,9,7,6,1,1,0
2025-07-20,Organic Search,google,organic,Always-on SEO,desktop,P001,12,10,8,2,1,1
2025-07-20,Organic Search,google,organic,Always-on SEO,desktop,P002,7,6,5,1,1,0
2025-07-20,Organic Search,google,organic,Always-on SEO,desktop,P003,11,9,8,2,1,1
2025-07-20,Organic Search,google,organic,Always-on SEO,desktop,P004,6,5,5,1,0,0
2025-07-20,Organic Search,google,organic,Always-on SEO,desktop,P005,11,9,7,2,1,1
2025-07-20,Organic Search,google,organic,Always-on SEO,desktop,P006,6,5,4,1,0,0
2025-07-20,Organic Search,google,organic,Always-on SEO,desktop,P007,10,8,7,2,1,0
2025-07-20,Organic Search,google,organic,Always-on SEO,desktop,P008,14,11,10,2,1,1
2025-07-20,Organic Search,google,organic,Always-on SEO,desktop,P009,9,7,6,1,1,0
2025-07-20,Organic Search,google,organic,Always-on SEO,desktop,P010,13,11,9,2,1,1
2025-07-20,Organic Search,google,organic,Always-on SEO,desktop,P011,8,7,6,1,1,0
2025-07-20,Organic Search,google,organic,Always-on SEO,desktop,P012,12,10,8,2,1,1
2025-07-21,Paid Social,instagram,paid_social,Creator Offers,mobile,P001,8,6,6,1,1,0
2025-07-21,Paid Social,instagram,paid_social,Creator Offers,mobile,P002,11,8,9,2,1,1
2025-07-21,Paid Social,instagram,paid_social,Creator Offers,mobile,P003,7,5,5,1,1,0
2025-07-21,Paid Social,instagram,paid_social,Creator Offers,mobile,P004,11,8,8,2,1,1
2025-07-21,Paid Social,instagram,paid_social,Creator Offers,mobile,P005,6,5,5,1,1,0
2025-07-21,Paid Social,instagram,paid_social,Creator Offers,mobile,P006,10,7,7,2,1,1
2025-07-21,Paid Social,instagram,paid_social,Creator Offers,mobile,P007,5,4,4,1,0,0
2025-07-21,Paid Social,instagram,paid_social,Creator Offers,mobile,P008,9,7,7,2,1,1
2025-07-21,Paid Social,instagram,paid_social,Creator Offers,mobile,P009,13,10,10,2,1,1
2025-07-21,Paid Social,instagram,paid_social,Creator Offers,mobile,P010,8,6,6,1,1,0
2025-07-21,Paid Social,instagram,paid_social,Creator Offers,mobile,P011,12,9,9,2,1,1
2025-07-21,Paid Social,instagram,paid_social,Creator Offers,mobile,P012,8,6,6,1,1,0
2025-07-21,Affiliates,partners,affiliate,Partner Network,desktop,P001,13,11,10,2,1,1
2025-07-21,Affiliates,partners,affiliate,Partner Network,desktop,P002,7,6,5,1,1,0
2025-07-21,Affiliates,partners,affiliate,Partner Network,desktop,P003,12,10,9,2,1,1
2025-07-21,Affiliates,partners,affiliate,Partner Network,desktop,P004,16,15,12,3,2,1
2025-07-21,Affiliates,partners,affiliate,Partner Network,desktop,P005,11,10,8,2,1,1
2025-07-21,Affiliates,partners,affiliate,Partner Network,desktop,P006,15,14,12,2,2,1
2025-07-21,Affiliates,partners,affiliate,Partner Network,desktop,P007,10,9,7,2,1,1
2025-07-21,Affiliates,partners,affiliate,Partner Network,desktop,P008,14,13,11,2,1,1
2025-07-21,Affiliates,partners,affiliate,Partner Network,desktop,P009,9,8,7,1,1,0
2025-07-21,Affiliates,partners,affiliate,Partner Network,desktop,P010,14,12,10,2,1,1
2025-07-21,Affiliates,partners,affiliate,Partner Network,desktop,P011,8,7,6,1,1,0
2025-07-21,Affiliates,partners,affiliate,Partner Network,desktop,P012,13,11,9,2,1,1
2025-07-21,Paid Search,google,cpc,KSA Growth,tablet,P001,8,7,5,1,1,1
2025-07-21,Paid Search,google,cpc,KSA Growth,tablet,P002,5,4,3,1,0,0
2025-07-21,Paid Search,google,cpc,KSA Growth,tablet,P003,7,6,5,1,1,1
2025-07-21,Paid Search,google,cpc,KSA Growth,tablet,P004,4,4,3,1,0,0
2025-07-21,Paid Search,google,cpc,KSA Growth,tablet,P005,7,6,4,1,1,1
2025-07-21,Paid Search,google,cpc,KSA Growth,tablet,P006,4,3,3,1,0,0
2025-07-21,Paid Search,google,cpc,KSA Growth,tablet,P007,6,5,4,1,1,0
2025-07-21,Paid Search,google,cpc,KSA Growth,tablet,P008,4,3,2,1,0,0
2025-07-21,Paid Search,google,cpc,KSA Growth,tablet,P009,6,5,4,1,0,0
2025-07-21,Paid Search,google,cpc,KSA Growth,tablet,P010,8,7,5,2,1,1
2025-07-21,Paid Search,google,cpc,KSA Growth,tablet,P011,5,5,4,1,0,0
2025-07-21,Paid Search,google,cpc,KSA Growth,tablet,P012,8,7,5,1,1,1
2025-07-22,Email,newsletter,email,Lifecycle,desktop,P001,9,7,7,2,1,1
2025-07-22,Email,newsletter,email,Lifecycle,desktop,P002,13,10,10,3,2,1
2025-07-22,Email,newsletter,email,Lifecycle,desktop,P003,8,6,6,2,1,1
2025-07-22,Email,newsletter,email,Lifecycle,desktop,P004,12,10,10,3,2,1
2025-07-22,Email,newsletter,email,Lifecycle,desktop,P005,7,6,6,1,1,1
2025-07-22,Email,newsletter,email,Lifecycle,desktop,P006,11,9,9,2,2,1
2025-07-22,Email,newsletter,email,Lifecycle,desktop,P007,6,5,5,1,1,1
2025-07-22,Email,newsletter,email,Lifecycle,desktop,P008,10,8,8,2,2,1
2025-07-22,Email,newsletter,email,Lifecycle,desktop,P009,6,5,4,1,1,1
2025-07-22,Email,newsletter,email,Lifecycle,desktop,P010,9,8,8,2,1,1
2025-07-22,Email,newsletter,email,Lifecycle,desktop,P011,13,11,11,3,2,1
2025-07-22,Email,newsletter,email,Lifecycle,desktop,P012,9,7,7,2,1,1
2025-07-22,Organic Search,google,organic,Always-on SEO,tablet,P001,13,9,10,2,1,1
2025-07-22,Organic Search,google,organic,Always-on SEO,tablet,P002,7,5,5,1,1,0
2025-07-22,Organic Search,google,organic,Always-on SEO,tablet,P003,12,8,9,2,1,1
2025-07-22,Organic Search,google,organic,Always-on SEO,tablet,P004,6,5,5,1,1,0
2025-07-22,Organic Search,google,organic,Always-on SEO,tablet,P005,11,8,8,2,1,1
2025-07-22,Organic Search,google,organic,Always-on SEO,tablet,P006,15,11,12,3,2,1
2025-07-22,Organic Search,google,organic,Always-on SEO,tablet,P007,10,7,8,2,1,1
2025-07-22,Organic Search,google,organic,Always-on SEO,tablet,P008,14,10,11,3,2,1
2025-07-22,Organic Search,google,organic,Always-on SEO,tablet,P009,9,7,7,2,1,1
2025-07-22,Organic Search,google,organic,Always-on SEO,tablet,P010,14,10,10,2,2,1
2025-07-22,Organic Search,google,organic,Always-on SEO,tablet,P011,8,6,6,1,1,0
2025-07-22,Organic Search,google,organic,Always-on SEO,tablet,P012,13,9,10,2,1,1
2025-07-22,Direct,direct,none,Unassigned,mobile,P001,18,14,14,3,1,1
2025-07-22,Direct,direct,none,Unassigned,mobile,P002,11,9,9,2,1,0
2025-07-22,Direct,direct,none,Unassigned,mobile,P003,17,13,13,2,1,1
2025-07-22,Direct,direct,none,Unassigned,mobile,P004,10,8,8,1,1,0
2025-07-22,Direct,direct,none,Unassigned,mobile,P005,16,12,12,2,1,1
2025-07-22,Direct,direct,none,Unassigned,mobile,P006,9,7,7,1,1,0
2025-07-22,Direct,direct,none,Unassigned,mobile,P007,15,11,11,2,1,1
2025-07-22,Direct,direct,none,Unassigned,mobile,P008,8,6,6,1,1,0
2025-07-22,Direct,direct,none,Unassigned,mobile,P009,13,10,10,2,1,1
2025-07-22,Direct,direct,none,Unassigned,mobile,P010,7,6,6,1,0,0
2025-07-22,Direct,direct,none,Unassigned,mobile,P011,12,10,10,2,1,1
2025-07-22,Direct,direct,none,Unassigned,mobile,P012,18,13,14,3,1,1
2025-07-23,Affiliates,partners,affiliate,Partner Network,tablet,P001,13,11,8,2,1,1
2025-07-23,Affiliates,partners,affiliate,Partner Network,tablet,P002,18,15,12,3,2,1
2025-07-23,Affiliates,partners,affiliate,Partner Network,tablet,P003,12,10,8,2,1,1
2025-07-23,Affiliates,partners,affiliate,Partner Network,tablet,P004,17,14,11,3,2,1
2025-07-23,Affiliates,partners,affiliate,Partner Network,tablet,P005,11,9,7,2,1,1
2025-07-23,Affiliates,partners,affiliate,Partner Network,tablet,P006,16,13,11,3,1,1
2025-07-23,Affiliates,partners,affiliate,Partner Network,tablet,P007,9,8,6,1,1,1
2025-07-23,Affiliates,partners,affiliate,Partner Network,tablet,P008,15,12,10,2,1,1
2025-07-23,Affiliates,partners,affiliate,Partner Network,tablet,P009,8,7,6,1,1,0
2025-07-23,Affiliates,partners,affiliate,Partner Network,tablet,P010,14,12,9,2,1,1
2025-07-23,Affiliates,partners,affiliate,Partner Network,tablet,P011,7,6,5,1,1,0
2025-07-23,Affiliates,partners,affiliate,Partner Network,tablet,P012,13,11,8,2,1,1
2025-07-23,Paid Search,google,cpc,KSA Growth,mobile,P001,17,14,11,2,1,1
2025-07-23,Paid Search,google,cpc,KSA Growth,mobile,P002,10,8,7,2,1,0
2025-07-23,Paid Search,google,cpc,KSA Growth,mobile,P003,15,13,10,2,1,1
2025-07-23,Paid Search,google,cpc,KSA Growth,mobile,P004,9,8,6,1,1,0
2025-07-23,Paid Search,google,cpc,KSA Growth,mobile,P005,14,12,10,2,1,1
2025-07-23,Paid Search,google,cpc,KSA Growth,mobile,P006,8,7,5,1,1,0
2025-07-23,Paid Search,google,cpc,KSA Growth,mobile,P007,13,11,9,2,1,1
2025-07-23,Paid Search,google,cpc,KSA Growth,mobile,P008,19,16,13,3,2,1
2025-07-23,Paid Search,google,cpc,KSA Growth,mobile,P009,12,10,8,2,1,1
2025-07-23,Paid Search,google,cpc,KSA Growth,mobile,P010,18,15,12,3,1,1
2025-07-23,Paid Search,google,cpc,KSA Growth,mobile,P011,11,9,7,2,1,1
2025-07-23,Paid Search,google,cpc,KSA Growth,mobile,P012,16,14,11,2,1,1
2025-07-23,Paid Social,instagram,paid_social,Creator Offers,desktop,P001,7,6,4,1,0,0
2025-07-23,Paid Social,instagram,paid_social,Creator Offers,desktop,P002,12,9,8,1,1,0
2025-07-23,Paid Social,instagram,paid_social,Creator Offers,desktop,P003,16,13,11,2,1,1
2025-07-23,Paid Social,instagram,paid_social,Creator Offers,desktop,P004,11,9,7,1,1,0
2025-07-23,Paid Social,instagram,paid_social,Creator Offers,desktop,P005,15,13,10,2,1,1
2025-07-23,Paid Social,instagram,paid_social,Creator Offers,desktop,P006,10,8,6,1,0,0
2025-07-23,Paid Social,instagram,paid_social,Creator Offers,desktop,P007,14,12,9,2,1,1
2025-07-23,Paid Social,instagram,paid_social,Creator Offers,desktop,P008,9,7,6,1,0,0
2025-07-23,Paid Social,instagram,paid_social,Creator Offers,desktop,P009,13,11,9,1,1,1
2025-07-23,Paid Social,instagram,paid_social,Creator Offers,desktop,P010,8,6,5,1,0,0
2025-07-23,Paid Social,instagram,paid_social,Creator Offers,desktop,P011,12,10,8,1,1,1
2025-07-23,Paid Social,instagram,paid_social,Creator Offers,desktop,P012,7,6,4,1,0,0
2025-07-24,Organic Search,google,organic,Always-on SEO,mobile,P001,14,12,9,2,1,1
2025-07-24,Organic Search,google,organic,Always-on SEO,mobile,P002,7,6,5,1,0,0
2025-07-24,Organic Search,google,organic,Always-on SEO,mobile,P003,12,11,8,2,1,1
2025-07-24,Organic Search,google,organic,Always-on SEO,mobile,P004,18,16,12,3,1,1
2025-07-24,Organic Search,google,organic,Always-on SEO,mobile,P005,11,10,8,2,1,0
2025-07-24,Organic Search,google,organic,Always-on SEO,mobile,P006,17,15,11,2,1,1
2025-07-24,Organic Search,google,organic,Always-on SEO,mobile,P007,10,9,7,1,1,0
2025-07-24,Organic Search,google,organic,Always-on SEO,mobile,P008,16,14,10,2,1,1
2025-07-24,Organic Search,google,organic,Always-on SEO,mobile,P009,9,8,6,1,1,0
2025-07-24,Organic Search,google,organic,Always-on SEO,mobile,P010,15,13,10,2,1,1
2025-07-24,Organic Search,google,organic,Always-on SEO,mobile,P011,8,7,5,1,1,0
2025-07-24,Organic Search,google,organic,Always-on SEO,mobile,P012,14,12,9,2,1,1
2025-07-24,Direct,direct,none,Unassigned,desktop,P001,14,12,10,3,2,1
2025-07-24,Direct,direct,none,Unassigned,desktop,P002,8,7,6,2,1,1
2025-07-24,Direct,direct,none,Unassigned,desktop,P003,13,11,10,3,1,1
2025-07-24,Direct,direct,none,Unassigned,desktop,P004,8,7,6,1,1,1
2025-07-24,Direct,direct,none,Unassigned,desktop,P005,12,10,9,2,1,1
2025-07-24,Direct,direct,none,Unassigned,desktop,P006,7,6,5,1,1,0
2025-07-24,Direct,direct,none,Unassigned,desktop,P007,11,9,8,2,1,1
2025-07-24,Direct,direct,none,Unassigned,desktop,P008,6,5,5,1,1,0
2025-07-24,Direct,direct,none,Unassigned,desktop,P009,10,9,8,2,1,1
2025-07-24,Direct,direct,none,Unassigned,desktop,P010,15,12,11,3,2,1
2025-07-24,Direct,direct,none,Unassigned,desktop,P011,9,8,7,2,1,1
2025-07-24,Direct,direct,none,Unassigned,desktop,P012,14,12,10,3,1,1
2025-07-24,Email,newsletter,email,Lifecycle,tablet,P001,4,4,3,1,0,0
2025-07-24,Email,newsletter,email,Lifecycle,tablet,P002,7,6,5,1,1,1
2025-07-24,Email,newsletter,email,Lifecycle,tablet,P003,4,4,3,0,0,0
2025-07-24,Email,newsletter,email,Lifecycle,tablet,P004,7,6,4,1,1,1
2025-07-24,Email,newsletter,email,Lifecycle,tablet,P005,9,8,6,1,1,1
2025-07-24,Email,newsletter,email,Lifecycle,tablet,P006,6,5,4,1,1,0
2025-07-24,Email,newsletter,email,Lifecycle,tablet,P007,9,8,6,1,1,1
2025-07-24,Email,newsletter,email,Lifecycle,tablet,P008,5,5,4,1,0,0
2025-07-24,Email,newsletter,email,Lifecycle,tablet,P009,8,7,6,1,1,1
2025-07-24,Email,newsletter,email,Lifecycle,tablet,P010,5,4,3,1,0,0
2025-07-24,Email,newsletter,email,Lifecycle,tablet,P011,8,7,5,1,1,1
2025-07-24,Email,newsletter,email,Lifecycle,tablet,P012,4,4,3,1,0,0
2025-07-25,Paid Search,google,cpc,KSA Growth,desktop,P001,12,9,9,2,1,1
2025-07-25,Paid Search,google,cpc,KSA Growth,desktop,P002,7,5,5,1,0,0
2025-07-25,Paid Search,google,cpc,KSA Growth,desktop,P003,11,9,9,2,1,1
2025-07-25,Paid Search,google,cpc,KSA Growth,desktop,P004,6,5,5,1,0,0
2025-07-25,Paid Search,google,cpc,KSA Growth,desktop,P005,11,8,8,1,1,0
2025-07-25,Paid Search,google,cpc,KSA Growth,desktop,P006,15,12,12,2,1,1
2025-07-25,Paid Search,google,cpc,KSA Growth,desktop,P007,10,7,7,1,1,0
2025-07-25,Paid Search,google,cpc,KSA Growth,desktop,P008,14,11,11,2,1,1
2025-07-25,Paid Search,google,cpc,KSA Growth,desktop,P009,9,7,7,1,1,0
2025-07-25,Paid Search,google,cpc,KSA Growth,desktop,P010,13,10,10,2,1,1
2025-07-25,Paid Search,google,cpc,KSA Growth,desktop,P011,8,6,6,1,1,0
2025-07-25,Paid Search,google,cpc,KSA Growth,desktop,P012,12,9,9,2,1,1
2025-07-25,Paid Social,instagram,paid_social,Creator Offers,tablet,P001,19,14,13,4,2,1
2025-07-25,Paid Social,instagram,paid_social,Creator Offers,tablet,P002,12,9,8,2,1,1
2025-07-25,Paid Social,instagram,paid_social,Creator Offers,tablet,P003,17,13,12,3,2,1
2025-07-25,Paid Social,instagram,paid_social,Creator Offers,tablet,P004,11,8,8,2,1,1
2025-07-25,Paid Social,instagram,paid_social,Creator Offers,tablet,P005,16,12,12,3,2,1
2025-07-25,Paid Social,instagram,paid_social,Creator Offers,tablet,P006,10,8,7,2,1,1
2025-07-25,Paid Social,instagram,paid_social,Creator Offers,tablet,P007,15,12,11,3,1,1
2025-07-25,Paid Social,instagram,paid_social,Creator Offers,tablet,P008,9,7,6,2,1,1
2025-07-25,Paid Social,instagram,paid_social,Creator Offers,tablet,P009,14,11,10,3,1,1
2025-07-25,Paid Social,instagram,paid_social,Creator Offers,tablet,P010,8,6,5,1,1,1
2025-07-25,Paid Social,instagram,paid_social,Creator Offers,tablet,P011,13,10,9,3,1,1
2025-07-25,Paid Social,instagram,paid_social,Creator Offers,tablet,P012,19,14,13,4,2,1
2025-07-25,Affiliates,partners,affiliate,Partner Network,mobile,P001,7,6,5,1,1,0
2025-07-25,Affiliates,partners,affiliate,Partner Network,mobile,P002,11,10,8,2,1,1
2025-07-25,Affiliates,partners,affiliate,Partner Network,mobile,P003,7,5,5,1,1,0
2025-07-25,Affiliates,partners,affiliate,Partner Network,mobile,P004,11,9,7,2,1,1
2025-07-25,Affiliates,partners,affiliate,Partner Network,mobile,P005,6,5,4,1,1,0
2025-07-25,Affiliates,partners,affiliate,Partner Network,mobile,P006,10,8,7,2,1,1
2025-07-25,Affiliates,partners,affiliate,Partner Network,mobile,P007,14,12,10,2,2,1
2025-07-25,Affiliates,partners,affiliate,Partner Network,mobile,P008,9,7,6,2,1,1
2025-07-25,Affiliates,partners,affiliate,Partner Network,mobile,P009,13,11,9,2,1,1
2025-07-25,Affiliates,partners,affiliate,Partner Network,mobile,P010,8,7,6,1,1,1
2025-07-25,Affiliates,partners,affiliate,Partner Network,mobile,P011,12,10,8,2,1,1
2025-07-25,Affiliates,partners,affiliate,Partner Network,mobile,P012,7,6,5,1,1,0
2025-07-26,Direct,direct,none,Unassigned,tablet,P001,14,11,10,2,2,1
2025-07-26,Direct,direct,none,Unassigned,tablet,P002,8,6,6,1,1,1
2025-07-26,Direct,direct,none,Unassigned,tablet,P003,13,10,9,2,1,1
2025-07-26,Direct,direct,none,Unassigned,tablet,P004,7,6,5,1,1,1
2025-07-26,Direct,direct,none,Unassigned,tablet,P005,12,9,8,2,1,1
2025-07-26,Direct,direct,none,Unassigned,tablet,P006,6,5,5,1,1,0
2025-07-26,Direct,direct,none,Unassigned,tablet,P007,11,8,8,2,1,1
2025-07-26,Direct,direct,none,Unassigned,tablet,P008,15,12,11,3,2,1
2025-07-26,Direct,direct,none,Unassigned,tablet,P009,10,8,7,2,1,1
2025-07-26,Direct,direct,none,Unassigned,tablet,P010,14,11,10,2,2,1
2025-07-26,Direct,direct,none,Unassigned,tablet,P011,9,7,6,2,1,1
2025-07-26,Direct,direct,none,Unassigned,tablet,P012,13,10,10,2,1,1
2025-07-26,Email,newsletter,email,Lifecycle,mobile,P001,8,6,5,1,1,1
2025-07-26,Email,newsletter,email,Lifecycle,mobile,P002,13,11,9,3,2,1
2025-07-26,Email,newsletter,email,Lifecycle,mobile,P003,18,15,13,4,2,2
2025-07-26,Email,newsletter,email,Lifecycle,mobile,P004,12,10,8,2,2,1
2025-07-26,Email,newsletter,email,Lifecycle,mobile,P005,17,14,12,3,2,1
2025-07-26,Email,newsletter,email,Lifecycle,mobile,P006,11,9,8,2,1,1
2025-07-26,Email,newsletter,email,Lifecycle,mobile,P007,16,13,12,3,2,1
2025-07-26,Email,newsletter,email,Lifecycle,mobile,P008,10,8,7,2,1,1
2025-07-26,Email,newsletter,email,Lifecycle,mobile,P009,15,12,11,3,2,1
2025-07-26,Email,newsletter,email,Lifecycle,mobile,P010,9,7,6,2,1,1
2025-07-26,Email,newsletter,email,Lifecycle,mobile,P011,14,11,10,3,2,1
2025-07-26,Email,newsletter,email,Lifecycle,mobile,P012,7,6,5,1,1,1
2025-07-26,Organic Search,google,organic,Always-on SEO,desktop,P001,9,6,7,2,1,1
2025-07-26,Organic Search,google,organic,Always-on SEO,desktop,P002,13,9,10,2,1,1
2025-07-26,Organic Search,google,organic,Always-on SEO,desktop,P003,8,6,6,1,1,0
2025-07-26,Organic Search,google,organic,Always-on SEO,desktop,P004,12,9,9,2,1,1
2025-07-26,Organic Search,google,organic,Always-on SEO,desktop,P005,7,5,5,1,1,0
2025-07-26,Organic Search,google,organic,Always-on SEO,desktop,P006,11,8,8,2,1,1
2025-07-26,Organic Search,google,organic,Always-on SEO,desktop,P007,6,4,5,1,1,0
2025-07-26,Organic Search,google,organic,Always-on SEO,desktop,P008,10,8,8,2,1,1
2025-07-26,Organic Search,google,organic,Always-on SEO,desktop,P009,14,11,11,2,1,1
2025-07-26,Organic Search,google,organic,Always-on SEO,desktop,P010,9,7,7,2,1,1
2025-07-26,Organic Search,google,organic,Always-on SEO,desktop,P011,14,10,10,2,1,1
2025-07-26,Organic Search,google,organic,Always-on SEO,desktop,P012,8,6,7,1,1,1
2025-07-27,Paid Social,instagram,paid_social,Creator Offers,mobile,P001,15,11,10,2,1,1
2025-07-27,Paid Social,instagram,paid_social,Creator Offers,mobile,P002,9,7,6,1,0,0
2025-07-27,Paid Social,instagram,paid_social,Creator Offers,mobile,P003,14,10,9,2,1,1
2025-07-27,Paid Social,instagram,paid_social,Creator Offers,mobile,P004,8,6,5,1,0,0
2025-07-27,Paid Social,instagram,paid_social,Creator Offers,mobile,P005,13,9,8,1,1,1
2025-07-27,Paid Social,instagram,paid_social,Creator Offers,mobile,P006,7,5,5,1,0,0
2025-07-27,Paid Social,instagram,paid_social,Creator Offers,mobile,P007,12,9,8,1,1,1
2025-07-27,Paid Social,instagram,paid_social,Creator Offers,mobile,P008,7,5,4,1,0,0
2025-07-27,Paid Social,instagram,paid_social,Creator Offers,mobile,P009,11,8,7,1,1,0
2025-07-27,Paid Social,instagram,paid_social,Creator Offers,mobile,P010,16,11,10,2,1,1
2025-07-27,Paid Social,instagram,paid_social,Creator Offers,mobile,P011,10,7,7,1,1,0
2025-07-27,Paid Social,instagram,paid_social,Creator Offers,mobile,P012,15,11,9,2,1,1
2025-07-27,Affiliates,partners,affiliate,Partner Network,desktop,P001,6,6,5,1,0,0
2025-07-27,Affiliates,partners,affiliate,Partner Network,desktop,P002,11,9,7,2,1,1
2025-07-27,Affiliates,partners,affiliate,Partner Network,desktop,P003,6,5,4,1,0,0
2025-07-27,Affiliates,partners,affiliate,Partner Network,desktop,P004,10,9,7,1,1,1
2025-07-27,Affiliates,partners,affiliate,Partner Network,desktop,P005,14,12,10,2,1,1
2025-07-27,Affiliates,partners,affiliate,Partner Network,desktop,P006,9,8,6,1,1,1
2025-07-27,Affiliates,partners,affiliate,Partner Network,desktop,P007,13,12,9,2,1,1
2025-07-27,Affiliates,partners,affiliate,Partner Network,desktop,P008,8,7,6,1,1,0
2025-07-27,Affiliates,partners,affiliate,Partner Network,desktop,P009,12,11,8,2,1,1
2025-07-27,Affiliates,partners,affiliate,Partner Network,desktop,P010,7,7,5,1,1,0
2025-07-27,Affiliates,partners,affiliate,Partner Network,desktop,P011,11,10,8,2,1,1
2025-07-27,Affiliates,partners,affiliate,Partner Network,desktop,P012,6,6,4,1,0,0
2025-07-27,Paid Search,google,cpc,KSA Growth,tablet,P001,8,6,6,2,1,1
2025-07-27,Paid Search,google,cpc,KSA Growth,tablet,P002,11,9,8,2,1,1
2025-07-27,Paid Search,google,cpc,KSA Growth,tablet,P003,7,6,5,1,1,1
2025-07-27,Paid Search,google,cpc,KSA Growth,tablet,P004,11,8,7,2,1,1
2025-07-27,Paid Search,google,cpc,KSA Growth,tablet,P005,6,5,5,1,1,0
2025-07-27,Paid Search,google,cpc,KSA Growth,tablet,P006,10,8,7,2,1,1
2025-07-27,Paid Search,google,cpc,KSA Growth,tablet,P007,6,4,4,1,1,0
2025-07-27,Paid Search,google,cpc,KSA Growth,tablet,P008,9,7,6,2,1,1
2025-07-27,Paid Search,google,cpc,KSA Growth,tablet,P009,5,4,4,1,1,0
2025-07-27,Paid Search,google,cpc,KSA Growth,tablet,P010,8,7,6,2,1,1
2025-07-27,Paid Search,google,cpc,KSA Growth,tablet,P011,12,10,8,2,2,1
2025-07-27,Paid Search,google,cpc,KSA Growth,tablet,P012,8,6,5,2,1,1
2025-07-28,Email,newsletter,email,Lifecycle,desktop,P001,18,13,14,4,2,2
2025-07-28,Email,newsletter,email,Lifecycle,desktop,P002,11,8,9,2,2,1
2025-07-28,Email,newsletter,email,Lifecycle,desktop,P003,16,12,13,3,2,1
2025-07-28,Email,newsletter,email,Lifecycle,desktop,P004,10,8,8,2,1,1
2025-07-28,Email,newsletter,email,Lifecycle,desktop,P005,15,12,12,3,2,1
2025-07-28,Email,newsletter,email,Lifecycle,desktop,P006,9,7,7,2,1,1
2025-07-28,Email,newsletter,email,Lifecycle,desktop,P007,14,11,11,3,2,1
2025-07-28,Email,newsletter,email,Lifecycle,desktop,P008,8,6,6,2,1,1
2025-07-28,Email,newsletter,email,Lifecycle,desktop,P009,13,10,10,3,2,1
2025-07-28,Email,newsletter,email,Lifecycle,desktop,P010,7,5,6,1,1,1
2025-07-28,Email,newsletter,email,Lifecycle,desktop,P011,12,9,10,3,2,1
2025-07-28,Email,newsletter,email,Lifecycle,desktop,P012,18,13,13,4,2,1
2025-07-28,Organic Search,google,organic,Always-on SEO,tablet,P001,9,7,6,2,1,1
2025-07-28,Organic Search,google,organic,Always-on SEO,tablet,P002,13,10,9,2,1,1
2025-07-28,Organic Search,google,organic,Always-on SEO,tablet,P003,8,6,5,1,1,0
2025-07-28,Organic Search,google,organic,Always-on SEO,tablet,P004,12,9,8,2,1,1
2025-07-28,Organic Search,google,organic,Always-on SEO,tablet,P005,7,5,4,1,1,0
2025-07-28,Organic Search,google,organic,Always-on SEO,tablet,P006,11,9,8,2,1,1
2025-07-28,Organic Search,google,organic,Always-on SEO,tablet,P007,16,12,11,3,2,1
2025-07-28,Organic Search,google,organic,Always-on SEO,tablet,P008,11,8,7,2,1,1
2025-07-28,Organic Search,google,organic,Always-on SEO,tablet,P009,15,12,10,3,2,1
2025-07-28,Organic Search,google,organic,Always-on SEO,tablet,P010,10,7,6,2,1,1
2025-07-28,Organic Search,google,organic,Always-on SEO,tablet,P011,14,11,9,3,1,1
2025-07-28,Organic Search,google,organic,Always-on SEO,tablet,P012,9,7,6,1,1,1
2025-07-28,Direct,direct,none,Unassigned,mobile,P001,8,6,5,1,1,0
2025-07-28,Direct,direct,none,Unassigned,mobile,P002,11,9,7,2,1,1
2025-07-28,Direct,direct,none,Unassigned,mobile,P003,7,6,4,1,1,0
2025-07-28,Direct,direct,none,Unassigned,mobile,P004,10,8,7,2,1,1
2025-07-28,Direct,direct,none,Unassigned,mobile,P005,6,5,4,1,0,0
2025-07-28,Direct,direct,none,Unassigned,mobile,P006,10,8,6,2,1,1
2025-07-28,Direct,direct,none,Unassigned,mobile,P007,6,4,4,1,0,0
2025-07-28,Direct,direct,none,Unassigned,mobile,P008,9,7,6,1,1,1
2025-07-28,Direct,direct,none,Unassigned,mobile,P009,5,4,3,1,0,0
2025-07-28,Direct,direct,none,Unassigned,mobile,P010,8,6,5,1,1,1
2025-07-28,Direct,direct,none,Unassigned,mobile,P011,4,3,3,1,0,0
2025-07-28,Direct,direct,none,Unassigned,mobile,P012,8,6,5,1,1,0
2025-07-29,Affiliates,partners,affiliate,Partner Network,tablet,P001,6,5,5,1,1,0
2025-07-29,Affiliates,partners,affiliate,Partner Network,tablet,P002,10,9,8,2,1,1
2025-07-29,Affiliates,partners,affiliate,Partner Network,tablet,P003,14,12,11,3,1,1
2025-07-29,Affiliates,partners,affiliate,Partner Network,tablet,P004,9,8,7,2,1,1
2025-07-29,Affiliates,partners,affiliate,Partner Network,tablet,P005,13,11,10,3,1,1
2025-07-29,Affiliates,partners,affiliate,Partner Network,tablet,P006,8,7,7,2,1,0
2025-07-29,Affiliates,partners,affiliate,Partner Network,tablet,P007,13,11,10,2,1,1
2025-07-29,Affiliates,partners,affiliate,Partner Network,tablet,P008,8,6,6,1,1,0
2025-07-29,Affiliates,partners,affiliate,Partner Network,tablet,P009,12,10,9,2,1,1
2025-07-29,Affiliates,partners,affiliate,Partner Network,tablet,P010,7,6,5,1,1,0
2025-07-29,Affiliates,partners,affiliate,Partner Network,tablet,P011,11,9,9,2,1,1
2025-07-29,Affiliates,partners,affiliate,Partner Network,tablet,P012,6,5,5,1,1,0
2025-07-29,Paid Search,google,cpc,KSA Growth,mobile,P001,9,8,7,2,1,1
2025-07-29,Paid Search,google,cpc,KSA Growth,mobile,P002,13,11,10,3,2,1
2025-07-29,Paid Search,google,cpc,KSA Growth,mobile,P003,8,7,6,2,1,0
2025-07-29,Paid Search,google,cpc,KSA Growth,mobile,P004,12,10,9,3,2,1
2025-07-29,Paid Search,google,cpc,KSA Growth,mobile,P005,7,6,5,2,1,0
2025-07-29,Paid Search,google,cpc,KSA Growth,mobile,P006,11,10,9,2,1,1
2025-07-29,Paid Search,google,cpc,KSA Growth,mobile,P007,6,5,5,1,1,0
2025-07-29,Paid Search,google,cpc,KSA Growth,mobile,P008,10,9,8,2,1,1
2025-07-29,Paid Search,google,cpc,KSA Growth,mobile,P009,15,13,12,3,2,1
2025-07-29,Paid Search,google,cpc,KSA Growth,mobile,P010,9,8,7,2,1,1
2025-07-29,Paid Search,google,cpc,KSA Growth,mobile,P011,14,12,11,3,2,1
2025-07-29,Paid Search,google,cpc,KSA Growth,mobile,P012,8,7,7,2,1,1
2025-07-29,Paid Social,instagram,paid_social,Creator Offers,desktop,P001,9,7,6,1,1,1
2025-07-29,Paid Social,instagram,paid_social,Creator Offers,desktop,P002,5,4,4,1,0,0
2025-07-29,Paid Social,instagram,paid_social,Creator Offers,desktop,P003,8,7,6,1,1,0
2025-07-29,Paid Social,instagram,paid_social,Creator Offers,desktop,P004,12,9,8,2,1,1
2025-07-29,Paid Social,instagram,paid_social,Creator Offers,desktop,P005,8,6,5,1,0,0
2025-07-29,Paid Social,instagram,paid_social,Creator Offers,desktop,P006,11,9,8,1,1,1
2025-07-29,Paid Social,instagram,paid_social,Creator Offers,desktop,P007,7,5,5,1,0,0
2025-07-29,Paid Social,instagram,paid_social,Creator Offers,desktop,P008,11,8,7,1,1,1
2025-07-29,Paid Social,instagram,paid_social,Creator Offers,desktop,P009,6,5,5,1,0,0
2025-07-29,Paid Social,instagram,paid_social,Creator Offers,desktop,P010,10,8,7,1,1,1
2025-07-29,Paid Social,instagram,paid_social,Creator Offers,desktop,P011,6,4,4,1,0,0
2025-07-29,Paid Social,instagram,paid_social,Creator Offers,desktop,P012,9,7,6,1,1,0
2025-07-30,Organic Search,google,organic,Always-on SEO,mobile,P001,7,6,6,1,1,0
2025-07-30,Organic Search,google,organic,Always-on SEO,mobile,P002,12,9,9,2,1,1
2025-07-30,Organic Search,google,organic,Always-on SEO,mobile,P003,7,5,5,1,0,0
2025-07-30,Organic Search,google,organic,Always-on SEO,mobile,P004,11,8,8,2,1,1
2025-07-30,Organic Search,google,organic,Always-on SEO,mobile,P005,16,12,12,2,1,1
2025-07-30,Organic Search,google,organic,Always-on SEO,mobile,P006,10,8,8,1,1,1
2025-07-30,Organic Search,google,organic,Always-on SEO,mobile,P007,15,11,11,2,1,1
2025-07-30,Organic Search,google,organic,Always-on SEO,mobile,P008,9,7,7,1,1,1
2025-07-30,Organic Search,google,organic,Always-on SEO,mobile,P009,14,11,10,2,1,1
2025-07-30,Organic Search,google,organic,Always-on SEO,mobile,P010,8,6,6,1,1,1
2025-07-30,Organic Search,google,organic,Always-on SEO,mobile,P011,13,10,10,2,1,1
2025-07-30,Organic Search,google,organic,Always-on SEO,mobile,P012,7,6,6,1,1,0
2025-07-30,Direct,direct,none,Unassigned,desktop,P001,8,7,5,1,1,1
2025-07-30,Direct,direct,none,Unassigned,desktop,P002,11,9,7,2,1,1
2025-07-30,Direct,direct,none,Unassigned,desktop,P003,7,6,5,1,1,0
2025-07-30,Direct,direct,none,Unassigned,desktop,P004,11,9,7,2,1,1
2025-07-30,Direct,direct,none,Unassigned,desktop,P005,6,5,4,1,1,0
2025-07-30,Direct,direct,none,Unassigned,desktop,P006,10,8,7,2,1,1
2025-07-30,Direct,direct,none,Unassigned,desktop,P007,6,5,4,1,1,0
2025-07-30,Direct,direct,none,Unassigned,desktop,P008,9,8,6,2,1,1
2025-07-30,Direct,direct,none,Unassigned,desktop,P009,5,4,3,1,0,0
2025-07-30,Direct,direct,none,Unassigned,desktop,P010,8,7,6,2,1,1
2025-07-30,Direct,direct,none,Unassigned,desktop,P011,12,10,8,2,1,1
2025-07-30,Direct,direct,none,Unassigned,desktop,P012,8,7,5,1,1,1
2025-07-30,Email,newsletter,email,Lifecycle,tablet,P001,16,14,12,3,2,1
2025-07-30,Email,newsletter,email,Lifecycle,tablet,P002,9,8,7,2,1,1
2025-07-30,Email,newsletter,email,Lifecycle,tablet,P003,14,13,12,3,2,1
2025-07-30,Email,newsletter,email,Lifecycle,tablet,P004,8,7,6,2,1,1
2025-07-30,Email,newsletter,email,Lifecycle,tablet,P005,13,12,11,3,2,1
2025-07-30,Email,newsletter,email,Lifecycle,tablet,P006,19,16,15,4,2,2
2025-07-30,Email,newsletter,email,Lifecycle,tablet,P007,12,11,10,3,1,1
2025-07-30,Email,newsletter,email,Lifecycle,tablet,P008,18,15,14,4,2,1
2025-07-30,Email,newsletter,email,Lifecycle,tablet,P009,11,10,9,3,1,1
2025-07-30,Email,newsletter,email,Lifecycle,tablet,P010,17,15,13,4,2,1
2025-07-30,Email,newsletter,email,Lifecycle,tablet,P011,10,9,8,2,1,1
2025-07-30,Email,newsletter,email,Lifecycle,tablet,P012,16,14,12,3,2,1
2025-07-31,Paid Search,google,cpc,KSA Growth,desktop,P001,11,10,8,2,1,1
2025-07-31,Paid Search,google,cpc,KSA Growth,desktop,P002,17,15,12,3,2,1
2025-07-31,Paid Search,google,cpc,KSA Growth,desktop,P003,10,9,7,2,1,1
2025-07-31,Paid Search,google,cpc,KSA Growth,desktop,P004,16,14,11,3,2,1
2025-07-31,Paid Search,google,cpc,KSA Growth,desktop,P005,8,8,6,2,1,1
2025-07-31,Paid Search,google,cpc,KSA Growth,desktop,P006,14,13,10,3,2,1
2025-07-31,Paid Search,google,cpc,KSA Growth,desktop,P007,21,18,15,4,3,2
2025-07-31,Paid Search,google,cpc,KSA Growth,desktop,P008,13,12,9,2,2,1
2025-07-31,Paid Search,google,cpc,KSA Growth,desktop,P009,19,17,14,3,2,2
2025-07-31,Paid Search,google,cpc,KSA Growth,desktop,P010,12,11,8,2,2,1
2025-07-31,Paid Search,google,cpc,KSA Growth,desktop,P011,18,16,13,3,2,2
2025-07-31,Paid Search,google,cpc,KSA Growth,desktop,P012,11,10,8,2,1,1
2025-07-31,Paid Social,instagram,paid_social,Creator Offers,tablet,P001,11,8,8,2,1,1
2025-07-31,Paid Social,instagram,paid_social,Creator Offers,tablet,P002,15,12,12,3,2,1
2025-07-31,Paid Social,instagram,paid_social,Creator Offers,tablet,P003,10,8,7,2,1,1
2025-07-31,Paid Social,instagram,paid_social,Creator Offers,tablet,P004,14,11,11,3,2,1
2025-07-31,Paid Social,instagram,paid_social,Creator Offers,tablet,P005,9,7,7,2,1,1
2025-07-31,Paid Social,instagram,paid_social,Creator Offers,tablet,P006,13,11,10,3,2,1
2025-07-31,Paid Social,instagram,paid_social,Creator Offers,tablet,P007,8,6,6,1,1,1
2025-07-31,Paid Social,instagram,paid_social,Creator Offers,tablet,P008,13,10,9,2,2,1
2025-07-31,Paid Social,instagram,paid_social,Creator Offers,tablet,P009,7,6,5,1,1,1
2025-07-31,Paid Social,instagram,paid_social,Creator Offers,tablet,P010,12,9,9,2,1,1
2025-07-31,Paid Social,instagram,paid_social,Creator Offers,tablet,P011,6,5,5,1,1,0
2025-07-31,Paid Social,instagram,paid_social,Creator Offers,tablet,P012,11,8,8,2,1,1
2025-07-31,Affiliates,partners,affiliate,Partner Network,mobile,P001,14,10,10,2,1,1
2025-07-31,Affiliates,partners,affiliate,Partner Network,mobile,P002,9,6,6,1,0,0
2025-07-31,Affiliates,partners,affiliate,Partner Network,mobile,P003,13,10,9,2,1,1
2025-07-31,Affiliates,partners,affiliate,Partner Network,mobile,P004,8,5,5,1,0,0
2025-07-31,Affiliates,partners,affiliate,Partner Network,mobile,P005,12,9,8,2,1,1
2025-07-31,Affiliates,partners,affiliate,Partner Network,mobile,P006,7,5,4,1,0,0
2025-07-31,Affiliates,partners,affiliate,Partner Network,mobile,P007,11,8,8,1,1,0
2025-07-31,Affiliates,partners,affiliate,Partner Network,mobile,P008,16,12,11,2,1,1
2025-07-31,Affiliates,partners,affiliate,Partner Network,mobile,P009,10,8,7,1,1,0
2025-07-31,Affiliates,partners,affiliate,Partner Network,mobile,P010,15,11,10,2,1,1
2025-07-31,Affiliates,partners,affiliate,Partner Network,mobile,P011,9,7,6,1,1,0
2025-07-31,Affiliates,partners,affiliate,Partner Network,mobile,P012,14,10,9,2,1,1
2025-08-01,Direct,direct,none,Unassigned,tablet,P001,11,10,8,2,2,1
2025-08-01,Direct,direct,none,Unassigned,tablet,P002,17,15,13,3,2,1
2025-08-01,Direct,direct,none,Unassigned,tablet,P003,10,9,8,2,1,1
2025-08-01,Direct,direct,none,Unassigned,tablet,P004,16,14,12,3,2,1
2025-08-01,Direct,direct,none,Unassigned,tablet,P005,9,8,7,2,1,1
2025-08-01,Direct,direct,none,Unassigned,tablet,P006,15,13,11,3,2,1
2025-08-01,Direct,direct,none,Unassigned,tablet,P007,8,7,6,2,1,1
2025-08-01,Direct,direct,none,Unassigned,tablet,P008,13,12,10,3,2,1
2025-08-01,Direct,direct,none,Unassigned,tablet,P009,19,17,14,4,2,1
2025-08-01,Direct,direct,none,Unassigned,tablet,P010,12,11,9,2,2,1
2025-08-01,Direct,direct,none,Unassigned,tablet,P011,18,16,13,4,2,1
2025-08-01,Direct,direct,none,Unassigned,tablet,P012,11,10,8,2,1,1
2025-08-01,Email,newsletter,email,Lifecycle,mobile,P001,14,12,9,2,2,1
2025-08-01,Email,newsletter,email,Lifecycle,mobile,P002,8,7,5,1,1,1
2025-08-01,Email,newsletter,email,Lifecycle,mobile,P003,13,12,9,2,1,1
2025-08-01,Email,newsletter,email,Lifecycle,mobile,P004,19,16,12,3,2,1
2025-08-01,Email,newsletter,email,Lifecycle,mobile,P005,12,11,8,2,1,1
2025-08-01,Email,newsletter,email,Lifecycle,mobile,P006,18,15,11,3,2,1
2025-08-01,Email,newsletter,email,Lifecycle,mobile,P007,11,10,7,2,1,1
2025-08-01,Email,newsletter,email,Lifecycle,mobile,P008,16,14,11,2,2,1
2025-08-01,Email,newsletter,email,Lifecycle,mobile,P009,10,9,6,2,1,1
2025-08-01,Email,newsletter,email,Lifecycle,mobile,P010,15,13,10,2,2,1
2025-08-01,Email,newsletter,email,Lifecycle,mobile,P011,9,8,6,1,1,1
2025-08-01,Email,newsletter,email,Lifecycle,mobile,P012,14,12,9,2,1,1
2025-08-01,Organic Search,google,organic,Always-on SEO,desktop,P001,10,9,7,2,1,1
2025-08-01,Organic Search,google,organic,Always-on SEO,desktop,P002,7,5,4,1,1,0
2025-08-01,Organic Search,google,organic,Always-on SEO,desktop,P003,10,8,7,2,1,1
2025-08-01,Organic Search,google,organic,Always-on SEO,desktop,P004,6,5,4,1,0,0
2025-08-01,Organic Search,google,organic,Always-on SEO,desktop,P005,9,8,6,2,1,1
2025-08-01,Organic Search,google,organic,Always-on SEO,desktop,P006,5,4,4,1,0,0
2025-08-01,Organic Search,google,organic,Always-on SEO,desktop,P007,9,7,6,2,1,1
2025-08-01,Organic Search,google,organic,Always-on SEO,desktop,P008,5,4,3,1,0,0
2025-08-01,Organic Search,google,organic,Always-on SEO,desktop,P009,8,6,5,1,1,1
2025-08-01,Organic Search,google,organic,Always-on SEO,desktop,P010,11,9,8,2,1,1
2025-08-01,Organic Search,google,organic,Always-on SEO,desktop,P011,7,6,5,1,1,0
2025-08-01,Organic Search,google,organic,Always-on SEO,desktop,P012,10,9,7,2,1,1
2025-08-02,Paid Social,instagram,paid_social,Creator Offers,mobile,P001,8,7,6,2,1,1
2025-08-02,Paid Social,instagram,paid_social,Creator Offers,mobile,P002,12,10,8,2,1,1
2025-08-02,Paid Social,instagram,paid_social,Creator Offers,mobile,P003,7,7,5,1,1,0
2025-08-02,Paid Social,instagram,paid_social,Creator Offers,mobile,P004,11,10,8,2,1,1
2025-08-02,Paid Social,instagram,paid_social,Creator Offers,mobile,P005,7,6,5,1,1,0
2025-08-02,Paid Social,instagram,paid_social,Creator Offers,mobile,P006,10,9,7,2,1,1
2025-08-02,Paid Social,instagram,paid_social,Creator Offers,mobile,P007,6,5,4,1,1,0
2025-08-02,Paid Social,instagram,paid_social,Creator Offers,mobile,P008,10,9,7,2,1,1
2025-08-02,Paid Social,instagram,paid_social,Creator Offers,mobile,P009,5,5,3,1,0,0
2025-08-02,Paid Social,instagram,paid_social,Creator Offers,mobile,P010,9,8,6,2,1,1
2025-08-02,Paid Social,instagram,paid_social,Creator Offers,mobile,P011,13,11,9,2,1,1
2025-08-02,Paid Social,instagram,paid_social,Creator Offers,mobile,P012,8,7,6,1,1,1
2025-08-02,Affiliates,partners,affiliate,Partner Network,desktop,P001,15,13,10,3,2,1
2025-08-02,Affiliates,partners,affiliate,Partner Network,desktop,P002,9,7,6,1,1,1
2025-08-02,Affiliates,partners,affiliate,Partner Network,desktop,P003,14,12,9,2,2,1
2025-08-02,Affiliates,partners,affiliate,Partner Network,desktop,P004,8,7,5,1,1,1
2025-08-02,Affiliates,partners,affiliate,Partner Network,desktop,P005,13,11,8,2,2,1
2025-08-02,Affiliates,partners,affiliate,Partner Network,desktop,P006,19,16,12,3,2,1
2025-08-02,Affiliates,partners,affiliate,Partner Network,desktop,P007,12,10,8,2,1,1
2025-08-02,Affiliates,partners,affiliate,Partner Network,desktop,P008,18,15,11,3,2,1
2025-08-02,Affiliates,partners,affiliate,Partner Network,desktop,P009,11,9,7,2,1,1
2025-08-02,Affiliates,partners,affiliate,Partner Network,desktop,P010,17,14,10,3,2,1
2025-08-02,Affiliates,partners,affiliate,Partner Network,desktop,P011,10,8,6,2,1,1
2025-08-02,Affiliates,partners,affiliate,Partner Network,desktop,P012,15,13,10,3,2,1
2025-08-02,Paid Search,google,cpc,KSA Growth,tablet,P001,16,12,11,3,2,1
2025-08-02,Paid Search,google,cpc,KSA Growth,tablet,P002,11,8,7,2,1,1
2025-08-02,Paid Search,google,cpc,KSA Growth,tablet,P003,15,11,10,3,2,1
2025-08-02,Paid Search,google,cpc,KSA Growth,tablet,P004,10,7,6,2,1,1
2025-08-02,Paid Search,google,cpc,KSA Growth,tablet,P005,14,11,10,3,2,1
2025-08-02,Paid Search,google,cpc,KSA Growth,tablet,P006,9,6,6,2,1,1
2025-08-02,Paid Search,google,cpc,KSA Growth,tablet,P007,13,10,9,2,2,1
2025-08-02,Paid Search,google,cpc,KSA Growth,tablet,P008,8,6,5,1,1,0
2025-08-02,Paid Search,google,cpc,KSA Growth,tablet,P009,12,9,8,2,1,1
2025-08-02,Paid Search,google,cpc,KSA Growth,tablet,P010,7,5,5,1,1,0
2025-08-02,Paid Search,google,cpc,KSA Growth,tablet,P011,12,8,8,2,1,1
2025-08-02,Paid Search,google,cpc,KSA Growth,tablet,P012,16,12,11,3,2,1
2025-08-03,Email,newsletter,email,Lifecycle,desktop,P001,11,10,8,2,1,1
2025-08-03,Email,newsletter,email,Lifecycle,desktop,P002,16,14,12,3,2,1
2025-08-03,Email,newsletter,email,Lifecycle,desktop,P003,11,9,8,2,1,1
2025-08-03,Email,newsletter,email,Lifecycle,desktop,P004,15,14,11,3,2,1
2025-08-03,Email,newsletter,email,Lifecycle,desktop,P005,10,8,7,2,1,1
2025-08-03,Email,newsletter,email,Lifecycle,desktop,P006,14,13,10,3,2,1
2025-08-03,Email,newsletter,email,Lifecycle,desktop,P007,9,8,6,2,1,1
2025-08-03,Email,newsletter,email,Lifecycle,desktop,P008,13,12,10,2,2,1
2025-08-03,Email,newsletter,email,Lifecycle,desktop,P009,8,7,5,1,1,0
2025-08-03,Email,newsletter,email,Lifecycle,desktop,P010,12,11,9,2,2,1
2025-08-03,Email,newsletter,email,Lifecycle,desktop,P011,7,6,5,1,1,0
2025-08-03,Email,newsletter,email,Lifecycle,desktop,P012,11,10,8,2,1,1
2025-08-03,Organic Search,google,organic,Always-on SEO,tablet,P001,15,12,11,2,1,1
2025-08-03,Organic Search,google,organic,Always-on SEO,tablet,P002,9,7,7,1,0,0
2025-08-03,Organic Search,google,organic,Always-on SEO,tablet,P003,14,11,10,2,1,1
2025-08-03,Organic Search,google,organic,Always-on SEO,tablet,P004,8,6,6,1,0,0
2025-08-03,Organic Search,google,organic,Always-on SEO,tablet,P005,13,10,10,2,1,1
2025-08-03,Organic Search,google,organic,Always-on SEO,tablet,P006,7,5,5,1,0,0
2025-08-03,Organic Search,google,organic,Always-on SEO,tablet,P007,12,9,9,2,1,0
2025-08-03,Organic Search,google,organic,Always-on SEO,tablet,P008,18,13,13,2,1,1
2025-08-03,Organic Search,google,organic,Always-on SEO,tablet,P009,11,9,8,1,1,0
2025-08-03,Organic Search,google,organic,Always-on SEO,tablet,P010,16,12,12,2,1,1
2025-08-03,Organic Search,google,organic,Always-on SEO,tablet,P011,10,8,7,1,1,0
2025-08-03,Organic Search,google,organic,Always-on SEO,tablet,P012,15,12,11,2,1,1
2025-08-03,Direct,direct,none,Unassigned,mobile,P001,6,5,4,1,0,0
2025-08-03,Direct,direct,none,Unassigned,mobile,P002,10,8,7,1,1,0
2025-08-03,Direct,direct,none,Unassigned,mobile,P003,14,12,9,2,1,1
2025-08-03,Direct,direct,none,Unassigned,mobile,P004,9,8,6,1,1,0
2025-08-03,Direct,direct,none,Unassigned,mobile,P005,14,11,9,1,1,1
2025-08-03,Direct,direct,none,Unassigned,mobile,P006,8,7,5,1,0,0
2025-08-03,Direct,direct,none,Unassigned,mobile,P007,13,10,8,1,1,1
2025-08-03,Direct,direct,none,Unassigned,mobile,P008,8,6,5,1,0,0
2025-08-03,Direct,direct,none,Unassigned,mobile,P009,12,10,8,1,1,1
2025-08-03,Direct,direct,none,Unassigned,mobile,P010,7,5,4,1,0,0
2025-08-03,Direct,direct,none,Unassigned,mobile,P011,11,9,7,1,1,0
2025-08-03,Direct,direct,none,Unassigned,mobile,P012,6,5,4,1,0,0
2025-08-04,Affiliates,partners,affiliate,Partner Network,tablet,P001,9,7,6,1,1,1
2025-08-04,Affiliates,partners,affiliate,Partner Network,tablet,P002,5,4,3,1,0,0
2025-08-04,Affiliates,partners,affiliate,Partner Network,tablet,P003,9,7,5,1,1,0
2025-08-04,Affiliates,partners,affiliate,Partner Network,tablet,P004,12,9,8,2,1,1
2025-08-04,Affiliates,partners,affiliate,Partner Network,tablet,P005,8,6,5,1,1,0
2025-08-04,Affiliates,partners,affiliate,Partner Network,tablet,P006,12,9,7,2,1,1
2025-08-04,Affiliates,partners,affiliate,Partner Network,tablet,P007,7,5,5,1,1,0
2025-08-04,Affiliates,partners,affiliate,Partner Network,tablet,P008,11,8,7,2,1,1
2025-08-04,Affiliates,partners,affiliate,Partner Network,tablet,P009,6,5,4,1,0,0
2025-08-04,Affiliates,partners,affiliate,Partner Network,tablet,P010,10,8,6,1,1,1
2025-08-04,Affiliates,partners,affiliate,Partner Network,tablet,P011,6,4,4,1,0,0
2025-08-04,Affiliates,partners,affiliate,Partner Network,tablet,P012,9,7,6,1,1,1
2025-08-04,Paid Search,google,cpc,KSA Growth,mobile,P001,8,6,6,1,1,1
2025-08-04,Paid Search,google,cpc,KSA Growth,mobile,P002,5,4,3,1,0,0
2025-08-04,Paid Search,google,cpc,KSA Growth,mobile,P003,8,5,5,1,1,1
2025-08-04,Paid Search,google,cpc,KSA Growth,mobile,P004,4,3,3,1,0,0
2025-08-04,Paid Search,google,cpc,KSA Growth,mobile,P005,7,5,5,1,1,0
2025-08-04,Paid Search,google,cpc,KSA Growth,mobile,P006,4,3,3,1,0,0
2025-08-04,Paid Search,google,cpc,KSA Growth,mobile,P007,7,5,4,1,0,0
2025-08-04,Paid Search,google,cpc,KSA Growth,mobile,P008,3,3,2,0,0,0
2025-08-04,Paid Search,google,cpc,KSA Growth,mobile,P009,6,4,4,1,0,0
2025-08-04,Paid Search,google,cpc,KSA Growth,mobile,P010,9,6,6,1,1,1
2025-08-04,Paid Search,google,cpc,KSA Growth,mobile,P011,6,4,4,1,0,0
2025-08-04,Paid Search,google,cpc,KSA Growth,mobile,P012,8,6,6,1,1,1
2025-08-04,Paid Social,instagram,paid_social,Creator Offers,desktop,P001,8,6,6,1,1,1
2025-08-04,Paid Social,instagram,paid_social,Creator Offers,desktop,P002,13,9,9,2,1,1
2025-08-04,Paid Social,instagram,paid_social,Creator Offers,desktop,P003,7,5,5,1,1,1
2025-08-04,Paid Social,instagram,paid_social,Creator Offers,desktop,P004,12,9,8,2,1,1
2025-08-04,Paid Social,instagram,paid_social,Creator Offers,desktop,P005,16,12,12,3,2,1
2025-08-04,Paid Social,instagram,paid_social,Creator Offers,desktop,P006,11,8,8,2,1,1
2025-08-04,Paid Social,instagram,paid_social,Creator Offers,desktop,P007,16,12,11,3,2,1
2025-08-04,Paid Social,instagram,paid_social,Creator Offers,desktop,P008,10,7,7,2,1,1
2025-08-04,Paid Social,instagram,paid_social,Creator Offers,desktop,P009,15,11,10,3,2,1
2025-08-04,Paid Social,instagram,paid_social,Creator Offers,desktop,P010,9,7,6,2,1,1
2025-08-04,Paid Social,instagram,paid_social,Creator Offers,desktop,P011,14,10,10,3,1,1
2025-08-04,Paid Social,instagram,paid_social,Creator Offers,desktop,P012,8,6,5,1,1,1
2025-08-05,Organic Search,google,organic,Always-on SEO,mobile,P001,11,8,8,2,1,1
2025-08-05,Organic Search,google,organic,Always-on SEO,mobile,P002,6,4,5,1,0,0
2025-08-05,Organic Search,google,organic,Always-on SEO,mobile,P003,10,7,8,1,1,1
2025-08-05,Organic Search,google,organic,Always-on SEO,mobile,P004,5,4,4,1,0,0
2025-08-05,Organic Search,google,organic,Always-on SEO,mobile,P005,9,6,7,1,1,1
2025-08-05,Organic Search,google,organic,Always-on SEO,mobile,P006,13,9,10,2,1,1
2025-08-05,Organic Search,google,organic,Always-on SEO,mobile,P007,8,6,7,1,1,1
2025-08-05,Organic Search,google,organic,Always-on SEO,mobile,P008,12,9,10,2,1,1
2025-08-05,Organic Search,google,organic,Always-on SEO,mobile,P009,7,5,6,1,1,0
2025-08-05,Organic Search,google,organic,Always-on SEO,mobile,P010,11,8,9,2,1,1
2025-08-05,Organic Search,google,organic,Always-on SEO,mobile,P011,7,5,5,1,1,0
2025-08-05,Organic Search,google,organic,Always-on SEO,mobile,P012,11,8,8,1,1,1
2025-08-05,Direct,direct,none,Unassigned,desktop,P001,13,12,9,2,2,1
2025-08-05,Direct,direct,none,Unassigned,desktop,P002,9,7,6,2,1,1
2025-08-05,Direct,direct,none,Unassigned,desktop,P003,13,11,8,2,1,1
2025-08-05,Direct,direct,none,Unassigned,desktop,P004,8,7,5,1,1,1
2025-08-05,Direct,direct,none,Unassigned,desktop,P005,12,10,8,2,1,1
2025-08-05,Direct,direct,none,Unassigned,desktop,P006,7,6,5,1,1,1
2025-08-05,Direct,direct,none,Unassigned,desktop,P007,11,9,7,2,1,1
2025-08-05,Direct,direct,none,Unassigned,desktop,P008,6,5,4,1,1,0
2025-08-05,Direct,direct,none,Unassigned,desktop,P009,10,9,7,2,1,1
2025-08-05,Direct,direct,none,Unassigned,desktop,P010,6,5,3,1,1,0
2025-08-05,Direct,direct,none,Unassigned,desktop,P011,10,8,6,2,1,1
2025-08-05,Direct,direct,none,Unassigned,desktop,P012,13,11,9,2,1,1
2025-08-05,Email,newsletter,email,Lifecycle,tablet,P001,7,6,4,1,1,0
2025-08-05,Email,newsletter,email,Lifecycle,tablet,P002,10,9,7,2,1,1
2025-08-05,Email,newsletter,email,Lifecycle,tablet,P003,6,5,4,1,1,0
2025-08-05,Email,newsletter,email,Lifecycle,tablet,P004,9,8,6,2,1,1
2025-08-05,Email,newsletter,email,Lifecycle,tablet,P005,5,5,4,1,0,0
2025-08-05,Email,newsletter,email,Lifecycle,tablet,P006,9,8,6,2,1,1
2025-08-05,Email,newsletter,email,Lifecycle,tablet,P007,12,11,8,2,1,1
2025-08-05,Email,newsletter,email,Lifecycle,tablet,P008,8,7,5,1,1,1
2025-08-05,Email,newsletter,email,Lifecycle,tablet,P009,12,10,8,2,1,1
2025-08-05,Email,newsletter,email,Lifecycle,tablet,P010,7,6,5,1,1,0
2025-08-05,Email,newsletter,email,Lifecycle,tablet,P011,11,10,7,2,1,1
2025-08-05,Email,newsletter,email,Lifecycle,tablet,P012,7,6,4,1,1,0
2025-08-06,Paid Search,google,cpc,KSA Growth,desktop,P001,12,9,8,2,1,1
2025-08-06,Paid Search,google,cpc,KSA Growth,desktop,P002,7,5,5,1,1,0
2025-08-06,Paid Search,google,cpc,KSA Growth,desktop,P003,11,8,8,2,1,1
2025-08-06,Paid Search,google,cpc,KSA Growth,desktop,P004,6,5,4,1,1,0
2025-08-06,Paid Search,google,cpc,KSA Growth,desktop,P005,11,8,7,2,1,1
2025-08-06,Paid Search,google,cpc,KSA Growth,desktop,P006,6,4,4,1,1,0
2025-08-06,Paid Search,google,cpc,KSA Growth,desktop,P007,10,7,7,1,1,1
2025-08-06,Paid Search,google,cpc,KSA Growth,desktop,P008,14,10,9,2,1,1
2025-08-06,Paid Search,google,cpc,KSA Growth,desktop,P009,9,6,6,1,1,1
2025-08-06,Paid Search,google,cpc,KSA Growth,desktop,P010,13,9,9,2,1,1
2025-08-06,Paid Search,google,cpc,KSA Growth,desktop,P011,8,6,6,1,1,1
2025-08-06,Paid Search,google,cpc,KSA Growth,desktop,P012,12,9,8,2,1,1
2025-08-06,Paid Social,instagram,paid_social,Creator Offers,tablet,P001,7,6,5,1,0,0
2025-08-06,Paid Social,instagram,paid_social,Creator Offers,tablet,P002,13,11,8,2,1,1
2025-08-06,Paid Social,instagram,paid_social,Creator Offers,tablet,P003,18,15,12,2,1,1
2025-08-06,Paid Social,instagram,paid_social,Creator Offers,tablet,P004,12,10,8,1,1,1
2025-08-06,Paid Social,instagram,paid_social,Creator Offers,tablet,P005,17,14,11,2,1,1
2025-08-06,Paid Social,instagram,paid_social,Creator Offers,tablet,P006,11,9,7,1,1,0
2025-08-06,Paid Social,instagram,paid_social,Creator Offers,tablet,P007,16,13,10,2,1,1
2025-08-06,Paid Social,instagram,paid_social,Creator Offers,tablet,P008,9,8,6,1,1,0
2025-08-06,Paid Social,instagram,paid_social,Creator Offers,tablet,P009,15,12,10,2,1,1
2025-08-06,Paid Social,instagram,paid_social,Creator Offers,tablet,P010,8,7,6,1,0,0
2025-08-06,Paid Social,instagram,paid_social,Creator Offers,tablet,P011,14,12,9,2,1,1
2025-08-06,Paid Social,instagram,paid_social,Creator Offers,tablet,P012,7,6,5,1,0,0
2025-08-06,Affiliates,partners,affiliate,Partner Network,mobile,P001,10,8,8,1,1,1
2025-08-06,Affiliates,partners,affiliate,Partner Network,mobile,P002,16,12,11,2,1,1
2025-08-06,Affiliates,partners,affiliate,Partner Network,mobile,P003,9,8,7,1,1,0
2025-08-06,Affiliates,partners,affiliate,Partner Network,mobile,P004,14,12,11,2,1,1
2025-08-06,Affiliates,partners,affiliate,Partner Network,mobile,P005,8,7,6,1,1,0
2025-08-06,Affiliates,partners,affiliate,Partner Network,mobile,P006,13,11,10,2,1,1
2025-08-06,Affiliates,partners,affiliate,Partner Network,mobile,P007,7,6,5,1,1,0
2025-08-06,Affiliates,partners,affiliate,Partner Network,mobile,P008,12,10,9,2,1,1
2025-08-06,Affiliates,partners,affiliate,Partner Network,mobile,P009,18,14,13,2,2,1
2025-08-06,Affiliates,partners,affiliate,Partner Network,mobile,P010,11,9,8,2,1,1
2025-08-06,Affiliates,partners,affiliate,Partner Network,mobile,P011,17,13,12,2,1,1
2025-08-06,Affiliates,partners,affiliate,Partner Network,mobile,P012,10,8,7,1,1,0
2025-08-07,Direct,direct,none,Unassigned,tablet,P001,18,16,12,2,1,1
2025-08-07,Direct,direct,none,Unassigned,tablet,P002,11,10,7,2,1,0
2025-08-07,Direct,direct,none,Unassigned,tablet,P003,17,15,11,2,1,1
2025-08-07,Direct,direct,none,Unassigned,tablet,P004,10,9,6,1,1,0
2025-08-07,Direct,direct,none,Unassigned,tablet,P005,16,14,10,2,1,1
2025-08-07,Direct,direct,none,Unassigned,tablet,P006,9,8,6,1,1,0
2025-08-07,Direct,direct,none,Unassigned,tablet,P007,15,13,9,2,1,1
2025-08-07,Direct,direct,none,Unassigned,tablet,P008,8,7,5,1,0,0
2025-08-07,Direct,direct,none,Unassigned,tablet,P009,13,12,9,2,1,1
2025-08-07,Direct,direct,none,Unassigned,tablet,P010,19,16,12,3,1,1
2025-08-07,Direct,direct,none,Unassigned,tablet,P011,12,11,8,2,1,0
2025-08-07,Direct,direct,none,Unassigned,tablet,P012,18,15,12,2,1,1
2025-08-07,Email,newsletter,email,Lifecycle,mobile,P001,5,4,4,1,0,0
2025-08-07,Email,newsletter,email,Lifecycle,mobile,P002,8,7,7,1,1,1
2025-08-07,Email,newsletter,email,Lifecycle,mobile,P003,5,4,3,1,0,0
2025-08-07,Email,newsletter,email,Lifecycle,mobile,P004,8,6,6,1,1,1
2025-08-07,Email,newsletter,email,Lifecycle,mobile,P005,11,9,9,2,1,1
2025-08-07,Email,newsletter,email,Lifecycle,mobile,P006,7,6,6,1,1,0
2025-08-07,Email,newsletter,email,Lifecycle,mobile,P007,10,9,8,2,1,1
2025-08-07,Email,newsletter,email,Lifecycle,mobile,P008,7,5,5,1,1,0
2025-08-07,Email,newsletter,email,Lifecycle,mobile,P009,10,8,8,2,1,1
2025-08-07,Email,newsletter,email,Lifecycle,mobile,P010,6,5,5,1,0,0
2025-08-07,Email,newsletter,email,Lifecycle,mobile,P011,9,8,7,1,1,1
2025-08-07,Email,newsletter,email,Lifecycle,mobile,P012,5,4,4,1,0,0
2025-08-07,Organic Search,google,organic,Always-on SEO,desktop,P001,8,7,5,1,0,0
2025-08-07,Organic Search,google,organic,Always-on SEO,desktop,P002,11,10,7,1,1,1
2025-08-07,Organic Search,google,organic,Always-on SEO,desktop,P003,7,6,5,1,0,0
2025-08-07,Organic Search,google,organic,Always-on SEO,desktop,P004,10,9,7,1,1,1
2025-08-07,Organic Search,google,organic,Always-on SEO,desktop,P005,6,6,4,1,0,0
2025-08-07,Organic Search,google,organic,Always-on SEO,desktop,P006,10,9,6,1,1,1
2025-08-07,Organic Search,google,organic,Always-on SEO,desktop,P007,6,5,4,1,0,0
2025-08-07,Organic Search,google,organic,Always-on SEO,desktop,P008,9,8,6,1,1,0
2025-08-07,Organic Search,google,organic,Always-on SEO,desktop,P009,5,4,3,1,0,0
2025-08-07,Organic Search,google,organic,Always-on SEO,desktop,P010,8,7,5,1,1,0
2025-08-07,Organic Search,google,organic,Always-on SEO,desktop,P011,12,10,8,1,1,1
2025-08-07,Organic Search,google,organic,Always-on SEO,desktop,P012,8,7,5,1,0,0
2025-08-08,Paid Social,instagram,paid_social,Creator Offers,mobile,P001,18,13,13,3,2,1
2025-08-08,Paid Social,instagram,paid_social,Creator Offers,mobile,P002,11,9,9,2,1,1
2025-08-08,Paid Social,instagram,paid_social,Creator Offers,mobile,P003,17,13,13,3,2,1
2025-08-08,Paid Social,instagram,paid_social,Creator Offers,mobile,P004,10,8,8,2,1,1
2025-08-08,Paid Social,instagram,paid_social,Creator Offers,mobile,P005,16,12,12,3,2,1
2025-08-08,Paid Social,instagram,paid_social,Creator Offers,mobile,P006,9,7,7,2,1,1
2025-08-08,Paid Social,instagram,paid_social,Creator Offers,mobile,P007,15,11,11,3,2,1
2025-08-08,Paid Social,instagram,paid_social,Creator Offers,mobile,P008,8,6,6,1,1,1
2025-08-08,Paid Social,instagram,paid_social,Creator Offers,mobile,P009,14,10,10,2,1,1
2025-08-08,Paid Social,instagram,paid_social,Creator Offers,mobile,P010,7,6,6,1,1,1
2025-08-08,Paid Social,instagram,paid_social,Creator Offers,mobile,P011,13,10,9,2,1,1
2025-08-08,Paid Social,instagram,paid_social,Creator Offers,mobile,P012,18,13,13,3,2,1
2025-08-08,Affiliates,partners,affiliate,Partner Network,desktop,P001,7,6,5,1,0,0
2025-08-08,Affiliates,partners,affiliate,Partner Network,desktop,P002,11,9,8,1,1,1
2025-08-08,Affiliates,partners,affiliate,Partner Network,desktop,P003,6,5,5,1,0,0
2025-08-08,Affiliates,partners,affiliate,Partner Network,desktop,P004,10,8,7,1,1,1
2025-08-08,Affiliates,partners,affiliate,Partner Network,desktop,P005,6,4,4,1,0,0
2025-08-08,Affiliates,partners,affiliate,Partner Network,desktop,P006,10,7,7,1,1,0
2025-08-08,Affiliates,partners,affiliate,Partner Network,desktop,P007,14,11,10,2,1,1
2025-08-08,Affiliates,partners,affiliate,Partner Network,desktop,P008,9,7,6,1,1,0
2025-08-08,Affiliates,partners,affiliate,Partner Network,desktop,P009,13,10,9,2,1,1
2025-08-08,Affiliates,partners,affiliate,Partner Network,desktop,P010,8,6,6,1,0,0
2025-08-08,Affiliates,partners,affiliate,Partner Network,desktop,P011,12,9,8,1,1,1
2025-08-08,Affiliates,partners,affiliate,Partner Network,desktop,P012,7,6,5,1,0,0
2025-08-08,Paid Search,google,cpc,KSA Growth,tablet,P001,12,10,9,2,2,1
2025-08-08,Paid Search,google,cpc,KSA Growth,tablet,P002,18,14,13,4,2,2
2025-08-08,Paid Search,google,cpc,KSA Growth,tablet,P003,11,9,9,2,1,1
2025-08-08,Paid Search,google,cpc,KSA Growth,tablet,P004,17,13,13,3,2,1
2025-08-08,Paid Search,google,cpc,KSA Growth,tablet,P005,10,8,8,2,1,1
2025-08-08,Paid Search,google,cpc,KSA Growth,tablet,P006,15,13,12,3,2,1
2025-08-08,Paid Search,google,cpc,KSA Growth,tablet,P007,9,8,7,2,1,1
2025-08-08,Paid Search,google,cpc,KSA Growth,tablet,P008,14,12,11,3,2,1
2025-08-08,Paid Search,google,cpc,KSA Growth,tablet,P009,8,7,6,2,1,1
2025-08-08,Paid Search,google,cpc,KSA Growth,tablet,P010,13,11,10,3,2,1
2025-08-08,Paid Search,google,cpc,KSA Growth,tablet,P011,7,6,5,1,1,1
2025-08-08,Paid Search,google,cpc,KSA Growth,tablet,P012,12,10,9,2,1,1
2025-08-09,Email,newsletter,email,Lifecycle,desktop,P001,8,7,6,1,1,1
2025-08-09,Email,newsletter,email,Lifecycle,desktop,P002,14,11,9,2,2,1
2025-08-09,Email,newsletter,email,Lifecycle,desktop,P003,19,16,13,4,2,1
2025-08-09,Email,newsletter,email,Lifecycle,desktop,P004,12,10,9,2,2,1
2025-08-09,Email,newsletter,email,Lifecycle,desktop,P005,18,15,13,3,2,1
2025-08-09,Email,newsletter,email,Lifecycle,desktop,P006,11,9,8,2,1,1
2025-08-09,Email,newsletter,email,Lifecycle,desktop,P007,17,14,12,3,2,1
2025-08-09,Email,newsletter,email,Lifecycle,desktop,P008,10,8,7,2,1,1
2025-08-09,Email,newsletter,email,Lifecycle,desktop,P009,16,13,11,3,2,1
2025-08-09,Email,newsletter,email,Lifecycle,desktop,P010,9,7,6,2,1,1
2025-08-09,Email,newsletter,email,Lifecycle,desktop,P011,15,12,10,3,2,1
2025-08-09,Email,newsletter,email,Lifecycle,desktop,P012,8,6,5,1,1,1
2025-08-09,Organic Search,google,organic,Always-on SEO,tablet,P001,10,9,8,2,1,1
2025-08-09,Organic Search,google,organic,Always-on SEO,tablet,P002,16,13,12,3,1,1
2025-08-09,Organic Search,google,organic,Always-on SEO,tablet,P003,9,8,7,2,1,1
2025-08-09,Organic Search,google,organic,Always-on SEO,tablet,P004,15,12,11,3,1,1
2025-08-09,Organic Search,google,organic,Always-on SEO,tablet,P005,8,7,6,1,1,1
2025-08-09,Organic Search,google,organic,Always-on SEO,tablet,P006,13,11,10,2,1,1
2025-08-09,Organic Search,google,organic,Always-on SEO,tablet,P007,7,6,6,1,1,0
2025-08-09,Organic Search,google,organic,Always-on SEO,tablet,P008,12,10,10,2,1,1
2025-08-09,Organic Search,google,organic,Always-on SEO,tablet,P009,18,15,13,3,2,1
2025-08-09,Organic Search,google,organic,Always-on SEO,tablet,P010,11,9,9,2,1,1
2025-08-09,Organic Search,google,organic,Always-on SEO,tablet,P011,17,14,13,3,2,1
2025-08-09,Organic Search,google,organic,Always-on SEO,tablet,P012,10,8,8,2,1,1
2025-08-09,Direct,direct,none,Unassigned,mobile,P001,15,13,12,3,2,1
2025-08-09,Direct,direct,none,Unassigned,mobile,P002,8,7,6,1,1,0
2025-08-09,Direct,direct,none,Unassigned,mobile,P003,13,12,11,3,1,1
2025-08-09,Direct,direct,none,Unassigned,mobile,P004,19,16,15,4,2,1
2025-08-09,Direct,direct,none,Unassigned,mobile,P005,12,11,10,2,1,1
2025-08-09,Direct,direct,none,Unassigned,mobile,P006,18,15,14,3,2,1
2025-08-09,Direct,direct,none,Unassigned,mobile,P007,11,10,9,2,1,1
2025-08-09,Direct,direct,none,Unassigned,mobile,P008,17,14,13,3,2,1
2025-08-09,Direct,direct,none,Unassigned,mobile,P009,10,9,8,2,1,1
2025-08-09,Direct,direct,none,Unassigned,mobile,P010,16,13,13,3,2,1
2025-08-09,Direct,direct,none,Unassigned,mobile,P011,9,8,7,2,1,0
2025-08-09,Direct,direct,none,Unassigned,mobile,P012,14,12,12,3,2,1
2025-08-10,Affiliates,partners,affiliate,Partner Network,tablet,P001,11,9,7,2,1,1
2025-08-10,Affiliates,partners,affiliate,Partner Network,tablet,P002,17,14,11,3,2,1
2025-08-10,Affiliates,partners,affiliate,Partner Network,tablet,P003,9,8,6,2,1,0
2025-08-10,Affiliates,partners,affiliate,Partner Network,tablet,P004,16,13,10,3,2,1
2025-08-10,Affiliates,partners,affiliate,Partner Network,tablet,P005,22,19,14,4,2,1
2025-08-10,Affiliates,partners,affiliate,Partner Network,tablet,P006,15,12,9,3,1,1
2025-08-10,Affiliates,partners,affiliate,Partner Network,tablet,P007,21,18,13,4,2,1
2025-08-10,Affiliates,partners,affiliate,Partner Network,tablet,P008,13,11,8,2,1,1
2025-08-10,Affiliates,partners,affiliate,Partner Network,tablet,P009,20,17,13,3,2,1
2025-08-10,Affiliates,partners,affiliate,Partner Network,tablet,P010,12,10,7,2,1,1
2025-08-10,Affiliates,partners,affiliate,Partner Network,tablet,P011,19,16,12,3,2,1
2025-08-10,Affiliates,partners,affiliate,Partner Network,tablet,P012,11,9,7,2,1,1
2025-08-10,Paid Search,google,cpc,KSA Growth,mobile,P001,14,12,10,3,1,1
2025-08-10,Paid Search,google,cpc,KSA Growth,mobile,P002,20,17,15,4,2,1
2025-08-10,Paid Search,google,cpc,KSA Growth,mobile,P003,12,11,9,2,1,1
2025-08-10,Paid Search,google,cpc,KSA Growth,mobile,P004,18,16,14,4,2,1
2025-08-10,Paid Search,google,cpc,KSA Growth,mobile,P005,11,10,8,2,1,1
2025-08-10,Paid Search,google,cpc,KSA Growth,mobile,P006,17,15,13,4,2,1
2025-08-10,Paid Search,google,cpc,KSA Growth,mobile,P007,10,9,8,2,1,1
2025-08-10,Paid Search,google,cpc,KSA Growth,mobile,P008,16,14,12,3,2,1
2025-08-10,Paid Search,google,cpc,KSA Growth,mobile,P009,9,7,7,2,1,1
2025-08-10,Paid Search,google,cpc,KSA Growth,mobile,P010,15,13,11,3,2,1
2025-08-10,Paid Search,google,cpc,KSA Growth,mobile,P011,21,18,16,4,2,1
2025-08-10,Paid Search,google,cpc,KSA Growth,mobile,P012,13,12,10,3,1,1
2025-08-10,Paid Social,instagram,paid_social,Creator Offers,desktop,P001,16,14,12,3,2,1
2025-08-10,Paid Social,instagram,paid_social,Creator Offers,desktop,P002,9,8,7,2,1,1
2025-08-10,Paid Social,instagram,paid_social,Creator Offers,desktop,P003,15,13,11,3,2,1
2025-08-10,Paid Social,instagram,paid_social,Creator Offers,desktop,P004,8,7,6,2,1,1
2025-08-10,Paid Social,instagram,paid_social,Creator Offers,desktop,P005,14,12,10,3,2,1
2025-08-10,Paid Social,instagram,paid_social,Creator Offers,desktop,P006,20,18,15,4,2,2
2025-08-10,Paid Social,instagram,paid_social,Creator Offers,desktop,P007,13,11,9,3,1,1
2025-08-10,Paid Social,instagram,paid_social,Creator Offers,desktop,P008,19,17,14,4,2,1
2025-08-10,Paid Social,instagram,paid_social,Creator Offers,desktop,P009,12,10,9,3,1,1
2025-08-10,Paid Social,instagram,paid_social,Creator Offers,desktop,P010,17,15,13,4,2,1
2025-08-10,Paid Social,instagram,paid_social,Creator Offers,desktop,P011,10,9,8,2,1,1
2025-08-10,Paid Social,instagram,paid_social,Creator Offers,desktop,P012,16,14,12,3,2,1
2025-08-11,Organic Search,google,organic,Always-on SEO,mobile,P001,11,9,7,2,1,1
2025-08-11,Organic Search,google,organic,Always-on SEO,mobile,P002,17,14,11,3,2,1
2025-08-11,Organic Search,google,organic,Always-on SEO,mobile,P003,10,8,6,2,1,1
2025-08-11,Organic Search,google,organic,Always-on SEO,mobile,P004,16,13,10,3,2,1
2025-08-11,Organic Search,google,organic,Always-on SEO,mobile,P005,8,7,6,1,1,1
2025-08-11,Organic Search,google,organic,Always-on SEO,mobile,P006,14,12,9,2,2,1
2025-08-11,Organic Search,google,organic,Always-on SEO,mobile,P007,21,17,13,4,2,1
2025-08-11,Organic Search,google,organic,Always-on SEO,mobile,P008,13,11,9,2,1,1
2025-08-11,Organic Search,google,organic,Always-on SEO,mobile,P009,19,16,13,3,2,1
2025-08-11,Organic Search,google,organic,Always-on SEO,mobile,P010,12,10,8,2,1,1
2025-08-11,Organic Search,google,organic,Always-on SEO,mobile,P011,18,15,12,3,2,1
2025-08-11,Organic Search,google,organic,Always-on SEO,mobile,P012,11,9,7,2,1,1
2025-08-11,Direct,direct,none,Unassigned,desktop,P001,14,11,10,2,1,1
2025-08-11,Direct,direct,none,Unassigned,desktop,P002,19,16,14,3,2,1
2025-08-11,Direct,direct,none,Unassigned,desktop,P003,12,10,9,2,1,1
2025-08-11,Direct,direct,none,Unassigned,desktop,P004,18,15,13,3,2,1
2025-08-11,Direct,direct,none,Unassigned,desktop,P005,11,9,8,2,1,1
2025-08-11,Direct,direct,none,Unassigned,desktop,P006,17,14,12,3,1,1
2025-08-11,Direct,direct,none,Unassigned,desktop,P007,10,8,7,2,1,0
2025-08-11,Direct,direct,none,Unassigned,desktop,P008,16,13,11,2,1,1
2025-08-11,Direct,direct,none,Unassigned,desktop,P009,9,8,7,1,1,0
2025-08-11,Direct,direct,none,Unassigned,desktop,P010,15,12,11,2,1,1
2025-08-11,Direct,direct,none,Unassigned,desktop,P011,8,7,6,1,1,0
2025-08-11,Direct,direct,none,Unassigned,desktop,P012,13,11,10,2,1,1
2025-08-11,Email,newsletter,email,Lifecycle,tablet,P001,12,10,9,2,2,1
2025-08-11,Email,newsletter,email,Lifecycle,tablet,P002,7,6,5,2,1,1
2025-08-11,Email,newsletter,email,Lifecycle,tablet,P003,11,9,8,2,1,1
2025-08-11,Email,newsletter,email,Lifecycle,tablet,P004,6,5,5,1,1,1
2025-08-11,Email,newsletter,email,Lifecycle,tablet,P005,10,8,7,2,1,1
2025-08-11,Email,newsletter,email,Lifecycle,tablet,P006,5,4,4,1,1,0
2025-08-11,Email,newsletter,email,Lifecycle,tablet,P007,9,8,7,2,1,1
2025-08-11,Email,newsletter,email,Lifecycle,tablet,P008,13,11,10,3,2,1
2025-08-11,Email,newsletter,email,Lifecycle,tablet,P009,9,7,6,2,1,1
2025-08-11,Email,newsletter,email,Lifecycle,tablet,P010,13,10,9,3,2,1
2025-08-11,Email,newsletter,email,Lifecycle,tablet,P011,8,6,6,2,1,1
2025-08-11,Email,newsletter,email,Lifecycle,tablet,P012,12,9,9,2,2,1
2025-08-12,Paid Search,google,cpc,KSA Growth,desktop,P001,12,10,9,2,1,1
2025-08-12,Paid Search,google,cpc,KSA Growth,desktop,P002,18,14,13,2,1,1
2025-08-12,Paid Search,google,cpc,KSA Growth,desktop,P003,11,9,8,1,1,0
2025-08-12,Paid Search,google,cpc,KSA Growth,desktop,P004,17,13,12,2,1,1
2025-08-12,Paid Search,google,cpc,KSA Growth,desktop,P005,10,8,7,1,1,0
2025-08-12,Paid Search,google,cpc,KSA Growth,desktop,P006,16,13,11,2,1,1
2025-08-12,Paid Search,google,cpc,KSA Growth,desktop,P007,9,7,6,1,1,0
2025-08-12,Paid Search,google,cpc,KSA Growth,desktop,P008,15,12,10,2,1,1
2025-08-12,Paid Search,google,cpc,KSA Growth,desktop,P009,21,16,14,3,1,1
2025-08-12,Paid Search,google,cpc,KSA Growth,desktop,P010,13,11,9,2,1,1
2025-08-12,Paid Search,google,cpc,KSA Growth,desktop,P011,19,15,14,3,1,1
2025-08-12,Paid Search,google,cpc,KSA Growth,desktop,P012,12,10,8,2,1,1
2025-08-12,Paid Social,instagram,paid_social,Creator Offers,tablet,P001,16,14,12,3,2,1
2025-08-12,Paid Social,instagram,paid_social,Creator Offers,tablet,P002,9,7,6,2,1,1
2025-08-12,Paid Social,instagram,paid_social,Creator Offers,tablet,P003,15,12,11,3,2,1
2025-08-12,Paid Social,instagram,paid_social,Creator Offers,tablet,P004,21,18,15,4,3,2
2025-08-12,Paid Social,instagram,paid_social,Creator Offers,tablet,P005,14,11,10,3,2,1
2025-08-12,Paid Social,instagram,paid_social,Creator Offers,tablet,P006,20,17,14,4,3,2
2025-08-12,Paid Social,instagram,paid_social,Creator Offers,tablet,P007,12,10,9,3,2,1
2025-08-12,Paid Social,instagram,paid_social,Creator Offers,tablet,P008,18,16,14,4,2,2
2025-08-12,Paid Social,instagram,paid_social,Creator Offers,tablet,P009,11,9,8,2,2,1
2025-08-12,Paid Social,instagram,paid_social,Creator Offers,tablet,P010,17,15,13,4,2,2
2025-08-12,Paid Social,instagram,paid_social,Creator Offers,tablet,P011,10,8,7,2,1,1
2025-08-12,Paid Social,instagram,paid_social,Creator Offers,tablet,P012,16,13,12,3,2,1
2025-08-12,Affiliates,partners,affiliate,Partner Network,mobile,P001,17,14,11,3,2,1
2025-08-12,Affiliates,partners,affiliate,Partner Network,mobile,P002,10,8,7,2,1,1
2025-08-12,Affiliates,partners,affiliate,Partner Network,mobile,P003,16,13,11,3,1,1
2025-08-12,Affiliates,partners,affiliate,Partner Network,mobile,P004,9,8,6,2,1,0
2025-08-12,Affiliates,partners,affiliate,Partner Network,mobile,P005,15,12,10,3,1,1
2025-08-12,Affiliates,partners,affiliate,Partner Network,mobile,P006,8,7,6,1,1,0
2025-08-12,Affiliates,partners,affiliate,Partner Network,mobile,P007,13,11,9,2,1,1
2025-08-12,Affiliates,partners,affiliate,Partner Network,mobile,P008,7,6,5,1,1,0
2025-08-12,Affiliates,partners,affiliate,Partner Network,mobile,P009,12,10,8,2,1,1
2025-08-12,Affiliates,partners,affiliate,Partner Network,mobile,P010,18,14,12,3,2,1
2025-08-12,Affiliates,partners,affiliate,Partner Network,mobile,P011,11,9,8,2,1,1
2025-08-12,Affiliates,partners,affiliate,Partner Network,mobile,P012,17,14,11,3,1,1
2025-08-13,Direct,direct,none,Unassigned,tablet,P001,9,7,7,2,1,1
2025-08-13,Direct,direct,none,Unassigned,tablet,P002,13,11,10,3,2,1
2025-08-13,Direct,direct,none,Unassigned,tablet,P003,8,7,6,2,1,1
2025-08-13,Direct,direct,none,Unassigned,tablet,P004,12,10,10,2,2,1
2025-08-13,Direct,direct,none,Unassigned,tablet,P005,8,6,6,1,1,0
2025-08-13,Direct,direct,none,Unassigned,tablet,P006,12,9,9,2,1,1
2025-08-13,Direct,direct,none,Unassigned,tablet,P007,7,5,5,1,1,0
2025-08-13,Direct,direct,none,Unassigned,tablet,P008,11,9,8,2,1,1
2025-08-13,Direct,direct,none,Unassigned,tablet,P009,6,5,4,1,1,0
2025-08-13,Direct,direct,none,Unassigned,tablet,P010,10,8,8,2,1,1
2025-08-13,Direct,direct,none,Unassigned,tablet,P011,14,12,11,3,2,1
2025-08-13,Direct,direct,none,Unassigned,tablet,P012,9,7,7,2,1,1
2025-08-13,Email,newsletter,email,Lifecycle,mobile,P001,13,11,10,2,1,1
2025-08-13,Email,newsletter,email,Lifecycle,mobile,P002,8,6,5,1,1,0
2025-08-13,Email,newsletter,email,Lifecycle,mobile,P003,12,11,9,2,1,1
2025-08-13,Email,newsletter,email,Lifecycle,mobile,P004,7,6,5,1,1,0
2025-08-13,Email,newsletter,email,Lifecycle,mobile,P005,11,10,8,2,1,1
2025-08-13,Email,newsletter,email,Lifecycle,mobile,P006,16,14,12,3,2,1
2025-08-13,Email,newsletter,email,Lifecycle,mobile,P007,10,9,7,2,1,1
2025-08-13,Email,newsletter,email,Lifecycle,mobile,P008,15,13,11,3,2,1
2025-08-13,Email,newsletter,email,Lifecycle,mobile,P009,9,8,7,2,1,1
2025-08-13,Email,newsletter,email,Lifecycle,mobile,P010,14,12,10,3,1,1
2025-08-13,Email,newsletter,email,Lifecycle,mobile,P011,8,7,6,2,1,1
2025-08-13,Email,newsletter,email,Lifecycle,mobile,P012,13,11,10,2,1,1
2025-08-13,Organic Search,google,organic,Always-on SEO,desktop,P001,18,16,12,3,2,1
2025-08-13,Organic Search,google,organic,Always-on SEO,desktop,P002,11,10,8,2,1,1
2025-08-13,Organic Search,google,organic,Always-on SEO,desktop,P003,17,15,12,3,2,1
2025-08-13,Organic Search,google,organic,Always-on SEO,desktop,P004,10,9,7,2,1,1
2025-08-13,Organic Search,google,organic,Always-on SEO,desktop,P005,15,14,11,3,2,1
2025-08-13,Organic Search,google,organic,Always-on SEO,desktop,P006,9,8,7,2,1,1
2025-08-13,Organic Search,google,organic,Always-on SEO,desktop,P007,14,13,10,3,2,1
2025-08-13,Organic Search,google,organic,Always-on SEO,desktop,P008,8,7,6,2,1,1
2025-08-13,Organic Search,google,organic,Always-on SEO,desktop,P009,13,12,10,3,2,1
2025-08-13,Organic Search,google,organic,Always-on SEO,desktop,P010,7,6,5,1,1,0
2025-08-13,Organic Search,google,organic,Always-on SEO,desktop,P011,12,11,9,2,1,1
2025-08-13,Organic Search,google,organic,Always-on SEO,desktop,P012,18,16,12,3,2,1
2025-08-14,Paid Social,instagram,paid_social,Creator Offers,mobile,P001,12,9,10,2,1,1
2025-08-14,Paid Social,instagram,paid_social,Creator Offers,mobile,P002,18,13,14,3,2,1
2025-08-14,Paid Social,instagram,paid_social,Creator Offers,mobile,P003,11,9,9,2,1,1
2025-08-14,Paid Social,instagram,paid_social,Creator Offers,mobile,P004,17,13,13,3,1,1
2025-08-14,Paid Social,instagram,paid_social,Creator Offers,mobile,P005,10,8,8,2,1,0
2025-08-14,Paid Social,instagram,paid_social,Creator Offers,mobile,P006,16,12,12,3,1,1
2025-08-14,Paid Social,instagram,paid_social,Creator Offers,mobile,P007,9,7,7,1,1,0
2025-08-14,Paid Social,instagram,paid_social,Creator Offers,mobile,P008,14,11,11,2,1,1
2025-08-14,Paid Social,instagram,paid_social,Creator Offers,mobile,P009,8,6,6,1,1,0
2025-08-14,Paid Social,instagram,paid_social,Creator Offers,mobile,P010,13,10,10,2,1,1
2025-08-14,Paid Social,instagram,paid_social,Creator Offers,mobile,P011,7,5,6,1,1,0
2025-08-14,Paid Social,instagram,paid_social,Creator Offers,mobile,P012,12,9,10,2,1,1
2025-08-14,Affiliates,partners,affiliate,Partner Network,desktop,P001,13,12,8,1,1,1
2025-08-14,Affiliates,partners,affiliate,Partner Network,desktop,P002,8,7,5,1,0,0
2025-08-14,Affiliates,partners,affiliate,Partner Network,desktop,P003,12,11,8,1,1,1
2025-08-14,Affiliates,partners,affiliate,Partner Network,desktop,P004,7,6,5,1,0,0
2025-08-14,Affiliates,partners,affiliate,Partner Network,desktop,P005,11,10,7,1,1,0
2025-08-14,Affiliates,partners,affiliate,Partner Network,desktop,P006,6,5,4,1,0,0
2025-08-14,Affiliates,partners,affiliate,Partner Network,desktop,P007,10,9,7,1,1,0
2025-08-14,Affiliates,partners,affiliate,Partner Network,desktop,P008,15,13,10,2,1,1
2025-08-14,Affiliates,partners,affiliate,Partner Network,desktop,P009,10,8,6,1,0,0
2025-08-14,Affiliates,partners,affiliate,Partner Network,desktop,P010,14,12,9,2,1,1
2025-08-14,Affiliates,partners,affiliate,Partner Network,desktop,P011,9,8,6,1,0,0
2025-08-14,Affiliates,partners,affiliate,Partner Network,desktop,P012,13,11,8,1,1,1
2025-08-14,Paid Search,google,cpc,KSA Growth,tablet,P001,10,7,7,2,1,1
2025-08-14,Paid Search,google,cpc,KSA Growth,tablet,P002,16,12,12,3,2,1
2025-08-14,Paid Search,google,cpc,KSA Growth,tablet,P003,23,16,18,5,3,2
2025-08-14,Paid Search,google,cpc,KSA Growth,tablet,P004,15,11,11,3,2,1
2025-08-14,Paid Search,google,cpc,KSA Growth,tablet,P005,22,16,16,4,3,2
2025-08-14,Paid Search,google,cpc,KSA Growth,tablet,P006,14,10,10,3,2,1
2025-08-14,Paid Search,google,cpc,KSA Growth,tablet,P007,21,15,15,4,3,1
2025-08-14,Paid Search,google,cpc,KSA Growth,tablet,P008,12,9,9,2,2,1
2025-08-14,Paid Search,google,cpc,KSA Growth,tablet,P009,19,14,14,4,2,1
2025-08-14,Paid Search,google,cpc,KSA Growth,tablet,P010,11,8,8,2,1,1
2025-08-14,Paid Search,google,cpc,KSA Growth,tablet,P011,18,13,13,4,2,1
2025-08-14,Paid Search,google,cpc,KSA Growth,tablet,P012,10,7,7,2,1,1
2025-08-15,Email,newsletter,email,Lifecycle,desktop,P001,10,8,8,2,1,1
2025-08-15,Email,newsletter,email,Lifecycle,desktop,P002,5,5,4,1,1,0
2025-08-15,Email,newsletter,email,Lifecycle,desktop,P003,9,8,7,2,1,1
2025-08-15,Email,newsletter,email,Lifecycle,desktop,P004,13,11,10,3,2,1
2025-08-15,Email,newsletter,email,Lifecycle,desktop,P005,9,7,7,2,1,0
2025-08-15,Email,newsletter,email,Lifecycle,desktop,P006,13,10,9,2,1,1
2025-08-15,Email,newsletter,email,Lifecycle,desktop,P007,8,7,6,1,1,0
2025-08-15,Email,newsletter,email,Lifecycle,desktop,P008,12,10,9,2,1,1
2025-08-15,Email,newsletter,email,Lifecycle,desktop,P009,7,6,5,1,1,0
2025-08-15,Email,newsletter,email,Lifecycle,desktop,P010,11,9,8,2,1,1
2025-08-15,Email,newsletter,email,Lifecycle,desktop,P011,6,5,5,1,1,0
2025-08-15,Email,newsletter,email,Lifecycle,desktop,P012,10,8,8,2,1,1
2025-08-15,Organic Search,google,organic,Always-on SEO,tablet,P001,12,11,9,2,1,1
2025-08-15,Organic Search,google,organic,Always-on SEO,tablet,P002,8,7,5,1,1,0
2025-08-15,Organic Search,google,organic,Always-on SEO,tablet,P003,12,10,8,2,1,1
2025-08-15,Organic Search,google,organic,Always-on SEO,tablet,P004,7,6,5,1,1,0
2025-08-15,Organic Search,google,organic,Always-on SEO,tablet,P005,11,9,8,1,1,1
2025-08-15,Organic Search,google,organic,Always-on SEO,tablet,P006,6,5,4,1,0,0
2025-08-15,Organic Search,google,organic,Always-on SEO,tablet,P007,10,9,7,1,1,1
2025-08-15,Organic Search,google,organic,Always-on SEO,tablet,P008,6,5,4,1,0,0
2025-08-15,Organic Search,google,organic,Always-on SEO,tablet,P009,9,8,6,1,1,1
2025-08-15,Organic Search,google,organic,Always-on SEO,tablet,P010,13,11,9,2,1,1
2025-08-15,Organic Search,google,organic,Always-on SEO,tablet,P011,9,7,6,1,1,0
2025-08-15,Organic Search,google,organic,Always-on SEO,tablet,P012,12,10,9,2,1,1
2025-08-15,Direct,direct,none,Unassigned,mobile,P001,6,5,4,1,0,0
2025-08-15,Direct,direct,none,Unassigned,mobile,P002,9,7,7,1,1,0
2025-08-15,Direct,direct,none,Unassigned,mobile,P003,5,4,3,1,0,0
2025-08-15,Direct,direct,none,Unassigned,mobile,P004,9,7,6,1,1,0
2025-08-15,Direct,direct,none,Unassigned,mobile,P005,12,10,9,1,1,1
2025-08-15,Direct,direct,none,Unassigned,mobile,P006,8,6,6,1,1,0
2025-08-15,Direct,direct,none,Unassigned,mobile,P007,12,9,8,1,1,1
2025-08-15,Direct,direct,none,Unassigned,mobile,P008,7,6,5,1,0,0
2025-08-15,Direct,direct,none,Unassigned,mobile,P009,11,9,8,1,1,1
2025-08-15,Direct,direct,none,Unassigned,mobile,P010,7,5,5,1,0,0
2025-08-15,Direct,direct,none,Unassigned,mobile,P011,10,8,7,1,1,1
2025-08-15,Direct,direct,none,Unassigned,mobile,P012,6,4,4,1,0,0
2025-08-16,Affiliates,partners,affiliate,Partner Network,tablet,P001,11,8,9,2,1,1
2025-08-16,Affiliates,partners,affiliate,Partner Network,tablet,P002,6,5,5,1,1,0
2025-08-16,Affiliates,partners,affiliate,Partner Network,tablet,P003,10,8,8,2,1,1
2025-08-16,Affiliates,partners,affiliate,Partner Network,tablet,P004,5,4,4,1,1,0
2025-08-16,Affiliates,partners,affiliate,Partner Network,tablet,P005,9,7,7,2,1,1
2025-08-16,Affiliates,partners,affiliate,Partner Network,tablet,P006,13,10,10,3,2,1
2025-08-16,Affiliates,partners,affiliate,Partner Network,tablet,P007,8,7,7,2,1,1
2025-08-16,Affiliates,partners,affiliate,Partner Network,tablet,P008,12,9,10,2,2,1
2025-08-16,Affiliates,partners,affiliate,Partner Network,tablet,P009,7,6,6,1,1,1
2025-08-16,Affiliates,partners,affiliate,Partner Network,tablet,P010,11,9,9,2,1,1
2025-08-16,Affiliates,partners,affiliate,Partner Network,tablet,P011,7,5,5,1,1,1
2025-08-16,Affiliates,partners,affiliate,Partner Network,tablet,P012,11,8,8,2,1,1
2025-08-16,Paid Search,google,cpc,KSA Growth,mobile,P001,10,9,7,2,1,1
2025-08-16,Paid Search,google,cpc,KSA Growth,mobile,P002,7,6,5,1,1,0
2025-08-16,Paid Search,google,cpc,KSA Growth,mobile,P003,10,8,7,2,1,1
2025-08-16,Paid Search,google,cpc,KSA Growth,mobile,P004,6,5,4,1,0,0
2025-08-16,Paid Search,google,cpc,KSA Growth,mobile,P005,9,8,7,2,1,1
2025-08-16,Paid Search,google,cpc,KSA Growth,mobile,P006,5,5,4,1,0,0
2025-08-16,Paid Search,google,cpc,KSA Growth,mobile,P007,9,7,6,1,1,1
2025-08-16,Paid Search,google,cpc,KSA Growth,mobile,P008,5,4,3,1,0,0
2025-08-16,Paid Search,google,cpc,KSA Growth,mobile,P009,8,7,6,1,1,0
2025-08-16,Paid Search,google,cpc,KSA Growth,mobile,P010,4,3,3,1,0,0
2025-08-16,Paid Search,google,cpc,KSA Growth,mobile,P011,7,6,5,1,1,0
2025-08-16,Paid Search,google,cpc,KSA Growth,mobile,P012,10,9,7,2,1,1
2025-08-16,Paid Social,instagram,paid_social,Creator Offers,desktop,P001,7,6,5,1,1,0
2025-08-16,Paid Social,instagram,paid_social,Creator Offers,desktop,P002,11,10,7,1,1,1
2025-08-16,Paid Social,instagram,paid_social,Creator Offers,desktop,P003,6,6,4,1,0,0
2025-08-16,Paid Social,instagram,paid_social,Creator Offers,desktop,P004,10,9,7,1,1,1
2025-08-16,Paid Social,instagram,paid_social,Creator Offers,desktop,P005,5,5,4,1,0,0
2025-08-16,Paid Social,instagram,paid_social,Creator Offers,desktop,P006,9,8,6,1,1,1
2025-08-16,Paid Social,instagram,paid_social,Creator Offers,desktop,P007,13,12,9,2,1,1
2025-08-16,Paid Social,instagram,paid_social,Creator Offers,desktop,P008,8,8,6,1,1,1
2025-08-16,Paid Social,instagram,paid_social,Creator Offers,desktop,P009,12,11,9,2,1,1
2025-08-16,Paid Social,instagram,paid_social,Creator Offers,desktop,P010,8,7,5,1,1,0
2025-08-16,Paid Social,instagram,paid_social,Creator Offers,desktop,P011,12,10,8,2,1,1
2025-08-16,Paid Social,instagram,paid_social,Creator Offers,desktop,P012,7,6,5,1,1,0
2025-08-17,Organic Search,google,organic,Always-on SEO,mobile,P001,14,11,11,2,1,1
2025-08-17,Organic Search,google,organic,Always-on SEO,mobile,P002,9,6,7,1,1,1
2025-08-17,Organic Search,google,organic,Always-on SEO,mobile,P003,13,10,10,2,1,1
2025-08-17,Organic Search,google,organic,Always-on SEO,mobile,P004,8,6,6,1,1,0
2025-08-17,Organic Search,google,organic,Always-on SEO,mobile,P005,12,9,10,2,1,1
2025-08-17,Organic Search,google,organic,Always-on SEO,mobile,P006,7,5,5,1,1,0
2025-08-17,Organic Search,google,organic,Always-on SEO,mobile,P007,11,9,9,2,1,1
2025-08-17,Organic Search,google,organic,Always-on SEO,mobile,P008,16,12,13,2,2,1
2025-08-17,Organic Search,google,organic,Always-on SEO,mobile,P009,11,8,8,2,1,1
2025-08-17,Organic Search,google,organic,Always-on SEO,mobile,P010,15,11,12,2,2,1
2025-08-17,Organic Search,google,organic,Always-on SEO,mobile,P011,10,7,7,2,1,1
2025-08-17,Organic Search,google,organic,Always-on SEO,mobile,P012,14,11,11,2,1,1
2025-08-17,Direct,direct,none,Unassigned,desktop,P001,6,5,4,1,0,0
2025-08-17,Direct,direct,none,Unassigned,desktop,P002,11,8,7,1,1,0
2025-08-17,Direct,direct,none,Unassigned,desktop,P003,15,12,10,2,1,1
2025-08-17,Direct,direct,none,Unassigned,desktop,P004,10,8,6,1,1,0
2025-08-17,Direct,direct,none,Unassigned,desktop,P005,15,11,9,2,1,1
2025-08-17,Direct,direct,none,Unassigned,desktop,P006,9,7,6,1,1,0
2025-08-17,Direct,direct,none,Unassigned,desktop,P007,14,11,8,1,1,1
2025-08-17,Direct,direct,none,Unassigned,desktop,P008,8,6,5,1,0,0
2025-08-17,Direct,direct,none,Unassigned,desktop,P009,13,10,8,1,1,1
2025-08-17,Direct,direct,none,Unassigned,desktop,P010,7,6,5,1,0,0
2025-08-17,Direct,direct,none,Unassigned,desktop,P011,12,9,7,1,1,1
2025-08-17,Direct,direct,none,Unassigned,desktop,P012,6,5,4,1,0,0
2025-08-17,Email,newsletter,email,Lifecycle,tablet,P001,7,6,5,2,1,0
2025-08-17,Email,newsletter,email,Lifecycle,tablet,P002,10,9,8,2,1,1
2025-08-17,Email,newsletter,email,Lifecycle,tablet,P003,6,5,4,1,1,0
2025-08-17,Email,newsletter,email,Lifecycle,tablet,P004,10,8,7,2,1,1
2025-08-17,Email,newsletter,email,Lifecycle,tablet,P005,6,5,4,1,1,0
2025-08-17,Email,newsletter,email,Lifecycle,tablet,P006,9,7,7,2,1,1
2025-08-17,Email,newsletter,email,Lifecycle,tablet,P007,5,4,3,1,1,0
2025-08-17,Email,newsletter,email,Lifecycle,tablet,P008,8,7,6,2,1,1
2025-08-17,Email,newsletter,email,Lifecycle,tablet,P009,12,10,9,3,1,1
2025-08-17,Email,newsletter,email,Lifecycle,tablet,P010,8,6,6,2,1,1
2025-08-17,Email,newsletter,email,Lifecycle,tablet,P011,11,9,8,2,1,1
2025-08-17,Email,newsletter,email,Lifecycle,tablet,P012,7,6,5,1,1,0
2025-08-18,Paid Search,google,cpc,KSA Growth,desktop,P001,17,13,12,3,2,1
2025-08-18,Paid Search,google,cpc,KSA Growth,desktop,P002,11,8,8,2,1,1
2025-08-18,Paid Search,google,cpc,KSA Growth,desktop,P003,16,12,11,3,1,1
2025-08-18,Paid Search,google,cpc,KSA Growth,desktop,P004,10,7,7,2,1,1
2025-08-18,Paid Search,google,cpc,KSA Growth,desktop,P005,15,11,11,3,1,1
2025-08-18,Paid Search,google,cpc,KSA Growth,desktop,P006,9,6,6,1,1,1
2025-08-18,Paid Search,google,cpc,KSA Growth,desktop,P007,14,10,10,2,1,1
2025-08-18,Paid Search,google,cpc,KSA Growth,desktop,P008,7,6,5,1,1,0
2025-08-18,Paid Search,google,cpc,KSA Growth,desktop,P009,13,10,9,2,1,1
2025-08-18,Paid Search,google,cpc,KSA Growth,desktop,P010,18,13,13,3,2,1
2025-08-18,Paid Search,google,cpc,KSA Growth,desktop,P011,12,9,8,2,1,1
2025-08-18,Paid Search,google,cpc,KSA Growth,desktop,P012,17,13,12,3,2,1
2025-08-18,Paid Social,instagram,paid_social,Creator Offers,tablet,P001,5,4,4,1,0,0
2025-08-18,Paid Social,instagram,paid_social,Creator Offers,tablet,P002,9,7,7,2,1,1
2025-08-18,Paid Social,instagram,paid_social,Creator Offers,tablet,P003,5,4,4,1,0,0
2025-08-18,Paid Social,instagram,paid_social,Creator Offers,tablet,P004,8,6,6,1,1,0
2025-08-18,Paid Social,instagram,paid_social,Creator Offers,tablet,P005,11,9,9,2,1,1
2025-08-18,Paid Social,instagram,paid_social,Creator Offers,tablet,P006,7,6,6,1,1,0
2025-08-18,Paid Social,instagram,paid_social,Creator Offers,tablet,P007,10,8,9,2,1,1
2025-08-18,Paid Social,instagram,paid_social,Creator Offers,tablet,P008,7,5,5,1,1,0
2025-08-18,Paid Social,instagram,paid_social,Creator Offers,tablet,P009,10,8,8,2,1,1
2025-08-18,Paid Social,instagram,paid_social,Creator Offers,tablet,P010,6,5,5,1,0,0
2025-08-18,Paid Social,instagram,paid_social,Creator Offers,tablet,P011,9,7,7,2,1,1
2025-08-18,Paid Social,instagram,paid_social,Creator Offers,tablet,P012,5,4,4,1,0,0
2025-08-18,Affiliates,partners,affiliate,Partner Network,mobile,P001,13,12,9,2,2,1
2025-08-18,Affiliates,partners,affiliate,Partner Network,mobile,P002,19,17,13,3,2,1
2025-08-18,Affiliates,partners,affiliate,Partner Network,mobile,P003,12,10,8,2,1,1
2025-08-18,Affiliates,partners,affiliate,Partner Network,mobile,P004,18,16,12,3,2,1
2025-08-18,Affiliates,partners,affiliate,Partner Network,mobile,P005,11,9,7,2,1,1
2025-08-18,Affiliates,partners,affiliate,Partner Network,mobile,P006,17,15,11,3,2,1
2025-08-18,Affiliates,partners,affiliate,Partner Network,mobile,P007,10,8,6,2,1,1
2025-08-18,Affiliates,partners,affiliate,Partner Network,mobile,P008,16,14,10,3,2,1
2025-08-18,Affiliates,partners,affiliate,Partner Network,mobile,P009,8,7,6,2,1,1
2025-08-18,Affiliates,partners,affiliate,Partner Network,mobile,P010,15,13,9,3,2,1
2025-08-18,Affiliates,partners,affiliate,Partner Network,mobile,P011,21,18,13,4,3,2
2025-08-18,Affiliates,partners,affiliate,Partner Network,mobile,P012,13,12,9,2,2,1
2025-08-19,Direct,direct,none,Unassigned,tablet,P001,19,16,14,3,2,1
2025-08-19,Direct,direct,none,Unassigned,tablet,P002,13,11,9,2,1,1
2025-08-19,Direct,direct,none,Unassigned,tablet,P003,18,15,14,3,2,1
2025-08-19,Direct,direct,none,Unassigned,tablet,P004,11,10,8,2,1,1
2025-08-19,Direct,direct,none,Unassigned,tablet,P005,17,14,13,3,2,1
2025-08-19,Direct,direct,none,Unassigned,tablet,P006,10,9,8,2,1,1
2025-08-19,Direct,direct,none,Unassigned,tablet,P007,16,14,12,3,2,1
2025-08-19,Direct,direct,none,Unassigned,tablet,P008,9,8,7,2,1,1
2025-08-19,Direct,direct,none,Unassigned,tablet,P009,15,13,11,3,2,1
2025-08-19,Direct,direct,none,Unassigned,tablet,P010,8,7,6,1,1,1
2025-08-19,Direct,direct,none,Unassigned,tablet,P011,14,12,10,2,2,1
2025-08-19,Direct,direct,none,Unassigned,tablet,P012,19,16,14,3,2,1
2025-08-19,Email,newsletter,email,Lifecycle,mobile,P001,9,7,7,2,1,1
2025-08-19,Email,newsletter,email,Lifecycle,mobile,P002,14,10,10,3,2,1
2025-08-19,Email,newsletter,email,Lifecycle,mobile,P003,8,6,6,2,1,1
2025-08-19,Email,newsletter,email,Lifecycle,mobile,P004,13,9,9,3,2,1
2025-08-19,Email,newsletter,email,Lifecycle,mobile,P005,7,5,5,1,1,1
2025-08-19,Email,newsletter,email,Lifecycle,mobile,P006,12,9,9,2,2,1
2025-08-19,Email,newsletter,email,Lifecycle,mobile,P007,18,12,12,4,2,1
2025-08-19,Email,newsletter,email,Lifecycle,mobile,P008,11,8,8,2,2,1
2025-08-19,Email,newsletter,email,Lifecycle,mobile,P009,17,12,12,3,2,1
2025-08-19,Email,newsletter,email,Lifecycle,mobile,P010,10,7,7,2,1,1
2025-08-19,Email,newsletter,email,Lifecycle,mobile,P011,15,11,11,3,2,1
2025-08-19,Email,newsletter,email,Lifecycle,mobile,P012,9,6,6,2,1,1
2025-08-19,Organic Search,google,organic,Always-on SEO,desktop,P001,8,6,5,1,1,0
2025-08-19,Organic Search,google,organic,Always-on SEO,desktop,P002,12,8,7,2,1,1
2025-08-19,Organic Search,google,organic,Always-on SEO,desktop,P003,7,5,5,1,0,0
2025-08-19,Organic Search,google,organic,Always-on SEO,desktop,P004,11,8,7,2,1,1
2025-08-19,Organic Search,google,organic,Always-on SEO,desktop,P005,7,5,4,1,0,0
2025-08-19,Organic Search,google,organic,Always-on SEO,desktop,P006,10,7,7,1,1,1
2025-08-19,Organic Search,google,organic,Always-on SEO,desktop,P007,6,5,4,1,0,0
2025-08-19,Organic Search,google,organic,Always-on SEO,desktop,P008,10,7,6,1,1,1
2025-08-19,Organic Search,google,organic,Always-on SEO,desktop,P009,5,4,4,1,0,0
2025-08-19,Organic Search,google,organic,Always-on SEO,desktop,P010,9,6,6,1,1,1
2025-08-19,Organic Search,google,organic,Always-on SEO,desktop,P011,5,4,3,1,0,0
2025-08-19,Organic Search,google,organic,Always-on SEO,desktop,P012,8,6,5,1,1,0
2025-08-20,Paid Social,instagram,paid_social,Creator Offers,mobile,P001,9,7,7,2,1,1
2025-08-20,Paid Social,instagram,paid_social,Creator Offers,mobile,P002,15,12,12,3,2,1
2025-08-20,Paid Social,instagram,paid_social,Creator Offers,mobile,P003,22,17,17,5,3,2
2025-08-20,Paid Social,instagram,paid_social,Creator Offers,mobile,P004,14,11,11,3,2,1
2025-08-20,Paid Social,instagram,paid_social,Creator Offers,mobile,P005,20,16,16,5,2,2
2025-08-20,Paid Social,instagram,paid_social,Creator Offers,mobile,P006,13,10,10,3,2,1
2025-08-20,Paid Social,instagram,paid_social,Creator Offers,mobile,P007,19,15,15,4,2,2
2025-08-20,Paid Social,instagram,paid_social,Creator Offers,mobile,P008,11,9,9,3,1,1
2025-08-20,Paid Social,instagram,paid_social,Creator Offers,mobile,P009,18,14,14,4,2,1
2025-08-20,Paid Social,instagram,paid_social,Creator Offers,mobile,P010,10,8,8,2,1,1
2025-08-20,Paid Social,instagram,paid_social,Creator Offers,mobile,P011,17,13,13,4,2,1
2025-08-20,Paid Social,instagram,paid_social,Creator Offers,mobile,P012,9,7,7,2,1,1
2025-08-20,Affiliates,partners,affiliate,Partner Network,desktop,P001,12,10,9,2,1,1
2025-08-20,Affiliates,partners,affiliate,Partner Network,desktop,P002,18,14,13,3,2,1
2025-08-20,Affiliates,partners,affiliate,Partner Network,desktop,P003,11,9,8,2,1,1
2025-08-20,Affiliates,partners,affiliate,Partner Network,desktop,P004,17,13,12,3,2,1
2025-08-20,Affiliates,partners,affiliate,Partner Network,desktop,P005,10,8,7,2,1,1
2025-08-20,Affiliates,partners,affiliate,Partner Network,desktop,P006,16,12,12,3,2,1
2025-08-20,Affiliates,partners,affiliate,Partner Network,desktop,P007,9,7,6,2,1,0
2025-08-20,Affiliates,partners,affiliate,Partner Network,desktop,P008,15,11,11,3,1,1
2025-08-20,Affiliates,partners,affiliate,Partner Network,desktop,P009,21,16,15,4,2,1
2025-08-20,Affiliates,partners,affiliate,Partner Network,desktop,P010,14,11,10,2,1,1
2025-08-20,Affiliates,partners,affiliate,Partner Network,desktop,P011,20,15,14,4,2,1
2025-08-20,Affiliates,partners,affiliate,Partner Network,desktop,P012,12,10,9,2,1,1
2025-08-20,Paid Search,google,cpc,KSA Growth,tablet,P001,13,10,9,2,1,1
2025-08-20,Paid Search,google,cpc,KSA Growth,tablet,P002,7,5,5,1,1,0
2025-08-20,Paid Search,google,cpc,KSA Growth,tablet,P003,12,9,8,2,1,1
2025-08-20,Paid Search,google,cpc,KSA Growth,tablet,P004,16,13,11,3,2,1
2025-08-20,Paid Search,google,cpc,KSA Growth,tablet,P005,11,8,7,2,1,1
2025-08-20,Paid Search,google,cpc,KSA Growth,tablet,P006,15,12,10,3,2,1
2025-08-20,Paid Search,google,cpc,KSA Growth,tablet,P007,10,7,7,2,1,1
2025-08-20,Paid Search,google,cpc,KSA Growth,tablet,P008,14,11,10,2,2,1
2025-08-20,Paid Search,google,cpc,KSA Growth,tablet,P009,9,7,6,1,1,1
2025-08-20,Paid Search,google,cpc,KSA Growth,tablet,P010,13,10,9,2,1,1
2025-08-20,Paid Search,google,cpc,KSA Growth,tablet,P011,8,6,5,1,1,0
2025-08-20,Paid Search,google,cpc,KSA Growth,tablet,P012,12,10,8,2,1,1
2025-08-21,Email,newsletter,email,Lifecycle,desktop,P001,5,4,4,1,0,0
2025-08-21,Email,newsletter,email,Lifecycle,desktop,P002,9,7,6,1,1,1
2025-08-21,Email,newsletter,email,Lifecycle,desktop,P003,5,4,3,1,0,0
2025-08-21,Email,newsletter,email,Lifecycle,desktop,P004,8,7,6,1,1,0
2025-08-21,Email,newsletter,email,Lifecycle,desktop,P005,11,9,8,1,1,1
2025-08-21,Email,newsletter,email,Lifecycle,desktop,P006,7,6,5,1,1,0
2025-08-21,Email,newsletter,email,Lifecycle,desktop,P007,11,9,7,1,1,1
2025-08-21,Email,newsletter,email,Lifecycle,desktop,P008,7,5,5,1,0,0
2025-08-21,Email,newsletter,email,Lifecycle,desktop,P009,10,8,7,1,1,1
2025-08-21,Email,newsletter,email,Lifecycle,desktop,P010,6,5,4,1,0,0
2025-08-21,Email,newsletter,email,Lifecycle,desktop,P011,9,8,7,1,1,1
2025-08-21,Email,newsletter,email,Lifecycle,desktop,P012,5,4,4,1,0,0
2025-08-21,Organic Search,google,organic,Always-on SEO,tablet,P001,12,11,9,2,1,1
2025-08-21,Organic Search,google,organic,Always-on SEO,tablet,P002,17,15,14,3,1,1
2025-08-21,Organic Search,google,organic,Always-on SEO,tablet,P003,10,10,8,2,1,1
2025-08-21,Organic Search,google,organic,Always-on SEO,tablet,P004,16,14,13,3,1,1
2025-08-21,Organic Search,google,organic,Always-on SEO,tablet,P005,9,9,8,1,1,0
2025-08-21,Organic Search,google,organic,Always-on SEO,tablet,P006,15,13,12,2,1,1
2025-08-21,Organic Search,google,organic,Always-on SEO,tablet,P007,8,8,7,1,1,0
2025-08-21,Organic Search,google,organic,Always-on SEO,tablet,P008,14,12,11,2,1,1
2025-08-21,Organic Search,google,organic,Always-on SEO,tablet,P009,7,7,6,1,1,0
2025-08-21,Organic Search,google,organic,Always-on SEO,tablet,P010,13,11,10,2,1,1
2025-08-21,Organic Search,google,organic,Always-on SEO,tablet,P011,18,16,14,3,1,1
2025-08-21,Organic Search,google,organic,Always-on SEO,tablet,P012,12,11,9,2,1,1
2025-08-21,Direct,direct,none,Unassigned,mobile,P001,19,15,14,4,3,2
2025-08-21,Direct,direct,none,Unassigned,mobile,P002,11,9,8,2,2,1
2025-08-21,Direct,direct,none,Unassigned,mobile,P003,18,14,13,4,3,1
2025-08-21,Direct,direct,none,Unassigned,mobile,P004,10,8,7,2,1,1
2025-08-21,Direct,direct,none,Unassigned,mobile,P005,16,13,12,4,2,1
2025-08-21,Direct,direct,none,Unassigned,mobile,P006,23,19,18,5,4,2
2025-08-21,Direct,direct,none,Unassigned,mobile,P007,15,12,11,3,2,1
2025-08-21,Direct,direct,none,Unassigned,mobile,P008,22,17,17,5,3,2
2025-08-21,Direct,direct,none,Unassigned,mobile,P009,14,11,10,3,2,1
2025-08-21,Direct,direct,none,Unassigned,mobile,P010,20,16,15,4,3,2
2025-08-21,Direct,direct,none,Unassigned,mobile,P011,12,10,9,3,2,1
2025-08-21,Direct,direct,none,Unassigned,mobile,P012,19,15,14,4,3,2
2025-08-22,Affiliates,partners,affiliate,Partner Network,tablet,P001,7,6,6,1,1,1
2025-08-22,Affiliates,partners,affiliate,Partner Network,tablet,P002,11,9,9,2,1,1
2025-08-22,Affiliates,partners,affiliate,Partner Network,tablet,P003,6,5,5,1,1,0
2025-08-22,Affiliates,partners,affiliate,Partner Network,tablet,P004,10,8,8,2,1,1
2025-08-22,Affiliates,partners,affiliate,Partner Network,tablet,P005,6,4,4,1,1,0
2025-08-22,Affiliates,partners,affiliate,Partner Network,tablet,P006,10,7,7,2,1,1
2025-08-22,Affiliates,partners,affiliate,Partner Network,tablet,P007,14,10,10,3,1,1
2025-08-22,Affiliates,partners,affiliate,Partner Network,tablet,P008,9,7,7,2,1,1
2025-08-22,Affiliates,partners,affiliate,Partner Network,tablet,P009,13,10,10,2,1,1
2025-08-22,Affiliates,partners,affiliate,Partner Network,tablet,P010,8,6,6,2,1,1
2025-08-22,Affiliates,partners,affiliate,Partner Network,tablet,P011,12,9,9,2,1,1
2025-08-22,Affiliates,partners,affiliate,Partner Network,tablet,P012,7,5,6,1,1,1
2025-08-22,Paid Search,google,cpc,KSA Growth,mobile,P001,17,13,11,2,1,1
2025-08-22,Paid Search,google,cpc,KSA Growth,mobile,P002,25,18,16,3,2,1
2025-08-22,Paid Search,google,cpc,KSA Growth,mobile,P003,16,12,10,2,1,1
2025-08-22,Paid Search,google,cpc,KSA Growth,mobile,P004,23,17,15,3,2,1
2025-08-22,Paid Search,google,cpc,KSA Growth,mobile,P005,15,11,10,2,1,1
2025-08-22,Paid Search,google,cpc,KSA Growth,mobile,P006,22,16,14,3,2,1
2025-08-22,Paid Search,google,cpc,KSA Growth,mobile,P007,13,10,9,2,1,1
2025-08-22,Paid Search,google,cpc,KSA Growth,mobile,P008,20,15,13,3,1,1
2025-08-22,Paid Search,google,cpc,KSA Growth,mobile,P009,12,9,8,2,1,0
2025-08-22,Paid Search,google,cpc,KSA Growth,mobile,P010,19,14,12,3,1,1
2025-08-22,Paid Search,google,cpc,KSA Growth,mobile,P011,10,8,7,1,1,0
2025-08-22,Paid Search,google,cpc,KSA Growth,mobile,P012,17,13,11,2,1,1
2025-08-22,Paid Social,instagram,paid_social,Creator Offers,desktop,P001,11,9,8,2,1,1
2025-08-22,Paid Social,instagram,paid_social,Creator Offers,desktop,P002,7,5,4,1,0,0
2025-08-22,Paid Social,instagram,paid_social,Creator Offers,desktop,P003,11,8,7,1,1,1
2025-08-22,Paid Social,instagram,paid_social,Creator Offers,desktop,P004,6,5,4,1,0,0
2025-08-22,Paid Social,instagram,paid_social,Creator Offers,desktop,P005,10,7,7,1,1,0
2025-08-22,Paid Social,instagram,paid_social,Creator Offers,desktop,P006,5,4,3,1,0,0
2025-08-22,Paid Social,instagram,paid_social,Creator Offers,desktop,P007,9,7,6,1,1,0
2025-08-22,Paid Social,instagram,paid_social,Creator Offers,desktop,P008,13,10,9,2,1,1
2025-08-22,Paid Social,instagram,paid_social,Creator Offers,desktop,P009,8,6,5,1,1,0
2025-08-22,Paid Social,instagram,paid_social,Creator Offers,desktop,P010,12,9,8,2,1,1
2025-08-22,Paid Social,instagram,paid_social,Creator Offers,desktop,P011,8,6,5,1,0,0
2025-08-22,Paid Social,instagram,paid_social,Creator Offers,desktop,P012,11,9,8,2,1,1
2025-08-23,Organic Search,google,organic,Always-on SEO,mobile,P001,9,7,7,2,1,0
2025-08-23,Organic Search,google,organic,Always-on SEO,mobile,P002,14,10,11,2,1,1
2025-08-23,Organic Search,google,organic,Always-on SEO,mobile,P003,9,6,7,1,1,0
2025-08-23,Organic Search,google,organic,Always-on SEO,mobile,P004,13,10,10,2,1,1
2025-08-23,Organic Search,google,organic,Always-on SEO,mobile,P005,8,5,6,1,1,0
2025-08-23,Organic Search,google,organic,Always-on SEO,mobile,P006,12,9,10,2,1,1
2025-08-23,Organic Search,google,organic,Always-on SEO,mobile,P007,7,5,5,1,0,0
2025-08-23,Organic Search,google,organic,Always-on SEO,mobile,P008,11,8,9,2,1,1
2025-08-23,Organic Search,google,organic,Always-on SEO,mobile,P009,16,12,12,2,1,1
2025-08-23,Organic Search,google,organic,Always-on SEO,mobile,P010,10,8,8,2,1,1
2025-08-23,Organic Search,google,organic,Always-on SEO,mobile,P011,15,11,12,2,1,1
2025-08-23,Organic Search,google,organic,Always-on SEO,mobile,P012,9,7,7,1,1,0
2025-08-23,Direct,direct,none,Unassigned,desktop,P001,8,6,5,1,1,1
2025-08-23,Direct,direct,none,Unassigned,desktop,P002,4,3,3,1,0,0
2025-08-23,Direct,direct,none,Unassigned,desktop,P003,7,5,5,1,1,0
2025-08-23,Direct,direct,none,Unassigned,desktop,P004,10,8,7,2,1,1
2025-08-23,Direct,direct,none,Unassigned,desktop,P005,6,5,5,1,1,0
2025-08-23,Direct,direct,none,Unassigned,desktop,P006,9,7,7,2,1,1
2025-08-23,Direct,direct,none,Unassigned,desktop,P007,6,4,4,1,0,0
2025-08-23,Direct,direct,none,Unassigned,desktop,P008,9,7,6,2,1,1
2025-08-23,Direct,direct,none,Unassigned,desktop,P009,5,4,4,1,0,0
2025-08-23,Direct,direct,none,Unassigned,desktop,P010,8,6,6,2,1,1
2025-08-23,Direct,direct,none,Unassigned,desktop,P011,5,4,3,1,0,0
2025-08-23,Direct,direct,none,Unassigned,desktop,P012,7,6,5,1,1,0
2025-08-23,Email,newsletter,email,Lifecycle,tablet,P001,11,9,8,2,1,1
2025-08-23,Email,newsletter,email,Lifecycle,tablet,P002,7,6,5,1,0,0
2025-08-23,Email,newsletter,email,Lifecycle,tablet,P003,10,9,7,1,1,1
2025-08-23,Email,newsletter,email,Lifecycle,tablet,P004,6,5,4,1,0,0
2025-08-23,Email,newsletter,email,Lifecycle,tablet,P005,9,8,7,1,1,1
2025-08-23,Email,newsletter,email,Lifecycle,tablet,P006,5,5,4,1,0,0
2025-08-23,Email,newsletter,email,Lifecycle,tablet,P007,9,7,6,1,1,1
2025-08-23,Email,newsletter,email,Lifecycle,tablet,P008,5,4,3,1,0,0
2025-08-23,Email,newsletter,email,Lifecycle,tablet,P009,8,7,6,1,1,0
2025-08-23,Email,newsletter,email,Lifecycle,tablet,P010,11,10,8,2,1,1
2025-08-23,Email,newsletter,email,Lifecycle,tablet,P011,7,6,5,1,1,0
2025-08-23,Email,newsletter,email,Lifecycle,tablet,P012,10,9,7,1,1,1
2025-08-24,Paid Search,google,cpc,KSA Growth,desktop,P001,13,11,9,2,1,1
2025-08-24,Paid Search,google,cpc,KSA Growth,desktop,P002,19,17,12,3,1,1
2025-08-24,Paid Search,google,cpc,KSA Growth,desktop,P003,12,10,8,2,1,1
2025-08-24,Paid Search,google,cpc,KSA Growth,desktop,P004,18,15,12,3,1,1
2025-08-24,Paid Search,google,cpc,KSA Growth,desktop,P005,11,9,7,1,1,0
2025-08-24,Paid Search,google,cpc,KSA Growth,desktop,P006,17,14,11,2,1,1
2025-08-24,Paid Search,google,cpc,KSA Growth,desktop,P007,9,8,6,1,1,0
2025-08-24,Paid Search,google,cpc,KSA Growth,desktop,P008,15,13,10,2,1,1
2025-08-24,Paid Search,google,cpc,KSA Growth,desktop,P009,8,7,5,1,1,0
2025-08-24,Paid Search,google,cpc,KSA Growth,desktop,P010,14,12,9,2,1,1
2025-08-24,Paid Search,google,cpc,KSA Growth,desktop,P011,20,18,13,3,2,1
2025-08-24,Paid Search,google,cpc,KSA Growth,desktop,P012,13,11,9,2,1,1
2025-08-24,Paid Social,instagram,paid_social,Creator Offers,tablet,P001,9,7,7,2,1,1
2025-08-24,Paid Social,instagram,paid_social,Creator Offers,tablet,P002,5,4,4,1,0,0
2025-08-24,Paid Social,instagram,paid_social,Creator Offers,tablet,P003,9,7,7,1,1,0
2025-08-24,Paid Social,instagram,paid_social,Creator Offers,tablet,P004,5,4,4,1,0,0
2025-08-24,Paid Social,instagram,paid_social,Creator Offers,tablet,P005,8,6,6,1,1,0
2025-08-24,Paid Social,instagram,paid_social,Creator Offers,tablet,P006,12,9,9,2,1,1
2025-08-24,Paid Social,instagram,paid_social,Creator Offers,tablet,P007,7,6,5,1,1,0
2025-08-24,Paid Social,instagram,paid_social,Creator Offers,tablet,P008,11,9,8,2,1,1
2025-08-24,Paid Social,instagram,paid_social,Creator Offers,tablet,P009,7,5,5,1,0,0
2025-08-24,Paid Social,instagram,paid_social,Creator Offers,tablet,P010,10,8,7,2,1,1
2025-08-24,Paid Social,instagram,paid_social,Creator Offers,tablet,P011,6,5,4,1,0,0
2025-08-24,Paid Social,instagram,paid_social,Creator Offers,tablet,P012,9,7,7,1,1,1
2025-08-24,Affiliates,partners,affiliate,Partner Network,mobile,P001,12,10,8,2,1,1
2025-08-24,Affiliates,partners,affiliate,Partner Network,mobile,P002,7,7,5,1,1,0
2025-08-24,Affiliates,partners,affiliate,Partner Network,mobile,P003,11,10,7,2,1,1
2025-08-24,Affiliates,partners,affiliate,Partner Network,mobile,P004,7,6,5,1,1,0
2025-08-24,Affiliates,partners,affiliate,Partner Network,mobile,P005,10,9,7,2,1,1
2025-08-24,Affiliates,partners,affiliate,Partner Network,mobile,P006,6,6,4,1,0,0
2025-08-24,Affiliates,partners,affiliate,Partner Network,mobile,P007,9,9,7,2,1,1
2025-08-24,Affiliates,partners,affiliate,Partner Network,mobile,P008,5,5,4,1,0,0
2025-08-24,Affiliates,partners,affiliate,Partner Network,mobile,P009,9,8,6,2,1,1
2025-08-24,Affiliates,partners,affiliate,Partner Network,mobile,P010,5,4,3,1,0,0
2025-08-24,Affiliates,partners,affiliate,Partner Network,mobile,P011,8,7,6,2,1,0
2025-08-24,Affiliates,partners,affiliate,Partner Network,mobile,P012,12,10,8,2,1,1
2025-08-25,Direct,direct,none,Unassigned,tablet,P001,11,8,7,1,1,1
2025-08-25,Direct,direct,none,Unassigned,tablet,P002,16,12,11,2,1,1
2025-08-25,Direct,direct,none,Unassigned,tablet,P003,10,8,7,1,1,1
2025-08-25,Direct,direct,none,Unassigned,tablet,P004,15,11,10,2,1,1
2025-08-25,Direct,direct,none,Unassigned,tablet,P005,9,7,6,1,1,0
2025-08-25,Direct,direct,none,Unassigned,tablet,P006,14,10,9,2,1,1
2025-08-25,Direct,direct,none,Unassigned,tablet,P007,9,6,6,1,1,0
2025-08-25,Direct,direct,none,Unassigned,tablet,P008,13,10,9,2,1,1
2025-08-25,Direct,direct,none,Unassigned,tablet,P009,8,6,5,1,1,0
2025-08-25,Direct,direct,none,Unassigned,tablet,P010,12,9,8,1,1,1
2025-08-25,Direct,direct,none,Unassigned,tablet,P011,7,5,4,1,0,0
2025-08-25,Direct,direct,none,Unassigned,tablet,P012,11,8,7,1,1,1
2025-08-25,Email,newsletter,email,Lifecycle,mobile,P001,13,12,9,2,1,1
2025-08-25,Email,newsletter,email,Lifecycle,mobile,P002,8,7,6,1,0,0
2025-08-25,Email,newsletter,email,Lifecycle,mobile,P003,12,11,9,2,1,1
2025-08-25,Email,newsletter,email,Lifecycle,mobile,P004,7,6,5,1,0,0
2025-08-25,Email,newsletter,email,Lifecycle,mobile,P005,11,10,8,1,1,1
2025-08-25,Email,newsletter,email,Lifecycle,mobile,P006,6,5,4,1,0,0
2025-08-25,Email,newsletter,email,Lifecycle,mobile,P007,11,9,7,1,1,0
2025-08-25,Email,newsletter,email,Lifecycle,mobile,P008,15,13,11,2,1,1
2025-08-25,Email,newsletter,email,Lifecycle,mobile,P009,10,8,7,1,1,0
2025-08-25,Email,newsletter,email,Lifecycle,mobile,P010,14,12,10,2,1,1
2025-08-25,Email,newsletter,email,Lifecycle,mobile,P011,9,8,6,1,1,0
2025-08-25,Email,newsletter,email,Lifecycle,mobile,P012,13,12,9,2,1,1
2025-08-25,Organic Search,google,organic,Always-on SEO,desktop,P001,6,5,4,1,1,0
2025-08-25,Organic Search,google,organic,Always-on SEO,desktop,P002,10,8,8,2,1,1
2025-08-25,Organic Search,google,organic,Always-on SEO,desktop,P003,14,12,11,3,2,1
2025-08-25,Organic Search,google,organic,Always-on SEO,desktop,P004,9,8,7,2,1,1
2025-08-25,Organic Search,google,organic,Always-on SEO,desktop,P005,13,11,10,2,1,1
2025-08-25,Organic Search,google,organic,Always-on SEO,desktop,P006,8,7,6,1,1,1
2025-08-25,Organic Search,google,organic,Always-on SEO,desktop,P007,12,11,9,2,1,1
2025-08-25,Organic Search,google,organic,Always-on SEO,desktop,P008,7,6,6,1,1,1
2025-08-25,Organic Search,google,organic,Always-on SEO,desktop,P009,11,10,9,2,1,1
2025-08-25,Organic Search,google,organic,Always-on SEO,desktop,P010,6,6,5,1,1,0
2025-08-25,Organic Search,google,organic,Always-on SEO,desktop,P011,10,9,8,2,1,1
2025-08-25,Organic Search,google,organic,Always-on SEO,desktop,P012,6,5,4,1,1,0
2025-08-26,Paid Social,instagram,paid_social,Creator Offers,mobile,P001,8,6,5,1,1,1
2025-08-26,Paid Social,instagram,paid_social,Creator Offers,mobile,P002,4,4,3,1,0,0
2025-08-26,Paid Social,instagram,paid_social,Creator Offers,mobile,P003,7,6,5,1,0,0
2025-08-26,Paid Social,instagram,paid_social,Creator Offers,mobile,P004,10,8,7,1,1,1
2025-08-26,Paid Social,instagram,paid_social,Creator Offers,mobile,P005,6,6,4,1,0,0
2025-08-26,Paid Social,instagram,paid_social,Creator Offers,mobile,P006,9,8,6,1,1,1
2025-08-26,Paid Social,instagram,paid_social,Creator Offers,mobile,P007,6,5,4,1,0,0
2025-08-26,Paid Social,instagram,paid_social,Creator Offers,mobile,P008,9,7,6,1,1,1
2025-08-26,Paid Social,instagram,paid_social,Creator Offers,mobile,P009,5,5,3,1,0,0
2025-08-26,Paid Social,instagram,paid_social,Creator Offers,mobile,P010,8,7,5,1,1,1
2025-08-26,Paid Social,instagram,paid_social,Creator Offers,mobile,P011,5,4,3,1,0,0
2025-08-26,Paid Social,instagram,paid_social,Creator Offers,mobile,P012,7,6,5,1,1,0
2025-08-26,Affiliates,partners,affiliate,Partner Network,desktop,P001,10,9,7,2,1,1
2025-08-26,Affiliates,partners,affiliate,Partner Network,desktop,P002,7,6,4,1,1,0
2025-08-26,Affiliates,partners,affiliate,Partner Network,desktop,P003,10,9,7,2,1,1
2025-08-26,Affiliates,partners,affiliate,Partner Network,desktop,P004,6,5,4,1,0,0
2025-08-26,Affiliates,partners,affiliate,Partner Network,desktop,P005,9,8,6,2,1,1
2025-08-26,Affiliates,partners,affiliate,Partner Network,desktop,P006,5,5,3,1,0,0
2025-08-26,Affiliates,partners,affiliate,Partner Network,desktop,P007,9,8,6,2,1,1
2025-08-26,Affiliates,partners,affiliate,Partner Network,desktop,P008,5,4,3,1,0,0
2025-08-26,Affiliates,partners,affiliate,Partner Network,desktop,P009,8,7,5,1,1,0
2025-08-26,Affiliates,partners,affiliate,Partner Network,desktop,P010,11,10,7,2,1,1
2025-08-26,Affiliates,partners,affiliate,Partner Network,desktop,P011,7,6,5,1,1,0
2025-08-26,Affiliates,partners,affiliate,Partner Network,desktop,P012,10,9,7,2,1,1
2025-08-26,Paid Search,google,cpc,KSA Growth,tablet,P001,10,8,8,2,1,1
2025-08-26,Paid Search,google,cpc,KSA Growth,tablet,P002,16,12,12,4,2,1
2025-08-26,Paid Search,google,cpc,KSA Growth,tablet,P003,8,7,7,2,1,1
2025-08-26,Paid Search,google,cpc,KSA Growth,tablet,P004,14,11,11,3,2,1
2025-08-26,Paid Search,google,cpc,KSA Growth,tablet,P005,21,16,16,5,3,2
2025-08-26,Paid Search,google,cpc,KSA Growth,tablet,P006,13,10,10,3,2,1
2025-08-26,Paid Search,google,cpc,KSA Growth,tablet,P007,19,15,15,4,3,2
2025-08-26,Paid Search,google,cpc,KSA Growth,tablet,P008,12,10,10,3,2,1
2025-08-26,Paid Search,google,cpc,KSA Growth,tablet,P009,18,14,14,4,2,1
2025-08-26,Paid Search,google,cpc,KSA Growth,tablet,P010,11,9,9,3,1,1
2025-08-26,Paid Search,google,cpc,KSA Growth,tablet,P011,17,13,13,4,2,1
2025-08-26,Paid Search,google,cpc,KSA Growth,tablet,P012,10,8,8,2,1,1
2025-08-27,Email,newsletter,email,Lifecycle,desktop,P001,10,8,7,1,1,1
2025-08-27,Email,newsletter,email,Lifecycle,desktop,P002,6,4,4,1,0,0
2025-08-27,Email,newsletter,email,Lifecycle,desktop,P003,9,7,7,1,1,0
2025-08-27,Email,newsletter,email,Lifecycle,desktop,P004,5,4,3,1,0,0
2025-08-27,Email,newsletter,email,Lifecycle,desktop,P005,8,7,6,1,1,0
2025-08-27,Email,newsletter,email,Lifecycle,desktop,P006,12,9,9,2,1,1
2025-08-27,Email,newsletter,email,Lifecycle,desktop,P007,8,6,6,1,1,0
2025-08-27,Email,newsletter,email,Lifecycle,desktop,P008,11,9,8,2,1,1
2025-08-27,Email,newsletter,email,Lifecycle,desktop,P009,7,5,5,1,0,0
2025-08-27,Email,newsletter,email,Lifecycle,desktop,P010,10,8,8,2,1,1
2025-08-27,Email,newsletter,email,Lifecycle,desktop,P011,6,5,5,1,0,0
2025-08-27,Email,newsletter,email,Lifecycle,desktop,P012,10,8,7,1,1,1
2025-08-27,Organic Search,google,organic,Always-on SEO,tablet,P001,20,16,13,3,2,1
2025-08-27,Organic Search,google,organic,Always-on SEO,tablet,P002,13,10,9,2,1,1
2025-08-27,Organic Search,google,organic,Always-on SEO,tablet,P003,19,15,13,3,2,1
2025-08-27,Organic Search,google,organic,Always-on SEO,tablet,P004,12,9,8,2,1,1
2025-08-27,Organic Search,google,organic,Always-on SEO,tablet,P005,17,14,12,3,1,1
2025-08-27,Organic Search,google,organic,Always-on SEO,tablet,P006,10,8,7,2,1,1
2025-08-27,Organic Search,google,organic,Always-on SEO,tablet,P007,16,13,11,3,1,1
2025-08-27,Organic Search,google,organic,Always-on SEO,tablet,P008,9,7,6,1,1,0
2025-08-27,Organic Search,google,organic,Always-on SEO,tablet,P009,15,12,10,2,1,1
2025-08-27,Organic Search,google,organic,Always-on SEO,tablet,P010,8,6,5,1,1,0
2025-08-27,Organic Search,google,organic,Always-on SEO,tablet,P011,14,11,9,2,1,1
2025-08-27,Organic Search,google,organic,Always-on SEO,tablet,P012,20,15,13,3,2,1
2025-08-27,Direct,direct,none,Unassigned,mobile,P001,6,5,4,1,0,0
2025-08-27,Direct,direct,none,Unassigned,mobile,P002,10,7,7,1,1,1
2025-08-27,Direct,direct,none,Unassigned,mobile,P003,5,4,4,1,0,0
2025-08-27,Direct,direct,none,Unassigned,mobile,P004,9,6,6,1,1,0
2025-08-27,Direct,direct,none,Unassigned,mobile,P005,5,4,3,1,0,0
2025-08-27,Direct,direct,none,Unassigned,mobile,P006,8,6,6,1,1,0
2025-08-27,Direct,direct,none,Unassigned,mobile,P007,12,8,8,2,1,1
2025-08-27,Direct,direct,none,Unassigned,mobile,P008,7,5,5,1,1,0
2025-08-27,Direct,direct,none,Unassigned,mobile,P009,11,8,7,2,1,1
2025-08-27,Direct,direct,none,Unassigned,mobile,P010,7,5,5,1,0,0
2025-08-27,Direct,direct,none,Unassigned,mobile,P011,10,7,7,1,1,1
2025-08-27,Direct,direct,none,Unassigned,mobile,P012,6,5,4,1,0,0
2025-08-28,Affiliates,partners,affiliate,Partner Network,tablet,P001,17,14,12,3,2,1
2025-08-28,Affiliates,partners,affiliate,Partner Network,tablet,P002,10,8,7,2,1,0
2025-08-28,Affiliates,partners,affiliate,Partner Network,tablet,P003,16,13,11,3,1,1
2025-08-28,Affiliates,partners,affiliate,Partner Network,tablet,P004,9,7,6,2,1,0
2025-08-28,Affiliates,partners,affiliate,Partner Network,tablet,P005,15,12,10,2,1,1
2025-08-28,Affiliates,partners,affiliate,Partner Network,tablet,P006,8,6,6,1,1,0
2025-08-28,Affiliates,partners,affiliate,Partner Network,tablet,P007,14,11,10,2,1,1
2025-08-28,Affiliates,partners,affiliate,Partner Network,tablet,P008,19,15,13,3,2,1
2025-08-28,Affiliates,partners,affiliate,Partner Network,tablet,P009,13,10,9,2,1,1
2025-08-28,Affiliates,partners,affiliate,Partner Network,tablet,P010,18,14,13,3,2,1
2025-08-28,Affiliates,partners,affiliate,Partner Network,tablet,P011,12,9,8,2,1,1
2025-08-28,Affiliates,partners,affiliate,Partner Network,tablet,P012,17,13,12,3,1,1
2025-08-28,Paid Search,google,cpc,KSA Growth,mobile,P001,7,6,6,1,1,0
2025-08-28,Paid Search,google,cpc,KSA Growth,mobile,P002,12,11,9,2,1,1
2025-08-28,Paid Search,google,cpc,KSA Growth,mobile,P003,18,16,13,4,2,1
2025-08-28,Paid Search,google,cpc,KSA Growth,mobile,P004,11,10,9,2,1,1
2025-08-28,Paid Search,google,cpc,KSA Growth,mobile,P005,17,15,13,3,2,1
2025-08-28,Paid Search,google,cpc,KSA Growth,mobile,P006,10,9,8,2,1,1
2025-08-28,Paid Search,google,cpc,KSA Growth,mobile,P007,15,14,12,3,2,1
2025-08-28,Paid Search,google,cpc,KSA Growth,mobile,P008,9,8,7,2,1,1
2025-08-28,Paid Search,google,cpc,KSA Growth,mobile,P009,14,13,11,3,1,1
2025-08-28,Paid Search,google,cpc,KSA Growth,mobile,P010,8,7,6,2,1,1
2025-08-28,Paid Search,google,cpc,KSA Growth,mobile,P011,13,12,10,3,1,1
2025-08-28,Paid Search,google,cpc,KSA Growth,mobile,P012,7,6,6,1,1,0
2025-08-28,Paid Social,instagram,paid_social,Creator Offers,desktop,P001,8,7,7,2,1,1
2025-08-28,Paid Social,instagram,paid_social,Creator Offers,desktop,P002,12,11,10,2,1,1
2025-08-28,Paid Social,instagram,paid_social,Creator Offers,desktop,P003,7,6,6,1,1,1
2025-08-28,Paid Social,instagram,paid_social,Creator Offers,desktop,P004,11,10,9,2,1,1
2025-08-28,Paid Social,instagram,paid_social,Creator Offers,desktop,P005,7,6,5,1,1,0
2025-08-28,Paid Social,instagram,paid_social,Creator Offers,desktop,P006,11,9,8,2,1,1
2025-08-28,Paid Social,instagram,paid_social,Creator Offers,desktop,P007,6,5,5,1,1,0
2025-08-28,Paid Social,instagram,paid_social,Creator Offers,desktop,P008,10,9,8,2,1,1
2025-08-28,Paid Social,instagram,paid_social,Creator Offers,desktop,P009,14,12,11,3,2,1
2025-08-28,Paid Social,instagram,paid_social,Creator Offers,desktop,P010,9,8,7,2,1,1
2025-08-28,Paid Social,instagram,paid_social,Creator Offers,desktop,P011,13,12,10,2,1,1
2025-08-28,Paid Social,instagram,paid_social,Creator Offers,desktop,P012,8,7,7,1,1,1
2025-08-29,Organic Search,google,organic,Always-on SEO,mobile,P001,11,9,7,2,1,1
2025-08-29,Organic Search,google,organic,Always-on SEO,mobile,P002,7,6,4,1,1,0
2025-08-29,Organic Search,google,organic,Always-on SEO,mobile,P003,11,9,7,2,1,1
2025-08-29,Organic Search,google,organic,Always-on SEO,mobile,P004,6,5,4,1,1,0
2025-08-29,Organic Search,google,organic,Always-on SEO,mobile,P005,10,8,6,2,1,1
2025-08-29,Organic Search,google,organic,Always-on SEO,mobile,P006,6,5,4,1,1,0
2025-08-29,Organic Search,google,organic,Always-on SEO,mobile,P007,9,8,6,2,1,1
2025-08-29,Organic Search,google,organic,Always-on SEO,mobile,P008,5,4,3,1,1,0
2025-08-29,Organic Search,google,organic,Always-on SEO,mobile,P009,9,7,5,2,1,1
2025-08-29,Organic Search,google,organic,Always-on SEO,mobile,P010,12,10,8,2,1,1
2025-08-29,Organic Search,google,organic,Always-on SEO,mobile,P011,8,6,5,1,1,1
2025-08-29,Organic Search,google,organic,Always-on SEO,mobile,P012,11,9,7,2,1,1
2025-08-29,Direct,direct,none,Unassigned,desktop,P001,11,8,8,2,1,1
2025-08-29,Direct,direct,none,Unassigned,desktop,P002,17,14,14,2,2,1
2025-08-29,Direct,direct,none,Unassigned,desktop,P003,9,7,7,1,1,1
2025-08-29,Direct,direct,none,Unassigned,desktop,P004,16,13,13,2,1,1
2025-08-29,Direct,direct,none,Unassigned,desktop,P005,22,18,18,3,2,1
2025-08-29,Direct,direct,none,Unassigned,desktop,P006,15,12,12,2,1,1
2025-08-29,Direct,direct,none,Unassigned,desktop,P007,21,17,17,3,2,1
2025-08-29,Direct,direct,none,Unassigned,desktop,P008,13,11,11,2,1,1
2025-08-29,Direct,direct,none,Unassigned,desktop,P009,20,16,16,3,2,1
2025-08-29,Direct,direct,none,Unassigned,desktop,P010,12,10,10,2,1,1
2025-08-29,Direct,direct,none,Unassigned,desktop,P011,19,15,15,3,2,1
2025-08-29,Direct,direct,none,Unassigned,desktop,P012,11,8,8,1,1,1
2025-08-29,Email,newsletter,email,Lifecycle,tablet,P001,13,10,8,2,1,1
2025-08-29,Email,newsletter,email,Lifecycle,tablet,P002,18,14,12,3,2,1
2025-08-29,Email,newsletter,email,Lifecycle,tablet,P003,11,9,7,2,1,1
2025-08-29,Email,newsletter,email,Lifecycle,tablet,P004,17,13,11,3,2,1
2025-08-29,Email,newsletter,email,Lifecycle,tablet,P005,10,8,7,2,1,1
2025-08-29,Email,newsletter,email,Lifecycle,tablet,P006,16,12,10,3,2,1
2025-08-29,Email,newsletter,email,Lifecycle,tablet,P007,9,7,6,2,1,1
2025-08-29,Email,newsletter,email,Lifecycle,tablet,P008,15,12,9,3,2,1
2025-08-29,Email,newsletter,email,Lifecycle,tablet,P009,8,6,5,1,1,1
2025-08-29,Email,newsletter,email,Lifecycle,tablet,P010,14,11,9,3,2,1
2025-08-29,Email,newsletter,email,Lifecycle,tablet,P011,20,15,12,4,2,1
2025-08-29,Email,newsletter,email,Lifecycle,tablet,P012,13,10,8,2,1,1
2025-08-30,Paid Search,google,cpc,KSA Growth,desktop,P001,18,14,14,4,2,2
2025-08-30,Paid Search,google,cpc,KSA Growth,desktop,P002,11,9,9,2,2,1
2025-08-30,Paid Search,google,cpc,KSA Growth,desktop,P003,17,13,13,3,2,2
2025-08-30,Paid Search,google,cpc,KSA Growth,desktop,P004,10,8,8,2,1,1
2025-08-30,Paid Search,google,cpc,KSA Growth,desktop,P005,15,12,12,3,2,1
2025-08-30,Paid Search,google,cpc,KSA Growth,desktop,P006,9,7,8,2,1,1
2025-08-30,Paid Search,google,cpc,KSA Growth,desktop,P007,14,11,12,3,2,1
2025-08-30,Paid Search,google,cpc,KSA Growth,desktop,P008,8,7,7,2,1,1
2025-08-30,Paid Search,google,cpc,KSA Growth,desktop,P009,13,11,11,3,2,1
2025-08-30,Paid Search,google,cpc,KSA Growth,desktop,P010,7,6,6,1,1,1
2025-08-30,Paid Search,google,cpc,KSA Growth,desktop,P011,12,10,10,2,2,1
2025-08-30,Paid Search,google,cpc,KSA Growth,desktop,P012,18,14,14,3,2,2
2025-08-30,Paid Social,instagram,paid_social,Creator Offers,tablet,P001,7,6,5,2,1,1
2025-08-30,Paid Social,instagram,paid_social,Creator Offers,tablet,P002,11,9,8,2,2,1
2025-08-30,Paid Social,instagram,paid_social,Creator Offers,tablet,P003,6,5,5,1,1,0
2025-08-30,Paid Social,instagram,paid_social,Creator Offers,tablet,P004,10,9,8,2,1,1
2025-08-30,Paid Social,instagram,paid_social,Creator Offers,tablet,P005,5,5,4,1,1,0
2025-08-30,Paid Social,instagram,paid_social,Creator Offers,tablet,P006,9,8,7,2,1,1
2025-08-30,Paid Social,instagram,paid_social,Creator Offers,tablet,P007,13,12,10,3,2,1
2025-08-30,Paid Social,instagram,paid_social,Creator Offers,tablet,P008,9,7,7,2,1,1
2025-08-30,Paid Social,instagram,paid_social,Creator Offers,tablet,P009,12,11,9,3,2,1
2025-08-30,Paid Social,instagram,paid_social,Creator Offers,tablet,P010,8,7,6,2,1,1
2025-08-30,Paid Social,instagram,paid_social,Creator Offers,tablet,P011,12,10,9,3,2,1
2025-08-30,Paid Social,instagram,paid_social,Creator Offers,tablet,P012,7,6,5,1,1,0
2025-08-30,Affiliates,partners,affiliate,Partner Network,mobile,P001,12,10,10,3,2,1
2025-08-30,Affiliates,partners,affiliate,Partner Network,mobile,P002,18,14,13,4,2,1
2025-08-30,Affiliates,partners,affiliate,Partner Network,mobile,P003,11,9,9,2,1,1
2025-08-30,Affiliates,partners,affiliate,Partner Network,mobile,P004,17,13,13,3,2,1
2025-08-30,Affiliates,partners,affiliate,Partner Network,mobile,P005,10,8,8,2,1,1
2025-08-30,Affiliates,partners,affiliate,Partner Network,mobile,P006,16,12,12,3,2,1
2025-08-30,Affiliates,partners,affiliate,Partner Network,mobile,P007,9,7,7,2,1,1
2025-08-30,Affiliates,partners,affiliate,Partner Network,mobile,P008,14,11,11,3,2,1
2025-08-30,Affiliates,partners,affiliate,Partner Network,mobile,P009,8,6,6,2,1,1
2025-08-30,Affiliates,partners,affiliate,Partner Network,mobile,P010,13,11,10,3,2,1
2025-08-30,Affiliates,partners,affiliate,Partner Network,mobile,P011,7,6,6,2,1,0
2025-08-30,Affiliates,partners,affiliate,Partner Network,mobile,P012,12,10,9,3,2,1
2025-08-31,Direct,direct,none,Unassigned,tablet,P001,7,5,5,1,1,1
2025-08-31,Direct,direct,none,Unassigned,tablet,P002,11,9,8,2,2,1
2025-08-31,Direct,direct,none,Unassigned,tablet,P003,16,13,12,3,2,1
2025-08-31,Direct,direct,none,Unassigned,tablet,P004,10,8,8,2,1,1
2025-08-31,Direct,direct,none,Unassigned,tablet,P005,15,12,11,3,2,1
2025-08-31,Direct,direct,none,Unassigned,tablet,P006,9,8,7,2,1,1
2025-08-31,Direct,direct,none,Unassigned,tablet,P007,14,12,10,3,2,1
2025-08-31,Direct,direct,none,Unassigned,tablet,P008,8,7,6,2,1,1
2025-08-31,Direct,direct,none,Unassigned,tablet,P009,13,11,10,3,2,1
2025-08-31,Direct,direct,none,Unassigned,tablet,P010,7,6,6,1,1,1
2025-08-31,Direct,direct,none,Unassigned,tablet,P011,12,10,9,2,2,1
2025-08-31,Direct,direct,none,Unassigned,tablet,P012,7,5,5,1,1,1
2025-08-31,Email,newsletter,email,Lifecycle,mobile,P001,7,6,6,2,1,0
2025-08-31,Email,newsletter,email,Lifecycle,mobile,P002,11,10,9,2,1,1
2025-08-31,Email,newsletter,email,Lifecycle,mobile,P003,7,6,5,1,1,0
2025-08-31,Email,newsletter,email,Lifecycle,mobile,P004,10,9,8,2,1,1
2025-08-31,Email,newsletter,email,Lifecycle,mobile,P005,6,5,5,1,0,0
2025-08-31,Email,newsletter,email,Lifecycle,mobile,P006,10,8,7,2,1,1
2025-08-31,Email,newsletter,email,Lifecycle,mobile,P007,5,5,4,1,0,0
2025-08-31,Email,newsletter,email,Lifecycle,mobile,P008,9,8,7,2,1,1
2025-08-31,Email,newsletter,email,Lifecycle,mobile,P009,13,11,10,3,1,1
2025-08-31,Email,newsletter,email,Lifecycle,mobile,P010,8,7,6,2,1,0
2025-08-31,Email,newsletter,email,Lifecycle,mobile,P011,12,10,9,2,1,1
2025-08-31,Email,newsletter,email,Lifecycle,mobile,P012,7,6,6,1,1,0
2025-08-31,Organic Search,google,organic,Always-on SEO,desktop,P001,17,13,14,3,2,1
2025-08-31,Organic Search,google,organic,Always-on SEO,desktop,P002,9,7,7,2,1,1
2025-08-31,Organic Search,google,organic,Always-on SEO,desktop,P003,16,12,12,3,2,1
2025-08-31,Organic Search,google,organic,Always-on SEO,desktop,P004,22,18,18,4,3,2
2025-08-31,Organic Search,google,organic,Always-on SEO,desktop,P005,15,11,11,3,2,1
2025-08-31,Organic Search,google,organic,Always-on SEO,desktop,P006,21,17,17,4,3,2
2025-08-31,Organic Search,google,organic,Always-on SEO,desktop,P007,13,10,10,2,2,1
2025-08-31,Organic Search,google,organic,Always-on SEO,desktop,P008,20,16,16,3,2,2
2025-08-31,Organic Search,google,organic,Always-on SEO,desktop,P009,12,9,9,2,1,1
2025-08-31,Organic Search,google,organic,Always-on SEO,desktop,P010,18,15,15,3,2,1
2025-08-31,Organic Search,google,organic,Always-on SEO,desktop,P011,11,8,8,2,1,1
2025-08-31,Organic Search,google,organic,Always-on SEO,desktop,P012,17,13,13,3,2,1
2025-09-01,Paid Social,instagram,paid_social,Creator Offers,mobile,P001,8,6,5,1,1,0
2025-09-01,Paid Social,instagram,paid_social,Creator Offers,mobile,P002,13,10,8,2,1,1
2025-09-01,Paid Social,instagram,paid_social,Creator Offers,mobile,P003,7,5,4,1,0,0
2025-09-01,Paid Social,instagram,paid_social,Creator Offers,mobile,P004,12,9,7,2,1,1
2025-09-01,Paid Social,instagram,paid_social,Creator Offers,mobile,P005,16,13,11,3,1,1
2025-09-01,Paid Social,instagram,paid_social,Creator Offers,mobile,P006,11,9,7,2,1,1
2025-09-01,Paid Social,instagram,paid_social,Creator Offers,mobile,P007,15,12,10,3,1,1
2025-09-01,Paid Social,instagram,paid_social,Creator Offers,mobile,P008,10,8,6,2,1,0
2025-09-01,Paid Social,instagram,paid_social,Creator Offers,mobile,P009,15,12,9,2,1,1
2025-09-01,Paid Social,instagram,paid_social,Creator Offers,mobile,P010,9,7,6,2,1,0
2025-09-01,Paid Social,instagram,paid_social,Creator Offers,mobile,P011,14,11,9,2,1,1
2025-09-01,Paid Social,instagram,paid_social,Creator Offers,mobile,P012,8,6,5,1,1,0
2025-09-01,Affiliates,partners,affiliate,Partner Network,desktop,P001,7,6,6,1,0,0
2025-09-01,Affiliates,partners,affiliate,Partner Network,desktop,P002,10,9,8,1,1,1
2025-09-01,Affiliates,partners,affiliate,Partner Network,desktop,P003,6,5,5,1,0,0
2025-09-01,Affiliates,partners,affiliate,Partner Network,desktop,P004,9,8,8,1,1,1
2025-09-01,Affiliates,partners,affiliate,Partner Network,desktop,P005,6,5,4,1,0,0
2025-09-01,Affiliates,partners,affiliate,Partner Network,desktop,P006,9,8,7,1,1,1
2025-09-01,Affiliates,partners,affiliate,Partner Network,desktop,P007,5,4,4,1,0,0
2025-09-01,Affiliates,partners,affiliate,Partner Network,desktop,P008,8,7,7,1,1,1
2025-09-01,Affiliates,partners,affiliate,Partner Network,desktop,P009,4,4,3,1,0,0
2025-09-01,Affiliates,partners,affiliate,Partner Network,desktop,P010,8,6,6,1,1,0
2025-09-01,Affiliates,partners,affiliate,Partner Network,desktop,P011,11,9,9,1,1,1
2025-09-01,Affiliates,partners,affiliate,Partner Network,desktop,P012,7,6,5,1,0,0
2025-09-01,Paid Search,google,cpc,KSA Growth,tablet,P001,13,10,8,2,1,1
2025-09-01,Paid Search,google,cpc,KSA Growth,tablet,P002,7,6,5,1,1,0
2025-09-01,Paid Search,google,cpc,KSA Growth,tablet,P003,12,9,7,2,1,1
2025-09-01,Paid Search,google,cpc,KSA Growth,tablet,P004,6,5,4,1,1,0
2025-09-01,Paid Search,google,cpc,KSA Growth,tablet,P005,11,8,7,2,1,1
2025-09-01,Paid Search,google,cpc,KSA Growth,tablet,P006,15,12,10,3,1,1
2025-09-01,Paid Search,google,cpc,KSA Growth,tablet,P007,10,8,6,2,1,1
2025-09-01,Paid Search,google,cpc,KSA Growth,tablet,P008,14,11,9,3,1,1
2025-09-01,Paid Search,google,cpc,KSA Growth,tablet,P009,9,7,6,2,1,1
2025-09-01,Paid Search,google,cpc,KSA Growth,tablet,P010,13,11,8,2,1,1
2025-09-01,Paid Search,google,cpc,KSA Growth,tablet,P011,8,6,5,2,1,0
2025-09-01,Paid Search,google,cpc,KSA Growth,tablet,P012,13,10,8,2,1,1
2025-09-02,Email,newsletter,email,Lifecycle,desktop,P001,6,5,4,1,0,0
2025-09-02,Email,newsletter,email,Lifecycle,desktop,P002,10,8,6,1,1,1
2025-09-02,Email,newsletter,email,Lifecycle,desktop,P003,6,5,4,1,0,0
2025-09-02,Email,newsletter,email,Lifecycle,desktop,P004,9,8,6,1,1,0
2025-09-02,Email,newsletter,email,Lifecycle,desktop,P005,5,4,3,0,0,0
2025-09-02,Email,newsletter,email,Lifecycle,desktop,P006,9,7,5,1,1,0
2025-09-02,Email,newsletter,email,Lifecycle,desktop,P007,12,10,8,1,1,1
2025-09-02,Email,newsletter,email,Lifecycle,desktop,P008,8,7,5,1,0,0
2025-09-02,Email,newsletter,email,Lifecycle,desktop,P009,12,10,7,1,1,1
2025-09-02,Email,newsletter,email,Lifecycle,desktop,P010,7,6,5,1,0,0
2025-09-02,Email,newsletter,email,Lifecycle,desktop,P011,11,9,7,1,1,1
2025-09-02,Email,newsletter,email,Lifecycle,desktop,P012,6,5,4,1,0,0
2025-09-02,Organic Search,google,organic,Always-on SEO,tablet,P001,13,10,11,2,1,1
2025-09-02,Organic Search,google,organic,Always-on SEO,tablet,P002,19,13,15,3,2,1
2025-09-02,Organic Search,google,organic,Always-on SEO,tablet,P003,12,9,10,2,1,1
2025-09-02,Organic Search,google,organic,Always-on SEO,tablet,P004,18,13,14,3,2,1
2025-09-02,Organic Search,google,organic,Always-on SEO,tablet,P005,11,8,9,2,1,1
2025-09-02,Organic Search,google,organic,Always-on SEO,tablet,P006,17,12,13,3,2,1
2025-09-02,Organic Search,google,organic,Always-on SEO,tablet,P007,10,7,8,1,1,1
2025-09-02,Organic Search,google,organic,Always-on SEO,tablet,P008,16,11,12,2,2,1
2025-09-02,Organic Search,google,organic,Always-on SEO,tablet,P009,9,6,7,1,1,1
2025-09-02,Organic Search,google,organic,Always-on SEO,tablet,P010,14,10,11,2,1,1
2025-09-02,Organic Search,google,organic,Always-on SEO,tablet,P011,8,6,6,1,1,1
2025-09-02,Organic Search,google,organic,Always-on SEO,tablet,P012,13,10,11,2,1,1
2025-09-02,Direct,direct,none,Unassigned,mobile,P001,12,10,9,2,1,1
2025-09-02,Direct,direct,none,Unassigned,mobile,P002,7,6,5,1,1,0
2025-09-02,Direct,direct,none,Unassigned,mobile,P003,11,9,8,2,1,1
2025-09-02,Direct,direct,none,Unassigned,mobile,P004,6,5,5,1,0,0
2025-09-02,Direct,direct,none,Unassigned,mobile,P005,10,9,8,2,1,1
2025-09-02,Direct,direct,none,Unassigned,mobile,P006,6,5,4,1,0,0
2025-09-02,Direct,direct,none,Unassigned,mobile,P007,9,8,7,1,1,1
2025-09-02,Direct,direct,none,Unassigned,mobile,P008,13,11,10,2,1,1
2025-09-02,Direct,direct,none,Unassigned,mobile,P009,9,7,7,1,1,1
2025-09-02,Direct,direct,none,Unassigned,mobile,P010,13,10,9,2,1,1
2025-09-02,Direct,direct,none,Unassigned,mobile,P011,8,7,6,1,1,0
2025-09-02,Direct,direct,none,Unassigned,mobile,P012,12,10,9,2,1,1
2025-09-03,Affiliates,partners,affiliate,Partner Network,tablet,P001,6,5,4,1,1,0
2025-09-03,Affiliates,partners,affiliate,Partner Network,tablet,P002,10,8,7,1,1,1
2025-09-03,Affiliates,partners,affiliate,Partner Network,tablet,P003,6,5,4,1,0,0
2025-09-03,Affiliates,partners,affiliate,Partner Network,tablet,P004,9,8,6,1,1,1
2025-09-03,Affiliates,partners,affiliate,Partner Network,tablet,P005,5,4,3,1,0,0
2025-09-03,Affiliates,partners,affiliate,Partner Network,tablet,P006,8,7,6,1,1,1
2025-09-03,Affiliates,partners,affiliate,Partner Network,tablet,P007,4,4,3,1,0,0
2025-09-03,Affiliates,partners,affiliate,Partner Network,tablet,P008,8,6,5,1,1,1
2025-09-03,Affiliates,partners,affiliate,Partner Network,tablet,P009,11,9,7,2,1,1
2025-09-03,Affiliates,partners,affiliate,Partner Network,tablet,P010,7,6,5,1,1,0
2025-09-03,Affiliates,partners,affiliate,Partner Network,tablet,P011,10,9,7,1,1,1
2025-09-03,Affiliates,partners,affiliate,Partner Network,tablet,P012,6,5,4,1,0,0
2025-09-03,Paid Search,google,cpc,KSA Growth,mobile,P001,13,10,9,2,1,1
2025-09-03,Paid Search,google,cpc,KSA Growth,mobile,P002,7,5,5,1,1,0
2025-09-03,Paid Search,google,cpc,KSA Growth,mobile,P003,12,9,8,2,1,1
2025-09-03,Paid Search,google,cpc,KSA Growth,mobile,P004,18,13,12,3,2,1
2025-09-03,Paid Search,google,cpc,KSA Growth,mobile,P005,11,9,8,2,1,1
2025-09-03,Paid Search,google,cpc,KSA Growth,mobile,P006,17,12,11,3,2,1
2025-09-03,Paid Search,google,cpc,KSA Growth,mobile,P007,10,8,7,2,1,1
2025-09-03,Paid Search,google,cpc,KSA Growth,mobile,P008,16,12,10,2,1,1
2025-09-03,Paid Search,google,cpc,KSA Growth,mobile,P009,9,7,6,1,1,0
2025-09-03,Paid Search,google,cpc,KSA Growth,mobile,P010,15,11,10,2,1,1
2025-09-03,Paid Search,google,cpc,KSA Growth,mobile,P011,8,6,5,1,1,0
2025-09-03,Paid Search,google,cpc,KSA Growth,mobile,P012,13,10,9,2,1,1
2025-09-03,Paid Social,instagram,paid_social,Creator Offers,desktop,P001,11,10,8,2,2,1
2025-09-03,Paid Social,instagram,paid_social,Creator Offers,desktop,P002,7,6,5,2,1,1
2025-09-03,Paid Social,instagram,paid_social,Creator Offers,desktop,P003,10,9,8,2,1,1
2025-09-03,Paid Social,instagram,paid_social,Creator Offers,desktop,P004,6,6,4,1,1,1
2025-09-03,Paid Social,instagram,paid_social,Creator Offers,desktop,P005,10,9,7,2,1,1
2025-09-03,Paid Social,instagram,paid_social,Creator Offers,desktop,P006,5,5,4,1,1,0
2025-09-03,Paid Social,instagram,paid_social,Creator Offers,desktop,P007,9,8,7,2,1,1
2025-09-03,Paid Social,instagram,paid_social,Creator Offers,desktop,P008,5,4,3,1,1,0
2025-09-03,Paid Social,instagram,paid_social,Creator Offers,desktop,P009,8,7,6,2,1,1
2025-09-03,Paid Social,instagram,paid_social,Creator Offers,desktop,P010,12,10,9,2,2,1
2025-09-03,Paid Social,instagram,paid_social,Creator Offers,desktop,P011,7,7,6,2,1,1
2025-09-03,Paid Social,instagram,paid_social,Creator Offers,desktop,P012,11,10,8,2,1,1
2025-09-04,Organic Search,google,organic,Always-on SEO,mobile,P001,10,8,6,1,1,1
2025-09-04,Organic Search,google,organic,Always-on SEO,mobile,P002,14,12,9,2,1,1
2025-09-04,Organic Search,google,organic,Always-on SEO,mobile,P003,9,7,6,1,1,0
2025-09-04,Organic Search,google,organic,Always-on SEO,mobile,P004,13,11,9,2,1,1
2025-09-04,Organic Search,google,organic,Always-on SEO,mobile,P005,8,7,5,1,1,0
2025-09-04,Organic Search,google,organic,Always-on SEO,mobile,P006,13,10,8,2,1,1
2025-09-04,Organic Search,google,organic,Always-on SEO,mobile,P007,7,6,5,1,1,0
2025-09-04,Organic Search,google,organic,Always-on SEO,mobile,P008,12,10,8,2,1,1
2025-09-04,Organic Search,google,organic,Always-on SEO,mobile,P009,6,5,4,1,0,0
2025-09-04,Organic Search,google,organic,Always-on SEO,mobile,P010,11,9,7,2,1,1
2025-09-04,Organic Search,google,organic,Always-on SEO,mobile,P011,15,12,10,2,1,1
2025-09-04,Organic Search,google,organic,Always-on SEO,mobile,P012,10,8,6,1,1,1
2025-09-04,Direct,direct,none,Unassigned,desktop,P001,16,14,10,3,2,1
2025-09-04,Direct,direct,none,Unassigned,desktop,P002,9,8,6,2,1,1
2025-09-04,Direct,direct,none,Unassigned,desktop,P003,15,13,10,2,1,1
2025-09-04,Direct,direct,none,Unassigned,desktop,P004,8,7,5,1,1,0
2025-09-04,Direct,direct,none,Unassigned,desktop,P005,13,12,9,2,1,1
2025-09-04,Direct,direct,none,Unassigned,desktop,P006,19,16,13,3,2,1
2025-09-04,Direct,direct,none,Unassigned,desktop,P007,12,11,8,2,1,1
2025-09-04,Direct,direct,none,Unassigned,desktop,P008,18,15,12,3,2,1
2025-09-04,Direct,direct,none,Unassigned,desktop,P009,11,10,7,2,1,1
2025-09-04,Direct,direct,none,Unassigned,desktop,P010,17,14,11,3,2,1
2025-09-04,Direct,direct,none,Unassigned,desktop,P011,10,9,7,2,1,1
2025-09-04,Direct,direct,none,Unassigned,desktop,P012,16,13,10,3,2,1
2025-09-04,Email,newsletter,email,Lifecycle,tablet,P001,21,16,14,4,2,2
2025-09-04,Email,newsletter,email,Lifecycle,tablet,P002,13,10,9,3,1,1
2025-09-04,Email,newsletter,email,Lifecycle,tablet,P003,19,15,14,4,2,1
2025-09-04,Email,newsletter,email,Lifecycle,tablet,P004,12,9,8,2,1,1
2025-09-04,Email,newsletter,email,Lifecycle,tablet,P005,18,14,13,4,2,1
2025-09-04,Email,newsletter,email,Lifecycle,tablet,P006,11,8,8,2,1,1
2025-09-04,Email,newsletter,email,Lifecycle,tablet,P007,17,13,12,3,2,1
2025-09-04,Email,newsletter,email,Lifecycle,tablet,P008,10,8,7,2,1,1
2025-09-04,Email,newsletter,email,Lifecycle,tablet,P009,16,12,11,3,2,1
2025-09-04,Email,newsletter,email,Lifecycle,tablet,P010,9,7,6,2,1,1
2025-09-04,Email,newsletter,email,Lifecycle,tablet,P011,15,11,10,3,2,1
2025-09-04,Email,newsletter,email,Lifecycle,tablet,P012,21,16,14,4,2,1
2025-09-05,Paid Search,google,cpc,KSA Growth,desktop,P001,16,15,11,2,1,1
2025-09-05,Paid Search,google,cpc,KSA Growth,desktop,P002,23,21,15,3,2,1
2025-09-05,Paid Search,google,cpc,KSA Growth,desktop,P003,15,13,10,2,1,1
2025-09-05,Paid Search,google,cpc,KSA Growth,desktop,P004,22,19,14,3,2,1
2025-09-05,Paid Search,google,cpc,KSA Growth,desktop,P005,14,12,9,2,1,1
2025-09-05,Paid Search,google,cpc,KSA Growth,desktop,P006,21,18,13,3,2,1
2025-09-05,Paid Search,google,cpc,KSA Growth,desktop,P007,12,11,8,2,1,0
2025-09-05,Paid Search,google,cpc,KSA Growth,desktop,P008,19,17,13,3,1,1
2025-09-05,Paid Search,google,cpc,KSA Growth,desktop,P009,11,10,7,1,1,0
2025-09-05,Paid Search,google,cpc,KSA Growth,desktop,P010,18,16,12,2,1,1
2025-09-05,Paid Search,google,cpc,KSA Growth,desktop,P011,10,8,6,1,1,0
2025-09-05,Paid Search,google,cpc,KSA Growth,desktop,P012,16,14,11,2,1,1
2025-09-05,Paid Social,instagram,paid_social,Creator Offers,tablet,P001,21,16,17,5,3,2
2025-09-05,Paid Social,instagram,paid_social,Creator Offers,tablet,P002,13,10,10,3,2,1
2025-09-05,Paid Social,instagram,paid_social,Creator Offers,tablet,P003,19,15,15,5,3,2
2025-09-05,Paid Social,instagram,paid_social,Creator Offers,tablet,P004,11,9,9,3,2,1
2025-09-05,Paid Social,instagram,paid_social,Creator Offers,tablet,P005,18,14,14,4,2,2
2025-09-05,Paid Social,instagram,paid_social,Creator Offers,tablet,P006,10,8,8,2,1,1
2025-09-05,Paid Social,instagram,paid_social,Creator Offers,tablet,P007,17,13,13,4,2,1
2025-09-05,Paid Social,instagram,paid_social,Creator Offers,tablet,P008,24,19,19,5,3,2
2025-09-05,Paid Social,instagram,paid_social,Creator Offers,tablet,P009,15,12,12,4,2,1
2025-09-05,Paid Social,instagram,paid_social,Creator Offers,tablet,P010,22,18,18,5,3,2
2025-09-05,Paid Social,instagram,paid_social,Creator Offers,tablet,P011,14,11,11,3,2,1
2025-09-05,Paid Social,instagram,paid_social,Creator Offers,tablet,P012,21,16,17,5,3,2
2025-09-05,Affiliates,partners,affiliate,Partner Network,mobile,P001,6,5,4,1,1,0
2025-09-05,Affiliates,partners,affiliate,Partner Network,mobile,P002,10,9,8,2,1,1
2025-09-05,Affiliates,partners,affiliate,Partner Network,mobile,P003,15,12,11,3,2,1
2025-09-05,Affiliates,partners,affiliate,Partner Network,mobile,P004,10,8,7,2,1,1
2025-09-05,Affiliates,partners,affiliate,Partner Network,mobile,P005,14,11,10,3,2,1
2025-09-05,Affiliates,partners,affiliate,Partner Network,mobile,P006,9,7,6,2,1,1
2025-09-05,Affiliates,partners,affiliate,Partner Network,mobile,P007,13,11,9,3,1,1
2025-09-05,Affiliates,partners,affiliate,Partner Network,mobile,P008,8,6,6,2,1,1
2025-09-05,Affiliates,partners,affiliate,Partner Network,mobile,P009,12,10,9,2,1,1
2025-09-05,Affiliates,partners,affiliate,Partner Network,mobile,P010,7,6,5,1,1,0
2025-09-05,Affiliates,partners,affiliate,Partner Network,mobile,P011,11,9,8,2,1,1
2025-09-05,Affiliates,partners,affiliate,Partner Network,mobile,P012,6,5,4,1,1,0
2025-09-06,Direct,direct,none,Unassigned,tablet,P001,13,10,9,2,1,1
2025-09-06,Direct,direct,none,Unassigned,tablet,P002,7,5,5,1,0,0
2025-09-06,Direct,direct,none,Unassigned,tablet,P003,12,9,8,2,1,0
2025-09-06,Direct,direct,none,Unassigned,tablet,P004,16,12,11,2,1,1
2025-09-06,Direct,direct,none,Unassigned,tablet,P005,11,8,7,2,1,0
2025-09-06,Direct,direct,none,Unassigned,tablet,P006,16,12,10,2,1,1
2025-09-06,Direct,direct,none,Unassigned,tablet,P007,10,7,7,1,1,0
2025-09-06,Direct,direct,none,Unassigned,tablet,P008,15,11,10,2,1,1
2025-09-06,Direct,direct,none,Unassigned,tablet,P009,9,7,6,1,1,0
2025-09-06,Direct,direct,none,Unassigned,tablet,P010,14,10,9,2,1,1
2025-09-06,Direct,direct,none,Unassigned,tablet,P011,8,6,5,1,0,0
2025-09-06,Direct,direct,none,Unassigned,tablet,P012,13,10,8,2,1,1
2025-09-06,Email,newsletter,email,Lifecycle,mobile,P001,14,11,10,3,1,1
2025-09-06,Email,newsletter,email,Lifecycle,mobile,P002,9,7,6,2,1,0
2025-09-06,Email,newsletter,email,Lifecycle,mobile,P003,13,10,9,2,1,1
2025-09-06,Email,newsletter,email,Lifecycle,mobile,P004,8,6,5,1,1,0
2025-09-06,Email,newsletter,email,Lifecycle,mobile,P005,12,10,8,2,1,1
2025-09-06,Email,newsletter,email,Lifecycle,mobile,P006,7,5,5,1,1,0
2025-09-06,Email,newsletter,email,Lifecycle,mobile,P007,11,9,8,2,1,1
2025-09-06,Email,newsletter,email,Lifecycle,mobile,P008,6,5,4,1,1,0
2025-09-06,Email,newsletter,email,Lifecycle,mobile,P009,11,8,7,2,1,1
2025-09-06,Email,newsletter,email,Lifecycle,mobile,P010,15,12,10,3,2,1
2025-09-06,Email,newsletter,email,Lifecycle,mobile,P011,10,7,7,2,1,1
2025-09-06,Email,newsletter,email,Lifecycle,mobile,P012,14,11,9,2,1,1
2025-09-06,Organic Search,google,organic,Always-on SEO,desktop,P001,8,6,6,1,1,0
2025-09-06,Organic Search,google,organic,Always-on SEO,desktop,P002,14,10,10,2,1,1
2025-09-06,Organic Search,google,organic,Always-on SEO,desktop,P003,7,6,5,1,1,0
2025-09-06,Organic Search,google,organic,Always-on SEO,desktop,P004,13,9,9,2,1,1
2025-09-06,Organic Search,google,organic,Always-on SEO,desktop,P005,18,13,13,3,1,1
2025-09-06,Organic Search,google,organic,Always-on SEO,desktop,P006,12,9,8,2,1,1
2025-09-06,Organic Search,google,organic,Always-on SEO,desktop,P007,17,13,12,2,1,1
2025-09-06,Organic Search,google,organic,Always-on SEO,desktop,P008,10,8,8,2,1,1
2025-09-06,Organic Search,google,organic,Always-on SEO,desktop,P009,16,12,11,2,1,1
2025-09-06,Organic Search,google,organic,Always-on SEO,desktop,P010,9,7,7,1,1,1
2025-09-06,Organic Search,google,organic,Always-on SEO,desktop,P011,15,11,10,2,1,1
2025-09-06,Organic Search,google,organic,Always-on SEO,desktop,P012,8,6,6,1,1,0
2025-09-07,Paid Social,instagram,paid_social,Creator Offers,mobile,P001,10,8,8,2,1,1
2025-09-07,Paid Social,instagram,paid_social,Creator Offers,mobile,P002,6,5,5,1,1,1
2025-09-07,Paid Social,instagram,paid_social,Creator Offers,mobile,P003,9,8,7,2,1,1
2025-09-07,Paid Social,instagram,paid_social,Creator Offers,mobile,P004,5,4,4,1,1,0
2025-09-07,Paid Social,instagram,paid_social,Creator Offers,mobile,P005,8,7,7,2,1,1
2025-09-07,Paid Social,instagram,paid_social,Creator Offers,mobile,P006,12,10,10,3,2,1
2025-09-07,Paid Social,instagram,paid_social,Creator Offers,mobile,P007,8,7,6,2,1,1
2025-09-07,Paid Social,instagram,paid_social,Creator Offers,mobile,P008,11,9,9,3,2,1
2025-09-07,Paid Social,instagram,paid_social,Creator Offers,mobile,P009,7,6,6,2,1,1
2025-09-07,Paid Social,instagram,paid_social,Creator Offers,mobile,P010,11,9,9,2,2,1
2025-09-07,Paid Social,instagram,paid_social,Creator Offers,mobile,P011,6,5,5,1,1,1
2025-09-07,Paid Social,instagram,paid_social,Creator Offers,mobile,P012,10,8,8,2,1,1
2025-09-07,Affiliates,partners,affiliate,Partner Network,desktop,P001,18,14,12,2,1,1
2025-09-07,Affiliates,partners,affiliate,Partner Network,desktop,P002,11,9,8,1,1,1
2025-09-07,Affiliates,partners,affiliate,Partner Network,desktop,P003,16,13,11,2,1,1
2025-09-07,Affiliates,partners,affiliate,Partner Network,desktop,P004,10,8,7,1,1,0
2025-09-07,Affiliates,partners,affiliate,Partner Network,desktop,P005,15,12,10,2,1,1
2025-09-07,Affiliates,partners,affiliate,Partner Network,desktop,P006,9,7,6,1,1,0
2025-09-07,Affiliates,partners,affiliate,Partner Network,desktop,P007,14,11,10,2,1,1
2025-09-07,Affiliates,partners,affiliate,Partner Network,desktop,P008,8,6,6,1,1,0
2025-09-07,Affiliates,partners,affiliate,Partner Network,desktop,P009,13,10,9,2,1,1
2025-09-07,Affiliates,partners,affiliate,Partner Network,desktop,P010,7,6,5,1,1,0
2025-09-07,Affiliates,partners,affiliate,Partner Network,desktop,P011,12,10,8,1,1,1
2025-09-07,Affiliates,partners,affiliate,Partner Network,desktop,P012,18,13,12,2,1,1
2025-09-07,Paid Search,google,cpc,KSA Growth,tablet,P001,10,8,7,2,1,0
2025-09-07,Paid Search,google,cpc,KSA Growth,tablet,P002,15,12,10,2,1,1
2025-09-07,Paid Search,google,cpc,KSA Growth,tablet,P003,8,7,6,1,1,0
2025-09-07,Paid Search,google,cpc,KSA Growth,tablet,P004,14,11,10,2,1,1
2025-09-07,Paid Search,google,cpc,KSA Growth,tablet,P005,7,6,5,1,1,0
2025-09-07,Paid Search,google,cpc,KSA Growth,tablet,P006,13,10,9,2,1,1
2025-09-07,Paid Search,google,cpc,KSA Growth,tablet,P007,18,14,12,3,1,1
2025-09-07,Paid Search,google,cpc,KSA Growth,tablet,P008,12,9,8,2,1,1
2025-09-07,Paid Search,google,cpc,KSA Growth,tablet,P009,17,13,12,3,1,1
2025-09-07,Paid Search,google,cpc,KSA Growth,tablet,P010,11,8,7,2,1,0
2025-09-07,Paid Search,google,cpc,KSA Growth,tablet,P011,16,12,11,3,1,1
2025-09-07,Paid Search,google,cpc,KSA Growth,tablet,P012,10,7,7,1,1,0
2025-09-08,Email,newsletter,email,Lifecycle,desktop,P001,15,11,10,2,1,1
2025-09-08,Email,newsletter,email,Lifecycle,desktop,P002,9,7,6,1,1,0
2025-09-08,Email,newsletter,email,Lifecycle,desktop,P003,14,10,9,2,1,1
2025-09-08,Email,newsletter,email,Lifecycle,desktop,P004,8,6,5,1,1,0
2025-09-08,Email,newsletter,email,Lifecycle,desktop,P005,13,10,8,2,1,1
2025-09-08,Email,newsletter,email,Lifecycle,desktop,P006,7,5,5,1,0,0
2025-09-08,Email,newsletter,email,Lifecycle,desktop,P007,12,9,8,1,1,1
2025-09-08,Email,newsletter,email,Lifecycle,desktop,P008,16,13,11,2,1,1
2025-09-08,Email,newsletter,email,Lifecycle,desktop,P009,11,8,7,1,1,1
2025-09-08,Email,newsletter,email,Lifecycle,desktop,P010,15,12,10,2,1,1
2025-09-08,Email,newsletter,email,Lifecycle,desktop,P011,10,8,7,1,1,1
2025-09-08,Email,newsletter,email,Lifecycle,desktop,P012,15,11,10,2,1,1
2025-09-08,Organic Search,google,organic,Always-on SEO,tablet,P001,5,4,4,1,0,0
2025-09-08,Organic Search,google,organic,Always-on SEO,tablet,P002,8,7,6,1,1,1
2025-09-08,Organic Search,google,organic,Always-on SEO,tablet,P003,12,10,9,2,1,1
2025-09-08,Organic Search,google,organic,Always-on SEO,tablet,P004,8,7,6,1,1,1
2025-09-08,Organic Search,google,organic,Always-on SEO,tablet,P005,11,9,8,2,1,1
2025-09-08,Organic Search,google,organic,Always-on SEO,tablet,P006,7,6,5,1,1,0
2025-09-08,Organic Search,google,organic,Always-on SEO,tablet,P007,10,9,8,2,1,1
2025-09-08,Organic Search,google,organic,Always-on SEO,tablet,P008,6,5,5,1,1,0
2025-09-08,Organic Search,google,organic,Always-on SEO,tablet,P009,10,8,7,2,1,1
2025-09-08,Organic Search,google,organic,Always-on SEO,tablet,P010,6,5,4,1,0,0
2025-09-08,Organic Search,google,organic,Always-on SEO,tablet,P011,9,8,7,2,1,1
2025-09-08,Organic Search,google,organic,Always-on SEO,tablet,P012,5,4,3,1,0,0
2025-09-08,Direct,direct,none,Unassigned,mobile,P001,9,6,6,1,1,0
2025-09-08,Direct,direct,none,Unassigned,mobile,P002,13,10,8,2,1,1
2025-09-08,Direct,direct,none,Unassigned,mobile,P003,8,6,5,1,0,0
2025-09-08,Direct,direct,none,Unassigned,mobile,P004,12,9,8,1,1,1
2025-09-08,Direct,direct,none,Unassigned,mobile,P005,7,5,4,1,0,0
2025-09-08,Direct,direct,none,Unassigned,mobile,P006,11,8,7,1,1,1
2025-09-08,Direct,direct,none,Unassigned,mobile,P007,6,5,4,1,0,0
2025-09-08,Direct,direct,none,Unassigned,mobile,P008,10,8,7,1,1,0
2025-09-08,Direct,direct,none,Unassigned,mobile,P009,15,11,10,2,1,1
2025-09-08,Direct,direct,none,Unassigned,mobile,P010,10,7,6,1,1,0
2025-09-08,Direct,direct,none,Unassigned,mobile,P011,14,10,9,2,1,1
2025-09-08,Direct,direct,none,Unassigned,mobile,P012,9,6,6,1,0,0
2025-09-09,Affiliates,partners,affiliate,Partner Network,tablet,P001,10,9,6,2,1,1
2025-09-09,Affiliates,partners,affiliate,Partner Network,tablet,P002,6,5,4,1,0,0
2025-09-09,Affiliates,partners,affiliate,Partner Network,tablet,P003,9,8,6,1,1,1
2025-09-09,Affiliates,partners,affiliate,Partner Network,tablet,P004,5,5,3,1,0,0
2025-09-09,Affiliates,partners,affiliate,Partner Network,tablet,P005,8,7,5,1,1,1
2025-09-09,Affiliates,partners,affiliate,Partner Network,tablet,P006,5,4,3,1,0,0
2025-09-09,Affiliates,partners,affiliate,Partner Network,tablet,P007,8,7,5,1,1,0
2025-09-09,Affiliates,partners,affiliate,Partner Network,tablet,P008,4,4,3,1,0,0
2025-09-09,Affiliates,partners,affiliate,Partner Network,tablet,P009,7,6,5,1,1,0
2025-09-09,Affiliates,partners,affiliate,Partner Network,tablet,P010,10,9,7,2,1,1
2025-09-09,Affiliates,partners,affiliate,Partner Network,tablet,P011,7,6,4,1,1,0
2025-09-09,Affiliates,partners,affiliate,Partner Network,tablet,P012,10,8,6,1,1,1
2025-09-09,Paid Search,google,cpc,KSA Growth,mobile,P001,7,6,5,1,0,0
2025-09-09,Paid Search,google,cpc,KSA Growth,mobile,P002,12,10,8,1,1,1
2025-09-09,Paid Search,google,cpc,KSA Growth,mobile,P003,6,6,4,1,0,0
2025-09-09,Paid Search,google,cpc,KSA Growth,mobile,P004,11,9,7,1,1,1
2025-09-09,Paid Search,google,cpc,KSA Growth,mobile,P005,15,13,10,2,1,1
2025-09-09,Paid Search,google,cpc,KSA Growth,mobile,P006,10,9,7,1,1,0
2025-09-09,Paid Search,google,cpc,KSA Growth,mobile,P007,14,13,10,2,1,1
2025-09-09,Paid Search,google,cpc,KSA Growth,mobile,P008,9,8,6,1,0,0
2025-09-09,Paid Search,google,cpc,KSA Growth,mobile,P009,13,12,9,2,1,1
2025-09-09,Paid Search,google,cpc,KSA Growth,mobile,P010,8,7,5,1,0,0
2025-09-09,Paid Search,google,cpc,KSA Growth,mobile,P011,13,11,9,1,1,1
2025-09-09,Paid Search,google,cpc,KSA Growth,mobile,P012,7,6,5,1,0,0
2025-09-09,Paid Social,instagram,paid_social,Creator Offers,desktop,P001,8,6,5,1,1,0
2025-09-09,Paid Social,instagram,paid_social,Creator Offers,desktop,P002,11,9,7,2,1,1
2025-09-09,Paid Social,instagram,paid_social,Creator Offers,desktop,P003,7,5,4,1,0,0
2025-09-09,Paid Social,instagram,paid_social,Creator Offers,desktop,P004,10,8,7,2,1,1
2025-09-09,Paid Social,instagram,paid_social,Creator Offers,desktop,P005,6,5,4,1,0,0
2025-09-09,Paid Social,instagram,paid_social,Creator Offers,desktop,P006,10,8,6,1,1,1
2025-09-09,Paid Social,instagram,paid_social,Creator Offers,desktop,P007,6,4,4,1,0,0
2025-09-09,Paid Social,instagram,paid_social,Creator Offers,desktop,P008,9,7,6,1,1,1
2025-09-09,Paid Social,instagram,paid_social,Creator Offers,desktop,P009,5,4,3,1,0,0
2025-09-09,Paid Social,instagram,paid_social,Creator Offers,desktop,P010,8,6,5,1,1,0
2025-09-09,Paid Social,instagram,paid_social,Creator Offers,desktop,P011,12,9,8,2,1,1
2025-09-09,Paid Social,instagram,paid_social,Creator Offers,desktop,P012,8,6,5,1,1,0
2025-09-10,Organic Search,google,organic,Always-on SEO,mobile,P001,14,11,11,3,2,1
2025-09-10,Organic Search,google,organic,Always-on SEO,mobile,P002,9,7,7,2,1,1
2025-09-10,Organic Search,google,organic,Always-on SEO,mobile,P003,13,11,10,3,1,1
2025-09-10,Organic Search,google,organic,Always-on SEO,mobile,P004,8,7,6,2,1,1
2025-09-10,Organic Search,google,organic,Always-on SEO,mobile,P005,12,10,10,2,1,1
2025-09-10,Organic Search,google,organic,Always-on SEO,mobile,P006,7,6,6,1,1,0
2025-09-10,Organic Search,google,organic,Always-on SEO,mobile,P007,12,9,9,2,1,1
2025-09-10,Organic Search,google,organic,Always-on SEO,mobile,P008,7,5,5,1,1,0
2025-09-10,Organic Search,google,organic,Always-on SEO,mobile,P009,11,9,8,2,1,1
2025-09-10,Organic Search,google,organic,Always-on SEO,mobile,P010,6,5,5,1,1,0
2025-09-10,Organic Search,google,organic,Always-on SEO,mobile,P011,10,8,8,2,1,1
2025-09-10,Organic Search,google,organic,Always-on SEO,mobile,P012,14,11,11,3,1,1
2025-09-10,Direct,direct,none,Unassigned,desktop,P001,7,6,5,1,0,0
2025-09-10,Direct,direct,none,Unassigned,desktop,P002,11,9,7,1,1,1
2025-09-10,Direct,direct,none,Unassigned,desktop,P003,6,5,4,1,0,0
2025-09-10,Direct,direct,none,Unassigned,desktop,P004,10,9,6,1,1,1
2025-09-10,Direct,direct,none,Unassigned,desktop,P005,5,5,4,1,0,0
2025-09-10,Direct,direct,none,Unassigned,desktop,P006,9,8,6,1,1,1
2025-09-10,Direct,direct,none,Unassigned,desktop,P007,13,12,8,1,1,1
2025-09-10,Direct,direct,none,Unassigned,desktop,P008,8,7,5,1,1,0
2025-09-10,Direct,direct,none,Unassigned,desktop,P009,12,11,8,1,1,1
2025-09-10,Direct,direct,none,Unassigned,desktop,P010,8,7,5,1,1,0
2025-09-10,Direct,direct,none,Unassigned,desktop,P011,11,10,7,1,1,1
2025-09-10,Direct,direct,none,Unassigned,desktop,P012,7,6,5,1,0,0
2025-09-10,Email,newsletter,email,Lifecycle,tablet,P001,10,8,7,2,1,1
2025-09-10,Email,newsletter,email,Lifecycle,tablet,P002,14,12,10,2,1,1
2025-09-10,Email,newsletter,email,Lifecycle,tablet,P003,9,7,7,2,1,1
2025-09-10,Email,newsletter,email,Lifecycle,tablet,P004,13,11,10,2,1,1
2025-09-10,Email,newsletter,email,Lifecycle,tablet,P005,8,7,6,1,1,0
2025-09-10,Email,newsletter,email,Lifecycle,tablet,P006,13,10,9,2,1,1
2025-09-10,Email,newsletter,email,Lifecycle,tablet,P007,7,6,6,1,1,0
2025-09-10,Email,newsletter,email,Lifecycle,tablet,P008,12,9,9,2,1,1
2025-09-10,Email,newsletter,email,Lifecycle,tablet,P009,7,5,5,1,1,0
2025-09-10,Email,newsletter,email,Lifecycle,tablet,P010,11,9,8,2,1,1
2025-09-10,Email,newsletter,email,Lifecycle,tablet,P011,6,5,4,1,0,0
2025-09-10,Email,newsletter,email,Lifecycle,tablet,P012,10,8,7,2,1,1
2025-09-11,Paid Search,google,cpc,KSA Growth,desktop,P001,8,6,6,1,1,1
2025-09-11,Paid Search,google,cpc,KSA Growth,desktop,P002,13,10,11,2,1,1
2025-09-11,Paid Search,google,cpc,KSA Growth,desktop,P003,19,14,15,4,2,1
2025-09-11,Paid Search,google,cpc,KSA Growth,desktop,P004,12,9,10,2,1,1
2025-09-11,Paid Search,google,cpc,KSA Growth,desktop,P005,18,13,14,3,2,1
2025-09-11,Paid Search,google,cpc,KSA Growth,desktop,P006,11,8,9,2,1,1
2025-09-11,Paid Search,google,cpc,KSA Growth,desktop,P007,17,12,13,3,2,1
2025-09-11,Paid Search,google,cpc,KSA Growth,desktop,P008,10,7,8,2,1,1
2025-09-11,Paid Search,google,cpc,KSA Growth,desktop,P009,16,11,13,3,1,1
2025-09-11,Paid Search,google,cpc,KSA Growth,desktop,P010,9,6,7,2,1,1
2025-09-11,Paid Search,google,cpc,KSA Growth,desktop,P011,14,10,12,3,1,1
2025-09-11,Paid Search,google,cpc,KSA Growth,desktop,P012,8,6,6,1,1,0
2025-09-11,Paid Social,instagram,paid_social,Creator Offers,tablet,P001,10,8,8,2,1,1
2025-09-11,Paid Social,instagram,paid_social,Creator Offers,tablet,P002,16,12,12,3,2,1
2025-09-11,Paid Social,instagram,paid_social,Creator Offers,tablet,P003,9,7,8,2,1,1
2025-09-11,Paid Social,instagram,paid_social,Creator Offers,tablet,P004,15,11,12,3,2,1
2025-09-11,Paid Social,instagram,paid_social,Creator Offers,tablet,P005,8,6,7,2,1,1
2025-09-11,Paid Social,instagram,paid_social,Creator Offers,tablet,P006,14,10,11,3,2,1
2025-09-11,Paid Social,instagram,paid_social,Creator Offers,tablet,P007,7,6,6,1,1,1
2025-09-11,Paid Social,instagram,paid_social,Creator Offers,tablet,P008,12,10,10,2,2,1
2025-09-11,Paid Social,instagram,paid_social,Creator Offers,tablet,P009,18,13,14,3,2,2
2025-09-11,Paid Social,instagram,paid_social,Creator Offers,tablet,P010,11,9,9,2,2,1
2025-09-11,Paid Social,instagram,paid_social,Creator Offers,tablet,P011,17,13,13,3,2,1
2025-09-11,Paid Social,instagram,paid_social,Creator Offers,tablet,P012,10,8,8,2,1,1
2025-09-11,Affiliates,partners,affiliate,Partner Network,mobile,P001,11,9,8,2,1,1
2025-09-11,Affiliates,partners,affiliate,Partner Network,mobile,P002,6,5,4,1,1,0
2025-09-11,Affiliates,partners,affiliate,Partner Network,mobile,P003,10,8,7,2,1,1
2025-09-11,Affiliates,partners,affiliate,Partner Network,mobile,P004,14,12,10,3,2,1
2025-09-11,Affiliates,partners,affiliate,Partner Network,mobile,P005,9,7,6,2,1,0
2025-09-11,Affiliates,partners,affiliate,Partner Network,mobile,P006,13,11,9,3,1,1
2025-09-11,Affiliates,partners,affiliate,Partner Network,mobile,P007,8,7,6,2,1,0
2025-09-11,Affiliates,partners,affiliate,Partner Network,mobile,P008,13,10,9,2,1,1
2025-09-11,Affiliates,partners,affiliate,Partner Network,mobile,P009,8,6,5,1,1,0
2025-09-11,Affiliates,partners,affiliate,Partner Network,mobile,P010,12,9,8,2,1,1
2025-09-11,Affiliates,partners,affiliate,Partner Network,mobile,P011,7,5,5,1,1,0
2025-09-11,Affiliates,partners,affiliate,Partner Network,mobile,P012,11,9,7,2,1,1
2025-09-12,Direct,direct,none,Unassigned,tablet,P001,10,8,8,2,1,1
2025-09-12,Direct,direct,none,Unassigned,tablet,P002,15,14,12,3,2,1
2025-09-12,Direct,direct,none,Unassigned,tablet,P003,8,7,7,1,1,1
2025-09-12,Direct,direct,none,Unassigned,tablet,P004,14,13,11,3,2,1
2025-09-12,Direct,direct,none,Unassigned,tablet,P005,20,18,16,4,2,2
2025-09-12,Direct,direct,none,Unassigned,tablet,P006,13,11,11,2,2,1
2025-09-12,Direct,direct,none,Unassigned,tablet,P007,19,17,15,3,2,2
2025-09-12,Direct,direct,none,Unassigned,tablet,P008,12,10,10,2,1,1
2025-09-12,Direct,direct,none,Unassigned,tablet,P009,18,16,14,3,2,1
2025-09-12,Direct,direct,none,Unassigned,tablet,P010,11,9,9,2,1,1
2025-09-12,Direct,direct,none,Unassigned,tablet,P011,17,15,13,3,2,1
2025-09-12,Direct,direct,none,Unassigned,tablet,P012,10,8,8,2,1,1
2025-09-12,Email,newsletter,email,Lifecycle,mobile,P001,14,11,10,3,2,1
2025-09-12,Email,newsletter,email,Lifecycle,mobile,P002,20,15,14,4,2,2
2025-09-12,Email,newsletter,email,Lifecycle,mobile,P003,12,10,9,2,1,1
2025-09-12,Email,newsletter,email,Lifecycle,mobile,P004,19,14,13,3,2,2
2025-09-12,Email,newsletter,email,Lifecycle,mobile,P005,11,9,8,2,1,1
2025-09-12,Email,newsletter,email,Lifecycle,mobile,P006,17,13,12,3,2,2
2025-09-12,Email,newsletter,email,Lifecycle,mobile,P007,10,8,7,2,1,1
2025-09-12,Email,newsletter,email,Lifecycle,mobile,P008,16,12,11,3,2,1
2025-09-12,Email,newsletter,email,Lifecycle,mobile,P009,9,7,6,2,1,1
2025-09-12,Email,newsletter,email,Lifecycle,mobile,P010,15,11,11,3,2,1
2025-09-12,Email,newsletter,email,Lifecycle,mobile,P011,21,16,15,4,2,2
2025-09-12,Email,newsletter,email,Lifecycle,mobile,P012,14,11,10,2,2,1
2025-09-12,Organic Search,google,organic,Always-on SEO,desktop,P001,16,14,11,3,2,1
2025-09-12,Organic Search,google,organic,Always-on SEO,desktop,P002,9,8,6,1,1,1
2025-09-12,Organic Search,google,organic,Always-on SEO,desktop,P003,15,13,10,2,1,1
2025-09-12,Organic Search,google,organic,Always-on SEO,desktop,P004,8,7,6,1,1,1
2025-09-12,Organic Search,google,organic,Always-on SEO,desktop,P005,14,12,10,2,1,1
2025-09-12,Organic Search,google,organic,Always-on SEO,desktop,P006,20,18,14,3,2,1
2025-09-12,Organic Search,google,organic,Always-on SEO,desktop,P007,13,11,9,2,1,1
2025-09-12,Organic Search,google,organic,Always-on SEO,desktop,P008,19,17,13,3,2,1
2025-09-12,Organic Search,google,organic,Always-on SEO,desktop,P009,12,10,8,2,1,1
2025-09-12,Organic Search,google,organic,Always-on SEO,desktop,P010,17,15,12,3,2,1
2025-09-12,Organic Search,google,organic,Always-on SEO,desktop,P011,10,9,7,2,1,1
2025-09-12,Organic Search,google,organic,Always-on SEO,desktop,P012,16,14,11,3,1,1
2025-09-13,Paid Social,instagram,paid_social,Creator Offers,mobile,P001,5,4,3,1,0,0
2025-09-13,Paid Social,instagram,paid_social,Creator Offers,mobile,P002,8,6,5,1,1,0
2025-09-13,Paid Social,instagram,paid_social,Creator Offers,mobile,P003,4,3,3,0,0,0
2025-09-13,Paid Social,instagram,paid_social,Creator Offers,mobile,P004,7,5,5,1,1,0
2025-09-13,Paid Social,instagram,paid_social,Creator Offers,mobile,P005,4,3,3,0,0,0
2025-09-13,Paid Social,instagram,paid_social,Creator Offers,mobile,P006,6,5,4,1,0,0
2025-09-13,Paid Social,instagram,paid_social,Creator Offers,mobile,P007,9,7,6,1,1,1
2025-09-13,Paid Social,instagram,paid_social,Creator Offers,mobile,P008,6,4,4,1,0,0
2025-09-13,Paid Social,instagram,paid_social,Creator Offers,mobile,P009,9,7,6,1,1,1
2025-09-13,Paid Social,instagram,paid_social,Creator Offers,mobile,P010,5,4,4,1,0,0
2025-09-13,Paid Social,instagram,paid_social,Creator Offers,mobile,P011,8,6,5,1,1,1
2025-09-13,Paid Social,instagram,paid_social,Creator Offers,mobile,P012,5,4,3,1,0,0
2025-09-13,Affiliates,partners,affiliate,Partner Network,desktop,P001,12,10,8,2,1,1
2025-09-13,Affiliates,partners,affiliate,Partner Network,desktop,P002,16,14,11,3,2,1
2025-09-13,Affiliates,partners,affiliate,Partner Network,desktop,P003,11,9,7,2,1,1
2025-09-13,Affiliates,partners,affiliate,Partner Network,desktop,P004,16,14,10,2,1,1
2025-09-13,Affiliates,partners,affiliate,Partner Network,desktop,P005,10,8,7,2,1,0
2025-09-13,Affiliates,partners,affiliate,Partner Network,desktop,P006,15,13,10,2,1,1
2025-09-13,Affiliates,partners,affiliate,Partner Network,desktop,P007,9,8,6,1,1,0
2025-09-13,Affiliates,partners,affiliate,Partner Network,desktop,P008,14,12,9,2,1,1
2025-09-13,Affiliates,partners,affiliate,Partner Network,desktop,P009,8,7,5,1,1,0
2025-09-13,Affiliates,partners,affiliate,Partner Network,desktop,P010,13,11,8,2,1,1
2025-09-13,Affiliates,partners,affiliate,Partner Network,desktop,P011,7,6,5,1,1,0
2025-09-13,Affiliates,partners,affiliate,Partner Network,desktop,P012,12,10,8,2,1,1
2025-09-13,Paid Search,google,cpc,KSA Growth,tablet,P001,11,8,8,2,1,1
2025-09-13,Paid Search,google,cpc,KSA Growth,tablet,P002,6,5,5,2,1,0
2025-09-13,Paid Search,google,cpc,KSA Growth,tablet,P003,10,8,8,2,1,1
2025-09-13,Paid Search,google,cpc,KSA Growth,tablet,P004,6,4,4,1,1,0
2025-09-13,Paid Search,google,cpc,KSA Growth,tablet,P005,9,7,7,2,1,1
2025-09-13,Paid Search,google,cpc,KSA Growth,tablet,P006,5,4,4,1,1,0
2025-09-13,Paid Search,google,cpc,KSA Growth,tablet,P007,8,7,7,2,1,1
2025-09-13,Paid Search,google,cpc,KSA Growth,tablet,P008,12,9,10,3,1,1
2025-09-13,Paid Search,google,cpc,KSA Growth,tablet,P009,8,6,6,2,1,1
2025-09-13,Paid Search,google,cpc,KSA Growth,tablet,P010,11,9,9,3,1,1
2025-09-13,Paid Search,google,cpc,KSA Growth,tablet,P011,7,6,6,2,1,1
2025-09-13,Paid Search,google,cpc,KSA Growth,tablet,P012,11,8,8,2,1,1
2025-09-14,Email,newsletter,email,Lifecycle,desktop,P001,11,9,8,2,2,1
2025-09-14,Email,newsletter,email,Lifecycle,desktop,P002,16,14,12,3,2,1
2025-09-14,Email,newsletter,email,Lifecycle,desktop,P003,10,9,7,2,1,1
2025-09-14,Email,newsletter,email,Lifecycle,desktop,P004,15,13,12,3,2,1
2025-09-14,Email,newsletter,email,Lifecycle,desktop,P005,8,8,7,2,1,1
2025-09-14,Email,newsletter,email,Lifecycle,desktop,P006,14,12,11,3,2,1
2025-09-14,Email,newsletter,email,Lifecycle,desktop,P007,7,7,6,2,1,1
2025-09-14,Email,newsletter,email,Lifecycle,desktop,P008,13,11,10,3,2,1
2025-09-14,Email,newsletter,email,Lifecycle,desktop,P009,18,16,14,4,2,1
2025-09-14,Email,newsletter,email,Lifecycle,desktop,P010,12,10,9,3,2,1
2025-09-14,Email,newsletter,email,Lifecycle,desktop,P011,17,15,13,4,2,1
2025-09-14,Email,newsletter,email,Lifecycle,desktop,P012,11,9,8,2,1,1
2025-09-14,Organic Search,google,organic,Always-on SEO,tablet,P001,12,10,10,2,1,1
2025-09-14,Organic Search,google,organic,Always-on SEO,tablet,P002,7,5,5,1,1,0
2025-09-14,Organic Search,google,organic,Always-on SEO,tablet,P003,12,9,9,2,1,1
2025-09-14,Organic Search,google,organic,Always-on SEO,tablet,P004,16,13,13,3,2,1
2025-09-14,Organic Search,google,organic,Always-on SEO,tablet,P005,11,8,8,2,1,1
2025-09-14,Organic Search,google,organic,Always-on SEO,tablet,P006,15,12,12,3,2,1
2025-09-14,Organic Search,google,organic,Always-on SEO,tablet,P007,10,7,8,2,1,1
2025-09-14,Organic Search,google,organic,Always-on SEO,tablet,P008,14,11,11,2,2,1
2025-09-14,Organic Search,google,organic,Always-on SEO,tablet,P009,9,7,7,2,1,1
2025-09-14,Organic Search,google,organic,Always-on SEO,tablet,P010,13,11,11,2,1,1
2025-09-14,Organic Search,google,organic,Always-on SEO,tablet,P011,8,6,6,1,1,0
2025-09-14,Organic Search,google,organic,Always-on SEO,tablet,P012,12,10,10,2,1,1
2025-09-14,Direct,direct,none,Unassigned,mobile,P001,11,9,8,2,1,1
2025-09-14,Direct,direct,none,Unassigned,mobile,P002,7,5,5,1,0,0
2025-09-14,Direct,direct,none,Unassigned,mobile,P003,10,8,8,1,1,1
2025-09-14,Direct,direct,none,Unassigned,mobile,P004,6,5,5,1,0,0
2025-09-14,Direct,direct,none,Unassigned,mobile,P005,9,7,7,1,1,1
2025-09-14,Direct,direct,none,Unassigned,mobile,P006,5,4,4,1,0,0
2025-09-14,Direct,direct,none,Unassigned,mobile,P007,9,7,7,1,1,1
2025-09-14,Direct,direct,none,Unassigned,mobile,P008,5,4,3,1,0,0
2025-09-14,Direct,direct,none,Unassigned,mobile,P009,8,6,6,1,1,0
2025-09-14,Direct,direct,none,Unassigned,mobile,P010,11,9,8,2,1,1
2025-09-14,Direct,direct,none,Unassigned,mobile,P011,7,6,5,1,1,0
2025-09-14,Direct,direct,none,Unassigned,mobile,P012,10,8,8,1,1,1
2025-09-15,Affiliates,partners,affiliate,Partner Network,tablet,P001,11,9,7,1,1,1
2025-09-15,Affiliates,partners,affiliate,Partner Network,tablet,P002,16,13,11,2,1,1
2025-09-15,Affiliates,partners,affiliate,Partner Network,tablet,P003,10,8,7,1,1,0
2025-09-15,Affiliates,partners,affiliate,Partner Network,tablet,P004,15,12,10,2,1,1
2025-09-15,Affiliates,partners,affiliate,Partner Network,tablet,P005,9,7,6,1,1,0
2025-09-15,Affiliates,partners,affiliate,Partner Network,tablet,P006,14,11,10,2,1,1
2025-09-15,Affiliates,partners,affiliate,Partner Network,tablet,P007,8,6,5,1,1,0
2025-09-15,Affiliates,partners,affiliate,Partner Network,tablet,P008,13,10,9,2,1,1
2025-09-15,Affiliates,partners,affiliate,Partner Network,tablet,P009,7,6,5,1,0,0
2025-09-15,Affiliates,partners,affiliate,Partner Network,tablet,P010,12,10,8,2,1,1
2025-09-15,Affiliates,partners,affiliate,Partner Network,tablet,P011,17,14,12,2,1,1
2025-09-15,Affiliates,partners,affiliate,Partner Network,tablet,P012,11,9,7,1,1,1
2025-09-15,Paid Search,google,cpc,KSA Growth,mobile,P001,9,8,6,1,1,1
2025-09-15,Paid Search,google,cpc,KSA Growth,mobile,P002,5,4,4,1,0,0
2025-09-15,Paid Search,google,cpc,KSA Growth,mobile,P003,8,7,6,1,1,0
2025-09-15,Paid Search,google,cpc,KSA Growth,mobile,P004,4,4,3,0,0,0
2025-09-15,Paid Search,google,cpc,KSA Growth,mobile,P005,8,6,5,1,1,0
2025-09-15,Paid Search,google,cpc,KSA Growth,mobile,P006,11,9,8,1,1,1
2025-09-15,Paid Search,google,cpc,KSA Growth,mobile,P007,7,6,5,1,0,0
2025-09-15,Paid Search,google,cpc,KSA Growth,mobile,P008,10,9,7,1,1,1
2025-09-15,Paid Search,google,cpc,KSA Growth,mobile,P009,6,5,5,1,0,0
2025-09-15,Paid Search,google,cpc,KSA Growth,mobile,P010,9,8,7,1,1,1
2025-09-15,Paid Search,google,cpc,KSA Growth,mobile,P011,6,5,4,1,0,0
2025-09-15,Paid Search,google,cpc,KSA Growth,mobile,P012,9,7,6,1,1,0
2025-09-15,Paid Social,instagram,paid_social,Creator Offers,desktop,P001,10,8,7,2,1,1
2025-09-15,Paid Social,instagram,paid_social,Creator Offers,desktop,P002,6,5,5,1,0,0
2025-09-15,Paid Social,instagram,paid_social,Creator Offers,desktop,P003,9,7,7,1,1,1
2025-09-15,Paid Social,instagram,paid_social,Creator Offers,desktop,P004,6,5,4,1,0,0
2025-09-15,Paid Social,instagram,paid_social,Creator Offers,desktop,P005,8,7,7,1,1,1
2025-09-15,Paid Social,instagram,paid_social,Creator Offers,desktop,P006,5,4,4,1,0,0
2025-09-15,Paid Social,instagram,paid_social,Creator Offers,desktop,P007,8,6,6,1,1,0
2025-09-15,Paid Social,instagram,paid_social,Creator Offers,desktop,P008,4,4,3,1,0,0
2025-09-15,Paid Social,instagram,paid_social,Creator Offers,desktop,P009,7,6,6,1,1,0
2025-09-15,Paid Social,instagram,paid_social,Creator Offers,desktop,P010,4,3,3,1,0,0
2025-09-15,Paid Social,instagram,paid_social,Creator Offers,desktop,P011,7,6,5,1,1,0
2025-09-15,Paid Social,instagram,paid_social,Creator Offers,desktop,P012,9,8,7,2,1,1
2025-09-16,Organic Search,google,organic,Always-on SEO,mobile,P001,8,6,6,2,1,1
2025-09-16,Organic Search,google,organic,Always-on SEO,mobile,P002,11,9,9,2,1,1
2025-09-16,Organic Search,google,organic,Always-on SEO,mobile,P003,7,6,6,1,1,1
2025-09-16,Organic Search,google,organic,Always-on SEO,mobile,P004,11,8,8,2,1,1
2025-09-16,Organic Search,google,organic,Always-on SEO,mobile,P005,7,5,5,1,1,0
2025-09-16,Organic Search,google,organic,Always-on SEO,mobile,P006,10,8,8,2,1,1
2025-09-16,Organic Search,google,organic,Always-on SEO,mobile,P007,6,4,4,1,1,0
2025-09-16,Organic Search,google,organic,Always-on SEO,mobile,P008,9,7,7,2,1,1
2025-09-16,Organic Search,google,organic,Always-on SEO,mobile,P009,5,4,4,1,0,0
2025-09-16,Organic Search,google,organic,Always-on SEO,mobile,P010,9,6,6,2,1,1
2025-09-16,Organic Search,google,organic,Always-on SEO,mobile,P011,5,3,3,1,0,0
2025-09-16,Organic Search,google,organic,Always-on SEO,mobile,P012,8,6,6,1,1,1
2025-09-16,Direct,direct,none,Unassigned,desktop,P001,11,8,7,2,1,1
2025-09-16,Direct,direct,none,Unassigned,desktop,P002,6,5,4,1,1,0
2025-09-16,Direct,direct,none,Unassigned,desktop,P003,10,7,7,2,1,1
2025-09-16,Direct,direct,none,Unassigned,desktop,P004,6,4,4,1,1,0
2025-09-16,Direct,direct,none,Unassigned,desktop,P005,9,7,6,2,1,1
2025-09-16,Direct,direct,none,Unassigned,desktop,P006,5,4,3,1,1,0
2025-09-16,Direct,direct,none,Unassigned,desktop,P007,8,6,6,2,1,1
2025-09-16,Direct,direct,none,Unassigned,desktop,P008,12,9,8,2,2,1
2025-09-16,Direct,direct,none,Unassigned,desktop,P009,8,6,5,2,1,1
2025-09-16,Direct,direct,none,Unassigned,desktop,P010,11,9,8,2,1,1
2025-09-16,Direct,direct,none,Unassigned,desktop,P011,7,5,5,1,1,1
2025-09-16,Direct,direct,none,Unassigned,desktop,P012,11,8,7,2,1,1
2025-09-16,Email,newsletter,email,Lifecycle,tablet,P001,7,7,5,1,1,0
2025-09-16,Email,newsletter,email,Lifecycle,tablet,P002,13,11,9,2,1,1
2025-09-16,Email,newsletter,email,Lifecycle,tablet,P003,18,16,13,2,1,1
2025-09-16,Email,newsletter,email,Lifecycle,tablet,P004,12,10,8,2,1,1
2025-09-16,Email,newsletter,email,Lifecycle,tablet,P005,17,15,12,2,1,1
2025-09-16,Email,newsletter,email,Lifecycle,tablet,P006,11,9,8,1,1,1
2025-09-16,Email,newsletter,email,Lifecycle,tablet,P007,16,14,12,2,1,1
2025-09-16,Email,newsletter,email,Lifecycle,tablet,P008,10,8,7,1,1,0
2025-09-16,Email,newsletter,email,Lifecycle,tablet,P009,15,13,11,2,1,1
2025-09-16,Email,newsletter,email,Lifecycle,tablet,P010,9,7,6,1,1,0
2025-09-16,Email,newsletter,email,Lifecycle,tablet,P011,14,12,10,2,1,1
2025-09-16,Email,newsletter,email,Lifecycle,tablet,P012,7,7,5,1,0,0
2025-09-17,Paid Search,google,cpc,KSA Growth,desktop,P001,15,13,11,2,1,1
2025-09-17,Paid Search,google,cpc,KSA Growth,desktop,P002,8,7,6,1,1,0
2025-09-17,Paid Search,google,cpc,KSA Growth,desktop,P003,13,12,10,2,1,1
2025-09-17,Paid Search,google,cpc,KSA Growth,desktop,P004,19,17,14,3,2,1
2025-09-17,Paid Search,google,cpc,KSA Growth,desktop,P005,12,11,9,2,1,1
2025-09-17,Paid Search,google,cpc,KSA Growth,desktop,P006,18,16,14,2,1,1
2025-09-17,Paid Search,google,cpc,KSA Growth,desktop,P007,11,10,9,2,1,1
2025-09-17,Paid Search,google,cpc,KSA Growth,desktop,P008,17,15,13,2,1,1
2025-09-17,Paid Search,google,cpc,KSA Growth,desktop,P009,10,9,8,1,1,0
2025-09-17,Paid Search,google,cpc,KSA Growth,desktop,P010,16,14,12,2,1,1
2025-09-17,Paid Search,google,cpc,KSA Growth,desktop,P011,9,8,7,1,1,0
2025-09-17,Paid Search,google,cpc,KSA Growth,desktop,P012,15,13,11,2,1,1
2025-09-17,Paid Social,instagram,paid_social,Creator Offers,tablet,P001,9,8,6,1,1,1
2025-09-17,Paid Social,instagram,paid_social,Creator Offers,tablet,P002,5,5,4,1,0,0
2025-09-17,Paid Social,instagram,paid_social,Creator Offers,tablet,P003,8,7,6,1,1,0
2025-09-17,Paid Social,instagram,paid_social,Creator Offers,tablet,P004,5,4,3,1,0,0
2025-09-17,Paid Social,instagram,paid_social,Creator Offers,tablet,P005,7,7,5,1,1,0
2025-09-17,Paid Social,instagram,paid_social,Creator Offers,tablet,P006,4,4,3,1,0,0
2025-09-17,Paid Social,instagram,paid_social,Creator Offers,tablet,P007,7,6,5,1,0,0
2025-09-17,Paid Social,instagram,paid_social,Creator Offers,tablet,P008,4,3,3,0,0,0
2025-09-17,Paid Social,instagram,paid_social,Creator Offers,tablet,P009,6,6,4,1,0,0
2025-09-17,Paid Social,instagram,paid_social,Creator Offers,tablet,P010,9,8,6,1,1,1
2025-09-17,Paid Social,instagram,paid_social,Creator Offers,tablet,P011,6,5,4,1,0,0
2025-09-17,Paid Social,instagram,paid_social,Creator Offers,tablet,P012,9,7,6,1,1,1
2025-09-17,Affiliates,partners,affiliate,Partner Network,mobile,P001,5,4,4,1,0,0
2025-09-17,Affiliates,partners,affiliate,Partner Network,mobile,P002,8,6,6,1,1,1
2025-09-17,Affiliates,partners,affiliate,Partner Network,mobile,P003,4,3,3,1,0,0
2025-09-17,Affiliates,partners,affiliate,Partner Network,mobile,P004,7,6,6,1,1,0
2025-09-17,Affiliates,partners,affiliate,Partner Network,mobile,P005,10,8,8,2,1,1
2025-09-17,Affiliates,partners,affiliate,Partner Network,mobile,P006,7,5,5,1,1,0
2025-09-17,Affiliates,partners,affiliate,Partner Network,mobile,P007,10,7,8,2,1,1
2025-09-17,Affiliates,partners,affiliate,Partner Network,mobile,P008,6,5,5,1,1,0
2025-09-17,Affiliates,partners,affiliate,Partner Network,mobile,P009,9,7,7,1,1,1
2025-09-17,Affiliates,partners,affiliate,Partner Network,mobile,P010,5,4,4,1,0,0
2025-09-17,Affiliates,partners,affiliate,Partner Network,mobile,P011,9,7,7,1,1,1
2025-09-17,Affiliates,partners,affiliate,Partner Network,mobile,P012,5,4,4,1,0,0
2025-09-18,Direct,direct,none,Unassigned,tablet,P001,15,12,12,2,2,1
2025-09-18,Direct,direct,none,Unassigned,tablet,P002,9,7,7,1,1,1
2025-09-18,Direct,direct,none,Unassigned,tablet,P003,14,11,11,2,1,1
2025-09-18,Direct,direct,none,Unassigned,tablet,P004,8,6,6,1,1,0
2025-09-18,Direct,direct,none,Unassigned,tablet,P005,13,10,10,2,1,1
2025-09-18,Direct,direct,none,Unassigned,tablet,P006,18,14,14,3,2,1
2025-09-18,Direct,direct,none,Unassigned,tablet,P007,12,9,9,2,1,1
2025-09-18,Direct,direct,none,Unassigned,tablet,P008,17,13,14,3,2,1
2025-09-18,Direct,direct,none,Unassigned,tablet,P009,11,8,8,2,1,1
2025-09-18,Direct,direct,none,Unassigned,tablet,P010,16,13,13,2,2,1
2025-09-18,Direct,direct,none,Unassigned,tablet,P011,10,7,8,2,1,1
2025-09-18,Direct,direct,none,Unassigned,tablet,P012,15,12,12,2,2,1
2025-09-18,Email,newsletter,email,Lifecycle,mobile,P001,9,7,6,2,1,1
2025-09-18,Email,newsletter,email,Lifecycle,mobile,P002,6,5,4,1,1,0
2025-09-18,Email,newsletter,email,Lifecycle,mobile,P003,9,7,6,2,1,1
2025-09-18,Email,newsletter,email,Lifecycle,mobile,P004,5,4,4,1,0,0
2025-09-18,Email,newsletter,email,Lifecycle,mobile,P005,8,7,5,1,1,1
2025-09-18,Email,newsletter,email,Lifecycle,mobile,P006,5,4,3,1,0,0
2025-09-18,Email,newsletter,email,Lifecycle,mobile,P007,8,6,5,1,1,1
2025-09-18,Email,newsletter,email,Lifecycle,mobile,P008,4,3,3,1,0,0
2025-09-18,Email,newsletter,email,Lifecycle,mobile,P009,7,6,5,1,1,1
2025-09-18,Email,newsletter,email,Lifecycle,mobile,P010,4,3,2,1,0,0
2025-09-18,Email,newsletter,email,Lifecycle,mobile,P011,6,5,4,1,1,0
2025-09-18,Email,newsletter,email,Lifecycle,mobile,P012,9,7,6,2,1,1
2025-09-18,Organic Search,google,organic,Always-on SEO,desktop,P001,5,4,4,1,0,0
2025-09-18,Organic Search,google,organic,Always-on SEO,desktop,P002,8,6,6,1,1,1
2025-09-18,Organic Search,google,organic,Always-on SEO,desktop,P003,4,4,3,1,0,0
2025-09-18,Organic Search,google,organic,Always-on SEO,desktop,P004,7,6,5,1,1,1
2025-09-18,Organic Search,google,organic,Always-on SEO,desktop,P005,4,3,3,1,0,0
2025-09-18,Organic Search,google,organic,Always-on SEO,desktop,P006,7,5,5,1,1,0
2025-09-18,Organic Search,google,organic,Always-on SEO,desktop,P007,10,8,7,1,1,1
2025-09-18,Organic Search,google,organic,Always-on SEO,desktop,P008,6,5,5,1,0,0
2025-09-18,Organic Search,google,organic,Always-on SEO,desktop,P009,9,7,7,1,1,1
2025-09-18,Organic Search,google,organic,Always-on SEO,desktop,P010,6,5,4,1,0,0
2025-09-18,Organic Search,google,organic,Always-on SEO,desktop,P011,8,7,6,1,1,1
2025-09-18,Organic Search,google,organic,Always-on SEO,desktop,P012,5,4,4,1,0,0
2025-09-19,Paid Social,instagram,paid_social,Creator Offers,mobile,P001,10,9,7,2,1,1
2025-09-19,Paid Social,instagram,paid_social,Creator Offers,mobile,P002,6,5,4,1,1,0
2025-09-19,Paid Social,instagram,paid_social,Creator Offers,mobile,P003,9,8,6,2,1,1
2025-09-19,Paid Social,instagram,paid_social,Creator Offers,mobile,P004,5,5,4,1,1,0
2025-09-19,Paid Social,instagram,paid_social,Creator Offers,mobile,P005,9,7,6,2,1,1
2025-09-19,Paid Social,instagram,paid_social,Creator Offers,mobile,P006,5,4,3,1,0,0
2025-09-19,Paid Social,instagram,paid_social,Creator Offers,mobile,P007,8,7,6,1,1,1
2025-09-19,Paid Social,instagram,paid_social,Creator Offers,mobile,P008,12,10,8,2,1,1
2025-09-19,Paid Social,instagram,paid_social,Creator Offers,mobile,P009,7,6,5,1,1,1
2025-09-19,Paid Social,instagram,paid_social,Creator Offers,mobile,P010,11,9,7,2,1,1
2025-09-19,Paid Social,instagram,paid_social,Creator Offers,mobile,P011,7,6,5,1,1,0
2025-09-19,Paid Social,instagram,paid_social,Creator Offers,mobile,P012,10,8,7,2,1,1
2025-09-19,Affiliates,partners,affiliate,Partner Network,desktop,P001,7,6,5,1,1,0
2025-09-19,Affiliates,partners,affiliate,Partner Network,desktop,P002,12,10,9,2,1,1
2025-09-19,Affiliates,partners,affiliate,Partner Network,desktop,P003,18,14,12,2,1,1
2025-09-19,Affiliates,partners,affiliate,Partner Network,desktop,P004,11,9,8,1,1,1
2025-09-19,Affiliates,partners,affiliate,Partner Network,desktop,P005,17,13,11,2,1,1
2025-09-19,Affiliates,partners,affiliate,Partner Network,desktop,P006,10,8,7,1,1,1
2025-09-19,Affiliates,partners,affiliate,Partner Network,desktop,P007,16,13,11,2,1,1
2025-09-19,Affiliates,partners,affiliate,Partner Network,desktop,P008,9,8,6,1,1,1
2025-09-19,Affiliates,partners,affiliate,Partner Network,desktop,P009,15,12,10,2,1,1
2025-09-19,Affiliates,partners,affiliate,Partner Network,desktop,P010,8,7,6,1,1,0
2025-09-19,Affiliates,partners,affiliate,Partner Network,desktop,P011,13,11,9,2,1,1
2025-09-19,Affiliates,partners,affiliate,Partner Network,desktop,P012,7,6,5,1,1,0
2025-09-19,Paid Search,google,cpc,KSA Growth,tablet,P001,7,6,5,1,1,1
2025-09-19,Paid Search,google,cpc,KSA Growth,tablet,P002,11,10,8,2,1,1
2025-09-19,Paid Search,google,cpc,KSA Growth,tablet,P003,7,6,5,1,1,0
2025-09-19,Paid Search,google,cpc,KSA Growth,tablet,P004,10,9,7,2,1,1
2025-09-19,Paid Search,google,cpc,KSA Growth,tablet,P005,6,5,4,1,1,0
2025-09-19,Paid Search,google,cpc,KSA Growth,tablet,P006,9,8,7,2,1,1
2025-09-19,Paid Search,google,cpc,KSA Growth,tablet,P007,5,5,4,1,1,0
2025-09-19,Paid Search,google,cpc,KSA Growth,tablet,P008,9,8,6,2,1,1
2025-09-19,Paid Search,google,cpc,KSA Growth,tablet,P009,12,11,9,2,1,1
2025-09-19,Paid Search,google,cpc,KSA Growth,tablet,P010,8,7,6,2,1,1
2025-09-19,Paid Search,google,cpc,KSA Growth,tablet,P011,12,10,9,2,1,1
2025-09-19,Paid Search,google,cpc,KSA Growth,tablet,P012,7,6,5,1,1,1
2025-09-20,Email,newsletter,email,Lifecycle,desktop,P001,16,12,13,4,2,1
2025-09-20,Email,newsletter,email,Lifecycle,desktop,P002,10,7,8,2,1,1
2025-09-20,Email,newsletter,email,Lifecycle,desktop,P003,15,11,12,3,2,1
2025-09-20,Email,newsletter,email,Lifecycle,desktop,P004,9,7,7,2,1,1
2025-09-20,Email,newsletter,email,Lifecycle,desktop,P005,14,10,11,3,2,1
2025-09-20,Email,newsletter,email,Lifecycle,desktop,P006,8,6,6,2,1,1
2025-09-20,Email,newsletter,email,Lifecycle,desktop,P007,13,10,11,3,2,1
2025-09-20,Email,newsletter,email,Lifecycle,desktop,P008,7,5,6,1,1,0
2025-09-20,Email,newsletter,email,Lifecycle,desktop,P009,12,9,10,3,2,1
2025-09-20,Email,newsletter,email,Lifecycle,desktop,P010,17,12,14,4,2,1
2025-09-20,Email,newsletter,email,Lifecycle,desktop,P011,11,8,9,2,2,1
2025-09-20,Email,newsletter,email,Lifecycle,desktop,P012,16,12,13,4,2,1
2025-09-20,Organic Search,google,organic,Always-on SEO,tablet,P001,9,8,7,2,1,0
2025-09-20,Organic Search,google,organic,Always-on SEO,tablet,P002,15,12,12,3,2,1
2025-09-20,Organic Search,google,organic,Always-on SEO,tablet,P003,8,7,7,2,1,0
2025-09-20,Organic Search,google,organic,Always-on SEO,tablet,P004,14,11,11,3,2,1
2025-09-20,Organic Search,google,organic,Always-on SEO,tablet,P005,19,16,16,4,2,1
2025-09-20,Organic Search,google,organic,Always-on SEO,tablet,P006,13,10,10,2,1,1
2025-09-20,Organic Search,google,organic,Always-on SEO,tablet,P007,18,15,15,3,2,1
2025-09-20,Organic Search,google,organic,Always-on SEO,tablet,P008,12,9,9,2,1,1
2025-09-20,Organic Search,google,organic,Always-on SEO,tablet,P009,17,14,14,3,2,1
2025-09-20,Organic Search,google,organic,Always-on SEO,tablet,P010,10,8,8,2,1,1
2025-09-20,Organic Search,google,organic,Always-on SEO,tablet,P011,16,13,13,3,2,1
2025-09-20,Organic Search,google,organic,Always-on SEO,tablet,P012,9,8,7,2,1,0
2025-09-20,Direct,direct,none,Unassigned,mobile,P001,8,7,6,1,1,0
2025-09-20,Direct,direct,none,Unassigned,mobile,P002,12,10,9,2,1,1
2025-09-20,Direct,direct,none,Unassigned,mobile,P003,8,6,6,1,1,0
2025-09-20,Direct,direct,none,Unassigned,mobile,P004,11,9,8,2,1,1
2025-09-20,Direct,direct,none,Unassigned,mobile,P005,7,5,5,1,1,0
2025-09-20,Direct,direct,none,Unassigned,mobile,P006,11,9,8,2,1,1
2025-09-20,Direct,direct,none,Unassigned,mobile,P007,6,5,4,1,1,0
2025-09-20,Direct,direct,none,Unassigned,mobile,P008,10,8,7,2,1,1
2025-09-20,Direct,direct,none,Unassigned,mobile,P009,5,4,4,1,0,0
2025-09-20,Direct,direct,none,Unassigned,mobile,P010,9,7,7,2,1,0
2025-09-20,Direct,direct,none,Unassigned,mobile,P011,13,10,10,2,1,1
2025-09-20,Direct,direct,none,Unassigned,mobile,P012,8,7,6,1,1,0
2025-09-21,Affiliates,partners,affiliate,Partner Network,tablet,P001,24,21,19,5,3,1
2025-09-21,Affiliates,partners,affiliate,Partner Network,tablet,P002,16,13,12,3,2,1
2025-09-21,Affiliates,partners,affiliate,Partner Network,tablet,P003,23,19,18,4,2,1
2025-09-21,Affiliates,partners,affiliate,Partner Network,tablet,P004,14,12,11,3,1,1
2025-09-21,Affiliates,partners,affiliate,Partner Network,tablet,P005,21,18,17,4,2,1
2025-09-21,Affiliates,partners,affiliate,Partner Network,tablet,P006,13,11,10,2,1,0
2025-09-21,Affiliates,partners,affiliate,Partner Network,tablet,P007,20,17,15,4,2,1
2025-09-21,Affiliates,partners,affiliate,Partner Network,tablet,P008,11,10,9,2,1,0
2025-09-21,Affiliates,partners,affiliate,Partner Network,tablet,P009,19,16,14,3,2,1
2025-09-21,Affiliates,partners,affiliate,Partner Network,tablet,P010,10,8,8,2,1,0
2025-09-21,Affiliates,partners,affiliate,Partner Network,tablet,P011,17,14,13,3,2,1
2025-09-21,Affiliates,partners,affiliate,Partner Network,tablet,P012,24,21,19,4,3,1
2025-09-21,Paid Search,google,cpc,KSA Growth,mobile,P001,14,11,9,2,1,0
2025-09-21,Paid Search,google,cpc,KSA Growth,mobile,P002,21,17,15,3,2,1
2025-09-21,Paid Search,google,cpc,KSA Growth,mobile,P003,12,10,8,2,1,0
2025-09-21,Paid Search,google,cpc,KSA Growth,mobile,P004,20,16,14,2,2,1
2025-09-21,Paid Search,google,cpc,KSA Growth,mobile,P005,10,9,7,1,1,0
2025-09-21,Paid Search,google,cpc,KSA Growth,mobile,P006,18,15,13,2,1,1
2025-09-21,Paid Search,google,cpc,KSA Growth,mobile,P007,26,21,18,3,2,1
2025-09-21,Paid Search,google,cpc,KSA Growth,mobile,P008,17,14,12,2,1,1
2025-09-21,Paid Search,google,cpc,KSA Growth,mobile,P009,24,20,17,3,2,1
2025-09-21,Paid Search,google,cpc,KSA Growth,mobile,P010,15,13,11,2,1,0
2025-09-21,Paid Search,google,cpc,KSA Growth,mobile,P011,23,19,16,3,2,1
2025-09-21,Paid Search,google,cpc,KSA Growth,mobile,P012,13,11,9,2,1,0
2025-09-21,Paid Social,instagram,paid_social,Creator Offers,desktop,P001,16,12,11,2,1,1
2025-09-21,Paid Social,instagram,paid_social,Creator Offers,desktop,P002,23,18,16,3,2,1
2025-09-21,Paid Social,instagram,paid_social,Creator Offers,desktop,P003,15,11,10,2,1,0
2025-09-21,Paid Social,instagram,paid_social,Creator Offers,desktop,P004,22,16,15,3,2,1
2025-09-21,Paid Social,instagram,paid_social,Creator Offers,desktop,P005,13,10,9,2,1,0
2025-09-21,Paid Social,instagram,paid_social,Creator Offers,desktop,P006,20,15,14,3,1,1
2025-09-21,Paid Social,instagram,paid_social,Creator Offers,desktop,P007,12,9,8,2,1,0
2025-09-21,Paid Social,instagram,paid_social,Creator Offers,desktop,P008,19,14,13,2,1,1
2025-09-21,Paid Social,instagram,paid_social,Creator Offers,desktop,P009,11,8,7,1,1,0
2025-09-21,Paid Social,instagram,paid_social,Creator Offers,desktop,P010,18,13,12,2,1,1
2025-09-21,Paid Social,instagram,paid_social,Creator Offers,desktop,P011,9,7,7,1,1,0
2025-09-21,Paid Social,instagram,paid_social,Creator Offers,desktop,P012,16,12,11,2,1,0
2025-09-22,Organic Search,google,organic,Always-on SEO,mobile,P001,5,5,4,1,0,0
2025-09-22,Organic Search,google,organic,Always-on SEO,mobile,P002,9,8,7,1,1,0
2025-09-22,Organic Search,google,organic,Always-on SEO,mobile,P003,12,11,10,2,1,1
2025-09-22,Organic Search,google,organic,Always-on SEO,mobile,P004,8,7,6,1,1,0
2025-09-22,Organic Search,google,organic,Always-on SEO,mobile,P005,12,10,9,2,1,1
2025-09-22,Organic Search,google,organic,Always-on SEO,mobile,P006,7,7,6,1,1,0
2025-09-22,Organic Search,google,organic,Always-on SEO,mobile,P007,11,10,9,2,1,1
2025-09-22,Organic Search,google,organic,Always-on SEO,mobile,P008,7,6,5,1,1,0
2025-09-22,Organic Search,google,organic,Always-on SEO,mobile,P009,10,9,8,2,1,1
2025-09-22,Organic Search,google,organic,Always-on SEO,mobile,P010,6,5,5,1,1,0
2025-09-22,Organic Search,google,organic,Always-on SEO,mobile,P011,9,9,8,1,1,1
2025-09-22,Organic Search,google,organic,Always-on SEO,mobile,P012,5,5,4,1,0,0
2025-09-22,Direct,direct,none,Unassigned,desktop,P001,16,12,13,3,2,1
2025-09-22,Direct,direct,none,Unassigned,desktop,P002,23,17,19,5,4,2
2025-09-22,Direct,direct,none,Unassigned,desktop,P003,14,10,11,3,2,1
2025-09-22,Direct,direct,none,Unassigned,desktop,P004,22,16,17,5,3,2
2025-09-22,Direct,direct,none,Unassigned,desktop,P005,13,9,10,3,2,1
2025-09-22,Direct,direct,none,Unassigned,desktop,P006,20,15,16,4,3,2
2025-09-22,Direct,direct,none,Unassigned,desktop,P007,11,8,9,2,2,1
2025-09-22,Direct,direct,none,Unassigned,desktop,P008,19,14,15,4,3,1
2025-09-22,Direct,direct,none,Unassigned,desktop,P009,27,20,21,6,4,2
2025-09-22,Direct,direct,none,Unassigned,desktop,P010,17,13,14,4,3,1
2025-09-22,Direct,direct,none,Unassigned,desktop,P011,25,18,20,6,4,2
2025-09-22,Direct,direct,none,Unassigned,desktop,P012,16,11,12,3,2,1
2025-09-22,Email,newsletter,email,Lifecycle,tablet,P001,14,12,11,2,2,1
2025-09-22,Email,newsletter,email,Lifecycle,tablet,P002,8,7,6,1,1,0
2025-09-22,Email,newsletter,email,Lifecycle,tablet,P003,13,11,10,2,1,1
2025-09-22,Email,newsletter,email,Lifecycle,tablet,P004,19,16,15,3,2,1
2025-09-22,Email,newsletter,email,Lifecycle,tablet,P005,12,10,9,2,1,0
2025-09-22,Email,newsletter,email,Lifecycle,tablet,P006,17,15,14,3,2,1
2025-09-22,Email,newsletter,email,Lifecycle,tablet,P007,11,9,9,2,1,0
2025-09-22,Email,newsletter,email,Lifecycle,tablet,P008,16,14,13,3,2,1
2025-09-22,Email,newsletter,email,Lifecycle,tablet,P009,10,8,8,2,1,0
2025-09-22,Email,newsletter,email,Lifecycle,tablet,P010,15,13,12,3,2,1
2025-09-22,Email,newsletter,email,Lifecycle,tablet,P011,9,7,7,2,1,0
2025-09-22,Email,newsletter,email,Lifecycle,tablet,P012,14,12,11,2,2,1
2025-09-23,Paid Search,google,cpc,KSA Growth,desktop,P001,9,8,6,1,1,0
2025-09-23,Paid Search,google,cpc,KSA Growth,desktop,P002,15,13,10,2,2,1
2025-09-23,Paid Search,google,cpc,KSA Growth,desktop,P003,8,7,5,1,1,0
2025-09-23,Paid Search,google,cpc,KSA Growth,desktop,P004,14,12,9,2,2,1
2025-09-23,Paid Search,google,cpc,KSA Growth,desktop,P005,19,17,12,3,2,1
2025-09-23,Paid Search,google,cpc,KSA Growth,desktop,P006,12,11,8,2,1,1
2025-09-23,Paid Search,google,cpc,KSA Growth,desktop,P007,18,16,12,3,2,1
2025-09-23,Paid Search,google,cpc,KSA Growth,desktop,P008,11,10,7,2,1,1
2025-09-23,Paid Search,google,cpc,KSA Growth,desktop,P009,17,15,11,3,2,1
2025-09-23,Paid Search,google,cpc,KSA Growth,desktop,P010,10,9,7,2,1,0
2025-09-23,Paid Search,google,cpc,KSA Growth,desktop,P011,16,14,10,3,2,1
2025-09-23,Paid Search,google,cpc,KSA Growth,desktop,P012,9,8,6,1,1,0
2025-09-23,Paid Social,instagram,paid_social,Creator Offers,tablet,P001,13,11,9,2,2,1
2025-09-23,Paid Social,instagram,paid_social,Creator Offers,tablet,P002,20,15,13,3,2,1
2025-09-23,Paid Social,instagram,paid_social,Creator Offers,tablet,P003,12,10,8,2,1,0
2025-09-23,Paid Social,instagram,paid_social,Creator Offers,tablet,P004,18,14,12,3,2,1
2025-09-23,Paid Social,instagram,paid_social,Creator Offers,tablet,P005,11,9,7,2,1,0
2025-09-23,Paid Social,instagram,paid_social,Creator Offers,tablet,P006,17,13,11,3,2,1
2025-09-23,Paid Social,instagram,paid_social,Creator Offers,tablet,P007,10,8,6,2,1,0
2025-09-23,Paid Social,instagram,paid_social,Creator Offers,tablet,P008,16,12,11,3,2,1
2025-09-23,Paid Social,instagram,paid_social,Creator Offers,tablet,P009,9,7,6,2,1,0
2025-09-23,Paid Social,instagram,paid_social,Creator Offers,tablet,P010,15,12,10,3,2,1
2025-09-23,Paid Social,instagram,paid_social,Creator Offers,tablet,P011,21,16,14,4,2,1
2025-09-23,Paid Social,instagram,paid_social,Creator Offers,tablet,P012,13,11,9,2,1,0
2025-09-23,Affiliates,partners,affiliate,Partner Network,mobile,P001,10,8,7,2,1,1
2025-09-23,Affiliates,partners,affiliate,Partner Network,mobile,P002,6,4,4,1,1,0
2025-09-23,Affiliates,partners,affiliate,Partner Network,mobile,P003,9,7,7,2,1,0
2025-09-23,Affiliates,partners,affiliate,Partner Network,mobile,P004,5,4,3,1,1,0
2025-09-23,Affiliates,partners,affiliate,Partner Network,mobile,P005,9,7,6,2,1,0
2025-09-23,Affiliates,partners,affiliate,Partner Network,mobile,P006,12,9,9,3,1,1
2025-09-23,Affiliates,partners,affiliate,Partner Network,mobile,P007,8,6,6,2,1,0
2025-09-23,Affiliates,partners,affiliate,Partner Network,mobile,P008,12,9,8,2,1,1
2025-09-23,Affiliates,partners,affiliate,Partner Network,mobile,P009,7,5,5,1,1,0
2025-09-23,Affiliates,partners,affiliate,Partner Network,mobile,P010,11,8,8,2,1,1
2025-09-23,Affiliates,partners,affiliate,Partner Network,mobile,P011,6,5,5,1,1,0
2025-09-23,Affiliates,partners,affiliate,Partner Network,mobile,P012,10,8,7,2,1,1
2025-09-24,Direct,direct,none,Unassigned,tablet,P001,7,5,5,1,1,0
2025-09-24,Direct,direct,none,Unassigned,tablet,P002,10,9,8,2,1,1
2025-09-24,Direct,direct,none,Unassigned,tablet,P003,6,5,5,1,0,0
2025-09-24,Direct,direct,none,Unassigned,tablet,P004,10,8,8,2,1,1
2025-09-24,Direct,direct,none,Unassigned,tablet,P005,5,4,4,1,0,0
2025-09-24,Direct,direct,none,Unassigned,tablet,P006,9,7,7,1,1,0
2025-09-24,Direct,direct,none,Unassigned,tablet,P007,12,10,10,2,1,1
2025-09-24,Direct,direct,none,Unassigned,tablet,P008,8,7,7,1,1,0
2025-09-24,Direct,direct,none,Unassigned,tablet,P009,12,10,10,2,1,1
2025-09-24,Direct,direct,none,Unassigned,tablet,P010,7,6,6,1,1,0
2025-09-24,Direct,direct,none,Unassigned,tablet,P011,11,9,9,2,1,1
2025-09-24,Direct,direct,none,Unassigned,tablet,P012,7,5,5,1,0,0
2025-09-24,Email,newsletter,email,Lifecycle,mobile,P001,10,8,8,2,1,1
2025-09-24,Email,newsletter,email,Lifecycle,mobile,P002,14,12,11,2,2,1
2025-09-24,Email,newsletter,email,Lifecycle,mobile,P003,9,7,7,2,1,0
2025-09-24,Email,newsletter,email,Lifecycle,mobile,P004,13,11,10,2,1,1
2025-09-24,Email,newsletter,email,Lifecycle,mobile,P005,8,7,6,1,1,0
2025-09-24,Email,newsletter,email,Lifecycle,mobile,P006,13,10,9,2,1,1
2025-09-24,Email,newsletter,email,Lifecycle,mobile,P007,8,6,6,1,1,0
2025-09-24,Email,newsletter,email,Lifecycle,mobile,P008,12,9,9,2,1,1
2025-09-24,Email,newsletter,email,Lifecycle,mobile,P009,7,5,5,1,1,0
2025-09-24,Email,newsletter,email,Lifecycle,mobile,P010,11,9,8,2,1,1
2025-09-24,Email,newsletter,email,Lifecycle,mobile,P011,6,5,4,1,1,0
2025-09-24,Email,newsletter,email,Lifecycle,mobile,P012,10,8,8,2,1,0
2025-09-24,Organic Search,google,organic,Always-on SEO,desktop,P001,13,10,9,2,1,1
2025-09-24,Organic Search,google,organic,Always-on SEO,desktop,P002,8,6,5,1,0,0
2025-09-24,Organic Search,google,organic,Always-on SEO,desktop,P003,12,9,8,1,1,0
2025-09-24,Organic Search,google,organic,Always-on SEO,desktop,P004,7,5,5,1,0,0
2025-09-24,Organic Search,google,organic,Always-on SEO,desktop,P005,11,8,7,1,1,0
2025-09-24,Organic Search,google,organic,Always-on SEO,desktop,P006,6,5,4,1,0,0
2025-09-24,Organic Search,google,organic,Always-on SEO,desktop,P007,10,8,7,1,1,0
2025-09-24,Organic Search,google,organic,Always-on SEO,desktop,P008,15,11,10,2,1,1
2025-09-24,Organic Search,google,organic,Always-on SEO,desktop,P009,10,7,6,1,1,0
2025-09-24,Organic Search,google,organic,Always-on SEO,desktop,P010,14,10,9,2,1,1
2025-09-24,Organic Search,google,organic,Always-on SEO,desktop,P011,9,6,6,1,1,0
2025-09-24,Organic Search,google,organic,Always-on SEO,desktop,P012,13,10,8,1,1,1
2025-09-25,Paid Social,instagram,paid_social,Creator Offers,mobile,P001,9,8,7,2,1,1
2025-09-25,Paid Social,instagram,paid_social,Creator Offers,mobile,P002,13,12,11,3,2,1
2025-09-25,Paid Social,instagram,paid_social,Creator Offers,mobile,P003,8,7,6,2,1,0
2025-09-25,Paid Social,instagram,paid_social,Creator Offers,mobile,P004,12,11,10,3,2,1
2025-09-25,Paid Social,instagram,paid_social,Creator Offers,mobile,P005,7,6,6,2,1,0
2025-09-25,Paid Social,instagram,paid_social,Creator Offers,mobile,P006,12,10,9,3,1,1
2025-09-25,Paid Social,instagram,paid_social,Creator Offers,mobile,P007,6,5,5,1,1,0
2025-09-25,Paid Social,instagram,paid_social,Creator Offers,mobile,P008,11,9,9,2,1,1
2025-09-25,Paid Social,instagram,paid_social,Creator Offers,mobile,P009,15,13,12,4,2,1
2025-09-25,Paid Social,instagram,paid_social,Creator Offers,mobile,P010,10,8,8,2,1,1
2025-09-25,Paid Social,instagram,paid_social,Creator Offers,mobile,P011,14,12,12,3,2,1
2025-09-25,Paid Social,instagram,paid_social,Creator Offers,mobile,P012,9,8,7,2,1,1
2025-09-25,Affiliates,partners,affiliate,Partner Network,desktop,P001,10,9,7,1,1,0
2025-09-25,Affiliates,partners,affiliate,Partner Network,desktop,P002,5,5,4,1,0,0
2025-09-25,Affiliates,partners,affiliate,Partner Network,desktop,P003,9,8,6,1,1,0
2025-09-25,Affiliates,partners,affiliate,Partner Network,desktop,P004,13,12,9,2,1,1
2025-09-25,Affiliates,partners,affiliate,Partner Network,desktop,P005,9,8,6,1,0,0
2025-09-25,Affiliates,partners,affiliate,Partner Network,desktop,P006,13,11,8,2,1,1
2025-09-25,Affiliates,partners,affiliate,Partner Network,desktop,P007,8,7,5,1,0,0
2025-09-25,Affiliates,partners,affiliate,Partner Network,desktop,P008,12,11,8,1,1,1
2025-09-25,Affiliates,partners,affiliate,Partner Network,desktop,P009,7,6,5,1,0,0
2025-09-25,Affiliates,partners,affiliate,Partner Network,desktop,P010,11,10,7,1,1,1
2025-09-25,Affiliates,partners,affiliate,Partner Network,desktop,P011,6,6,4,1,0,0
2025-09-25,Affiliates,partners,affiliate,Partner Network,desktop,P012,10,9,7,1,1,0
2025-09-25,Paid Search,google,cpc,KSA Growth,tablet,P001,27,20,20,5,3,2
2025-09-25,Paid Search,google,cpc,KSA Growth,tablet,P002,17,12,13,3,2,1
2025-09-25,Paid Search,google,cpc,KSA Growth,tablet,P003,25,19,19,5,3,2
2025-09-25,Paid Search,google,cpc,KSA Growth,tablet,P004,15,11,11,3,2,1
2025-09-25,Paid Search,google,cpc,KSA Growth,tablet,P005,23,17,17,4,3,2
2025-09-25,Paid Search,google,cpc,KSA Growth,tablet,P006,13,10,10,3,2,1
2025-09-25,Paid Search,google,cpc,KSA Growth,tablet,P007,22,16,16,4,3,2
2025-09-25,Paid Search,google,cpc,KSA Growth,tablet,P008,12,9,9,2,1,1
2025-09-25,Paid Search,google,cpc,KSA Growth,tablet,P009,20,15,15,4,3,1
2025-09-25,Paid Search,google,cpc,KSA Growth,tablet,P010,28,21,21,5,4,2
2025-09-25,Paid Search,google,cpc,KSA Growth,tablet,P011,18,14,14,4,2,1
2025-09-25,Paid Search,google,cpc,KSA Growth,tablet,P012,27,20,20,5,3,2
2025-09-26,Email,newsletter,email,Lifecycle,desktop,P001,10,8,7,2,1,1
2025-09-26,Email,newsletter,email,Lifecycle,desktop,P002,14,11,11,3,2,1
2025-09-26,Email,newsletter,email,Lifecycle,desktop,P003,9,7,7,2,1,1
2025-09-26,Email,newsletter,email,Lifecycle,desktop,P004,13,11,10,3,2,1
2025-09-26,Email,newsletter,email,Lifecycle,desktop,P005,8,6,6,2,1,1
2025-09-26,Email,newsletter,email,Lifecycle,desktop,P006,13,10,10,3,2,1
2025-09-26,Email,newsletter,email,Lifecycle,desktop,P007,7,6,5,2,1,1
2025-09-26,Email,newsletter,email,Lifecycle,desktop,P008,12,9,9,3,2,1
2025-09-26,Email,newsletter,email,Lifecycle,desktop,P009,6,5,5,1,1,0
2025-09-26,Email,newsletter,email,Lifecycle,desktop,P010,11,9,8,2,1,1
2025-09-26,Email,newsletter,email,Lifecycle,desktop,P011,15,12,12,3,2,1
2025-09-26,Email,newsletter,email,Lifecycle,desktop,P012,10,8,7,2,1,1
2025-09-26,Organic Search,google,organic,Always-on SEO,tablet,P001,11,10,8,2,1,1
2025-09-26,Organic Search,google,organic,Always-on SEO,tablet,P002,6,6,5,1,1,0
2025-09-26,Organic Search,google,organic,Always-on SEO,tablet,P003,10,9,7,2,1,1
2025-09-26,Organic Search,google,organic,Always-on SEO,tablet,P004,6,5,4,1,1,0
2025-09-26,Organic Search,google,organic,Always-on SEO,tablet,P005,10,8,7,2,1,1
2025-09-26,Organic Search,google,organic,Always-on SEO,tablet,P006,13,12,10,3,2,1
2025-09-26,Organic Search,google,organic,Always-on SEO,tablet,P007,9,8,6,2,1,1
2025-09-26,Organic Search,google,organic,Always-on SEO,tablet,P008,13,11,9,2,1,1
2025-09-26,Organic Search,google,organic,Always-on SEO,tablet,P009,8,7,6,2,1,1
2025-09-26,Organic Search,google,organic,Always-on SEO,tablet,P010,12,10,9,2,1,1
2025-09-26,Organic Search,google,organic,Always-on SEO,tablet,P011,7,6,5,1,1,1
2025-09-26,Organic Search,google,organic,Always-on SEO,tablet,P012,11,10,8,2,1,1
2025-09-26,Direct,direct,none,Unassigned,mobile,P001,12,8,9,2,1,1
2025-09-26,Direct,direct,none,Unassigned,mobile,P002,7,6,6,1,1,0
2025-09-26,Direct,direct,none,Unassigned,mobile,P003,11,8,8,2,1,1
2025-09-26,Direct,direct,none,Unassigned,mobile,P004,7,5,5,1,1,0
2025-09-26,Direct,direct,none,Unassigned,mobile,P005,10,7,8,2,1,1
2025-09-26,Direct,direct,none,Unassigned,mobile,P006,6,5,5,1,1,0
2025-09-26,Direct,direct,none,Unassigned,mobile,P007,9,7,7,2,1,1
2025-09-26,Direct,direct,none,Unassigned,mobile,P008,5,4,4,1,0,0
2025-09-26,Direct,direct,none,Unassigned,mobile,P009,9,6,7,2,1,1
2025-09-26,Direct,direct,none,Unassigned,mobile,P010,5,4,4,1,0,0
2025-09-26,Direct,direct,none,Unassigned,mobile,P011,8,6,6,1,1,0
2025-09-26,Direct,direct,none,Unassigned,mobile,P012,12,8,9,2,1,1
2025-09-27,Affiliates,partners,affiliate,Partner Network,tablet,P001,9,7,6,1,1,0
2025-09-27,Affiliates,partners,affiliate,Partner Network,tablet,P002,13,10,8,2,1,1
2025-09-27,Affiliates,partners,affiliate,Partner Network,tablet,P003,8,7,5,1,0,0
2025-09-27,Affiliates,partners,affiliate,Partner Network,tablet,P004,12,10,8,1,1,1
2025-09-27,Affiliates,partners,affiliate,Partner Network,tablet,P005,8,6,5,1,0,0
2025-09-27,Affiliates,partners,affiliate,Partner Network,tablet,P006,11,9,7,1,1,1
2025-09-27,Affiliates,partners,affiliate,Partner Network,tablet,P007,7,5,4,1,0,0
2025-09-27,Affiliates,partners,affiliate,Partner Network,tablet,P008,10,9,7,1,1,1
2025-09-27,Affiliates,partners,affiliate,Partner Network,tablet,P009,6,5,4,1,0,0
2025-09-27,Affiliates,partners,affiliate,Partner Network,tablet,P010,10,8,6,1,1,1
2025-09-27,Affiliates,partners,affiliate,Partner Network,tablet,P011,5,4,4,1,0,0
2025-09-27,Affiliates,partners,affiliate,Partner Network,tablet,P012,9,7,6,1,1,0
2025-09-27,Paid Search,google,cpc,KSA Growth,mobile,P001,12,9,8,2,1,1
2025-09-27,Paid Search,google,cpc,KSA Growth,mobile,P002,7,6,5,1,1,0
2025-09-27,Paid Search,google,cpc,KSA Growth,mobile,P003,11,9,7,2,1,1
2025-09-27,Paid Search,google,cpc,KSA Growth,mobile,P004,6,5,4,1,1,0
2025-09-27,Paid Search,google,cpc,KSA Growth,mobile,P005,10,8,7,2,1,1
2025-09-27,Paid Search,google,cpc,KSA Growth,mobile,P006,6,4,4,1,1,0
2025-09-27,Paid Search,google,cpc,KSA Growth,mobile,P007,10,8,6,1,1,1
2025-09-27,Paid Search,google,cpc,KSA Growth,mobile,P008,14,11,9,2,1,1
2025-09-27,Paid Search,google,cpc,KSA Growth,mobile,P009,9,7,6,1,1,1
2025-09-27,Paid Search,google,cpc,KSA Growth,mobile,P010,13,10,9,2,1,1
2025-09-27,Paid Search,google,cpc,KSA Growth,mobile,P011,8,6,5,1,1,0
2025-09-27,Paid Search,google,cpc,KSA Growth,mobile,P012,12,9,8,2,1,1
2025-09-27,Paid Social,instagram,paid_social,Creator Offers,desktop,P001,7,6,5,1,0,0
2025-09-27,Paid Social,instagram,paid_social,Creator Offers,desktop,P002,12,10,8,1,1,0
2025-09-27,Paid Social,instagram,paid_social,Creator Offers,desktop,P003,18,15,11,2,1,1
2025-09-27,Paid Social,instagram,paid_social,Creator Offers,desktop,P004,11,10,7,1,1,0
2025-09-27,Paid Social,instagram,paid_social,Creator Offers,desktop,P005,17,14,10,2,1,1
2025-09-27,Paid Social,instagram,paid_social,Creator Offers,desktop,P006,10,9,6,1,1,0
2025-09-27,Paid Social,instagram,paid_social,Creator Offers,desktop,P007,15,13,10,2,1,1
2025-09-27,Paid Social,instagram,paid_social,Creator Offers,desktop,P008,9,8,6,1,1,0
2025-09-27,Paid Social,instagram,paid_social,Creator Offers,desktop,P009,14,12,9,2,1,1
2025-09-27,Paid Social,instagram,paid_social,Creator Offers,desktop,P010,8,7,5,1,0,0
2025-09-27,Paid Social,instagram,paid_social,Creator Offers,desktop,P011,13,11,8,2,1,1
2025-09-27,Paid Social,instagram,paid_social,Creator Offers,desktop,P012,7,6,4,1,0,0
2025-09-28,Organic Search,google,organic,Always-on SEO,mobile,P001,15,12,12,3,2,1
2025-09-28,Organic Search,google,organic,Always-on SEO,mobile,P002,8,6,6,1,1,1
2025-09-28,Organic Search,google,organic,Always-on SEO,mobile,P003,13,11,11,2,1,1
2025-09-28,Organic Search,google,organic,Always-on SEO,mobile,P004,19,15,15,4,2,1
2025-09-28,Organic Search,google,organic,Always-on SEO,mobile,P005,12,10,10,2,1,1
2025-09-28,Organic Search,google,organic,Always-on SEO,mobile,P006,18,14,15,3,2,1
2025-09-28,Organic Search,google,organic,Always-on SEO,mobile,P007,11,9,9,2,1,1
2025-09-28,Organic Search,google,organic,Always-on SEO,mobile,P008,17,13,14,3,2,1
2025-09-28,Organic Search,google,organic,Always-on SEO,mobile,P009,10,8,8,2,1,1
2025-09-28,Organic Search,google,organic,Always-on SEO,mobile,P010,16,13,13,3,2,1
2025-09-28,Organic Search,google,organic,Always-on SEO,mobile,P011,9,7,7,2,1,1
2025-09-28,Organic Search,google,organic,Always-on SEO,mobile,P012,15,12,12,3,2,1
2025-09-28,Direct,direct,none,Unassigned,desktop,P001,18,15,13,3,1,1
2025-09-28,Direct,direct,none,Unassigned,desktop,P002,11,10,8,2,1,1
2025-09-28,Direct,direct,none,Unassigned,desktop,P003,17,14,12,2,1,1
2025-09-28,Direct,direct,none,Unassigned,desktop,P004,10,9,7,1,1,0
2025-09-28,Direct,direct,none,Unassigned,desktop,P005,15,13,11,2,1,1
2025-09-28,Direct,direct,none,Unassigned,desktop,P006,9,8,6,1,1,0
2025-09-28,Direct,direct,none,Unassigned,desktop,P007,14,12,10,2,1,1
2025-09-28,Direct,direct,none,Unassigned,desktop,P008,8,7,6,1,1,0
2025-09-28,Direct,direct,none,Unassigned,desktop,P009,13,11,9,2,1,1
2025-09-28,Direct,direct,none,Unassigned,desktop,P010,19,16,13,3,1,1
2025-09-28,Direct,direct,none,Unassigned,desktop,P011,12,10,9,2,1,1
2025-09-28,Direct,direct,none,Unassigned,desktop,P012,18,15,13,3,1,1
2025-09-28,Email,newsletter,email,Lifecycle,tablet,P001,6,5,5,1,0,0
2025-09-28,Email,newsletter,email,Lifecycle,tablet,P002,9,7,7,1,1,1
2025-09-28,Email,newsletter,email,Lifecycle,tablet,P003,5,4,4,1,0,0
2025-09-28,Email,newsletter,email,Lifecycle,tablet,P004,9,7,7,1,1,0
2025-09-28,Email,newsletter,email,Lifecycle,tablet,P005,12,10,10,2,1,1
2025-09-28,Email,newsletter,email,Lifecycle,tablet,P006,8,6,6,1,1,0
2025-09-28,Email,newsletter,email,Lifecycle,tablet,P007,12,9,9,2,1,1
2025-09-28,Email,newsletter,email,Lifecycle,tablet,P008,7,6,6,1,1,0
2025-09-28,Email,newsletter,email,Lifecycle,tablet,P009,11,8,9,1,1,1
2025-09-28,Email,newsletter,email,Lifecycle,tablet,P010,6,5,5,1,0,0
2025-09-28,Email,newsletter,email,Lifecycle,tablet,P011,10,8,8,1,1,1
2025-09-28,Email,newsletter,email,Lifecycle,tablet,P012,6,4,4,1,0,0
2025-09-29,Paid Search,google,cpc,KSA Growth,desktop,P001,8,7,6,1,1,1
2025-09-29,Paid Search,google,cpc,KSA Growth,desktop,P002,5,4,3,1,0,0
2025-09-29,Paid Search,google,cpc,KSA Growth,desktop,P003,7,7,5,1,1,1
2025-09-29,Paid Search,google,cpc,KSA Growth,desktop,P004,4,4,3,1,0,0
2025-09-29,Paid Search,google,cpc,KSA Growth,desktop,P005,7,6,5,1,1,0
2025-09-29,Paid Search,google,cpc,KSA Growth,desktop,P006,10,9,7,2,1,1
2025-09-29,Paid Search,google,cpc,KSA Growth,desktop,P007,6,5,4,1,0,0
2025-09-29,Paid Search,google,cpc,KSA Growth,desktop,P008,9,8,6,1,1,1
2025-09-29,Paid Search,google,cpc,KSA Growth,desktop,P009,6,5,4,1,0,0
2025-09-29,Paid Search,google,cpc,KSA Growth,desktop,P010,9,7,6,1,1,1
2025-09-29,Paid Search,google,cpc,KSA Growth,desktop,P011,5,4,4,1,0,0
2025-09-29,Paid Search,google,cpc,KSA Growth,desktop,P012,8,7,6,1,1,1
2025-09-29,Paid Social,instagram,paid_social,Creator Offers,tablet,P001,13,11,9,2,2,1
2025-09-29,Paid Social,instagram,paid_social,Creator Offers,tablet,P002,8,7,6,1,1,1
2025-09-29,Paid Social,instagram,paid_social,Creator Offers,tablet,P003,12,10,8,2,1,1
2025-09-29,Paid Social,instagram,paid_social,Creator Offers,tablet,P004,8,6,5,1,1,0
2025-09-29,Paid Social,instagram,paid_social,Creator Offers,tablet,P005,11,10,8,2,1,1
2025-09-29,Paid Social,instagram,paid_social,Creator Offers,tablet,P006,7,6,5,1,1,0
2025-09-29,Paid Social,instagram,paid_social,Creator Offers,tablet,P007,11,9,7,2,1,1
2025-09-29,Paid Social,instagram,paid_social,Creator Offers,tablet,P008,6,5,4,1,1,0
2025-09-29,Paid Social,instagram,paid_social,Creator Offers,tablet,P009,10,8,7,2,1,1
2025-09-29,Paid Social,instagram,paid_social,Creator Offers,tablet,P010,5,5,4,1,1,0
2025-09-29,Paid Social,instagram,paid_social,Creator Offers,tablet,P011,9,8,6,2,1,1
2025-09-29,Paid Social,instagram,paid_social,Creator Offers,tablet,P012,13,11,9,2,1,1
2025-09-29,Affiliates,partners,affiliate,Partner Network,mobile,P001,5,5,4,1,1,0
2025-09-29,Affiliates,partners,affiliate,Partner Network,mobile,P002,8,7,6,1,1,1
2025-09-29,Affiliates,partners,affiliate,Partner Network,mobile,P003,5,4,3,1,0,0
2025-09-29,Affiliates,partners,affiliate,Partner Network,mobile,P004,8,6,5,1,1,1
2025-09-29,Affiliates,partners,affiliate,Partner Network,mobile,P005,4,4,3,1,0,0
2025-09-29,Affiliates,partners,affiliate,Partner Network,mobile,P006,7,6,5,1,1,1
2025-09-29,Affiliates,partners,affiliate,Partner Network,mobile,P007,10,8,7,2,1,1
2025-09-29,Affiliates,partners,affiliate,Partner Network,mobile,P008,7,5,5,1,1,1
2025-09-29,Affiliates,partners,affiliate,Partner Network,mobile,P009,10,8,7,2,1,1
2025-09-29,Affiliates,partners,affiliate,Partner Network,mobile,P010,6,5,4,1,1,0
2025-09-29,Affiliates,partners,affiliate,Partner Network,mobile,P011,9,7,6,1,1,1
2025-09-29,Affiliates,partners,affiliate,Partner Network,mobile,P012,5,4,4,1,0,0
2025-09-30,Direct,direct,none,Unassigned,tablet,P001,12,9,8,2,1,1
2025-09-30,Direct,direct,none,Unassigned,tablet,P002,7,5,4,1,1,0
2025-09-30,Direct,direct,none,Unassigned,tablet,P003,11,8,7,2,1,1
2025-09-30,Direct,direct,none,Unassigned,tablet,P004,6,5,4,1,1,0
2025-09-30,Direct,direct,none,Unassigned,tablet,P005,10,7,7,2,1,1
2025-09-30,Direct,direct,none,Unassigned,tablet,P006,5,4,3,1,0,0
2025-09-30,Direct,direct,none,Unassigned,tablet,P007,9,7,6,1,1,1
2025-09-30,Direct,direct,none,Unassigned,tablet,P008,13,10,9,2,1,1
2025-09-30,Direct,direct,none,Unassigned,tablet,P009,8,6,6,1,1,1
2025-09-30,Direct,direct,none,Unassigned,tablet,P010,12,9,8,2,1,1
2025-09-30,Direct,direct,none,Unassigned,tablet,P011,8,6,5,1,1,1
2025-09-30,Direct,direct,none,Unassigned,tablet,P012,11,9,8,2,1,1
2025-09-30,Email,newsletter,email,Lifecycle,mobile,P001,5,5,4,1,1,0
2025-09-30,Email,newsletter,email,Lifecycle,mobile,P002,9,8,7,2,1,1
2025-09-30,Email,newsletter,email,Lifecycle,mobile,P003,13,11,10,3,1,1
2025-09-30,Email,newsletter,email,Lifecycle,mobile,P004,8,7,7,2,1,0
2025-09-30,Email,newsletter,email,Lifecycle,mobile,P005,12,10,10,2,1,1
2025-09-30,Email,newsletter,email,Lifecycle,mobile,P006,8,7,6,2,1,0
2025-09-30,Email,newsletter,email,Lifecycle,mobile,P007,11,10,9,2,1,1
2025-09-30,Email,newsletter,email,Lifecycle,mobile,P008,7,6,6,1,1,0
2025-09-30,Email,newsletter,email,Lifecycle,mobile,P009,11,9,9,2,1,1
2025-09-30,Email,newsletter,email,Lifecycle,mobile,P010,6,5,5,1,1,0
2025-09-30,Email,newsletter,email,Lifecycle,mobile,P011,10,8,8,2,1,1
2025-09-30,Email,newsletter,email,Lifecycle,mobile,P012,5,5,4,1,0,0
2025-09-30,Organic Search,google,organic,Always-on SEO,desktop,P001,12,10,9,2,1,1
2025-09-30,Organic Search,google,organic,Always-on SEO,desktop,P002,17,15,13,3,2,2
2025-09-30,Organic Search,google,organic,Always-on SEO,desktop,P003,10,9,8,2,1,1
2025-09-30,Organic Search,google,organic,Always-on SEO,desktop,P004,16,14,12,3,2,1
2025-09-30,Organic Search,google,organic,Always-on SEO,desktop,P005,9,8,7,2,1,1
2025-09-30,Organic Search,google,organic,Always-on SEO,desktop,P006,15,13,11,3,2,1
2025-09-30,Organic Search,google,organic,Always-on SEO,desktop,P007,8,7,6,1,1,1
2025-09-30,Organic Search,google,organic,Always-on SEO,desktop,P008,14,12,10,2,2,1
2025-09-30,Organic Search,google,organic,Always-on SEO,desktop,P009,19,18,15,4,2,2
2025-09-30,Organic Search,google,organic,Always-on SEO,desktop,P010,13,11,9,2,2,1
2025-09-30,Organic Search,google,organic,Always-on SEO,desktop,P011,18,17,14,3,2,2
2025-09-30,Organic Search,google,organic,Always-on SEO,desktop,P012,11,10,9,2,1,1
2025-10-01,Paid Social,instagram,paid_social,Creator Offers,mobile,P001,9,6,7,1,1,1
2025-10-01,Paid Social,instagram,paid_social,Creator Offers,mobile,P002,5,4,4,1,0,0
2025-10-01,Paid Social,instagram,paid_social,Creator Offers,mobile,P003,8,6,7,1,1,1
2025-10-01,Paid Social,instagram,paid_social,Creator Offers,mobile,P004,5,3,4,1,0,0
2025-10-01,Paid Social,instagram,paid_social,Creator Offers,mobile,P005,8,5,6,1,1,0
2025-10-01,Paid Social,instagram,paid_social,Creator Offers,mobile,P006,4,3,3,1,0,0
2025-10-01,Paid Social,instagram,paid_social,Creator Offers,mobile,P007,7,5,6,1,1,0
2025-10-01,Paid Social,instagram,paid_social,Creator Offers,mobile,P008,4,3,3,1,0,0
2025-10-01,Paid Social,instagram,paid_social,Creator Offers,mobile,P009,6,5,5,1,0,0
2025-10-01,Paid Social,instagram,paid_social,Creator Offers,mobile,P010,9,7,7,2,1,1
2025-10-01,Paid Social,instagram,paid_social,Creator Offers,mobile,P011,6,4,5,1,0,0
2025-10-01,Paid Social,instagram,paid_social,Creator Offers,mobile,P012,9,6,7,1,1,1
2025-10-01,Affiliates,partners,affiliate,Partner Network,desktop,P001,5,4,3,1,0,0
2025-10-01,Affiliates,partners,affiliate,Partner Network,desktop,P002,9,7,6,1,1,1
2025-10-01,Affiliates,partners,affiliate,Partner Network,desktop,P003,5,3,3,0,0,0
2025-10-01,Affiliates,partners,affiliate,Partner Network,desktop,P004,8,6,5,1,1,0
2025-10-01,Affiliates,partners,affiliate,Partner Network,desktop,P005,12,9,7,1,1,1
2025-10-01,Affiliates,partners,affiliate,Partner Network,desktop,P006,7,6,5,1,1,0
2025-10-01,Affiliates,partners,affiliate,Partner Network,desktop,P007,11,8,7,1,1,1
2025-10-01,Affiliates,partners,affiliate,Partner Network,desktop,P008,7,5,4,1,0,0
2025-10-01,Affiliates,partners,affiliate,Partner Network,desktop,P009,10,8,6,1,1,1
2025-10-01,Affiliates,partners,affiliate,Partner Network,desktop,P010,6,4,4,1,0,0
2025-10-01,Affiliates,partners,affiliate,Partner Network,desktop,P011,9,7,6,1,1,1
2025-10-01,Affiliates,partners,affiliate,Partner Network,desktop,P012,5,4,3,1,0,0
2025-10-01,Paid Search,google,cpc,KSA Growth,tablet,P001,7,6,5,1,0,0
2025-10-01,Paid Search,google,cpc,KSA Growth,tablet,P002,9,8,7,1,1,1
2025-10-01,Paid Search,google,cpc,KSA Growth,tablet,P003,6,5,5,1,0,0
2025-10-01,Paid Search,google,cpc,KSA Growth,tablet,P004,9,8,7,1,1,1
2025-10-01,Paid Search,google,cpc,KSA Growth,tablet,P005,5,5,4,1,0,0
2025-10-01,Paid Search,google,cpc,KSA Growth,tablet,P006,8,7,6,1,1,1
2025-10-01,Paid Search,google,cpc,KSA Growth,tablet,P007,5,4,4,1,0,0
2025-10-01,Paid Search,google,cpc,KSA Growth,tablet,P008,8,7,6,1,1,0
2025-10-01,Paid Search,google,cpc,KSA Growth,tablet,P009,4,3,3,1,0,0
2025-10-01,Paid Search,google,cpc,KSA Growth,tablet,P010,7,6,5,1,1,0
2025-10-01,Paid Search,google,cpc,KSA Growth,tablet,P011,10,9,8,2,1,1
2025-10-01,Paid Search,google,cpc,KSA Growth,tablet,P012,7,6,5,1,0,0
2025-10-02,Email,newsletter,email,Lifecycle,desktop,P001,13,10,9,2,2,1
2025-10-02,Email,newsletter,email,Lifecycle,desktop,P002,8,6,5,2,1,1
2025-10-02,Email,newsletter,email,Lifecycle,desktop,P003,12,9,8,2,1,1
2025-10-02,Email,newsletter,email,Lifecycle,desktop,P004,7,6,5,2,1,1
2025-10-02,Email,newsletter,email,Lifecycle,desktop,P005,11,8,8,2,1,1
2025-10-02,Email,newsletter,email,Lifecycle,desktop,P006,7,5,4,1,1,1
2025-10-02,Email,newsletter,email,Lifecycle,desktop,P007,10,8,7,2,1,1
2025-10-02,Email,newsletter,email,Lifecycle,desktop,P008,6,5,4,1,1,0
2025-10-02,Email,newsletter,email,Lifecycle,desktop,P009,10,7,7,2,1,1
2025-10-02,Email,newsletter,email,Lifecycle,desktop,P010,5,4,3,1,1,0
2025-10-02,Email,newsletter,email,Lifecycle,desktop,P011,9,7,6,2,1,1
2025-10-02,Email,newsletter,email,Lifecycle,desktop,P012,13,10,9,2,1,1
2025-10-02,Organic Search,google,organic,Always-on SEO,tablet,P001,11,9,8,2,1,1
2025-10-02,Organic Search,google,organic,Always-on SEO,tablet,P002,17,15,13,3,2,2
2025-10-02,Organic Search,google,organic,Always-on SEO,tablet,P003,10,8,7,2,1,1
2025-10-02,Organic Search,google,organic,Always-on SEO,tablet,P004,16,14,12,3,2,1
2025-10-02,Organic Search,google,organic,Always-on SEO,tablet,P005,9,7,7,2,1,1
2025-10-02,Organic Search,google,organic,Always-on SEO,tablet,P006,15,13,11,3,2,1
2025-10-02,Organic Search,google,organic,Always-on SEO,tablet,P007,21,18,16,4,3,2
2025-10-02,Organic Search,google,organic,Always-on SEO,tablet,P008,13,12,10,2,2,1
2025-10-02,Organic Search,google,organic,Always-on SEO,tablet,P009,20,17,15,4,3,2
2025-10-02,Organic Search,google,organic,Always-on SEO,tablet,P010,12,11,9,2,2,1
2025-10-02,Organic Search,google,organic,Always-on SEO,tablet,P011,18,16,14,3,2,2
2025-10-02,Organic Search,google,organic,Always-on SEO,tablet,P012,11,9,8,2,1,1
2025-10-02,Direct,direct,none,Unassigned,mobile,P001,8,7,6,1,1,0
2025-10-02,Direct,direct,none,Unassigned,mobile,P002,12,9,8,2,1,1
2025-10-02,Direct,direct,none,Unassigned,mobile,P003,8,6,5,1,1,0
2025-10-02,Direct,direct,none,Unassigned,mobile,P004,11,9,8,1,1,1
2025-10-02,Direct,direct,none,Unassigned,mobile,P005,7,5,5,1,0,0
2025-10-02,Direct,direct,none,Unassigned,mobile,P006,11,8,7,1,1,1
2025-10-02,Direct,direct,none,Unassigned,mobile,P007,6,5,5,1,0,0
2025-10-02,Direct,direct,none,Unassigned,mobile,P008,10,8,7,1,1,1
2025-10-02,Direct,direct,none,Unassigned,mobile,P009,6,4,4,1,0,0
2025-10-02,Direct,direct,none,Unassigned,mobile,P010,9,7,6,1,1,1
2025-10-02,Direct,direct,none,Unassigned,mobile,P011,5,4,4,1,0,0
2025-10-02,Direct,direct,none,Unassigned,mobile,P012,8,6,6,1,1,0
2025-10-03,Affiliates,partners,affiliate,Partner Network,tablet,P001,8,6,5,1,1,0
2025-10-03,Affiliates,partners,affiliate,Partner Network,tablet,P002,13,11,9,2,1,1
2025-10-03,Affiliates,partners,affiliate,Partner Network,tablet,P003,18,15,12,3,2,1
2025-10-03,Affiliates,partners,affiliate,Partner Network,tablet,P004,12,10,8,2,1,1
2025-10-03,Affiliates,partners,affiliate,Partner Network,tablet,P005,17,14,12,3,2,1
2025-10-03,Affiliates,partners,affiliate,Partner Network,tablet,P006,11,9,7,2,1,1
2025-10-03,Affiliates,partners,affiliate,Partner Network,tablet,P007,16,14,11,3,2,1
2025-10-03,Affiliates,partners,affiliate,Partner Network,tablet,P008,10,8,6,2,1,1
2025-10-03,Affiliates,partners,affiliate,Partner Network,tablet,P009,15,13,10,3,2,1
2025-10-03,Affiliates,partners,affiliate,Partner Network,tablet,P010,9,7,6,1,1,1
2025-10-03,Affiliates,partners,affiliate,Partner Network,tablet,P011,14,12,9,2,1,1
2025-10-03,Affiliates,partners,affiliate,Partner Network,tablet,P012,7,6,5,1,1,0
2025-10-03,Paid Search,google,cpc,KSA Growth,mobile,P001,7,5,5,1,1,0
2025-10-03,Paid Search,google,cpc,KSA Growth,mobile,P002,10,8,8,2,1,1
2025-10-03,Paid Search,google,cpc,KSA Growth,mobile,P003,6,4,5,1,0,0
2025-10-03,Paid Search,google,cpc,KSA Growth,mobile,P004,10,7,7,2,1,1
2025-10-03,Paid Search,google,cpc,KSA Growth,mobile,P005,5,4,4,1,0,0
2025-10-03,Paid Search,google,cpc,KSA Growth,mobile,P006,9,7,7,2,1,1
2025-10-03,Paid Search,google,cpc,KSA Growth,mobile,P007,5,3,4,1,0,0
2025-10-03,Paid Search,google,cpc,KSA Growth,mobile,P008,8,6,6,1,1,1
2025-10-03,Paid Search,google,cpc,KSA Growth,mobile,P009,12,9,9,2,1,1
2025-10-03,Paid Search,google,cpc,KSA Growth,mobile,P010,8,6,6,1,1,1
2025-10-03,Paid Search,google,cpc,KSA Growth,mobile,P011,11,8,9,2,1,1
2025-10-03,Paid Search,google,cpc,KSA Growth,mobile,P012,7,5,5,1,1,0
2025-10-03,Paid Social,instagram,paid_social,Creator Offers,desktop,P001,10,8,6,1,1,1
2025-10-03,Paid Social,instagram,paid_social,Creator Offers,desktop,P002,6,4,4,1,0,0
2025-10-03,Paid Social,instagram,paid_social,Creator Offers,desktop,P003,10,7,6,1,1,0
2025-10-03,Paid Social,instagram,paid_social,Creator Offers,desktop,P004,13,10,8,2,1,1
2025-10-03,Paid Social,instagram,paid_social,Creator Offers,desktop,P005,9,7,6,1,1,0
2025-10-03,Paid Social,instagram,paid_social,Creator Offers,desktop,P006,13,10,8,2,1,1
2025-10-03,Paid Social,instagram,paid_social,Creator Offers,desktop,P007,8,6,5,1,0,0
2025-10-03,Paid Social,instagram,paid_social,Creator Offers,desktop,P008,12,9,7,2,1,1
2025-10-03,Paid Social,instagram,paid_social,Creator Offers,desktop,P009,7,5,5,1,0,0
2025-10-03,Paid Social,instagram,paid_social,Creator Offers,desktop,P010,11,9,7,1,1,1
2025-10-03,Paid Social,instagram,paid_social,Creator Offers,desktop,P011,6,5,4,1,0,0
2025-10-03,Paid Social,instagram,paid_social,Creator Offers,desktop,P012,10,8,6,1,1,0
2025-10-04,Organic Search,google,organic,Always-on SEO,mobile,P001,5,4,4,1,0,0
2025-10-04,Organic Search,google,organic,Always-on SEO,mobile,P002,8,7,6,1,1,1
2025-10-04,Organic Search,google,organic,Always-on SEO,mobile,P003,5,4,3,1,0,0
2025-10-04,Organic Search,google,organic,Always-on SEO,mobile,P004,8,7,5,1,1,0
2025-10-04,Organic Search,google,organic,Always-on SEO,mobile,P005,11,9,8,2,1,1
2025-10-04,Organic Search,google,organic,Always-on SEO,mobile,P006,7,6,5,1,1,0
2025-10-04,Organic Search,google,organic,Always-on SEO,mobile,P007,10,9,7,2,1,1
2025-10-04,Organic Search,google,organic,Always-on SEO,mobile,P008,6,5,5,1,0,0
2025-10-04,Organic Search,google,organic,Always-on SEO,mobile,P009,10,8,7,2,1,1
2025-10-04,Organic Search,google,organic,Always-on SEO,mobile,P010,6,5,4,1,0,0
2025-10-04,Organic Search,google,organic,Always-on SEO,mobile,P011,9,8,6,1,1,1
2025-10-04,Organic Search,google,organic,Always-on SEO,mobile,P012,5,4,4,1,0,0
2025-10-04,Direct,direct,none,Unassigned,desktop,P001,13,9,10,3,2,1
2025-10-04,Direct,direct,none,Unassigned,desktop,P002,18,13,14,4,2,2
2025-10-04,Direct,direct,none,Unassigned,desktop,P003,11,8,9,2,1,1
2025-10-04,Direct,direct,none,Unassigned,desktop,P004,17,12,13,3,2,2
2025-10-04,Direct,direct,none,Unassigned,desktop,P005,10,7,8,2,1,1
2025-10-04,Direct,direct,none,Unassigned,desktop,P006,16,12,12,3,2,1
2025-10-04,Direct,direct,none,Unassigned,desktop,P007,9,7,7,2,1,1
2025-10-04,Direct,direct,none,Unassigned,desktop,P008,15,11,11,3,2,1
2025-10-04,Direct,direct,none,Unassigned,desktop,P009,8,6,6,2,1,1
2025-10-04,Direct,direct,none,Unassigned,desktop,P010,14,10,11,3,2,1
2025-10-04,Direct,direct,none,Unassigned,desktop,P011,19,14,15,4,2,2
2025-10-04,Direct,direct,none,Unassigned,desktop,P012,12,9,10,3,2,1
2025-10-04,Email,newsletter,email,Lifecycle,tablet,P001,11,9,9,2,2,1
2025-10-04,Email,newsletter,email,Lifecycle,tablet,P002,6,5,5,1,1,1
2025-10-04,Email,newsletter,email,Lifecycle,tablet,P003,11,8,8,2,1,1
2025-10-04,Email,newsletter,email,Lifecycle,tablet,P004,6,4,5,1,1,1
2025-10-04,Email,newsletter,email,Lifecycle,tablet,P005,10,7,8,2,1,1
2025-10-04,Email,newsletter,email,Lifecycle,tablet,P006,14,10,11,3,2,1
2025-10-04,Email,newsletter,email,Lifecycle,tablet,P007,9,7,7,2,1,1
2025-10-04,Email,newsletter,email,Lifecycle,tablet,P008,13,10,10,3,2,1
2025-10-04,Email,newsletter,email,Lifecycle,tablet,P009,8,6,7,2,1,1
2025-10-04,Email,newsletter,email,Lifecycle,tablet,P010,12,9,10,2,2,1
2025-10-04,Email,newsletter,email,Lifecycle,tablet,P011,7,5,6,2,1,1
2025-10-04,Email,newsletter,email,Lifecycle,tablet,P012,11,8,9,2,1,1
2025-10-05,Paid Search,google,cpc,KSA Growth,desktop,P001,6,5,5,1,1,0
2025-10-05,Paid Search,google,cpc,KSA Growth,desktop,P002,10,8,7,2,1,1
2025-10-05,Paid Search,google,cpc,KSA Growth,desktop,P003,6,4,4,1,0,0
2025-10-05,Paid Search,google,cpc,KSA Growth,desktop,P004,9,7,7,2,1,1
2025-10-05,Paid Search,google,cpc,KSA Growth,desktop,P005,5,4,4,1,0,0
2025-10-05,Paid Search,google,cpc,KSA Growth,desktop,P006,9,7,6,2,1,1
2025-10-05,Paid Search,google,cpc,KSA Growth,desktop,P007,12,9,9,2,1,1
2025-10-05,Paid Search,google,cpc,KSA Growth,desktop,P008,8,6,6,2,1,1
2025-10-05,Paid Search,google,cpc,KSA Growth,desktop,P009,11,9,8,2,1,1
2025-10-05,Paid Search,google,cpc,KSA Growth,desktop,P010,7,5,5,1,1,0
2025-10-05,Paid Search,google,cpc,KSA Growth,desktop,P011,11,8,8,2,1,1
2025-10-05,Paid Search,google,cpc,KSA Growth,desktop,P012,6,5,5,1,1,0
2025-10-05,Paid Social,instagram,paid_social,Creator Offers,tablet,P001,9,7,7,2,1,1
2025-10-05,Paid Social,instagram,paid_social,Creator Offers,tablet,P002,13,10,11,3,2,1
2025-10-05,Paid Social,instagram,paid_social,Creator Offers,tablet,P003,8,6,7,2,1,1
2025-10-05,Paid Social,instagram,paid_social,Creator Offers,tablet,P004,12,9,10,3,2,1
2025-10-05,Paid Social,instagram,paid_social,Creator Offers,tablet,P005,8,6,6,2,1,1
2025-10-05,Paid Social,instagram,paid_social,Creator Offers,tablet,P006,11,8,9,2,2,1
2025-10-05,Paid Social,instagram,paid_social,Creator Offers,tablet,P007,7,5,6,1,1,0
2025-10-05,Paid Social,instagram,paid_social,Creator Offers,tablet,P008,11,8,9,2,1,1
2025-10-05,Paid Social,instagram,paid_social,Creator Offers,tablet,P009,6,4,5,1,1,0
2025-10-05,Paid Social,instagram,paid_social,Creator Offers,tablet,P010,10,7,8,2,1,1
2025-10-05,Paid Social,instagram,paid_social,Creator Offers,tablet,P011,5,4,4,1,1,0
2025-10-05,Paid Social,instagram,paid_social,Creator Offers,tablet,P012,9,7,7,2,1,1
2025-10-05,Affiliates,partners,affiliate,Partner Network,mobile,P001,10,7,8,1,1,1
2025-10-05,Affiliates,partners,affiliate,Partner Network,mobile,P002,6,4,4,1,0,0
2025-10-05,Affiliates,partners,affiliate,Partner Network,mobile,P003,9,7,7,1,1,0
2025-10-05,Affiliates,partners,affiliate,Partner Network,mobile,P004,5,4,4,1,0,0
2025-10-05,Affiliates,partners,affiliate,Partner Network,mobile,P005,9,6,7,1,1,0
2025-10-05,Affiliates,partners,affiliate,Partner Network,mobile,P006,5,4,3,1,0,0
2025-10-05,Affiliates,partners,affiliate,Partner Network,mobile,P007,8,6,6,1,0,0
2025-10-05,Affiliates,partners,affiliate,Partner Network,mobile,P008,12,8,9,2,1,1
2025-10-05,Affiliates,partners,affiliate,Partner Network,mobile,P009,7,5,5,1,0,0
2025-10-05,Affiliates,partners,affiliate,Partner Network,mobile,P010,11,8,8,1,1,1
2025-10-05,Affiliates,partners,affiliate,Partner Network,mobile,P011,7,5,5,1,0,0
2025-10-05,Affiliates,partners,affiliate,Partner Network,mobile,P012,10,7,8,1,1,1
2025-10-06,Direct,direct,none,Unassigned,tablet,P001,9,7,7,2,1,1
2025-10-06,Direct,direct,none,Unassigned,tablet,P002,13,10,11,2,1,1
2025-10-06,Direct,direct,none,Unassigned,tablet,P003,8,6,6,1,1,0
2025-10-06,Direct,direct,none,Unassigned,tablet,P004,12,9,10,2,1,1
2025-10-06,Direct,direct,none,Unassigned,tablet,P005,7,5,6,1,1,0
2025-10-06,Direct,direct,none,Unassigned,tablet,P006,12,9,9,2,1,1
2025-10-06,Direct,direct,none,Unassigned,tablet,P007,6,5,5,1,1,0
2025-10-06,Direct,direct,none,Unassigned,tablet,P008,11,8,9,2,1,1
2025-10-06,Direct,direct,none,Unassigned,tablet,P009,15,12,12,3,1,1
2025-10-06,Direct,direct,none,Unassigned,tablet,P010,10,7,8,2,1,1
2025-10-06,Direct,direct,none,Unassigned,tablet,P011,14,11,12,2,1,1
2025-10-06,Direct,direct,none,Unassigned,tablet,P012,9,7,7,2,1,0
2025-10-06,Email,newsletter,email,Lifecycle,mobile,P001,8,6,6,2,1,1
2025-10-06,Email,newsletter,email,Lifecycle,mobile,P002,5,4,3,1,0,0
2025-10-06,Email,newsletter,email,Lifecycle,mobile,P003,8,6,6,1,1,1
2025-10-06,Email,newsletter,email,Lifecycle,mobile,P004,11,8,8,2,1,1
2025-10-06,Email,newsletter,email,Lifecycle,mobile,P005,7,5,5,1,1,1
2025-10-06,Email,newsletter,email,Lifecycle,mobile,P006,10,8,7,2,1,1
2025-10-06,Email,newsletter,email,Lifecycle,mobile,P007,6,5,5,1,1,0
2025-10-06,Email,newsletter,email,Lifecycle,mobile,P008,10,7,7,2,1,1
2025-10-06,Email,newsletter,email,Lifecycle,mobile,P009,6,5,4,1,1,0
2025-10-06,Email,newsletter,email,Lifecycle,mobile,P010,9,7,6,2,1,1
2025-10-06,Email,newsletter,email,Lifecycle,mobile,P011,5,4,4,1,1,0
2025-10-06,Email,newsletter,email,Lifecycle,mobile,P012,8,6,6,1,1,1
2025-10-06,Organic Search,google,organic,Always-on SEO,desktop,P001,18,15,13,3,2,1
2025-10-06,Organic Search,google,organic,Always-on SEO,desktop,P002,11,9,8,2,1,1
2025-10-06,Organic Search,google,organic,Always-on SEO,desktop,P003,17,14,12,3,2,1
2025-10-06,Organic Search,google,organic,Always-on SEO,desktop,P004,10,8,7,2,1,1
2025-10-06,Organic Search,google,organic,Always-on SEO,desktop,P005,15,13,11,3,2,1
2025-10-06,Organic Search,google,organic,Always-on SEO,desktop,P006,9,7,6,2,1,1
2025-10-06,Organic Search,google,organic,Always-on SEO,desktop,P007,14,12,10,2,2,1
2025-10-06,Organic Search,google,organic,Always-on SEO,desktop,P008,8,6,6,1,1,1
2025-10-06,Organic Search,google,organic,Always-on SEO,desktop,P009,13,11,10,2,1,1
2025-10-06,Organic Search,google,organic,Always-on SEO,desktop,P010,19,15,13,3,2,2
2025-10-06,Organic Search,google,organic,Always-on SEO,desktop,P011,12,10,9,2,1,1
2025-10-06,Organic Search,google,organic,Always-on SEO,desktop,P012,18,14,13,3,2,1
2025-10-07,Paid Social,instagram,paid_social,Creator Offers,mobile,P001,8,7,6,1,1,1
2025-10-07,Paid Social,instagram,paid_social,Creator Offers,mobile,P002,12,10,9,2,1,1
2025-10-07,Paid Social,instagram,paid_social,Creator Offers,mobile,P003,7,6,5,1,1,0
2025-10-07,Paid Social,instagram,paid_social,Creator Offers,mobile,P004,11,10,8,2,1,1
2025-10-07,Paid Social,instagram,paid_social,Creator Offers,mobile,P005,6,6,5,1,0,0
2025-10-07,Paid Social,instagram,paid_social,Creator Offers,mobile,P006,10,9,7,2,1,1
2025-10-07,Paid Social,instagram,paid_social,Creator Offers,mobile,P007,6,5,4,1,0,0
2025-10-07,Paid Social,instagram,paid_social,Creator Offers,mobile,P008,9,8,7,2,1,1
2025-10-07,Paid Social,instagram,paid_social,Creator Offers,mobile,P009,5,4,4,1,0,0
2025-10-07,Paid Social,instagram,paid_social,Creator Offers,mobile,P010,9,8,6,2,1,1
2025-10-07,Paid Social,instagram,paid_social,Creator Offers,mobile,P011,12,11,9,2,1,1
2025-10-07,Paid Social,instagram,paid_social,Creator Offers,mobile,P012,8,7,6,1,1,0
2025-10-07,Affiliates,partners,affiliate,Partner Network,desktop,P001,12,9,8,1,1,1
2025-10-07,Affiliates,partners,affiliate,Partner Network,desktop,P002,7,5,4,1,0,0
2025-10-07,Affiliates,partners,affiliate,Partner Network,desktop,P003,11,9,7,1,1,0
2025-10-07,Affiliates,partners,affiliate,Partner Network,desktop,P004,6,5,4,1,0,0
2025-10-07,Affiliates,partners,affiliate,Partner Network,desktop,P005,10,8,7,1,1,0
2025-10-07,Affiliates,partners,affiliate,Partner Network,desktop,P006,14,11,9,2,1,1
2025-10-07,Affiliates,partners,affiliate,Partner Network,desktop,P007,9,7,6,1,1,0
2025-10-07,Affiliates,partners,affiliate,Partner Network,desktop,P008,13,11,9,2,1,1
2025-10-07,Affiliates,partners,affiliate,Partner Network,desktop,P009,8,7,5,1,0,0
2025-10-07,Affiliates,partners,affiliate,Partner Network,desktop,P010,13,10,8,1,1,1
2025-10-07,Affiliates,partners,affiliate,Partner Network,desktop,P011,8,6,5,1,0,0
2025-10-07,Affiliates,partners,affiliate,Partner Network,desktop,P012,12,9,8,1,1,1
2025-10-07,Paid Search,google,cpc,KSA Growth,tablet,P001,9,7,6,1,1,1
2025-10-07,Paid Search,google,cpc,KSA Growth,tablet,P002,5,4,4,1,0,0
2025-10-07,Paid Search,google,cpc,KSA Growth,tablet,P003,8,6,6,1,1,1
2025-10-07,Paid Search,google,cpc,KSA Growth,tablet,P004,5,4,3,1,0,0
2025-10-07,Paid Search,google,cpc,KSA Growth,tablet,P005,8,6,5,1,1,1
2025-10-07,Paid Search,google,cpc,KSA Growth,tablet,P006,4,4,3,1,0,0
2025-10-07,Paid Search,google,cpc,KSA Growth,tablet,P007,7,6,5,1,1,0
2025-10-07,Paid Search,google,cpc,KSA Growth,tablet,P008,4,3,3,0,0,0
2025-10-07,Paid Search,google,cpc,KSA Growth,tablet,P009,7,5,4,1,1,0
2025-10-07,Paid Search,google,cpc,KSA Growth,tablet,P010,3,3,2,0,0,0
2025-10-07,Paid Search,google,cpc,KSA Growth,tablet,P011,6,5,4,1,0,0
2025-10-07,Paid Search,google,cpc,KSA Growth,tablet,P012,9,7,6,1,1,1
2025-10-08,Email,newsletter,email,Lifecycle,desktop,P001,10,8,7,2,1,1
2025-10-08,Email,newsletter,email,Lifecycle,desktop,P002,14,12,10,2,1,1
2025-10-08,Email,newsletter,email,Lifecycle,desktop,P003,9,8,7,2,1,1
2025-10-08,Email,newsletter,email,Lifecycle,desktop,P004,13,11,10,2,1,1
2025-10-08,Email,newsletter,email,Lifecycle,desktop,P005,8,7,6,1,1,0
2025-10-08,Email,newsletter,email,Lifecycle,desktop,P006,13,10,9,2,1,1
2025-10-08,Email,newsletter,email,Lifecycle,desktop,P007,8,6,5,1,1,0
2025-10-08,Email,newsletter,email,Lifecycle,desktop,P008,12,10,8,2,1,1
2025-10-08,Email,newsletter,email,Lifecycle,desktop,P009,7,6,5,1,1,0
2025-10-08,Email,newsletter,email,Lifecycle,desktop,P010,11,9,8,2,1,1
2025-10-08,Email,newsletter,email,Lifecycle,desktop,P011,6,5,4,1,1,0
2025-10-08,Email,newsletter,email,Lifecycle,desktop,P012,10,8,7,2,1,1
2025-10-08,Organic Search,google,organic,Always-on SEO,tablet,P001,10,9,8,2,1,1
2025-10-08,Organic Search,google,organic,Always-on SEO,tablet,P002,6,5,5,1,0,0
2025-10-08,Organic Search,google,organic,Always-on SEO,tablet,P003,10,9,8,1,1,1
2025-10-08,Organic Search,google,organic,Always-on SEO,tablet,P004,6,5,4,1,0,0
2025-10-08,Organic Search,google,organic,Always-on SEO,tablet,P005,9,8,7,1,1,0
2025-10-08,Organic Search,google,organic,Always-on SEO,tablet,P006,5,4,4,1,0,0
2025-10-08,Organic Search,google,organic,Always-on SEO,tablet,P007,8,7,6,1,1,0
2025-10-08,Organic Search,google,organic,Always-on SEO,tablet,P008,12,10,9,2,1,1
2025-10-08,Organic Search,google,organic,Always-on SEO,tablet,P009,8,7,6,1,1,0
2025-10-08,Organic Search,google,organic,Always-on SEO,tablet,P010,11,10,9,2,1,1
2025-10-08,Organic Search,google,organic,Always-on SEO,tablet,P011,7,6,5,1,0,0
2025-10-08,Organic Search,google,organic,Always-on SEO,tablet,P012,10,9,8,1,1,1
2025-10-08,Direct,direct,none,Unassigned,mobile,P001,5,4,4,1,0,0
2025-10-08,Direct,direct,none,Unassigned,mobile,P002,8,6,6,2,1,1
2025-10-08,Direct,direct,none,Unassigned,mobile,P003,12,8,9,3,1,1
2025-10-08,Direct,direct,none,Unassigned,mobile,P004,8,5,6,2,1,1
2025-10-08,Direct,direct,none,Unassigned,mobile,P005,11,8,9,2,1,1
2025-10-08,Direct,direct,none,Unassigned,mobile,P006,7,5,5,2,1,0
2025-10-08,Direct,direct,none,Unassigned,mobile,P007,10,7,8,2,1,1
2025-10-08,Direct,direct,none,Unassigned,mobile,P008,6,5,5,1,1,0
2025-10-08,Direct,direct,none,Unassigned,mobile,P009,10,7,8,2,1,1
2025-10-08,Direct,direct,none,Unassigned,mobile,P010,6,4,4,1,1,0
2025-10-08,Direct,direct,none,Unassigned,mobile,P011,9,6,7,2,1,1
2025-10-08,Direct,direct,none,Unassigned,mobile,P012,5,4,4,1,0,0
2025-10-09,Affiliates,partners,affiliate,Partner Network,tablet,P001,16,14,13,2,1,1
2025-10-09,Affiliates,partners,affiliate,Partner Network,tablet,P002,9,7,7,1,1,0
2025-10-09,Affiliates,partners,affiliate,Partner Network,tablet,P003,15,13,12,2,1,1
2025-10-09,Affiliates,partners,affiliate,Partner Network,tablet,P004,21,18,17,3,2,1
2025-10-09,Affiliates,partners,affiliate,Partner Network,tablet,P005,14,11,11,2,1,1
2025-10-09,Affiliates,partners,affiliate,Partner Network,tablet,P006,20,17,16,3,2,1
2025-10-09,Affiliates,partners,affiliate,Partner Network,tablet,P007,12,10,10,2,1,1
2025-10-09,Affiliates,partners,affiliate,Partner Network,tablet,P008,18,16,15,3,1,1
2025-10-09,Affiliates,partners,affiliate,Partner Network,tablet,P009,11,9,9,2,1,0
2025-10-09,Affiliates,partners,affiliate,Partner Network,tablet,P010,17,15,14,3,1,1
2025-10-09,Affiliates,partners,affiliate,Partner Network,tablet,P011,10,8,8,2,1,0
2025-10-09,Affiliates,partners,affiliate,Partner Network,tablet,P012,16,14,13,2,1,1
2025-10-09,Paid Search,google,cpc,KSA Growth,mobile,P001,17,15,13,3,2,1
2025-10-09,Paid Search,google,cpc,KSA Growth,mobile,P002,11,10,8,2,1,1
2025-10-09,Paid Search,google,cpc,KSA Growth,mobile,P003,16,14,12,3,2,1
2025-10-09,Paid Search,google,cpc,KSA Growth,mobile,P004,10,9,7,2,1,1
2025-10-09,Paid Search,google,cpc,KSA Growth,mobile,P005,15,13,11,3,2,1
2025-10-09,Paid Search,google,cpc,KSA Growth,mobile,P006,9,8,6,2,1,1
2025-10-09,Paid Search,google,cpc,KSA Growth,mobile,P007,14,12,11,3,2,1
2025-10-09,Paid Search,google,cpc,KSA Growth,mobile,P008,7,7,6,1,1,1
2025-10-09,Paid Search,google,cpc,KSA Growth,mobile,P009,13,11,10,3,1,1
2025-10-09,Paid Search,google,cpc,KSA Growth,mobile,P010,18,16,14,4,2,1
2025-10-09,Paid Search,google,cpc,KSA Growth,mobile,P011,12,11,9,2,1,1
2025-10-09,Paid Search,google,cpc,KSA Growth,mobile,P012,17,15,13,3,2,1
2025-10-09,Paid Social,instagram,paid_social,Creator Offers,desktop,P001,7,5,5,1,0,0
2025-10-09,Paid Social,instagram,paid_social,Creator Offers,desktop,P002,11,8,8,1,1,1
2025-10-09,Paid Social,instagram,paid_social,Creator Offers,desktop,P003,6,4,4,1,0,0
2025-10-09,Paid Social,instagram,paid_social,Creator Offers,desktop,P004,10,7,7,1,1,0
2025-10-09,Paid Social,instagram,paid_social,Creator Offers,desktop,P005,14,10,10,2,1,1
2025-10-09,Paid Social,instagram,paid_social,Creator Offers,desktop,P006,9,7,6,1,1,0
2025-10-09,Paid Social,instagram,paid_social,Creator Offers,desktop,P007,13,10,9,2,1,1
2025-10-09,Paid Social,instagram,paid_social,Creator Offers,desktop,P008,8,6,6,1,0,0
2025-10-09,Paid Social,instagram,paid_social,Creator Offers,desktop,P009,12,9,9,2,1,1
2025-10-09,Paid Social,instagram,paid_social,Creator Offers,desktop,P010,7,6,5,1,0,0
2025-10-09,Paid Social,instagram,paid_social,Creator Offers,desktop,P011,12,9,8,1,1,1
2025-10-09,Paid Social,instagram,paid_social,Creator Offers,desktop,P012,7,5,5,1,0,0
2025-10-10,Organic Search,google,organic,Always-on SEO,mobile,P001,14,11,9,2,1,1
2025-10-10,Organic Search,google,organic,Always-on SEO,mobile,P002,8,6,5,1,1,0
2025-10-10,Organic Search,google,organic,Always-on SEO,mobile,P003,13,10,8,2,1,1
2025-10-10,Organic Search,google,organic,Always-on SEO,mobile,P004,7,6,4,1,1,0
2025-10-10,Organic Search,google,organic,Always-on SEO,mobile,P005,12,10,8,2,1,1
2025-10-10,Organic Search,google,organic,Always-on SEO,mobile,P006,17,14,11,2,1,1
2025-10-10,Organic Search,google,organic,Always-on SEO,mobile,P007,11,9,7,2,1,1
2025-10-10,Organic Search,google,organic,Always-on SEO,mobile,P008,16,13,10,2,1,1
2025-10-10,Organic Search,google,organic,Always-on SEO,mobile,P009,10,8,6,1,1,0
2025-10-10,Organic Search,google,organic,Always-on SEO,mobile,P010,15,12,10,2,1,1
2025-10-10,Organic Search,google,organic,Always-on SEO,mobile,P011,9,7,6,1,1,0
2025-10-10,Organic Search,google,organic,Always-on SEO,mobile,P012,14,11,9,2,1,1
2025-10-10,Direct,direct,none,Unassigned,desktop,P001,12,11,8,2,1,1
2025-10-10,Direct,direct,none,Unassigned,desktop,P002,8,7,5,1,0,0
2025-10-10,Direct,direct,none,Unassigned,desktop,P003,12,10,7,1,1,1
2025-10-10,Direct,direct,none,Unassigned,desktop,P004,7,6,5,1,0,0
2025-10-10,Direct,direct,none,Unassigned,desktop,P005,11,9,7,1,1,1
2025-10-10,Direct,direct,none,Unassigned,desktop,P006,6,6,4,1,0,0
2025-10-10,Direct,direct,none,Unassigned,desktop,P007,10,9,7,1,1,0
2025-10-10,Direct,direct,none,Unassigned,desktop,P008,6,5,4,1,0,0
2025-10-10,Direct,direct,none,Unassigned,desktop,P009,9,8,6,1,1,0
2025-10-10,Direct,direct,none,Unassigned,desktop,P010,5,4,3,1,0,0
2025-10-10,Direct,direct,none,Unassigned,desktop,P011,9,7,6,1,0,0
2025-10-10,Direct,direct,none,Unassigned,desktop,P012,12,10,8,1,1,1
2025-10-10,Email,newsletter,email,Lifecycle,tablet,P001,6,5,5,1,1,0
2025-10-10,Email,newsletter,email,Lifecycle,tablet,P002,10,8,7,2,1,1
2025-10-10,Email,newsletter,email,Lifecycle,tablet,P003,5,4,4,1,0,0
2025-10-10,Email,newsletter,email,Lifecycle,tablet,P004,9,7,7,2,1,1
2025-10-10,Email,newsletter,email,Lifecycle,tablet,P005,5,4,3,1,0,0
2025-10-10,Email,newsletter,email,Lifecycle,tablet,P006,8,7,6,2,1,1
2025-10-10,Email,newsletter,email,Lifecycle,tablet,P007,12,9,9,2,1,1
2025-10-10,Email,newsletter,email,Lifecycle,tablet,P008,7,6,6,1,1,1
2025-10-10,Email,newsletter,email,Lifecycle,tablet,P009,11,9,8,2,1,1
2025-10-10,Email,newsletter,email,Lifecycle,tablet,P010,7,6,5,1,1,0
2025-10-10,Email,newsletter,email,Lifecycle,tablet,P011,10,8,8,2,1,1
2025-10-10,Email,newsletter,email,Lifecycle,tablet,P012,6,5,4,1,0,0
2025-10-11,Paid Search,google,cpc,KSA Growth,desktop,P001,14,12,11,2,2,1
2025-10-11,Paid Search,google,cpc,KSA Growth,desktop,P002,8,7,7,2,1,1
2025-10-11,Paid Search,google,cpc,KSA Growth,desktop,P003,13,12,11,2,1,1
2025-10-11,Paid Search,google,cpc,KSA Growth,desktop,P004,8,7,6,1,1,1
2025-10-11,Paid Search,google,cpc,KSA Growth,desktop,P005,12,11,10,2,1,1
2025-10-11,Paid Search,google,cpc,KSA Growth,desktop,P006,7,6,5,1,1,0
2025-10-11,Paid Search,google,cpc,KSA Growth,desktop,P007,11,10,9,2,1,1
2025-10-11,Paid Search,google,cpc,KSA Growth,desktop,P008,16,14,13,3,2,1
2025-10-11,Paid Search,google,cpc,KSA Growth,desktop,P009,10,9,8,2,1,1
2025-10-11,Paid Search,google,cpc,KSA Growth,desktop,P010,15,13,12,3,2,1
2025-10-11,Paid Search,google,cpc,KSA Growth,desktop,P011,9,8,8,2,1,1
2025-10-11,Paid Search,google,cpc,KSA Growth,desktop,P012,14,12,11,2,2,1
2025-10-11,Paid Social,instagram,paid_social,Creator Offers,tablet,P001,4,4,4,1,0,0
2025-10-11,Paid Social,instagram,paid_social,Creator Offers,tablet,P002,7,6,6,1,1,1
2025-10-11,Paid Social,instagram,paid_social,Creator Offers,tablet,P003,10,8,8,2,1,1
2025-10-11,Paid Social,instagram,paid_social,Creator Offers,tablet,P004,7,5,5,1,1,0
2025-10-11,Paid Social,instagram,paid_social,Creator Offers,tablet,P005,10,8,8,1,1,1
2025-10-11,Paid Social,instagram,paid_social,Creator Offers,tablet,P006,6,5,5,1,1,0
2025-10-11,Paid Social,instagram,paid_social,Creator Offers,tablet,P007,9,7,7,1,1,1
2025-10-11,Paid Social,instagram,paid_social,Creator Offers,tablet,P008,6,4,4,1,0,0
2025-10-11,Paid Social,instagram,paid_social,Creator Offers,tablet,P009,9,7,7,1,1,1
2025-10-11,Paid Social,instagram,paid_social,Creator Offers,tablet,P010,5,4,4,1,0,0
2025-10-11,Paid Social,instagram,paid_social,Creator Offers,tablet,P011,8,6,6,1,1,1
2025-10-11,Paid Social,instagram,paid_social,Creator Offers,tablet,P012,4,3,4,1,0,0
2025-10-11,Affiliates,partners,affiliate,Partner Network,mobile,P001,6,5,4,1,1,0
2025-10-11,Affiliates,partners,affiliate,Partner Network,mobile,P002,10,8,6,2,1,1
2025-10-11,Affiliates,partners,affiliate,Partner Network,mobile,P003,6,5,4,1,0,0
2025-10-11,Affiliates,partners,affiliate,Partner Network,mobile,P004,9,8,6,2,1,1
2025-10-11,Affiliates,partners,affiliate,Partner Network,mobile,P005,5,4,3,1,0,0
2025-10-11,Affiliates,partners,affiliate,Partner Network,mobile,P006,8,7,5,1,1,1
2025-10-11,Affiliates,partners,affiliate,Partner Network,mobile,P007,4,4,3,1,0,0
2025-10-11,Affiliates,partners,affiliate,Partner Network,mobile,P008,8,6,5,1,1,0
2025-10-11,Affiliates,partners,affiliate,Partner Network,mobile,P009,11,9,7,2,1,1
2025-10-11,Affiliates,partners,affiliate,Partner Network,mobile,P010,7,6,5,1,1,0
2025-10-11,Affiliates,partners,affiliate,Partner Network,mobile,P011,10,9,7,2,1,1
2025-10-11,Affiliates,partners,affiliate,Partner Network,mobile,P012,6,5,4,1,1,0
2025-10-12,Direct,direct,none,Unassigned,tablet,P001,13,11,10,3,1,1
2025-10-12,Direct,direct,none,Unassigned,tablet,P002,8,7,7,2,1,0
2025-10-12,Direct,direct,none,Unassigned,tablet,P003,12,10,10,3,1,1
2025-10-12,Direct,direct,none,Unassigned,tablet,P004,7,6,6,1,1,0
2025-10-12,Direct,direct,none,Unassigned,tablet,P005,11,9,9,2,1,1
2025-10-12,Direct,direct,none,Unassigned,tablet,P006,7,5,5,1,1,0
2025-10-12,Direct,direct,none,Unassigned,tablet,P007,11,9,8,2,1,1
2025-10-12,Direct,direct,none,Unassigned,tablet,P008,6,5,5,1,1,0
2025-10-12,Direct,direct,none,Unassigned,tablet,P009,10,8,8,2,1,1
2025-10-12,Direct,direct,none,Unassigned,tablet,P010,14,11,11,3,2,1
2025-10-12,Direct,direct,none,Unassigned,tablet,P011,9,7,7,2,1,1
2025-10-12,Direct,direct,none,Unassigned,tablet,P012,13,10,10,3,1,1
2025-10-12,Email,newsletter,email,Lifecycle,mobile,P001,6,5,4,1,0,0
2025-10-12,Email,newsletter,email,Lifecycle,mobile,P002,10,7,7,1,1,1
2025-10-12,Email,newsletter,email,Lifecycle,mobile,P003,5,4,4,1,0,0
2025-10-12,Email,newsletter,email,Lifecycle,mobile,P004,9,7,7,1,1,1
2025-10-12,Email,newsletter,email,Lifecycle,mobile,P005,12,10,10,2,1,1
2025-10-12,Email,newsletter,email,Lifecycle,mobile,P006,8,6,6,1,1,0
2025-10-12,Email,newsletter,email,Lifecycle,mobile,P007,12,9,9,2,1,1
2025-10-12,Email,newsletter,email,Lifecycle,mobile,P008,7,6,6,1,0,0
2025-10-12,Email,newsletter,email,Lifecycle,mobile,P009,11,9,8,2,1,1
2025-10-12,Email,newsletter,email,Lifecycle,mobile,P010,7,5,5,1,0,0
2025-10-12,Email,newsletter,email,Lifecycle,mobile,P011,10,8,8,1,1,1
2025-10-12,Email,newsletter,email,Lifecycle,mobile,P012,6,4,4,1,0,0
2025-10-12,Organic Search,google,organic,Always-on SEO,desktop,P001,7,6,5,1,1,1
2025-10-12,Organic Search,google,organic,Always-on SEO,desktop,P002,11,9,8,2,1,1
2025-10-12,Organic Search,google,organic,Always-on SEO,desktop,P003,7,5,5,1,1,0
2025-10-12,Organic Search,google,organic,Always-on SEO,desktop,P004,10,8,7,2,1,1
2025-10-12,Organic Search,google,organic,Always-on SEO,desktop,P005,6,5,5,1,0,0
2025-10-12,Organic Search,google,organic,Always-on SEO,desktop,P006,9,7,7,2,1,1
2025-10-12,Organic Search,google,organic,Always-on SEO,desktop,P007,5,4,4,1,0,0
2025-10-12,Organic Search,google,organic,Always-on SEO,desktop,P008,9,7,6,2,1,1
2025-10-12,Organic Search,google,organic,Always-on SEO,desktop,P009,5,4,4,1,0,0
2025-10-12,Organic Search,google,organic,Always-on SEO,desktop,P010,8,6,6,1,1,1
2025-10-12,Organic Search,google,organic,Always-on SEO,desktop,P011,12,9,8,2,1,1
2025-10-12,Organic Search,google,organic,Always-on SEO,desktop,P012,7,6,5,1,1,0
2025-10-13,Paid Social,instagram,paid_social,Creator Offers,mobile,P001,8,6,6,2,1,1
2025-10-13,Paid Social,instagram,paid_social,Creator Offers,mobile,P002,5,4,4,1,0,0
2025-10-13,Paid Social,instagram,paid_social,Creator Offers,mobile,P003,8,6,6,1,1,1
2025-10-13,Paid Social,instagram,paid_social,Creator Offers,mobile,P004,5,4,4,1,0,0
2025-10-13,Paid Social,instagram,paid_social,Creator Offers,mobile,P005,7,6,6,1,1,0
2025-10-13,Paid Social,instagram,paid_social,Creator Offers,mobile,P006,4,3,3,1,0,0
2025-10-13,Paid Social,instagram,paid_social,Creator Offers,mobile,P007,7,5,5,1,1,0
2025-10-13,Paid Social,instagram,paid_social,Creator Offers,mobile,P008,4,3,3,1,0,0
2025-10-13,Paid Social,instagram,paid_social,Creator Offers,mobile,P009,6,5,5,1,1,0
2025-10-13,Paid Social,instagram,paid_social,Creator Offers,mobile,P010,4,3,3,1,0,0
2025-10-13,Paid Social,instagram,paid_social,Creator Offers,mobile,P011,6,5,4,1,0,0
2025-10-13,Paid Social,instagram,paid_social,Creator Offers,mobile,P012,8,6,6,1,1,1
2025-10-13,Affiliates,partners,affiliate,Partner Network,desktop,P001,9,8,7,1,1,1
2025-10-13,Affiliates,partners,affiliate,Partner Network,desktop,P002,14,12,11,2,1,1
2025-10-13,Affiliates,partners,affiliate,Partner Network,desktop,P003,8,7,6,1,1,0
2025-10-13,Affiliates,partners,affiliate,Partner Network,desktop,P004,13,11,10,2,1,1
2025-10-13,Affiliates,partners,affiliate,Partner Network,desktop,P005,7,6,5,1,1,0
2025-10-13,Affiliates,partners,affiliate,Partner Network,desktop,P006,12,10,9,2,1,1
2025-10-13,Affiliates,partners,affiliate,Partner Network,desktop,P007,18,15,13,2,1,1
2025-10-13,Affiliates,partners,affiliate,Partner Network,desktop,P008,11,9,9,2,1,1
2025-10-13,Affiliates,partners,affiliate,Partner Network,desktop,P009,16,14,13,2,1,1
2025-10-13,Affiliates,partners,affiliate,Partner Network,desktop,P010,10,8,8,2,1,1
2025-10-13,Affiliates,partners,affiliate,Partner Network,desktop,P011,15,13,12,2,1,1
2025-10-13,Affiliates,partners,affiliate,Partner Network,desktop,P012,9,8,7,1,1,0
2025-10-13,Paid Search,google,cpc,KSA Growth,tablet,P001,10,9,7,2,1,1
2025-10-13,Paid Search,google,cpc,KSA Growth,tablet,P002,14,12,10,2,1,1
2025-10-13,Paid Search,google,cpc,KSA Growth,tablet,P003,9,8,6,1,1,1
2025-10-13,Paid Search,google,cpc,KSA Growth,tablet,P004,14,12,9,2,1,1
2025-10-13,Paid Search,google,cpc,KSA Growth,tablet,P005,9,7,6,1,1,0
2025-10-13,Paid Search,google,cpc,KSA Growth,tablet,P006,13,11,8,2,1,1
2025-10-13,Paid Search,google,cpc,KSA Growth,tablet,P007,8,6,5,1,1,0
2025-10-13,Paid Search,google,cpc,KSA Growth,tablet,P008,12,10,8,2,1,1
2025-10-13,Paid Search,google,cpc,KSA Growth,tablet,P009,7,6,5,1,1,0
2025-10-13,Paid Search,google,cpc,KSA Growth,tablet,P010,11,9,7,2,1,1
2025-10-13,Paid Search,google,cpc,KSA Growth,tablet,P011,6,5,4,1,0,0
2025-10-13,Paid Search,google,cpc,KSA Growth,tablet,P012,10,9,7,2,1,1
2025-10-14,Email,newsletter,email,Lifecycle,desktop,P001,8,6,6,2,1,1
2025-10-14,Email,newsletter,email,Lifecycle,desktop,P002,13,10,10,3,2,1
2025-10-14,Email,newsletter,email,Lifecycle,desktop,P003,19,14,15,4,3,2
2025-10-14,Email,newsletter,email,Lifecycle,desktop,P004,12,9,9,3,2,1
2025-10-14,Email,newsletter,email,Lifecycle,desktop,P005,18,13,14,4,2,2
2025-10-14,Email,newsletter,email,Lifecycle,desktop,P006,11,8,9,2,2,1
2025-10-14,Email,newsletter,email,Lifecycle,desktop,P007,16,12,13,3,2,2
2025-10-14,Email,newsletter,email,Lifecycle,desktop,P008,10,7,8,2,1,1
2025-10-14,Email,newsletter,email,Lifecycle,desktop,P009,15,11,12,3,2,1
2025-10-14,Email,newsletter,email,Lifecycle,desktop,P010,9,6,7,2,1,1
2025-10-14,Email,newsletter,email,Lifecycle,desktop,P011,14,10,11,3,2,1
2025-10-14,Email,newsletter,email,Lifecycle,desktop,P012,8,6,6,2,1,1
2025-10-14,Organic Search,google,organic,Always-on SEO,tablet,P001,6,5,5,1,0,0
2025-10-14,Organic Search,google,organic,Always-on SEO,tablet,P002,8,7,7,1,1,1
2025-10-14,Organic Search,google,organic,Always-on SEO,tablet,P003,5,4,4,1,0,0
2025-10-14,Organic Search,google,organic,Always-on SEO,tablet,P004,8,7,6,1,1,1
2025-10-14,Organic Search,google,organic,Always-on SEO,tablet,P005,4,4,4,1,0,0
2025-10-14,Organic Search,google,organic,Always-on SEO,tablet,P006,7,6,6,1,1,1
2025-10-14,Organic Search,google,organic,Always-on SEO,tablet,P007,4,3,3,1,0,0
2025-10-14,Organic Search,google,organic,Always-on SEO,tablet,P008,7,6,5,1,1,0
2025-10-14,Organic Search,google,organic,Always-on SEO,tablet,P009,9,8,8,2,1,1
2025-10-14,Organic Search,google,organic,Always-on SEO,tablet,P010,6,5,5,1,1,0
2025-10-14,Organic Search,google,organic,Always-on SEO,tablet,P011,9,7,7,1,1,1
2025-10-14,Organic Search,google,organic,Always-on SEO,tablet,P012,6,5,4,1,0,0
2025-10-14,Direct,direct,none,Unassigned,mobile,P001,10,8,8,2,2,1
2025-10-14,Direct,direct,none,Unassigned,mobile,P002,6,4,4,1,1,0
2025-10-14,Direct,direct,none,Unassigned,mobile,P003,9,7,7,2,1,1
2025-10-14,Direct,direct,none,Unassigned,mobile,P004,13,10,10,3,2,1
2025-10-14,Direct,direct,none,Unassigned,mobile,P005,9,7,6,2,1,1
2025-10-14,Direct,direct,none,Unassigned,mobile,P006,13,10,9,3,2,1
2025-10-14,Direct,direct,none,Unassigned,mobile,P007,8,6,6,2,1,1
2025-10-14,Direct,direct,none,Unassigned,mobile,P008,12,9,9,2,2,1
2025-10-14,Direct,direct,none,Unassigned,mobile,P009,7,5,5,2,1,1
2025-10-14,Direct,direct,none,Unassigned,mobile,P010,11,8,8,2,2,1
2025-10-14,Direct,direct,none,Unassigned,mobile,P011,6,5,5,1,1,0
2025-10-14,Direct,direct,none,Unassigned,mobile,P012,10,8,8,2,1,1
2025-10-15,Affiliates,partners,affiliate,Partner Network,tablet,P001,6,5,5,1,1,0
2025-10-15,Affiliates,partners,affiliate,Partner Network,tablet,P002,10,8,8,2,1,1
2025-10-15,Affiliates,partners,affiliate,Partner Network,tablet,P003,6,4,4,1,1,0
2025-10-15,Affiliates,partners,affiliate,Partner Network,tablet,P004,9,7,7,2,1,1
2025-10-15,Affiliates,partners,affiliate,Partner Network,tablet,P005,13,10,10,3,1,1
2025-10-15,Affiliates,partners,affiliate,Partner Network,tablet,P006,9,7,7,2,1,1
2025-10-15,Affiliates,partners,affiliate,Partner Network,tablet,P007,13,9,10,3,1,1
2025-10-15,Affiliates,partners,affiliate,Partner Network,tablet,P008,8,6,6,2,1,1
2025-10-15,Affiliates,partners,affiliate,Partner Network,tablet,P009,12,9,9,2,1,1
2025-10-15,Affiliates,partners,affiliate,Partner Network,tablet,P010,7,5,6,2,1,0
2025-10-15,Affiliates,partners,affiliate,Partner Network,tablet,P011,11,8,9,2,1,1
2025-10-15,Affiliates,partners,affiliate,Partner Network,tablet,P012,6,5,5,1,1,0
2025-10-15,Paid Search,google,cpc,KSA Growth,mobile,P001,6,5,4,1,0,0
2025-10-15,Paid Search,google,cpc,KSA Growth,mobile,P002,9,7,6,2,1,1
2025-10-15,Paid Search,google,cpc,KSA Growth,mobile,P003,6,5,4,1,0,0
2025-10-15,Paid Search,google,cpc,KSA Growth,mobile,P004,8,7,5,1,1,1
2025-10-15,Paid Search,google,cpc,KSA Growth,mobile,P005,5,4,3,1,0,0
2025-10-15,Paid Search,google,cpc,KSA Growth,mobile,P006,8,6,5,1,1,1
2025-10-15,Paid Search,google,cpc,KSA Growth,mobile,P007,4,4,3,1,0,0
2025-10-15,Paid Search,google,cpc,KSA Growth,mobile,P008,7,6,5,1,1,1
2025-10-15,Paid Search,google,cpc,KSA Growth,mobile,P009,4,3,3,1,0,0
2025-10-15,Paid Search,google,cpc,KSA Growth,mobile,P010,7,6,4,1,1,0
2025-10-15,Paid Search,google,cpc,KSA Growth,mobile,P011,9,8,6,2,1,1
2025-10-15,Paid Search,google,cpc,KSA Growth,mobile,P012,6,5,4,1,0,0
2025-10-15,Paid Social,instagram,paid_social,Creator Offers,desktop,P001,10,8,7,2,1,1
2025-10-15,Paid Social,instagram,paid_social,Creator Offers,desktop,P002,5,4,4,1,1,0
2025-10-15,Paid Social,instagram,paid_social,Creator Offers,desktop,P003,9,7,7,2,1,1
2025-10-15,Paid Social,instagram,paid_social,Creator Offers,desktop,P004,5,4,4,1,1,0
2025-10-15,Paid Social,instagram,paid_social,Creator Offers,desktop,P005,8,6,6,2,1,1
2025-10-15,Paid Social,instagram,paid_social,Creator Offers,desktop,P006,12,9,9,2,1,1
2025-10-15,Paid Social,instagram,paid_social,Creator Offers,desktop,P007,8,6,6,1,1,1
2025-10-15,Paid Social,instagram,paid_social,Creator Offers,desktop,P008,11,9,9,2,1,1
2025-10-15,Paid Social,instagram,paid_social,Creator Offers,desktop,P009,7,5,5,1,1,0
2025-10-15,Paid Social,instagram,paid_social,Creator Offers,desktop,P010,10,8,8,2,1,1
2025-10-15,Paid Social,instagram,paid_social,Creator Offers,desktop,P011,6,5,5,1,1,0
2025-10-15,Paid Social,instagram,paid_social,Creator Offers,desktop,P012,10,8,7,2,1,1
2025-10-16,Organic Search,google,organic,Always-on SEO,mobile,P001,6,5,5,1,0,0
2025-10-16,Organic Search,google,organic,Always-on SEO,mobile,P002,9,8,7,1,1,1
2025-10-16,Organic Search,google,organic,Always-on SEO,mobile,P003,5,4,4,1,0,0
2025-10-16,Organic Search,google,organic,Always-on SEO,mobile,P004,9,7,7,1,1,1
2025-10-16,Organic Search,google,organic,Always-on SEO,mobile,P005,5,4,3,1,0,0
2025-10-16,Organic Search,google,organic,Always-on SEO,mobile,P006,8,7,6,1,1,1
2025-10-16,Organic Search,google,organic,Always-on SEO,mobile,P007,11,9,9,2,1,1
2025-10-16,Organic Search,google,organic,Always-on SEO,mobile,P008,7,6,6,1,1,0
2025-10-16,Organic Search,google,organic,Always-on SEO,mobile,P009,10,9,8,2,1,1
2025-10-16,Organic Search,google,organic,Always-on SEO,mobile,P010,7,5,5,1,1,0
2025-10-16,Organic Search,google,organic,Always-on SEO,mobile,P011,10,8,8,1,1,1
2025-10-16,Organic Search,google,organic,Always-on SEO,mobile,P012,6,5,4,1,0,0
2025-10-16,Direct,direct,none,Unassigned,desktop,P001,10,9,8,2,1,1
2025-10-16,Direct,direct,none,Unassigned,desktop,P002,14,12,11,3,2,1
2025-10-16,Direct,direct,none,Unassigned,desktop,P003,9,8,7,2,1,1
2025-10-16,Direct,direct,none,Unassigned,desktop,P004,14,11,11,3,1,1
2025-10-16,Direct,direct,none,Unassigned,desktop,P005,8,7,7,2,1,0
2025-10-16,Direct,direct,none,Unassigned,desktop,P006,13,11,10,3,1,1
2025-10-16,Direct,direct,none,Unassigned,desktop,P007,8,6,6,2,1,0
2025-10-16,Direct,direct,none,Unassigned,desktop,P008,12,10,9,3,1,1
2025-10-16,Direct,direct,none,Unassigned,desktop,P009,7,6,5,1,1,0
2025-10-16,Direct,direct,none,Unassigned,desktop,P010,11,9,9,2,1,1
2025-10-16,Direct,direct,none,Unassigned,desktop,P011,6,5,5,1,1,0
2025-10-16,Direct,direct,none,Unassigned,desktop,P012,10,8,8,2,1,1
2025-10-16,Email,newsletter,email,Lifecycle,tablet,P001,9,7,7,2,1,1
2025-10-16,Email,newsletter,email,Lifecycle,tablet,P002,6,5,4,1,1,0
2025-10-16,Email,newsletter,email,Lifecycle,tablet,P003,9,7,7,1,1,1
2025-10-16,Email,newsletter,email,Lifecycle,tablet,P004,5,4,4,1,0,0
2025-10-16,Email,newsletter,email,Lifecycle,tablet,P005,8,6,6,1,1,1
2025-10-16,Email,newsletter,email,Lifecycle,tablet,P006,4,4,4,1,0,0
2025-10-16,Email,newsletter,email,Lifecycle,tablet,P007,7,6,6,1,1,1
2025-10-16,Email,newsletter,email,Lifecycle,tablet,P008,11,8,8,2,1,1
2025-10-16,Email,newsletter,email,Lifecycle,tablet,P009,7,5,5,1,1,0
2025-10-16,Email,newsletter,email,Lifecycle,tablet,P010,10,8,8,2,1,1
2025-10-16,Email,newsletter,email,Lifecycle,tablet,P011,6,5,5,1,1,0
2025-10-16,Email,newsletter,email,Lifecycle,tablet,P012,9,7,7,2,1,1
2025-10-17,Paid Search,google,cpc,KSA Growth,desktop,P001,11,9,9,2,2,1
2025-10-17,Paid Search,google,cpc,KSA Growth,desktop,P002,17,13,14,3,2,1
2025-10-17,Paid Search,google,cpc,KSA Growth,desktop,P003,10,8,8,2,1,1
2025-10-17,Paid Search,google,cpc,KSA Growth,desktop,P004,16,12,13,3,2,1
2025-10-17,Paid Search,google,cpc,KSA Growth,desktop,P005,9,7,7,2,1,1
2025-10-17,Paid Search,google,cpc,KSA Growth,desktop,P006,15,11,12,3,2,1
2025-10-17,Paid Search,google,cpc,KSA Growth,desktop,P007,8,6,6,1,1,1
2025-10-17,Paid Search,google,cpc,KSA Growth,desktop,P008,14,10,11,3,2,1
2025-10-17,Paid Search,google,cpc,KSA Growth,desktop,P009,19,15,15,4,3,2
2025-10-17,Paid Search,google,cpc,KSA Growth,desktop,P010,12,10,10,2,2,1
2025-10-17,Paid Search,google,cpc,KSA Growth,desktop,P011,18,14,15,3,2,1
2025-10-17,Paid Search,google,cpc,KSA Growth,desktop,P012,11,9,9,2,1,1
2025-10-17,Paid Social,instagram,paid_social,Creator Offers,tablet,P001,16,13,10,3,2,1
2025-10-17,Paid Social,instagram,paid_social,Creator Offers,tablet,P002,8,7,5,1,1,1
2025-10-17,Paid Social,instagram,paid_social,Creator Offers,tablet,P003,14,12,9,2,1,1
2025-10-17,Paid Social,instagram,paid_social,Creator Offers,tablet,P004,21,18,13,3,2,1
2025-10-17,Paid Social,instagram,paid_social,Creator Offers,tablet,P005,13,11,9,2,1,1
2025-10-17,Paid Social,instagram,paid_social,Creator Offers,tablet,P006,19,17,12,3,2,1
2025-10-17,Paid Social,instagram,paid_social,Creator Offers,tablet,P007,12,10,8,2,1,1
2025-10-17,Paid Social,instagram,paid_social,Creator Offers,tablet,P008,18,16,12,3,2,1
2025-10-17,Paid Social,instagram,paid_social,Creator Offers,tablet,P009,11,9,7,2,1,1
2025-10-17,Paid Social,instagram,paid_social,Creator Offers,tablet,P010,17,14,11,3,2,1
2025-10-17,Paid Social,instagram,paid_social,Creator Offers,tablet,P011,10,8,6,2,1,1
2025-10-17,Paid Social,instagram,paid_social,Creator Offers,tablet,P012,16,13,10,2,2,1
2025-10-17,Affiliates,partners,affiliate,Partner Network,mobile,P001,15,13,10,2,1,1
2025-10-17,Affiliates,partners,affiliate,Partner Network,mobile,P002,10,8,6,1,1,0
2025-10-17,Affiliates,partners,affiliate,Partner Network,mobile,P003,14,12,10,2,1,1
2025-10-17,Affiliates,partners,affiliate,Partner Network,mobile,P004,9,7,6,1,1,0
2025-10-17,Affiliates,partners,affiliate,Partner Network,mobile,P005,13,11,9,2,1,1
2025-10-17,Affiliates,partners,affiliate,Partner Network,mobile,P006,8,6,5,1,0,0
2025-10-17,Affiliates,partners,affiliate,Partner Network,mobile,P007,12,10,8,2,1,1
2025-10-17,Affiliates,partners,affiliate,Partner Network,mobile,P008,7,5,4,1,0,0
2025-10-17,Affiliates,partners,affiliate,Partner Network,mobile,P009,11,9,8,1,1,1
2025-10-17,Affiliates,partners,affiliate,Partner Network,mobile,P010,16,13,11,2,1,1
2025-10-17,Affiliates,partners,affiliate,Partner Network,mobile,P011,10,9,7,1,1,1
2025-10-17,Affiliates,partners,affiliate,Partner Network,mobile,P012,15,13,10,2,1,1
2025-10-18,Direct,direct,none,Unassigned,tablet,P001,8,7,6,2,1,1
2025-10-18,Direct,direct,none,Unassigned,tablet,P002,12,10,9,2,1,1
2025-10-18,Direct,direct,none,Unassigned,tablet,P003,8,7,6,1,1,0
2025-10-18,Direct,direct,none,Unassigned,tablet,P004,11,10,8,2,1,1
2025-10-18,Direct,direct,none,Unassigned,tablet,P005,7,6,5,1,1,0
2025-10-18,Direct,direct,none,Unassigned,tablet,P006,10,9,8,2,1,1
2025-10-18,Direct,direct,none,Unassigned,tablet,P007,6,5,5,1,0,0
2025-10-18,Direct,direct,none,Unassigned,tablet,P008,10,9,7,2,1,1
2025-10-18,Direct,direct,none,Unassigned,tablet,P009,5,5,4,1,0,0
2025-10-18,Direct,direct,none,Unassigned,tablet,P010,9,8,7,2,1,1
2025-10-18,Direct,direct,none,Unassigned,tablet,P011,13,11,10,2,1,1
2025-10-18,Direct,direct,none,Unassigned,tablet,P012,8,7,6,1,1,0
2025-10-18,Email,newsletter,email,Lifecycle,mobile,P001,10,7,7,2,1,1
2025-10-18,Email,newsletter,email,Lifecycle,mobile,P002,6,4,4,1,1,0
2025-10-18,Email,newsletter,email,Lifecycle,mobile,P003,9,7,6,1,1,1
2025-10-18,Email,newsletter,email,Lifecycle,mobile,P004,5,4,4,1,0,0
2025-10-18,Email,newsletter,email,Lifecycle,mobile,P005,9,6,6,1,1,1
2025-10-18,Email,newsletter,email,Lifecycle,mobile,P006,12,9,8,2,1,1
2025-10-18,Email,newsletter,email,Lifecycle,mobile,P007,8,6,5,1,1,1
2025-10-18,Email,newsletter,email,Lifecycle,mobile,P008,11,9,8,2,1,1
2025-10-18,Email,newsletter,email,Lifecycle,mobile,P009,7,5,5,1,1,0
2025-10-18,Email,newsletter,email,Lifecycle,mobile,P010,11,8,7,2,1,1
2025-10-18,Email,newsletter,email,Lifecycle,mobile,P011,6,5,5,1,1,0
2025-10-18,Email,newsletter,email,Lifecycle,mobile,P012,10,7,7,2,1,1
2025-10-18,Organic Search,google,organic,Always-on SEO,desktop,P001,11,8,7,2,1,1
2025-10-18,Organic Search,google,organic,Always-on SEO,desktop,P002,7,5,5,1,0,0
2025-10-18,Organic Search,google,organic,Always-on SEO,desktop,P003,10,8,7,1,1,1
2025-10-18,Organic Search,google,organic,Always-on SEO,desktop,P004,7,5,4,1,0,0
2025-10-18,Organic Search,google,organic,Always-on SEO,desktop,P005,10,7,7,1,1,1
2025-10-18,Organic Search,google,organic,Always-on SEO,desktop,P006,6,5,4,1,0,0
2025-10-18,Organic Search,google,organic,Always-on SEO,desktop,P007,9,7,6,1,1,0
2025-10-18,Organic Search,google,organic,Always-on SEO,desktop,P008,5,4,3,1,0,0
2025-10-18,Organic Search,google,organic,Always-on SEO,desktop,P009,9,6,6,1,1,0
2025-10-18,Organic Search,google,organic,Always-on SEO,desktop,P010,5,4,3,1,0,0
2025-10-18,Organic Search,google,organic,Always-on SEO,desktop,P011,8,6,5,1,1,0
2025-10-18,Organic Search,google,organic,Always-on SEO,desktop,P012,11,8,7,2,1,1
2025-10-19,Paid Social,instagram,paid_social,Creator Offers,mobile,P001,7,6,5,1,1,0
2025-10-19,Paid Social,instagram,paid_social,Creator Offers,mobile,P002,11,8,7,2,1,1
2025-10-19,Paid Social,instagram,paid_social,Creator Offers,mobile,P003,7,5,5,1,0,0
2025-10-19,Paid Social,instagram,paid_social,Creator Offers,mobile,P004,10,7,7,1,1,1
2025-10-19,Paid Social,instagram,paid_social,Creator Offers,mobile,P005,6,5,4,1,0,0
2025-10-19,Paid Social,instagram,paid_social,Creator Offers,mobile,P006,9,7,7,1,1,1
2025-10-19,Paid Social,instagram,paid_social,Creator Offers,mobile,P007,6,4,4,1,0,0
2025-10-19,Paid Social,instagram,paid_social,Creator Offers,mobile,P008,9,6,6,1,1,1
2025-10-19,Paid Social,instagram,paid_social,Creator Offers,mobile,P009,5,4,4,1,0,0
2025-10-19,Paid Social,instagram,paid_social,Creator Offers,mobile,P010,8,6,6,1,1,0
2025-10-19,Paid Social,instagram,paid_social,Creator Offers,mobile,P011,4,3,3,1,0,0
2025-10-19,Paid Social,instagram,paid_social,Creator Offers,mobile,P012,7,5,5,1,1,0
2025-10-19,Affiliates,partners,affiliate,Partner Network,desktop,P001,14,11,11,2,1,1
2025-10-19,Affiliates,partners,affiliate,Partner Network,desktop,P002,9,6,6,1,1,1
2025-10-19,Affiliates,partners,affiliate,Partner Network,desktop,P003,14,10,10,2,1,1
2025-10-19,Affiliates,partners,affiliate,Partner Network,desktop,P004,8,6,6,1,1,0
2025-10-19,Affiliates,partners,affiliate,Partner Network,desktop,P005,13,9,9,2,1,1
2025-10-19,Affiliates,partners,affiliate,Partner Network,desktop,P006,7,5,5,1,1,0
2025-10-19,Affiliates,partners,affiliate,Partner Network,desktop,P007,12,8,8,2,1,1
2025-10-19,Affiliates,partners,affiliate,Partner Network,desktop,P008,16,12,12,3,2,1
2025-10-19,Affiliates,partners,affiliate,Partner Network,desktop,P009,11,8,8,2,1,1
2025-10-19,Affiliates,partners,affiliate,Partner Network,desktop,P010,15,11,11,3,1,1
2025-10-19,Affiliates,partners,affiliate,Partner Network,desktop,P011,10,7,7,2,1,1
2025-10-19,Affiliates,partners,affiliate,Partner Network,desktop,P012,14,10,10,2,1,1
2025-10-19,Paid Search,google,cpc,KSA Growth,tablet,P001,7,5,5,1,0,0
2025-10-19,Paid Search,google,cpc,KSA Growth,tablet,P002,11,8,9,2,1,1
2025-10-19,Paid Search,google,cpc,KSA Growth,tablet,P003,16,12,13,3,1,1
2025-10-19,Paid Search,google,cpc,KSA Growth,tablet,P004,11,8,8,2,1,0
2025-10-19,Paid Search,google,cpc,KSA Growth,tablet,P005,15,11,12,2,1,1
2025-10-19,Paid Search,google,cpc,KSA Growth,tablet,P006,10,7,8,2,1,0
2025-10-19,Paid Search,google,cpc,KSA Growth,tablet,P007,14,10,12,2,1,1
2025-10-19,Paid Search,google,cpc,KSA Growth,tablet,P008,9,6,7,1,1,0
2025-10-19,Paid Search,google,cpc,KSA Growth,tablet,P009,13,10,11,2,1,1
2025-10-19,Paid Search,google,cpc,KSA Growth,tablet,P010,8,5,6,1,1,0
2025-10-19,Paid Search,google,cpc,KSA Growth,tablet,P011,12,9,10,2,1,1
2025-10-19,Paid Search,google,cpc,KSA Growth,tablet,P012,7,5,5,1,0,0
2025-10-20,Email,newsletter,email,Lifecycle,desktop,P001,13,10,9,2,1,1
2025-10-20,Email,newsletter,email,Lifecycle,desktop,P002,7,5,5,1,0,0
2025-10-20,Email,newsletter,email,Lifecycle,desktop,P003,12,9,8,2,1,0
2025-10-20,Email,newsletter,email,Lifecycle,desktop,P004,18,13,11,3,1,1
2025-10-20,Email,newsletter,email,Lifecycle,desktop,P005,11,8,7,2,1,0
2025-10-20,Email,newsletter,email,Lifecycle,desktop,P006,17,12,10,2,1,1
2025-10-20,Email,newsletter,email,Lifecycle,desktop,P007,10,8,7,1,1,0
2025-10-20,Email,newsletter,email,Lifecycle,desktop,P008,15,11,10,2,1,1
2025-10-20,Email,newsletter,email,Lifecycle,desktop,P009,9,7,6,1,1,0
2025-10-20,Email,newsletter,email,Lifecycle,desktop,P010,14,11,9,2,1,1
2025-10-20,Email,newsletter,email,Lifecycle,desktop,P011,8,6,5,1,0,0
2025-10-20,Email,newsletter,email,Lifecycle,desktop,P012,13,10,9,2,1,1
2025-10-20,Organic Search,google,organic,Always-on SEO,tablet,P001,17,12,12,3,2,1
2025-10-20,Organic Search,google,organic,Always-on SEO,tablet,P002,11,8,7,2,1,1
2025-10-20,Organic Search,google,organic,Always-on SEO,tablet,P003,16,12,11,3,2,1
2025-10-20,Organic Search,google,organic,Always-on SEO,tablet,P004,10,7,7,1,1,1
2025-10-20,Organic Search,google,organic,Always-on SEO,tablet,P005,15,11,10,2,1,1
2025-10-20,Organic Search,google,organic,Always-on SEO,tablet,P006,9,6,6,1,1,1
2025-10-20,Organic Search,google,organic,Always-on SEO,tablet,P007,14,10,9,2,1,1
2025-10-20,Organic Search,google,organic,Always-on SEO,tablet,P008,8,6,5,1,1,0
2025-10-20,Organic Search,google,organic,Always-on SEO,tablet,P009,13,9,9,2,1,1
2025-10-20,Organic Search,google,organic,Always-on SEO,tablet,P010,18,13,12,3,2,1
2025-10-20,Organic Search,google,organic,Always-on SEO,tablet,P011,12,9,8,2,1,1
2025-10-20,Organic Search,google,organic,Always-on SEO,tablet,P012,17,12,12,3,2,1
2025-10-20,Direct,direct,none,Unassigned,mobile,P001,4,4,3,1,0,0
2025-10-20,Direct,direct,none,Unassigned,mobile,P002,7,6,5,1,1,0
2025-10-20,Direct,direct,none,Unassigned,mobile,P003,3,3,3,0,0,0
2025-10-20,Direct,direct,none,Unassigned,mobile,P004,6,5,5,1,1,0
2025-10-20,Direct,direct,none,Unassigned,mobile,P005,9,8,7,1,1,1
2025-10-20,Direct,direct,none,Unassigned,mobile,P006,6,5,4,1,0,0
2025-10-20,Direct,direct,none,Unassigned,mobile,P007,8,7,7,1,1,1
2025-10-20,Direct,direct,none,Unassigned,mobile,P008,5,5,4,1,0,0
2025-10-20,Direct,direct,none,Unassigned,mobile,P009,8,7,6,1,1,1
2025-10-20,Direct,direct,none,Unassigned,mobile,P010,4,4,4,1,0,0
2025-10-20,Direct,direct,none,Unassigned,mobile,P011,7,6,6,1,1,1
2025-10-20,Direct,direct,none,Unassigned,mobile,P012,4,4,3,0,0,0
2025-10-21,Affiliates,partners,affiliate,Partner Network,tablet,P001,10,9,8,2,1,1
2025-10-21,Affiliates,partners,affiliate,Partner Network,tablet,P002,6,5,4,1,0,0
2025-10-21,Affiliates,partners,affiliate,Partner Network,tablet,P003,9,8,7,1,1,1
2025-10-21,Affiliates,partners,affiliate,Partner Network,tablet,P004,5,4,4,1,0,0
2025-10-21,Affiliates,partners,affiliate,Partner Network,tablet,P005,9,7,7,1,1,0
2025-10-21,Affiliates,partners,affiliate,Partner Network,tablet,P006,12,11,9,2,1,1
2025-10-21,Affiliates,partners,affiliate,Partner Network,tablet,P007,8,7,6,1,1,0
2025-10-21,Affiliates,partners,affiliate,Partner Network,tablet,P008,12,10,9,2,1,1
2025-10-21,Affiliates,partners,affiliate,Partner Network,tablet,P009,7,6,5,1,0,0
2025-10-21,Affiliates,partners,affiliate,Partner Network,tablet,P010,11,9,8,2,1,1
2025-10-21,Affiliates,partners,affiliate,Partner Network,tablet,P011,7,6,5,1,0,0
2025-10-21,Affiliates,partners,affiliate,Partner Network,tablet,P012,10,9,8,2,1,1
2025-10-21,Paid Search,google,cpc,KSA Growth,mobile,P001,13,10,10,3,2,1
2025-10-21,Paid Search,google,cpc,KSA Growth,mobile,P002,8,6,6,2,1,1
2025-10-21,Paid Search,google,cpc,KSA Growth,mobile,P003,12,9,9,2,1,1
2025-10-21,Paid Search,google,cpc,KSA Growth,mobile,P004,7,6,6,1,1,0
2025-10-21,Paid Search,google,cpc,KSA Growth,mobile,P005,11,8,8,2,1,1
2025-10-21,Paid Search,google,cpc,KSA Growth,mobile,P006,7,5,5,1,1,0
2025-10-21,Paid Search,google,cpc,KSA Growth,mobile,P007,11,8,8,2,1,1
2025-10-21,Paid Search,google,cpc,KSA Growth,mobile,P008,6,5,4,1,1,0
2025-10-21,Paid Search,google,cpc,KSA Growth,mobile,P009,10,7,7,2,1,1
2025-10-21,Paid Search,google,cpc,KSA Growth,mobile,P010,5,4,4,1,1,0
2025-10-21,Paid Search,google,cpc,KSA Growth,mobile,P011,9,7,7,2,1,1
2025-10-21,Paid Search,google,cpc,KSA Growth,mobile,P012,13,10,10,3,2,1
2025-10-21,Paid Social,instagram,paid_social,Creator Offers,desktop,P001,6,5,4,1,1,0
2025-10-21,Paid Social,instagram,paid_social,Creator Offers,desktop,P002,10,7,7,2,1,1
2025-10-21,Paid Social,instagram,paid_social,Creator Offers,desktop,P003,6,4,4,1,0,0
2025-10-21,Paid Social,instagram,paid_social,Creator Offers,desktop,P004,9,7,6,2,1,1
2025-10-21,Paid Social,instagram,paid_social,Creator Offers,desktop,P005,5,4,4,1,0,0
2025-10-21,Paid Social,instagram,paid_social,Creator Offers,desktop,P006,9,6,6,1,1,1
2025-10-21,Paid Social,instagram,paid_social,Creator Offers,desktop,P007,12,9,8,2,1,1
2025-10-21,Paid Social,instagram,paid_social,Creator Offers,desktop,P008,8,6,5,1,1,0
2025-10-21,Paid Social,instagram,paid_social,Creator Offers,desktop,P009,11,8,8,2,1,1
2025-10-21,Paid Social,instagram,paid_social,Creator Offers,desktop,P010,7,5,5,1,1,0
2025-10-21,Paid Social,instagram,paid_social,Creator Offers,desktop,P011,11,8,7,2,1,1
2025-10-21,Paid Social,instagram,paid_social,Creator Offers,desktop,P012,6,5,4,1,0,0
2025-10-22,Organic Search,google,organic,Always-on SEO,mobile,P001,7,5,5,1,1,1
2025-10-22,Organic Search,google,organic,Always-on SEO,mobile,P002,4,3,3,1,0,0
2025-10-22,Organic Search,google,organic,Always-on SEO,mobile,P003,7,5,4,1,1,0
2025-10-22,Organic Search,google,organic,Always-on SEO,mobile,P004,4,3,3,0,0,0
2025-10-22,Organic Search,google,organic,Always-on SEO,mobile,P005,6,5,4,1,1,0
2025-10-22,Organic Search,google,organic,Always-on SEO,mobile,P006,3,2,2,0,0,0
2025-10-22,Organic Search,google,organic,Always-on SEO,mobile,P007,6,4,4,1,0,0
2025-10-22,Organic Search,google,organic,Always-on SEO,mobile,P008,8,6,5,1,1,1
2025-10-22,Organic Search,google,organic,Always-on SEO,mobile,P009,5,4,3,1,0,0
2025-10-22,Organic Search,google,organic,Always-on SEO,mobile,P010,8,6,5,1,1,1
2025-10-22,Organic Search,google,organic,Always-on SEO,mobile,P011,5,4,3,1,0,0
2025-10-22,Organic Search,google,organic,Always-on SEO,mobile,P012,7,5,5,1,1,1
2025-10-22,Direct,direct,none,Unassigned,desktop,P001,4,3,3,0,0,0
2025-10-22,Direct,direct,none,Unassigned,desktop,P002,6,5,5,1,1,0
2025-10-22,Direct,direct,none,Unassigned,desktop,P003,9,8,6,1,1,1
2025-10-22,Direct,direct,none,Unassigned,desktop,P004,6,5,4,1,0,0
2025-10-22,Direct,direct,none,Unassigned,desktop,P005,8,7,6,1,1,1
2025-10-22,Direct,direct,none,Unassigned,desktop,P006,5,4,4,1,0,0
2025-10-22,Direct,direct,none,Unassigned,desktop,P007,8,7,6,1,1,1
2025-10-22,Direct,direct,none,Unassigned,desktop,P008,5,4,3,1,0,0
2025-10-22,Direct,direct,none,Unassigned,desktop,P009,7,6,5,1,1,1
2025-10-22,Direct,direct,none,Unassigned,desktop,P010,4,4,3,1,0,0
2025-10-22,Direct,direct,none,Unassigned,desktop,P011,7,6,5,1,1,0
2025-10-22,Direct,direct,none,Unassigned,desktop,P012,3,3,3,0,0,0
2025-10-22,Email,newsletter,email,Lifecycle,tablet,P001,11,8,7,2,1,0
2025-10-22,Email,newsletter,email,Lifecycle,tablet,P002,17,12,11,2,1,1
2025-10-22,Email,newsletter,email,Lifecycle,tablet,P003,10,7,7,1,1,0
2025-10-22,Email,newsletter,email,Lifecycle,tablet,P004,15,11,10,2,1,1
2025-10-22,Email,newsletter,email,Lifecycle,tablet,P005,9,6,6,1,1,0
2025-10-22,Email,newsletter,email,Lifecycle,tablet,P006,14,10,10,2,1,1
2025-10-22,Email,newsletter,email,Lifecycle,tablet,P007,8,6,5,1,1,0
2025-10-22,Email,newsletter,email,Lifecycle,tablet,P008,13,10,9,2,1,1
2025-10-22,Email,newsletter,email,Lifecycle,tablet,P009,19,14,12,3,1,1
2025-10-22,Email,newsletter,email,Lifecycle,tablet,P010,12,9,8,2,1,1
2025-10-22,Email,newsletter,email,Lifecycle,tablet,P011,18,13,12,3,1,1
2025-10-22,Email,newsletter,email,Lifecycle,tablet,P012,11,8,7,2,1,0
2025-10-23,Paid Search,google,cpc,KSA Growth,desktop,P001,8,7,6,1,1,1
2025-10-23,Paid Search,google,cpc,KSA Growth,desktop,P002,5,4,3,1,0,0
2025-10-23,Paid Search,google,cpc,KSA Growth,desktop,P003,8,7,5,1,1,1
2025-10-23,Paid Search,google,cpc,KSA Growth,desktop,P004,5,4,3,1,0,0
2025-10-23,Paid Search,google,cpc,KSA Growth,desktop,P005,7,6,5,1,1,1
2025-10-23,Paid Search,google,cpc,KSA Growth,desktop,P006,4,4,3,1,0,0
2025-10-23,Paid Search,google,cpc,KSA Growth,desktop,P007,7,6,4,1,1,1
2025-10-23,Paid Search,google,cpc,KSA Growth,desktop,P008,3,3,2,1,0,0
2025-10-23,Paid Search,google,cpc,KSA Growth,desktop,P009,6,5,4,1,1,0
2025-10-23,Paid Search,google,cpc,KSA Growth,desktop,P010,9,7,6,1,1,1
2025-10-23,Paid Search,google,cpc,KSA Growth,desktop,P011,6,5,4,1,0,0
2025-10-23,Paid Search,google,cpc,KSA Growth,desktop,P012,8,7,6,1,1,1
2025-10-23,Paid Social,instagram,paid_social,Creator Offers,tablet,P001,7,5,6,1,1,0
2025-10-23,Paid Social,instagram,paid_social,Creator Offers,tablet,P002,12,8,9,2,1,1
2025-10-23,Paid Social,instagram,paid_social,Creator Offers,tablet,P003,6,5,5,1,0,0
2025-10-23,Paid Social,instagram,paid_social,Creator Offers,tablet,P004,11,8,8,2,1,1
2025-10-23,Paid Social,instagram,paid_social,Creator Offers,tablet,P005,15,11,12,2,1,1
2025-10-23,Paid Social,instagram,paid_social,Creator Offers,tablet,P006,10,7,8,2,1,1
2025-10-23,Paid Social,instagram,paid_social,Creator Offers,tablet,P007,14,10,11,2,1,1
2025-10-23,Paid Social,instagram,paid_social,Creator Offers,tablet,P008,9,7,7,1,1,1
2025-10-23,Paid Social,instagram,paid_social,Creator Offers,tablet,P009,14,10,10,2,1,1
2025-10-23,Paid Social,instagram,paid_social,Creator Offers,tablet,P010,8,6,6,1,1,1
2025-10-23,Paid Social,instagram,paid_social,Creator Offers,tablet,P011,13,9,10,2,1,1
2025-10-23,Paid Social,instagram,paid_social,Creator Offers,tablet,P012,7,5,5,1,1,0
2025-10-23,Affiliates,partners,affiliate,Partner Network,mobile,P001,9,7,7,2,1,1
2025-10-23,Affiliates,partners,affiliate,Partner Network,mobile,P002,13,10,9,3,2,1
2025-10-23,Affiliates,partners,affiliate,Partner Network,mobile,P003,8,6,6,2,1,1
2025-10-23,Affiliates,partners,affiliate,Partner Network,mobile,P004,12,10,9,2,2,1
2025-10-23,Affiliates,partners,affiliate,Partner Network,mobile,P005,7,6,5,1,1,1
2025-10-23,Affiliates,partners,affiliate,Partner Network,mobile,P006,11,9,8,2,2,1
2025-10-23,Affiliates,partners,affiliate,Partner Network,mobile,P007,6,5,5,1,1,1
2025-10-23,Affiliates,partners,affiliate,Partner Network,mobile,P008,10,8,8,2,1,1
2025-10-23,Affiliates,partners,affiliate,Partner Network,mobile,P009,6,5,4,1,1,1
2025-10-23,Affiliates,partners,affiliate,Partner Network,mobile,P010,9,8,7,2,1,1
2025-10-23,Affiliates,partners,affiliate,Partner Network,mobile,P011,13,11,10,3,2,1
2025-10-23,Affiliates,partners,affiliate,Partner Network,mobile,P012,9,7,7,2,1,1
2025-10-24,Direct,direct,none,Unassigned,tablet,P001,16,13,12,3,2,1
2025-10-24,Direct,direct,none,Unassigned,tablet,P002,10,9,8,2,1,1
2025-10-24,Direct,direct,none,Unassigned,tablet,P003,15,13,12,3,1,1
2025-10-24,Direct,direct,none,Unassigned,tablet,P004,9,8,7,2,1,0
2025-10-24,Direct,direct,none,Unassigned,tablet,P005,14,12,11,2,1,1
2025-10-24,Direct,direct,none,Unassigned,tablet,P006,8,7,7,1,1,0
2025-10-24,Direct,direct,none,Unassigned,tablet,P007,13,11,10,2,1,1
2025-10-24,Direct,direct,none,Unassigned,tablet,P008,7,6,6,1,1,0
2025-10-24,Direct,direct,none,Unassigned,tablet,P009,12,10,10,2,1,1
2025-10-24,Direct,direct,none,Unassigned,tablet,P010,7,6,5,1,1,0
2025-10-24,Direct,direct,none,Unassigned,tablet,P011,11,9,9,2,1,1
2025-10-24,Direct,direct,none,Unassigned,tablet,P012,16,13,12,3,2,1
2025-10-24,Email,newsletter,email,Lifecycle,mobile,P001,11,9,8,2,1,1
2025-10-24,Email,newsletter,email,Lifecycle,mobile,P002,18,13,12,2,1,1
2025-10-24,Email,newsletter,email,Lifecycle,mobile,P003,10,8,7,1,1,1
2025-10-24,Email,newsletter,email,Lifecycle,mobile,P004,16,12,11,2,1,1
2025-10-24,Email,newsletter,email,Lifecycle,mobile,P005,9,7,6,1,1,0
2025-10-24,Email,newsletter,email,Lifecycle,mobile,P006,15,11,10,2,1,1
2025-10-24,Email,newsletter,email,Lifecycle,mobile,P007,22,16,15,3,2,1
2025-10-24,Email,newsletter,email,Lifecycle,mobile,P008,14,10,10,2,1,1
2025-10-24,Email,newsletter,email,Lifecycle,mobile,P009,20,15,14,3,2,1
2025-10-24,Email,newsletter,email,Lifecycle,mobile,P010,13,9,9,2,1,1
2025-10-24,Email,newsletter,email,Lifecycle,mobile,P011,19,14,13,3,2,1
2025-10-24,Email,newsletter,email,Lifecycle,mobile,P012,11,8,8,1,1,1
2025-10-24,Organic Search,google,organic,Always-on SEO,desktop,P001,14,10,9,3,1,1
2025-10-24,Organic Search,google,organic,Always-on SEO,desktop,P002,19,15,13,4,2,1
2025-10-24,Organic Search,google,organic,Always-on SEO,desktop,P003,12,9,9,2,1,1
2025-10-24,Organic Search,google,organic,Always-on SEO,desktop,P004,18,14,13,3,2,1
2025-10-24,Organic Search,google,organic,Always-on SEO,desktop,P005,11,9,8,2,1,1
2025-10-24,Organic Search,google,organic,Always-on SEO,desktop,P006,17,13,12,3,2,1
2025-10-24,Organic Search,google,organic,Always-on SEO,desktop,P007,10,8,7,2,1,1
2025-10-24,Organic Search,google,organic,Always-on SEO,desktop,P008,16,12,11,3,2,1
2025-10-24,Organic Search,google,organic,Always-on SEO,desktop,P009,9,7,6,2,1,0
2025-10-24,Organic Search,google,organic,Always-on SEO,desktop,P010,15,11,10,3,1,1
2025-10-24,Organic Search,google,organic,Always-on SEO,desktop,P011,8,6,6,2,1,0
2025-10-24,Organic Search,google,organic,Always-on SEO,desktop,P012,13,10,9,3,1,1
2025-10-25,Paid Social,instagram,paid_social,Creator Offers,mobile,P001,4,3,3,0,0,0
2025-10-25,Paid Social,instagram,paid_social,Creator Offers,mobile,P002,6,6,5,1,0,0
2025-10-25,Paid Social,instagram,paid_social,Creator Offers,mobile,P003,9,8,7,1,1,1
2025-10-25,Paid Social,instagram,paid_social,Creator Offers,mobile,P004,6,5,4,1,0,0
2025-10-25,Paid Social,instagram,paid_social,Creator Offers,mobile,P005,9,7,7,1,1,1
2025-10-25,Paid Social,instagram,paid_social,Creator Offers,mobile,P006,5,5,4,1,0,0
2025-10-25,Paid Social,instagram,paid_social,Creator Offers,mobile,P007,8,7,6,1,1,1
2025-10-25,Paid Social,instagram,paid_social,Creator Offers,mobile,P008,5,4,4,1,0,0
2025-10-25,Paid Social,instagram,paid_social,Creator Offers,mobile,P009,7,7,6,1,1,1
2025-10-25,Paid Social,instagram,paid_social,Creator Offers,mobile,P010,4,4,3,0,0,0
2025-10-25,Paid Social,instagram,paid_social,Creator Offers,mobile,P011,7,6,5,1,1,0
2025-10-25,Paid Social,instagram,paid_social,Creator Offers,mobile,P012,4,3,3,0,0,0
2025-10-25,Affiliates,partners,affiliate,Partner Network,desktop,P001,8,6,5,1,1,0
2025-10-25,Affiliates,partners,affiliate,Partner Network,desktop,P002,12,10,8,2,1,1
2025-10-25,Affiliates,partners,affiliate,Partner Network,desktop,P003,7,6,5,1,0,0
2025-10-25,Affiliates,partners,affiliate,Partner Network,desktop,P004,11,9,7,2,1,1
2025-10-25,Affiliates,partners,affiliate,Partner Network,desktop,P005,7,5,4,1,0,0
2025-10-25,Affiliates,partners,affiliate,Partner Network,desktop,P006,11,8,7,2,1,1
2025-10-25,Affiliates,partners,affiliate,Partner Network,desktop,P007,6,4,4,1,0,0
2025-10-25,Affiliates,partners,affiliate,Partner Network,desktop,P008,10,8,6,2,1,1
2025-10-25,Affiliates,partners,affiliate,Partner Network,desktop,P009,14,11,9,2,1,1
2025-10-25,Affiliates,partners,affiliate,Partner Network,desktop,P010,9,7,6,1,1,0
2025-10-25,Affiliates,partners,affiliate,Partner Network,desktop,P011,13,10,9,2,1,1
2025-10-25,Affiliates,partners,affiliate,Partner Network,desktop,P012,8,6,5,1,0,0
2025-10-25,Paid Search,google,cpc,KSA Growth,tablet,P001,11,9,8,2,1,1
2025-10-25,Paid Search,google,cpc,KSA Growth,tablet,P002,6,5,4,1,0,0
2025-10-25,Paid Search,google,cpc,KSA Growth,tablet,P003,11,9,7,1,1,1
2025-10-25,Paid Search,google,cpc,KSA Growth,tablet,P004,15,12,10,2,1,1
2025-10-25,Paid Search,google,cpc,KSA Growth,tablet,P005,10,8,6,1,1,0
2025-10-25,Paid Search,google,cpc,KSA Growth,tablet,P006,14,12,9,2,1,1
2025-10-25,Paid Search,google,cpc,KSA Growth,tablet,P007,9,7,6,1,1,0
2025-10-25,Paid Search,google,cpc,KSA Growth,tablet,P008,13,11,9,2,1,1
2025-10-25,Paid Search,google,cpc,KSA Growth,tablet,P009,8,6,5,1,1,0
2025-10-25,Paid Search,google,cpc,KSA Growth,tablet,P010,12,10,8,2,1,1
2025-10-25,Paid Search,google,cpc,KSA Growth,tablet,P011,7,6,5,1,1,0
2025-10-25,Paid Search,google,cpc,KSA Growth,tablet,P012,11,9,8,1,1,1
2025-10-26,Email,newsletter,email,Lifecycle,desktop,P001,7,6,6,1,1,0
2025-10-26,Email,newsletter,email,Lifecycle,desktop,P002,12,9,10,2,1,1
2025-10-26,Email,newsletter,email,Lifecycle,desktop,P003,7,5,5,1,1,0
2025-10-26,Email,newsletter,email,Lifecycle,desktop,P004,11,9,9,2,1,1
2025-10-26,Email,newsletter,email,Lifecycle,desktop,P005,16,12,12,3,2,1
2025-10-26,Email,newsletter,email,Lifecycle,desktop,P006,10,8,8,2,1,1
2025-10-26,Email,newsletter,email,Lifecycle,desktop,P007,15,12,12,3,1,1
2025-10-26,Email,newsletter,email,Lifecycle,desktop,P008,9,7,7,2,1,1
2025-10-26,Email,newsletter,email,Lifecycle,desktop,P009,14,11,11,2,1,1
2025-10-26,Email,newsletter,email,Lifecycle,desktop,P010,8,7,7,1,1,1
2025-10-26,Email,newsletter,email,Lifecycle,desktop,P011,13,10,10,2,1,1
2025-10-26,Email,newsletter,email,Lifecycle,desktop,P012,7,6,6,1,1,0
2025-10-26,Organic Search,google,organic,Always-on SEO,tablet,P001,11,9,8,2,1,1
2025-10-26,Organic Search,google,organic,Always-on SEO,tablet,P002,16,13,12,2,1,1
2025-10-26,Organic Search,google,organic,Always-on SEO,tablet,P003,10,8,8,2,1,0
2025-10-26,Organic Search,google,organic,Always-on SEO,tablet,P004,15,13,11,2,1,1
2025-10-26,Organic Search,google,organic,Always-on SEO,tablet,P005,9,8,7,1,1,0
2025-10-26,Organic Search,google,organic,Always-on SEO,tablet,P006,14,12,11,2,1,1
2025-10-26,Organic Search,google,organic,Always-on SEO,tablet,P007,8,7,6,1,1,0
2025-10-26,Organic Search,google,organic,Always-on SEO,tablet,P008,13,11,10,2,1,1
2025-10-26,Organic Search,google,organic,Always-on SEO,tablet,P009,7,6,5,1,0,0
2025-10-26,Organic Search,google,organic,Always-on SEO,tablet,P010,12,10,9,2,1,1
2025-10-26,Organic Search,google,organic,Always-on SEO,tablet,P011,18,14,13,3,1,1
2025-10-26,Organic Search,google,organic,Always-on SEO,tablet,P012,11,9,8,2,1,1
2025-10-26,Direct,direct,none,Unassigned,mobile,P001,10,7,7,1,1,1
2025-10-26,Direct,direct,none,Unassigned,mobile,P002,5,4,4,1,0,0
2025-10-26,Direct,direct,none,Unassigned,mobile,P003,9,7,7,1,1,1
2025-10-26,Direct,direct,none,Unassigned,mobile,P004,5,4,3,1,0,0
2025-10-26,Direct,direct,none,Unassigned,mobile,P005,8,6,6,1,1,0
2025-10-26,Direct,direct,none,Unassigned,mobile,P006,12,9,9,2,1,1
2025-10-26,Direct,direct,none,Unassigned,mobile,P007,8,5,6,1,1,0
2025-10-26,Direct,direct,none,Unassigned,mobile,P008,11,8,8,1,1,1
2025-10-26,Direct,direct,none,Unassigned,mobile,P009,7,5,5,1,0,0
2025-10-26,Direct,direct,none,Unassigned,mobile,P010,10,7,8,1,1,1
2025-10-26,Direct,direct,none,Unassigned,mobile,P011,6,4,4,1,0,0
2025-10-26,Direct,direct,none,Unassigned,mobile,P012,10,7,7,1,1,1
2025-10-27,Affiliates,partners,affiliate,Partner Network,tablet,P001,5,4,4,1,0,0
2025-10-27,Affiliates,partners,affiliate,Partner Network,tablet,P002,8,6,6,1,1,1
2025-10-27,Affiliates,partners,affiliate,Partner Network,tablet,P003,5,3,3,0,0,0
2025-10-27,Affiliates,partners,affiliate,Partner Network,tablet,P004,7,5,6,1,1,1
2025-10-27,Affiliates,partners,affiliate,Partner Network,tablet,P005,4,3,3,0,0,0
2025-10-27,Affiliates,partners,affiliate,Partner Network,tablet,P006,7,5,5,1,1,0
2025-10-27,Affiliates,partners,affiliate,Partner Network,tablet,P007,10,7,7,1,1,1
2025-10-27,Affiliates,partners,affiliate,Partner Network,tablet,P008,6,5,5,1,0,0
2025-10-27,Affiliates,partners,affiliate,Partner Network,tablet,P009,9,7,7,1,1,1
2025-10-27,Affiliates,partners,affiliate,Partner Network,tablet,P010,6,4,4,1,0,0
2025-10-27,Affiliates,partners,affiliate,Partner Network,tablet,P011,9,6,7,1,1,1
2025-10-27,Affiliates,partners,affiliate,Partner Network,tablet,P012,5,4,4,1,0,0
2025-10-27,Paid Search,google,cpc,KSA Growth,mobile,P001,6,5,4,1,1,1
2025-10-27,Paid Search,google,cpc,KSA Growth,mobile,P002,9,8,6,2,1,1
2025-10-27,Paid Search,google,cpc,KSA Growth,mobile,P003,6,5,4,1,1,0
2025-10-27,Paid Search,google,cpc,KSA Growth,mobile,P004,8,7,6,1,1,1
2025-10-27,Paid Search,google,cpc,KSA Growth,mobile,P005,5,5,4,1,0,0
2025-10-27,Paid Search,google,cpc,KSA Growth,mobile,P006,8,7,5,1,1,1
2025-10-27,Paid Search,google,cpc,KSA Growth,mobile,P007,5,4,3,1,0,0
2025-10-27,Paid Search,google,cpc,KSA Growth,mobile,P008,7,6,5,1,1,1
2025-10-27,Paid Search,google,cpc,KSA Growth,mobile,P009,4,4,3,1,0,0
2025-10-27,Paid Search,google,cpc,KSA Growth,mobile,P010,7,6,5,1,1,1
2025-10-27,Paid Search,google,cpc,KSA Growth,mobile,P011,3,3,3,1,0,0
2025-10-27,Paid Search,google,cpc,KSA Growth,mobile,P012,6,5,4,1,1,0
2025-10-27,Paid Social,instagram,paid_social,Creator Offers,desktop,P001,16,13,13,3,2,1
2025-10-27,Paid Social,instagram,paid_social,Creator Offers,desktop,P002,9,8,8,2,1,1
2025-10-27,Paid Social,instagram,paid_social,Creator Offers,desktop,P003,15,12,12,3,2,1
2025-10-27,Paid Social,instagram,paid_social,Creator Offers,desktop,P004,8,7,7,2,1,1
2025-10-27,Paid Social,instagram,paid_social,Creator Offers,desktop,P005,14,12,11,2,2,1
2025-10-27,Paid Social,instagram,paid_social,Creator Offers,desktop,P006,7,6,6,1,1,1
2025-10-27,Paid Social,instagram,paid_social,Creator Offers,desktop,P007,13,11,10,2,1,1
2025-10-27,Paid Social,instagram,paid_social,Creator Offers,desktop,P008,18,15,14,3,2,1
2025-10-27,Paid Social,instagram,paid_social,Creator Offers,desktop,P009,12,10,9,2,1,1
2025-10-27,Paid Social,instagram,paid_social,Creator Offers,desktop,P010,17,14,14,3,2,1
2025-10-27,Paid Social,instagram,paid_social,Creator Offers,desktop,P011,11,9,8,2,1,1
2025-10-27,Paid Social,instagram,paid_social,Creator Offers,desktop,P012,16,13,13,3,2,1
2025-10-28,Organic Search,google,organic,Always-on SEO,mobile,P001,5,4,4,1,0,0
2025-10-28,Organic Search,google,organic,Always-on SEO,mobile,P002,8,6,6,1,1,1
2025-10-28,Organic Search,google,organic,Always-on SEO,mobile,P003,5,3,3,1,0,0
2025-10-28,Organic Search,google,organic,Always-on SEO,mobile,P004,7,5,5,1,1,1
2025-10-28,Organic Search,google,organic,Always-on SEO,mobile,P005,4,3,3,0,0,0
2025-10-28,Organic Search,google,organic,Always-on SEO,mobile,P006,7,5,5,1,1,0
2025-10-28,Organic Search,google,organic,Always-on SEO,mobile,P007,3,3,3,0,0,0
2025-10-28,Organic Search,google,organic,Always-on SEO,mobile,P008,6,5,4,1,1,0
2025-10-28,Organic Search,google,organic,Always-on SEO,mobile,P009,8,6,6,1,1,1
2025-10-28,Organic Search,google,organic,Always-on SEO,mobile,P010,5,4,4,1,0,0
2025-10-28,Organic Search,google,organic,Always-on SEO,mobile,P011,8,6,6,1,1,1
2025-10-28,Organic Search,google,organic,Always-on SEO,mobile,P012,5,4,4,1,0,0
2025-10-28,Direct,direct,none,Unassigned,desktop,P001,9,7,7,2,1,1
2025-10-28,Direct,direct,none,Unassigned,desktop,P002,5,4,3,1,0,0
2025-10-28,Direct,direct,none,Unassigned,desktop,P003,8,6,6,2,1,1
2025-10-28,Direct,direct,none,Unassigned,desktop,P004,12,9,9,3,1,1
2025-10-28,Direct,direct,none,Unassigned,desktop,P005,7,6,6,2,1,0
2025-10-28,Direct,direct,none,Unassigned,desktop,P006,11,9,8,2,1,1
2025-10-28,Direct,direct,none,Unassigned,desktop,P007,7,5,5,1,1,0
2025-10-28,Direct,direct,none,Unassigned,desktop,P008,10,8,8,2,1,1
2025-10-28,Direct,direct,none,Unassigned,desktop,P009,6,5,5,1,1,0
2025-10-28,Direct,direct,none,Unassigned,desktop,P010,10,7,7,2,1,1
2025-10-28,Direct,direct,none,Unassigned,desktop,P011,5,4,4,1,0,0
2025-10-28,Direct,direct,none,Unassigned,desktop,P012,9,7,7,2,1,1
2025-10-28,Email,newsletter,email,Lifecycle,tablet,P001,11,9,7,2,1,1
2025-10-28,Email,newsletter,email,Lifecycle,tablet,P002,7,5,5,1,0,0
2025-10-28,Email,newsletter,email,Lifecycle,tablet,P003,10,8,7,1,1,1
2025-10-28,Email,newsletter,email,Lifecycle,tablet,P004,6,5,4,1,0,0
2025-10-28,Email,newsletter,email,Lifecycle,tablet,P005,9,7,6,1,1,1
2025-10-28,Email,newsletter,email,Lifecycle,tablet,P006,5,4,4,1,0,0
2025-10-28,Email,newsletter,email,Lifecycle,tablet,P007,9,7,6,1,1,1
2025-10-28,Email,newsletter,email,Lifecycle,tablet,P008,5,4,3,1,0,0
2025-10-28,Email,newsletter,email,Lifecycle,tablet,P009,8,6,5,1,1,0
2025-10-28,Email,newsletter,email,Lifecycle,tablet,P010,11,9,8,2,1,1
2025-10-28,Email,newsletter,email,Lifecycle,tablet,P011,7,6,5,1,1,0
2025-10-28,Email,newsletter,email,Lifecycle,tablet,P012,10,8,7,1,1,1
2025-10-29,Paid Search,google,cpc,KSA Growth,desktop,P001,10,8,7,1,1,1
2025-10-29,Paid Search,google,cpc,KSA Growth,desktop,P002,14,12,10,2,1,1
2025-10-29,Paid Search,google,cpc,KSA Growth,desktop,P003,9,7,6,1,1,0
2025-10-29,Paid Search,google,cpc,KSA Growth,desktop,P004,13,11,10,2,1,1
2025-10-29,Paid Search,google,cpc,KSA Growth,desktop,P005,8,7,6,1,0,0
2025-10-29,Paid Search,google,cpc,KSA Growth,desktop,P006,12,10,9,2,1,1
2025-10-29,Paid Search,google,cpc,KSA Growth,desktop,P007,7,6,5,1,0,0
2025-10-29,Paid Search,google,cpc,KSA Growth,desktop,P008,11,10,8,1,1,1
2025-10-29,Paid Search,google,cpc,KSA Growth,desktop,P009,6,5,4,1,0,0
2025-10-29,Paid Search,google,cpc,KSA Growth,desktop,P010,10,9,8,1,1,1
2025-10-29,Paid Search,google,cpc,KSA Growth,desktop,P011,15,13,11,2,1,1
2025-10-29,Paid Search,google,cpc,KSA Growth,desktop,P012,9,8,7,1,1,0
2025-10-29,Paid Social,instagram,paid_social,Creator Offers,tablet,P001,9,7,6,2,1,1
2025-10-29,Paid Social,instagram,paid_social,Creator Offers,tablet,P002,5,4,3,1,0,0
2025-10-29,Paid Social,instagram,paid_social,Creator Offers,tablet,P003,8,6,5,1,1,1
2025-10-29,Paid Social,instagram,paid_social,Creator Offers,tablet,P004,4,4,3,1,0,0
2025-10-29,Paid Social,instagram,paid_social,Creator Offers,tablet,P005,7,6,5,1,1,0
2025-10-29,Paid Social,instagram,paid_social,Creator Offers,tablet,P006,11,8,7,2,1,1
2025-10-29,Paid Social,instagram,paid_social,Creator Offers,tablet,P007,7,5,5,1,1,0
2025-10-29,Paid Social,instagram,paid_social,Creator Offers,tablet,P008,10,8,7,2,1,1
2025-10-29,Paid Social,instagram,paid_social,Creator Offers,tablet,P009,6,5,4,1,0,0
2025-10-29,Paid Social,instagram,paid_social,Creator Offers,tablet,P010,9,7,6,2,1,1
2025-10-29,Paid Social,instagram,paid_social,Creator Offers,tablet,P011,6,5,4,1,0,0
2025-10-29,Paid Social,instagram,paid_social,Creator Offers,tablet,P012,9,7,6,1,1,1
2025-10-29,Affiliates,partners,affiliate,Partner Network,mobile,P001,9,7,6,2,1,1
2025-10-29,Affiliates,partners,affiliate,Partner Network,mobile,P002,6,5,4,1,0,0
2025-10-29,Affiliates,partners,affiliate,Partner Network,mobile,P003,8,7,6,1,1,1
2025-10-29,Affiliates,partners,affiliate,Partner Network,mobile,P004,5,4,3,1,0,0
2025-10-29,Affiliates,partners,affiliate,Partner Network,mobile,P005,8,6,5,1,1,1
2025-10-29,Affiliates,partners,affiliate,Partner Network,mobile,P006,5,4,3,1,0,0
2025-10-29,Affiliates,partners,affiliate,Partner Network,mobile,P007,7,6,5,1,1,0
2025-10-29,Affiliates,partners,affiliate,Partner Network,mobile,P008,4,3,3,1,0,0
2025-10-29,Affiliates,partners,affiliate,Partner Network,mobile,P009,7,5,5,1,1,0
2025-10-29,Affiliates,partners,affiliate,Partner Network,mobile,P010,3,3,2,1,0,0
2025-10-29,Affiliates,partners,affiliate,Partner Network,mobile,P011,6,5,4,1,1,0
2025-10-29,Affiliates,partners,affiliate,Partner Network,mobile,P012,9,7,6,1,1,1
2025-10-30,Direct,direct,none,Unassigned,tablet,P001,11,10,8,2,1,1
2025-10-30,Direct,direct,none,Unassigned,tablet,P002,16,13,11,2,1,1
2025-10-30,Direct,direct,none,Unassigned,tablet,P003,10,9,7,1,1,1
2025-10-30,Direct,direct,none,Unassigned,tablet,P004,15,13,10,2,1,1
2025-10-30,Direct,direct,none,Unassigned,tablet,P005,9,8,6,1,1,0
2025-10-30,Direct,direct,none,Unassigned,tablet,P006,14,12,10,2,1,1
2025-10-30,Direct,direct,none,Unassigned,tablet,P007,9,7,6,1,1,0
2025-10-30,Direct,direct,none,Unassigned,tablet,P008,13,11,9,2,1,1
2025-10-30,Direct,direct,none,Unassigned,tablet,P009,8,6,5,1,1,0
2025-10-30,Direct,direct,none,Unassigned,tablet,P010,12,10,8,2,1,1
2025-10-30,Direct,direct,none,Unassigned,tablet,P011,7,6,4,1,1,0
2025-10-30,Direct,direct,none,Unassigned,tablet,P012,11,9,8,2,1,1
2025-10-30,Email,newsletter,email,Lifecycle,mobile,P001,8,6,6,2,1,1
2025-10-30,Email,newsletter,email,Lifecycle,mobile,P002,5,3,3,1,0,0
2025-10-30,Email,newsletter,email,Lifecycle,mobile,P003,8,5,5,1,1,1
2025-10-30,Email,newsletter,email,Lifecycle,mobile,P004,4,3,3,1,0,0
2025-10-30,Email,newsletter,email,Lifecycle,mobile,P005,7,5,5,1,1,1
2025-10-30,Email,newsletter,email,Lifecycle,mobile,P006,4,3,3,1,0,0
2025-10-30,Email,newsletter,email,Lifecycle,mobile,P007,7,5,5,1,1,0
2025-10-30,Email,newsletter,email,Lifecycle,mobile,P008,9,7,7,2,1,1
2025-10-30,Email,newsletter,email,Lifecycle,mobile,P009,6,4,4,1,1,0
2025-10-30,Email,newsletter,email,Lifecycle,mobile,P010,9,6,6,2,1,1
2025-10-30,Email,newsletter,email,Lifecycle,mobile,P011,6,4,4,1,1,0
2025-10-30,Email,newsletter,email,Lifecycle,mobile,P012,8,6,6,1,1,1
2025-10-30,Organic Search,google,organic,Always-on SEO,desktop,P001,6,5,4,1,0,0
2025-10-30,Organic Search,google,organic,Always-on SEO,desktop,P002,10,9,8,1,1,0
2025-10-30,Organic Search,google,organic,Always-on SEO,desktop,P003,15,12,11,2,1,1
2025-10-30,Organic Search,google,organic,Always-on SEO,desktop,P004,10,8,7,1,1,0
2025-10-30,Organic Search,google,organic,Always-on SEO,desktop,P005,14,12,10,2,1,1
2025-10-30,Organic Search,google,organic,Always-on SEO,desktop,P006,9,7,6,1,1,0
2025-10-30,Organic Search,google,organic,Always-on SEO,desktop,P007,13,11,10,2,1,1
2025-10-30,Organic Search,google,organic,Always-on SEO,desktop,P008,8,7,6,1,1,0
2025-10-30,Organic Search,google,organic,Always-on SEO,desktop,P009,12,10,9,2,1,1
2025-10-30,Organic Search,google,organic,Always-on SEO,desktop,P010,7,6,5,1,0,0
2025-10-30,Organic Search,google,organic,Always-on SEO,desktop,P011,11,10,8,2,1,1
2025-10-30,Organic Search,google,organic,Always-on SEO,desktop,P012,6,5,4,1,0,0
2025-10-31,Paid Social,instagram,paid_social,Creator Offers,mobile,P001,13,12,9,2,1,1
2025-10-31,Paid Social,instagram,paid_social,Creator Offers,mobile,P002,7,6,5,1,0,0
2025-10-31,Paid Social,instagram,paid_social,Creator Offers,mobile,P003,12,11,8,2,1,1
2025-10-31,Paid Social,instagram,paid_social,Creator Offers,mobile,P004,18,15,12,3,1,1
2025-10-31,Paid Social,instagram,paid_social,Creator Offers,mobile,P005,11,10,8,2,1,0
2025-10-31,Paid Social,instagram,paid_social,Creator Offers,mobile,P006,16,14,11,2,1,1
2025-10-31,Paid Social,instagram,paid_social,Creator Offers,mobile,P007,10,9,7,1,1,0
2025-10-31,Paid Social,instagram,paid_social,Creator Offers,mobile,P008,15,13,10,2,1,1
2025-10-31,Paid Social,instagram,paid_social,Creator Offers,mobile,P009,9,8,6,1,1,0
2025-10-31,Paid Social,instagram,paid_social,Creator Offers,mobile,P010,14,12,10,2,1,1
2025-10-31,Paid Social,instagram,paid_social,Creator Offers,mobile,P011,8,7,6,1,0,0
2025-10-31,Paid Social,instagram,paid_social,Creator Offers,mobile,P012,13,11,9,2,1,1
2025-10-31,Affiliates,partners,affiliate,Partner Network,desktop,P001,9,7,7,2,1,1
2025-10-31,Affiliates,partners,affiliate,Partner Network,desktop,P002,6,5,5,1,1,0
2025-10-31,Affiliates,partners,affiliate,Partner Network,desktop,P003,8,7,7,2,1,1
2025-10-31,Affiliates,partners,affiliate,Partner Network,desktop,P004,5,4,4,1,1,0
2025-10-31,Affiliates,partners,affiliate,Partner Network,desktop,P005,8,6,6,2,1,1
2025-10-31,Affiliates,partners,affiliate,Partner Network,desktop,P006,5,4,4,1,0,0
2025-10-31,Affiliates,partners,affiliate,Partner Network,desktop,P007,7,6,6,2,1,1
2025-10-31,Affiliates,partners,affiliate,Partner Network,desktop,P008,4,3,3,1,0,0
2025-10-31,Affiliates,partners,affiliate,Partner Network,desktop,P009,7,5,5,1,1,1
2025-10-31,Affiliates,partners,affiliate,Partner Network,desktop,P010,10,8,8,2,1,1
2025-10-31,Affiliates,partners,affiliate,Partner Network,desktop,P011,6,5,5,1,1,1
2025-10-31,Affiliates,partners,affiliate,Partner Network,desktop,P012,9,7,7,2,1,1
2025-10-31,Paid Search,google,cpc,KSA Growth,tablet,P001,10,8,8,2,1,1
2025-10-31,Paid Search,google,cpc,KSA Growth,tablet,P002,16,12,12,3,2,1
2025-10-31,Paid Search,google,cpc,KSA Growth,tablet,P003,9,7,7,2,1,1
2025-10-31,Paid Search,google,cpc,KSA Growth,tablet,P004,15,12,11,3,2,1
2025-10-31,Paid Search,google,cpc,KSA Growth,tablet,P005,21,16,16,4,2,2
2025-10-31,Paid Search,google,cpc,KSA Growth,tablet,P006,13,11,11,3,2,1
2025-10-31,Paid Search,google,cpc,KSA Growth,tablet,P007,19,15,15,4,2,2
2025-10-31,Paid Search,google,cpc,KSA Growth,tablet,P008,12,10,10,2,1,1
2025-10-31,Paid Search,google,cpc,KSA Growth,tablet,P009,18,14,14,3,2,1
2025-10-31,Paid Search,google,cpc,KSA Growth,tablet,P010,11,9,9,2,1,1
2025-10-31,Paid Search,google,cpc,KSA Growth,tablet,P011,17,13,13,3,2,1
2025-10-31,Paid Search,google,cpc,KSA Growth,tablet,P012,10,8,8,2,1,1
2025-11-01,Email,newsletter,email,Lifecycle,desktop,P001,15,12,10,2,1,1
2025-11-01,Email,newsletter,email,Lifecycle,desktop,P002,9,7,6,1,1,0
2025-11-01,Email,newsletter,email,Lifecycle,desktop,P003,14,11,9,2,1,1
2025-11-01,Email,newsletter,email,Lifecycle,desktop,P004,8,6,5,1,1,0
2025-11-01,Email,newsletter,email,Lifecycle,desktop,P005,13,10,9,2,1,1
2025-11-01,Email,newsletter,email,Lifecycle,desktop,P006,19,14,12,3,2,1
2025-11-01,Email,newsletter,email,Lifecycle,desktop,P007,12,9,8,2,1,1
2025-11-01,Email,newsletter,email,Lifecycle,desktop,P008,17,14,12,2,1,1
2025-11-01,Email,newsletter,email,Lifecycle,desktop,P009,11,9,7,2,1,1
2025-11-01,Email,newsletter,email,Lifecycle,desktop,P010,16,13,11,2,1,1
2025-11-01,Email,newsletter,email,Lifecycle,desktop,P011,10,8,6,1,1,0
2025-11-01,Email,newsletter,email,Lifecycle,desktop,P012,15,12,10,2,1,1
2025-11-01,Organic Search,google,organic,Always-on SEO,tablet,P001,14,11,12,3,2,1
2025-11-01,Organic Search,google,organic,Always-on SEO,tablet,P002,9,7,7,2,1,1
2025-11-01,Organic Search,google,organic,Always-on SEO,tablet,P003,13,10,11,2,1,1
2025-11-01,Organic Search,google,organic,Always-on SEO,tablet,P004,8,6,7,2,1,1
2025-11-01,Organic Search,google,organic,Always-on SEO,tablet,P005,13,10,10,2,1,1
2025-11-01,Organic Search,google,organic,Always-on SEO,tablet,P006,8,6,6,1,1,1
2025-11-01,Organic Search,google,organic,Always-on SEO,tablet,P007,12,9,9,2,1,1
2025-11-01,Organic Search,google,organic,Always-on SEO,tablet,P008,7,5,5,1,1,0
2025-11-01,Organic Search,google,organic,Always-on SEO,tablet,P009,11,8,9,2,1,1
2025-11-01,Organic Search,google,organic,Always-on SEO,tablet,P010,6,5,5,1,1,0
2025-11-01,Organic Search,google,organic,Always-on SEO,tablet,P011,10,8,8,2,1,1
2025-11-01,Organic Search,google,organic,Always-on SEO,tablet,P012,14,11,12,3,1,1
2025-11-01,Direct,direct,none,Unassigned,mobile,P001,10,8,8,2,1,1
2025-11-01,Direct,direct,none,Unassigned,mobile,P002,16,12,13,3,2,1
2025-11-01,Direct,direct,none,Unassigned,mobile,P003,9,7,7,2,1,1
2025-11-01,Direct,direct,none,Unassigned,mobile,P004,15,11,12,3,2,1
2025-11-01,Direct,direct,none,Unassigned,mobile,P005,8,6,7,2,1,1
2025-11-01,Direct,direct,none,Unassigned,mobile,P006,14,10,11,3,2,1
2025-11-01,Direct,direct,none,Unassigned,mobile,P007,19,14,16,4,2,2
2025-11-01,Direct,direct,none,Unassigned,mobile,P008,13,9,10,3,2,1
2025-11-01,Direct,direct,none,Unassigned,mobile,P009,18,13,15,4,2,1
2025-11-01,Direct,direct,none,Unassigned,mobile,P010,12,8,9,2,1,1
2025-11-01,Direct,direct,none,Unassigned,mobile,P011,17,12,14,4,2,1
2025-11-01,Direct,direct,none,Unassigned,mobile,P012,10,7,8,2,1,1
2025-11-02,Affiliates,partners,affiliate,Partner Network,tablet,P001,14,11,10,2,1,1
2025-11-02,Affiliates,partners,affiliate,Partner Network,tablet,P002,9,7,6,1,1,1
2025-11-02,Affiliates,partners,affiliate,Partner Network,tablet,P003,14,10,9,2,1,1
2025-11-02,Affiliates,partners,affiliate,Partner Network,tablet,P004,8,6,5,1,1,0
2025-11-02,Affiliates,partners,affiliate,Partner Network,tablet,P005,13,10,8,2,1,1
2025-11-02,Affiliates,partners,affiliate,Partner Network,tablet,P006,7,5,5,1,1,0
2025-11-02,Affiliates,partners,affiliate,Partner Network,tablet,P007,12,9,8,2,1,1
2025-11-02,Affiliates,partners,affiliate,Partner Network,tablet,P008,16,12,11,2,2,1
2025-11-02,Affiliates,partners,affiliate,Partner Network,tablet,P009,11,8,7,2,1,1
2025-11-02,Affiliates,partners,affiliate,Partner Network,tablet,P010,15,12,10,2,2,1
2025-11-02,Affiliates,partners,affiliate,Partner Network,tablet,P011,10,7,6,2,1,1
2025-11-02,Affiliates,partners,affiliate,Partner Network,tablet,P012,14,11,10,2,1,1
2025-11-02,Paid Search,google,cpc,KSA Growth,mobile,P001,6,4,4,1,1,0
2025-11-02,Paid Search,google,cpc,KSA Growth,mobile,P002,9,7,7,2,1,1
2025-11-02,Paid Search,google,cpc,KSA Growth,mobile,P003,13,10,11,3,2,1
2025-11-02,Paid Search,google,cpc,KSA Growth,mobile,P004,9,6,7,2,1,1
2025-11-02,Paid Search,google,cpc,KSA Growth,mobile,P005,13,9,10,3,2,1
2025-11-02,Paid Search,google,cpc,KSA Growth,mobile,P006,8,6,6,2,1,1
2025-11-02,Paid Search,google,cpc,KSA Growth,mobile,P007,12,9,9,3,2,1
2025-11-02,Paid Search,google,cpc,KSA Growth,mobile,P008,7,5,6,2,1,1
2025-11-02,Paid Search,google,cpc,KSA Growth,mobile,P009,11,8,9,2,2,1
2025-11-02,Paid Search,google,cpc,KSA Growth,mobile,P010,6,5,5,1,1,1
2025-11-02,Paid Search,google,cpc,KSA Growth,mobile,P011,10,7,8,2,1,1
2025-11-02,Paid Search,google,cpc,KSA Growth,mobile,P012,6,4,4,1,1,0
2025-11-02,Paid Social,instagram,paid_social,Creator Offers,desktop,P001,8,6,5,1,1,1
2025-11-02,Paid Social,instagram,paid_social,Creator Offers,desktop,P002,11,9,8,2,1,1
2025-11-02,Paid Social,instagram,paid_social,Creator Offers,desktop,P003,7,5,5,1,1,0
2025-11-02,Paid Social,instagram,paid_social,Creator Offers,desktop,P004,11,8,8,2,1,1
2025-11-02,Paid Social,instagram,paid_social,Creator Offers,desktop,P005,6,5,4,1,1,0
2025-11-02,Paid Social,instagram,paid_social,Creator Offers,desktop,P006,10,8,7,2,1,1
2025-11-02,Paid Social,instagram,paid_social,Creator Offers,desktop,P007,5,4,4,1,0,0
2025-11-02,Paid Social,instagram,paid_social,Creator Offers,desktop,P008,9,7,7,2,1,1
2025-11-02,Paid Social,instagram,paid_social,Creator Offers,desktop,P009,13,10,9,2,1,1
2025-11-02,Paid Social,instagram,paid_social,Creator Offers,desktop,P010,8,7,6,1,1,1
2025-11-02,Paid Social,instagram,paid_social,Creator Offers,desktop,P011,12,9,9,2,1,1
2025-11-02,Paid Social,instagram,paid_social,Creator Offers,desktop,P012,8,6,5,1,1,0
2025-11-03,Organic Search,google,organic,Always-on SEO,mobile,P001,15,12,12,3,2,1
2025-11-03,Organic Search,google,organic,Always-on SEO,mobile,P002,10,7,8,2,1,1
2025-11-03,Organic Search,google,organic,Always-on SEO,mobile,P003,14,11,11,3,2,1
2025-11-03,Organic Search,google,organic,Always-on SEO,mobile,P004,9,7,7,2,1,1
2025-11-03,Organic Search,google,organic,Always-on SEO,mobile,P005,14,10,10,3,2,1
2025-11-03,Organic Search,google,organic,Always-on SEO,mobile,P006,8,6,6,2,1,1
2025-11-03,Organic Search,google,organic,Always-on SEO,mobile,P007,13,9,10,2,2,1
2025-11-03,Organic Search,google,organic,Always-on SEO,mobile,P008,7,5,5,1,1,1
2025-11-03,Organic Search,google,organic,Always-on SEO,mobile,P009,12,9,9,2,1,1
2025-11-03,Organic Search,google,organic,Always-on SEO,mobile,P010,16,12,13,3,2,1
2025-11-03,Organic Search,google,organic,Always-on SEO,mobile,P011,11,8,8,2,1,1
2025-11-03,Organic Search,google,organic,Always-on SEO,mobile,P012,15,12,12,3,2,1
2025-11-03,Direct,direct,none,Unassigned,desktop,P001,4,4,3,0,0,0
2025-11-03,Direct,direct,none,Unassigned,desktop,P002,7,6,5,1,1,1
2025-11-03,Direct,direct,none,Unassigned,desktop,P003,4,3,3,0,0,0
2025-11-03,Direct,direct,none,Unassigned,desktop,P004,6,6,5,1,1,0
2025-11-03,Direct,direct,none,Unassigned,desktop,P005,9,8,7,1,1,1
2025-11-03,Direct,direct,none,Unassigned,desktop,P006,6,5,4,1,0,0
2025-11-03,Direct,direct,none,Unassigned,desktop,P007,8,7,6,1,1,1
2025-11-03,Direct,direct,none,Unassigned,desktop,P008,5,5,4,1,0,0
2025-11-03,Direct,direct,none,Unassigned,desktop,P009,8,7,6,1,1,1
2025-11-03,Direct,direct,none,Unassigned,desktop,P010,5,4,3,1,0,0
2025-11-03,Direct,direct,none,Unassigned,desktop,P011,7,6,5,1,1,1
2025-11-03,Direct,direct,none,Unassigned,desktop,P012,4,4,3,0,0,0
2025-11-03,Email,newsletter,email,Lifecycle,tablet,P001,8,6,6,1,1,0
2025-11-03,Email,newsletter,email,Lifecycle,tablet,P002,12,9,8,1,1,1
2025-11-03,Email,newsletter,email,Lifecycle,tablet,P003,7,6,5,1,0,0
2025-11-03,Email,newsletter,email,Lifecycle,tablet,P004,11,9,8,1,1,1
2025-11-03,Email,newsletter,email,Lifecycle,tablet,P005,7,5,5,1,0,0
2025-11-03,Email,newsletter,email,Lifecycle,tablet,P006,10,8,7,1,1,1
2025-11-03,Email,newsletter,email,Lifecycle,tablet,P007,6,5,4,1,0,0
2025-11-03,Email,newsletter,email,Lifecycle,tablet,P008,10,7,7,1,1,1
2025-11-03,Email,newsletter,email,Lifecycle,tablet,P009,5,4,3,1,0,0
2025-11-03,Email,newsletter,email,Lifecycle,tablet,P010,9,7,6,1,1,0
2025-11-03,Email,newsletter,email,Lifecycle,tablet,P011,12,10,9,2,1,1
2025-11-03,Email,newsletter,email,Lifecycle,tablet,P012,8,6,6,1,1,0
2025-11-04,Paid Search,google,cpc,KSA Growth,desktop,P001,8,6,6,2,1,1
2025-11-04,Paid Search,google,cpc,KSA Growth,desktop,P002,5,4,4,1,0,0
2025-11-04,Paid Search,google,cpc,KSA Growth,desktop,P003,8,6,6,1,1,1
2025-11-04,Paid Search,google,cpc,KSA Growth,desktop,P004,5,4,4,1,0,0
2025-11-04,Paid Search,google,cpc,KSA Growth,desktop,P005,7,5,5,1,1,1
2025-11-04,Paid Search,google,cpc,KSA Growth,desktop,P006,4,3,3,1,0,0
2025-11-04,Paid Search,google,cpc,KSA Growth,desktop,P007,7,5,5,1,1,0
2025-11-04,Paid Search,google,cpc,KSA Growth,desktop,P008,4,3,3,1,0,0
2025-11-04,Paid Search,google,cpc,KSA Growth,desktop,P009,6,5,5,1,1,0
2025-11-04,Paid Search,google,cpc,KSA Growth,desktop,P010,3,3,3,1,0,0
2025-11-04,Paid Search,google,cpc,KSA Growth,desktop,P011,6,4,4,1,1,0
2025-11-04,Paid Search,google,cpc,KSA Growth,desktop,P012,8,6,6,1,1,1
2025-11-04,Paid Social,instagram,paid_social,Creator Offers,tablet,P001,5,4,4,1,1,0
2025-11-04,Paid Social,instagram,paid_social,Creator Offers,tablet,P002,7,5,6,2,1,1
2025-11-04,Paid Social,instagram,paid_social,Creator Offers,tablet,P003,4,3,3,1,0,0
2025-11-04,Paid Social,instagram,paid_social,Creator Offers,tablet,P004,7,5,5,1,1,1
2025-11-04,Paid Social,instagram,paid_social,Creator Offers,tablet,P005,3,3,3,1,0,0
2025-11-04,Paid Social,instagram,paid_social,Creator Offers,tablet,P006,6,5,5,1,1,1
2025-11-04,Paid Social,instagram,paid_social,Creator Offers,tablet,P007,9,7,7,2,1,1
2025-11-04,Paid Social,instagram,paid_social,Creator Offers,tablet,P008,6,4,4,1,1,0
2025-11-04,Paid Social,instagram,paid_social,Creator Offers,tablet,P009,8,6,7,2,1,1
2025-11-04,Paid Social,instagram,paid_social,Creator Offers,tablet,P010,5,4,4,1,1,0
2025-11-04,Paid Social,instagram,paid_social,Creator Offers,tablet,P011,8,6,6,2,1,1
2025-11-04,Paid Social,instagram,paid_social,Creator Offers,tablet,P012,4,3,4,1,0,0
2025-11-04,Affiliates,partners,affiliate,Partner Network,mobile,P001,8,6,5,1,0,0
2025-11-04,Affiliates,partners,affiliate,Partner Network,mobile,P002,11,8,7,1,1,1
2025-11-04,Affiliates,partners,affiliate,Partner Network,mobile,P003,7,5,5,1,0,0
2025-11-04,Affiliates,partners,affiliate,Partner Network,mobile,P004,10,7,7,1,1,1
2025-11-04,Affiliates,partners,affiliate,Partner Network,mobile,P005,6,5,4,1,0,0
2025-11-04,Affiliates,partners,affiliate,Partner Network,mobile,P006,10,7,7,1,1,1
2025-11-04,Affiliates,partners,affiliate,Partner Network,mobile,P007,6,4,4,1,0,0
2025-11-04,Affiliates,partners,affiliate,Partner Network,mobile,P008,9,6,6,1,1,1
2025-11-04,Affiliates,partners,affiliate,Partner Network,mobile,P009,5,4,4,1,0,0
2025-11-04,Affiliates,partners,affiliate,Partner Network,mobile,P010,8,6,6,1,1,0
2025-11-04,Affiliates,partners,affiliate,Partner Network,mobile,P011,5,3,3,0,0,0
2025-11-04,Affiliates,partners,affiliate,Partner Network,mobile,P012,8,6,5,1,0,0
2025-11-05,Direct,direct,none,Unassigned,tablet,P001,5,5,3,1,0,0
2025-11-05,Direct,direct,none,Unassigned,tablet,P002,9,8,6,1,1,1
2025-11-05,Direct,direct,none,Unassigned,tablet,P003,13,11,9,2,1,1
2025-11-05,Direct,direct,none,Unassigned,tablet,P004,9,7,6,1,1,0
2025-11-05,Direct,direct,none,Unassigned,tablet,P005,12,10,8,2,1,1
2025-11-05,Direct,direct,none,Unassigned,tablet,P006,8,7,5,1,1,0
2025-11-05,Direct,direct,none,Unassigned,tablet,P007,12,10,8,2,1,1
2025-11-05,Direct,direct,none,Unassigned,tablet,P008,7,6,5,1,1,0
2025-11-05,Direct,direct,none,Unassigned,tablet,P009,11,9,7,2,1,1
2025-11-05,Direct,direct,none,Unassigned,tablet,P010,6,5,4,1,0,0
2025-11-05,Direct,direct,none,Unassigned,tablet,P011,10,9,7,1,1,1
2025-11-05,Direct,direct,none,Unassigned,tablet,P012,5,5,3,1,0,0
2025-11-05,Email,newsletter,email,Lifecycle,mobile,P001,6,4,4,1,0,0
2025-11-05,Email,newsletter,email,Lifecycle,mobile,P002,9,7,7,1,1,1
2025-11-05,Email,newsletter,email,Lifecycle,mobile,P003,6,4,4,1,0,0
2025-11-05,Email,newsletter,email,Lifecycle,mobile,P004,9,6,6,1,1,1
2025-11-05,Email,newsletter,email,Lifecycle,mobile,P005,5,4,3,1,0,0
2025-11-05,Email,newsletter,email,Lifecycle,mobile,P006,8,6,6,1,1,0
2025-11-05,Email,newsletter,email,Lifecycle,mobile,P007,4,3,3,1,0,0
2025-11-05,Email,newsletter,email,Lifecycle,mobile,P008,7,5,5,1,1,0
2025-11-05,Email,newsletter,email,Lifecycle,mobile,P009,11,8,7,1,1,1
2025-11-05,Email,newsletter,email,Lifecycle,mobile,P010,7,5,5,1,0,0
2025-11-05,Email,newsletter,email,Lifecycle,mobile,P011,10,7,7,1,1,1
2025-11-05,Email,newsletter,email,Lifecycle,mobile,P012,6,4,4,1,0,0
2025-11-05,Organic Search,google,organic,Always-on SEO,desktop,P001,11,10,8,2,1,1
2025-11-05,Organic Search,google,organic,Always-on SEO,desktop,P002,6,5,4,1,1,0
2025-11-05,Organic Search,google,organic,Always-on SEO,desktop,P003,10,9,7,2,1,1
2025-11-05,Organic Search,google,organic,Always-on SEO,desktop,P004,14,12,10,2,1,1
2025-11-05,Organic Search,google,organic,Always-on SEO,desktop,P005,9,8,7,2,1,0
2025-11-05,Organic Search,google,organic,Always-on SEO,desktop,P006,14,12,10,2,1,1
2025-11-05,Organic Search,google,organic,Always-on SEO,desktop,P007,8,7,6,1,1,0
2025-11-05,Organic Search,google,organic,Always-on SEO,desktop,P008,13,11,9,2,1,1
2025-11-05,Organic Search,google,organic,Always-on SEO,desktop,P009,8,7,5,1,1,0
2025-11-05,Organic Search,google,organic,Always-on SEO,desktop,P010,12,10,9,2,1,1
2025-11-05,Organic Search,google,organic,Always-on SEO,desktop,P011,7,6,5,1,1,0
2025-11-05,Organic Search,google,organic,Always-on SEO,desktop,P012,11,10,8,2,1,1
2025-11-06,Paid Social,instagram,paid_social,Creator Offers,mobile,P001,10,8,8,2,1,1
2025-11-06,Paid Social,instagram,paid_social,Creator Offers,mobile,P002,16,13,13,3,1,1
2025-11-06,Paid Social,instagram,paid_social,Creator Offers,mobile,P003,9,7,7,2,1,1
2025-11-06,Paid Social,instagram,paid_social,Creator Offers,mobile,P004,15,12,12,3,1,1
2025-11-06,Paid Social,instagram,paid_social,Creator Offers,mobile,P005,21,17,16,4,2,1
2025-11-06,Paid Social,instagram,paid_social,Creator Offers,mobile,P006,13,11,11,2,1,1
2025-11-06,Paid Social,instagram,paid_social,Creator Offers,mobile,P007,20,16,16,3,2,1
2025-11-06,Paid Social,instagram,paid_social,Creator Offers,mobile,P008,12,10,10,2,1,1
2025-11-06,Paid Social,instagram,paid_social,Creator Offers,mobile,P009,18,15,15,3,2,1
2025-11-06,Paid Social,instagram,paid_social,Creator Offers,mobile,P010,11,9,9,2,1,1
2025-11-06,Paid Social,instagram,paid_social,Creator Offers,mobile,P011,17,14,14,3,2,1
2025-11-06,Paid Social,instagram,paid_social,Creator Offers,mobile,P012,10,8,8,2,1,1
2025-11-06,Affiliates,partners,affiliate,Partner Network,desktop,P001,7,5,5,2,1,1
2025-11-06,Affiliates,partners,affiliate,Partner Network,desktop,P002,9,7,7,2,1,1
2025-11-06,Affiliates,partners,affiliate,Partner Network,desktop,P003,6,5,5,1,1,0
2025-11-06,Affiliates,partners,affiliate,Partner Network,desktop,P004,9,7,7,2,1,1
2025-11-06,Affiliates,partners,affiliate,Partner Network,desktop,P005,5,4,4,1,1,0
2025-11-06,Affiliates,partners,affiliate,Partner Network,desktop,P006,8,6,7,2,1,1
2025-11-06,Affiliates,partners,affiliate,Partner Network,desktop,P007,5,4,4,1,0,0
2025-11-06,Affiliates,partners,affiliate,Partner Network,desktop,P008,8,6,6,2,1,1
2025-11-06,Affiliates,partners,affiliate,Partner Network,desktop,P009,4,3,3,1,0,0
2025-11-06,Affiliates,partners,affiliate,Partner Network,desktop,P010,7,6,6,2,1,1
2025-11-06,Affiliates,partners,affiliate,Partner Network,desktop,P011,10,8,8,2,1,1
2025-11-06,Affiliates,partners,affiliate,Partner Network,desktop,P012,6,5,5,1,1,0
2025-11-06,Paid Search,google,cpc,KSA Growth,tablet,P001,16,15,12,3,2,1
2025-11-06,Paid Search,google,cpc,KSA Growth,tablet,P002,9,8,7,2,1,1
2025-11-06,Paid Search,google,cpc,KSA Growth,tablet,P003,15,13,11,3,2,1
2025-11-06,Paid Search,google,cpc,KSA Growth,tablet,P004,8,7,6,2,1,1
2025-11-06,Paid Search,google,cpc,KSA Growth,tablet,P005,14,12,10,3,2,1
2025-11-06,Paid Search,google,cpc,KSA Growth,tablet,P006,20,18,14,4,2,1
2025-11-06,Paid Search,google,cpc,KSA Growth,tablet,P007,13,11,9,3,1,1
2025-11-06,Paid Search,google,cpc,KSA Growth,tablet,P008,19,17,14,4,2,1
2025-11-06,Paid Search,google,cpc,KSA Growth,tablet,P009,12,10,8,2,1,1
2025-11-06,Paid Search,google,cpc,KSA Growth,tablet,P010,17,16,13,4,2,1
2025-11-06,Paid Search,google,cpc,KSA Growth,tablet,P011,10,9,8,2,1,1
2025-11-06,Paid Search,google,cpc,KSA Growth,tablet,P012,16,14,12,3,2,1
2025-11-07,Email,newsletter,email,Lifecycle,desktop,P001,6,5,4,1,0,0
2025-11-07,Email,newsletter,email,Lifecycle,desktop,P002,10,8,6,1,1,1
2025-11-07,Email,newsletter,email,Lifecycle,desktop,P003,5,4,4,1,0,0
2025-11-07,Email,newsletter,email,Lifecycle,desktop,P004,9,7,6,1,1,0
2025-11-07,Email,newsletter,email,Lifecycle,desktop,P005,5,4,3,1,0,0
2025-11-07,Email,newsletter,email,Lifecycle,desktop,P006,8,7,5,1,1,0
2025-11-07,Email,newsletter,email,Lifecycle,desktop,P007,12,10,8,1,1,1
2025-11-07,Email,newsletter,email,Lifecycle,desktop,P008,8,6,5,1,0,0
2025-11-07,Email,newsletter,email,Lifecycle,desktop,P009,11,9,7,1,1,1
2025-11-07,Email,newsletter,email,Lifecycle,desktop,P010,7,6,5,1,0,0
2025-11-07,Email,newsletter,email,Lifecycle,desktop,P011,10,8,7,1,1,1
2025-11-07,Email,newsletter,email,Lifecycle,desktop,P012,6,5,4,1,0,0
2025-11-07,Organic Search,google,organic,Always-on SEO,tablet,P001,11,9,7,2,1,1
2025-11-07,Organic Search,google,organic,Always-on SEO,tablet,P002,15,12,10,2,1,1
2025-11-07,Organic Search,google,organic,Always-on SEO,tablet,P003,10,8,6,2,1,0
2025-11-07,Organic Search,google,organic,Always-on SEO,tablet,P004,14,12,9,2,1,1
2025-11-07,Organic Search,google,organic,Always-on SEO,tablet,P005,9,7,6,1,1,0
2025-11-07,Organic Search,google,organic,Always-on SEO,tablet,P006,13,11,9,2,1,1
2025-11-07,Organic Search,google,organic,Always-on SEO,tablet,P007,8,7,5,1,1,0
2025-11-07,Organic Search,google,organic,Always-on SEO,tablet,P008,13,10,8,2,1,1
2025-11-07,Organic Search,google,organic,Always-on SEO,tablet,P009,7,6,5,1,1,0
2025-11-07,Organic Search,google,organic,Always-on SEO,tablet,P010,12,10,7,2,1,1
2025-11-07,Organic Search,google,organic,Always-on SEO,tablet,P011,6,5,4,1,0,0
2025-11-07,Organic Search,google,organic,Always-on SEO,tablet,P012,11,9,7,2,1,1
2025-11-07,Direct,direct,none,Unassigned,mobile,P001,16,12,11,3,2,1
2025-11-07,Direct,direct,none,Unassigned,mobile,P002,10,7,6,2,1,1
2025-11-07,Direct,direct,none,Unassigned,mobile,P003,15,11,10,3,2,1
2025-11-07,Direct,direct,none,Unassigned,mobile,P004,9,6,6,2,1,1
2025-11-07,Direct,direct,none,Unassigned,mobile,P005,14,10,9,2,1,1
2025-11-07,Direct,direct,none,Unassigned,mobile,P006,8,6,5,1,1,1
2025-11-07,Direct,direct,none,Unassigned,mobile,P007,13,9,9,2,1,1
2025-11-07,Direct,direct,none,Unassigned,mobile,P008,18,13,12,3,2,1
2025-11-07,Direct,direct,none,Unassigned,mobile,P009,12,9,8,2,1,1
2025-11-07,Direct,direct,none,Unassigned,mobile,P010,17,13,11,3,2,1
2025-11-07,Direct,direct,none,Unassigned,mobile,P011,11,8,7,2,1,1
2025-11-07,Direct,direct,none,Unassigned,mobile,P012,16,12,11,3,2,1
2025-11-08,Affiliates,partners,affiliate,Partner Network,tablet,P001,5,4,3,1,0,0
2025-11-08,Affiliates,partners,affiliate,Partner Network,tablet,P002,7,7,5,1,1,1
2025-11-08,Affiliates,partners,affiliate,Partner Network,tablet,P003,5,4,3,0,0,0
2025-11-08,Affiliates,partners,affiliate,Partner Network,tablet,P004,7,6,5,1,1,0
2025-11-08,Affiliates,partners,affiliate,Partner Network,tablet,P005,4,4,3,0,0,0
2025-11-08,Affiliates,partners,affiliate,Partner Network,tablet,P006,6,6,5,1,0,0
2025-11-08,Affiliates,partners,affiliate,Partner Network,tablet,P007,4,3,2,0,0,0
2025-11-08,Affiliates,partners,affiliate,Partner Network,tablet,P008,6,5,4,1,0,0
2025-11-08,Affiliates,partners,affiliate,Partner Network,tablet,P009,8,7,6,1,1,1
2025-11-08,Affiliates,partners,affiliate,Partner Network,tablet,P010,5,5,4,1,0,0
2025-11-08,Affiliates,partners,affiliate,Partner Network,tablet,P011,8,7,6,1,1,1
2025-11-08,Affiliates,partners,affiliate,Partner Network,tablet,P012,5,4,3,1,0,0
2025-11-08,Paid Search,google,cpc,KSA Growth,mobile,P001,15,13,11,2,2,1
2025-11-08,Paid Search,google,cpc,KSA Growth,mobile,P002,8,7,6,1,1,1
2025-11-08,Paid Search,google,cpc,KSA Growth,mobile,P003,13,12,10,2,1,1
2025-11-08,Paid Search,google,cpc,KSA Growth,mobile,P004,19,16,14,3,2,1
2025-11-08,Paid Search,google,cpc,KSA Growth,mobile,P005,12,11,9,2,1,1
2025-11-08,Paid Search,google,cpc,KSA Growth,mobile,P006,18,15,14,3,2,1
2025-11-08,Paid Search,google,cpc,KSA Growth,mobile,P007,11,10,9,2,1,1
2025-11-08,Paid Search,google,cpc,KSA Growth,mobile,P008,17,14,13,3,2,1
2025-11-08,Paid Search,google,cpc,KSA Growth,mobile,P009,10,9,8,2,1,1
2025-11-08,Paid Search,google,cpc,KSA Growth,mobile,P010,16,14,12,2,2,1
2025-11-08,Paid Search,google,cpc,KSA Growth,mobile,P011,9,8,7,1,1,1
2025-11-08,Paid Search,google,cpc,KSA Growth,mobile,P012,15,13,11,2,1,1
2025-11-08,Paid Social,instagram,paid_social,Creator Offers,desktop,P001,17,14,14,2,1,1
2025-11-08,Paid Social,instagram,paid_social,Creator Offers,desktop,P002,10,8,9,2,1,1
2025-11-08,Paid Social,instagram,paid_social,Creator Offers,desktop,P003,16,13,13,2,1,1
2025-11-08,Paid Social,instagram,paid_social,Creator Offers,desktop,P004,9,8,8,1,1,1
2025-11-08,Paid Social,instagram,paid_social,Creator Offers,desktop,P005,15,12,12,2,1,1
2025-11-08,Paid Social,instagram,paid_social,Creator Offers,desktop,P006,8,7,7,1,1,0
2025-11-08,Paid Social,instagram,paid_social,Creator Offers,desktop,P007,14,11,11,2,1,1
2025-11-08,Paid Social,instagram,paid_social,Creator Offers,desktop,P008,7,6,6,1,1,0
2025-11-08,Paid Social,instagram,paid_social,Creator Offers,desktop,P009,13,10,10,2,1,1
2025-11-08,Paid Social,instagram,paid_social,Creator Offers,desktop,P010,18,15,15,3,1,1
2025-11-08,Paid Social,instagram,paid_social,Creator Offers,desktop,P011,12,9,9,2,1,1
2025-11-08,Paid Social,instagram,paid_social,Creator Offers,desktop,P012,17,14,14,2,1,1
2025-11-09,Organic Search,google,organic,Always-on SEO,mobile,P001,8,6,6,2,1,1
2025-11-09,Organic Search,google,organic,Always-on SEO,mobile,P002,12,9,9,2,1,1
2025-11-09,Organic Search,google,organic,Always-on SEO,mobile,P003,8,6,6,1,1,0
2025-11-09,Organic Search,google,organic,Always-on SEO,mobile,P004,12,9,9,2,1,1
2025-11-09,Organic Search,google,organic,Always-on SEO,mobile,P005,7,5,5,1,1,0
2025-11-09,Organic Search,google,organic,Always-on SEO,mobile,P006,11,8,8,2,1,1
2025-11-09,Organic Search,google,organic,Always-on SEO,mobile,P007,6,5,5,1,1,0
2025-11-09,Organic Search,google,organic,Always-on SEO,mobile,P008,10,8,8,2,1,1
2025-11-09,Organic Search,google,organic,Always-on SEO,mobile,P009,5,4,4,1,0,0
2025-11-09,Organic Search,google,organic,Always-on SEO,mobile,P010,9,7,7,2,1,1
2025-11-09,Organic Search,google,organic,Always-on SEO,mobile,P011,13,10,10,2,1,1
2025-11-09,Organic Search,google,organic,Always-on SEO,mobile,P012,8,6,6,2,1,0
2025-11-09,Direct,direct,none,Unassigned,desktop,P001,14,12,9,3,1,1
2025-11-09,Direct,direct,none,Unassigned,desktop,P002,8,7,5,1,1,0
2025-11-09,Direct,direct,none,Unassigned,desktop,P003,13,11,9,2,1,1
2025-11-09,Direct,direct,none,Unassigned,desktop,P004,7,6,5,1,1,0
2025-11-09,Direct,direct,none,Unassigned,desktop,P005,12,10,8,2,1,1
2025-11-09,Direct,direct,none,Unassigned,desktop,P006,18,15,11,3,2,1
2025-11-09,Direct,direct,none,Unassigned,desktop,P007,11,9,7,2,1,1
2025-11-09,Direct,direct,none,Unassigned,desktop,P008,17,14,10,3,2,1
2025-11-09,Direct,direct,none,Unassigned,desktop,P009,10,9,7,2,1,1
2025-11-09,Direct,direct,none,Unassigned,desktop,P010,15,13,10,3,1,1
2025-11-09,Direct,direct,none,Unassigned,desktop,P011,9,8,6,2,1,1
2025-11-09,Direct,direct,none,Unassigned,desktop,P012,14,12,9,2,1,1
2025-11-09,Email,newsletter,email,Lifecycle,tablet,P001,15,13,11,3,2,1
2025-11-09,Email,newsletter,email,Lifecycle,tablet,P002,9,8,7,2,1,1
2025-11-09,Email,newsletter,email,Lifecycle,tablet,P003,14,12,10,3,2,1
2025-11-09,Email,newsletter,email,Lifecycle,tablet,P004,8,8,7,2,1,1
2025-11-09,Email,newsletter,email,Lifecycle,tablet,P005,13,11,10,3,2,1
2025-11-09,Email,newsletter,email,Lifecycle,tablet,P006,8,7,6,2,1,1
2025-11-09,Email,newsletter,email,Lifecycle,tablet,P007,12,11,9,2,1,1
2025-11-09,Email,newsletter,email,Lifecycle,tablet,P008,7,6,5,1,1,1
2025-11-09,Email,newsletter,email,Lifecycle,tablet,P009,11,10,9,2,1,1
2025-11-09,Email,newsletter,email,Lifecycle,tablet,P010,6,5,5,1,1,0
2025-11-09,Email,newsletter,email,Lifecycle,tablet,P011,10,9,8,2,1,1
2025-11-09,Email,newsletter,email,Lifecycle,tablet,P012,15,13,11,3,2,1
2025-11-10,Paid Search,google,cpc,KSA Growth,desktop,P001,8,7,6,1,1,0
2025-11-10,Paid Search,google,cpc,KSA Growth,desktop,P002,12,10,8,2,1,1
2025-11-10,Paid Search,google,cpc,KSA Growth,desktop,P003,8,7,5,1,0,0
2025-11-10,Paid Search,google,cpc,KSA Growth,desktop,P004,11,9,8,2,1,1
2025-11-10,Paid Search,google,cpc,KSA Growth,desktop,P005,7,6,5,1,0,0
2025-11-10,Paid Search,google,cpc,KSA Growth,desktop,P006,10,9,7,1,1,1
2025-11-10,Paid Search,google,cpc,KSA Growth,desktop,P007,6,5,5,1,0,0
2025-11-10,Paid Search,google,cpc,KSA Growth,desktop,P008,10,8,7,1,1,1
2025-11-10,Paid Search,google,cpc,KSA Growth,desktop,P009,6,5,4,1,0,0
2025-11-10,Paid Search,google,cpc,KSA Growth,desktop,P010,9,8,6,1,1,0
2025-11-10,Paid Search,google,cpc,KSA Growth,desktop,P011,5,4,4,1,0,0
2025-11-10,Paid Search,google,cpc,KSA Growth,desktop,P012,8,7,6,1,0,0
2025-11-10,Paid Social,instagram,paid_social,Creator Offers,tablet,P001,16,12,13,4,2,1
2025-11-10,Paid Social,instagram,paid_social,Creator Offers,tablet,P002,10,7,8,2,1,1
2025-11-10,Paid Social,instagram,paid_social,Creator Offers,tablet,P003,15,11,12,3,2,1
2025-11-10,Paid Social,instagram,paid_social,Creator Offers,tablet,P004,9,6,7,2,1,1
2025-11-10,Paid Social,instagram,paid_social,Creator Offers,tablet,P005,14,10,11,3,2,1
2025-11-10,Paid Social,instagram,paid_social,Creator Offers,tablet,P006,7,6,6,2,1,0
2025-11-10,Paid Social,instagram,paid_social,Creator Offers,tablet,P007,13,10,10,3,2,1
2025-11-10,Paid Social,instagram,paid_social,Creator Offers,tablet,P008,18,13,14,4,2,1
2025-11-10,Paid Social,instagram,paid_social,Creator Offers,tablet,P009,12,9,9,3,1,1
2025-11-10,Paid Social,instagram,paid_social,Creator Offers,tablet,P010,17,13,14,4,2,1
2025-11-10,Paid Social,instagram,paid_social,Creator Offers,tablet,P011,11,8,8,2,1,1
2025-11-10,Paid Social,instagram,paid_social,Creator Offers,tablet,P012,16,12,13,3,2,1
2025-11-10,Affiliates,partners,affiliate,Partner Network,mobile,P001,7,5,4,1,0,0
2025-11-10,Affiliates,partners,affiliate,Partner Network,mobile,P002,11,9,8,1,1,1
2025-11-10,Affiliates,partners,affiliate,Partner Network,mobile,P003,16,13,11,2,1,1
2025-11-10,Affiliates,partners,affiliate,Partner Network,mobile,P004,10,9,7,1,1,1
2025-11-10,Affiliates,partners,affiliate,Partner Network,mobile,P005,15,12,10,2,1,1
2025-11-10,Affiliates,partners,affiliate,Partner Network,mobile,P006,10,8,6,1,1,0
2025-11-10,Affiliates,partners,affiliate,Partner Network,mobile,P007,14,12,10,2,1,1
2025-11-10,Affiliates,partners,affiliate,Partner Network,mobile,P008,9,7,6,1,1,0
2025-11-10,Affiliates,partners,affiliate,Partner Network,mobile,P009,13,11,9,2,1,1
2025-11-10,Affiliates,partners,affiliate,Partner Network,mobile,P010,8,6,5,1,1,0
2025-11-10,Affiliates,partners,affiliate,Partner Network,mobile,P011,12,10,8,1,1,1
2025-11-10,Affiliates,partners,affiliate,Partner Network,mobile,P012,7,5,4,1,0,0
2025-11-11,Direct,direct,none,Unassigned,tablet,P001,7,6,5,1,1,1
2025-11-11,Direct,direct,none,Unassigned,tablet,P002,4,3,3,1,0,0
2025-11-11,Direct,direct,none,Unassigned,tablet,P003,7,5,5,1,1,0
2025-11-11,Direct,direct,none,Unassigned,tablet,P004,10,7,7,2,1,1
2025-11-11,Direct,direct,none,Unassigned,tablet,P005,6,5,4,1,1,0
2025-11-11,Direct,direct,none,Unassigned,tablet,P006,9,7,6,1,1,1
2025-11-11,Direct,direct,none,Unassigned,tablet,P007,6,4,4,1,0,0
2025-11-11,Direct,direct,none,Unassigned,tablet,P008,8,7,6,1,1,1
2025-11-11,Direct,direct,none,Unassigned,tablet,P009,5,4,4,1,0,0
2025-11-11,Direct,direct,none,Unassigned,tablet,P010,8,6,5,1,1,1
2025-11-11,Direct,direct,none,Unassigned,tablet,P011,4,4,3,1,0,0
2025-11-11,Direct,direct,none,Unassigned,tablet,P012,7,6,5,1,1,1
2025-11-11,Email,newsletter,email,Lifecycle,mobile,P001,15,12,10,3,2,1
2025-11-11,Email,newsletter,email,Lifecycle,mobile,P002,10,7,7,2,1,1
2025-11-11,Email,newsletter,email,Lifecycle,mobile,P003,14,11,10,3,2,1
2025-11-11,Email,newsletter,email,Lifecycle,mobile,P004,9,7,6,2,1,1
2025-11-11,Email,newsletter,email,Lifecycle,mobile,P005,13,10,9,2,2,1
2025-11-11,Email,newsletter,email,Lifecycle,mobile,P006,8,6,5,1,1,1
2025-11-11,Email,newsletter,email,Lifecycle,mobile,P007,12,10,9,2,1,1
2025-11-11,Email,newsletter,email,Lifecycle,mobile,P008,7,5,5,1,1,0
2025-11-11,Email,newsletter,email,Lifecycle,mobile,P009,12,9,8,2,1,1
2025-11-11,Email,newsletter,email,Lifecycle,mobile,P010,16,13,11,3,2,1
2025-11-11,Email,newsletter,email,Lifecycle,mobile,P011,11,8,7,2,1,1
2025-11-11,Email,newsletter,email,Lifecycle,mobile,P012,15,12,10,3,2,1
2025-11-11,Organic Search,google,organic,Always-on SEO,desktop,P001,7,6,5,1,1,0
2025-11-11,Organic Search,google,organic,Always-on SEO,desktop,P002,11,10,9,2,1,1
2025-11-11,Organic Search,google,organic,Always-on SEO,desktop,P003,6,5,5,1,1,0
2025-11-11,Organic Search,google,organic,Always-on SEO,desktop,P004,11,9,8,2,1,1
2025-11-11,Organic Search,google,organic,Always-on SEO,desktop,P005,15,13,12,2,1,1
2025-11-11,Organic Search,google,organic,Always-on SEO,desktop,P006,10,8,8,2,1,1
2025-11-11,Organic Search,google,organic,Always-on SEO,desktop,P007,14,12,11,2,1,1
2025-11-11,Organic Search,google,organic,Always-on SEO,desktop,P008,9,8,7,2,1,1
2025-11-11,Organic Search,google,organic,Always-on SEO,desktop,P009,13,11,10,2,1,1
2025-11-11,Organic Search,google,organic,Always-on SEO,desktop,P010,8,7,6,1,1,1
2025-11-11,Organic Search,google,organic,Always-on SEO,desktop,P011,12,11,10,2,1,1
2025-11-11,Organic Search,google,organic,Always-on SEO,desktop,P012,7,6,5,1,1,0
2025-11-12,Paid Social,instagram,paid_social,Creator Offers,mobile,P001,10,9,8,1,1,1
2025-11-12,Paid Social,instagram,paid_social,Creator Offers,mobile,P002,6,5,4,1,0,0
2025-11-12,Paid Social,instagram,paid_social,Creator Offers,mobile,P003,9,8,7,1,1,0
2025-11-12,Paid Social,instagram,paid_social,Creator Offers,mobile,P004,5,4,4,1,0,0
2025-11-12,Paid Social,instagram,paid_social,Creator Offers,mobile,P005,9,8,7,1,1,0
2025-11-12,Paid Social,instagram,paid_social,Creator Offers,mobile,P006,12,11,9,2,1,1
2025-11-12,Paid Social,instagram,paid_social,Creator Offers,mobile,P007,8,7,6,1,0,0
2025-11-12,Paid Social,instagram,paid_social,Creator Offers,mobile,P008,12,10,9,2,1,1
2025-11-12,Paid Social,instagram,paid_social,Creator Offers,mobile,P009,7,6,5,1,0,0
2025-11-12,Paid Social,instagram,paid_social,Creator Offers,mobile,P010,11,9,8,1,1,1
2025-11-12,Paid Social,instagram,paid_social,Creator Offers,mobile,P011,6,6,5,1,0,0
2025-11-12,Paid Social,instagram,paid_social,Creator Offers,mobile,P012,10,9,8,1,1,1
2025-11-12,Affiliates,partners,affiliate,Partner Network,desktop,P001,17,14,12,3,2,1
2025-11-12,Affiliates,partners,affiliate,Partner Network,desktop,P002,11,9,8,2,1,1
2025-11-12,Affiliates,partners,affiliate,Partner Network,desktop,P003,16,13,12,3,2,1
2025-11-12,Affiliates,partners,affiliate,Partner Network,desktop,P004,10,8,7,2,1,1
2025-11-12,Affiliates,partners,affiliate,Partner Network,desktop,P005,15,12,11,3,1,1
2025-11-12,Affiliates,partners,affiliate,Partner Network,desktop,P006,9,7,7,2,1,1
2025-11-12,Affiliates,partners,affiliate,Partner Network,desktop,P007,14,11,10,2,1,1
2025-11-12,Affiliates,partners,affiliate,Partner Network,desktop,P008,8,7,6,1,1,0
2025-11-12,Affiliates,partners,affiliate,Partner Network,desktop,P009,13,11,10,2,1,1
2025-11-12,Affiliates,partners,affiliate,Partner Network,desktop,P010,7,6,5,1,1,0
2025-11-12,Affiliates,partners,affiliate,Partner Network,desktop,P011,12,10,9,2,1,1
2025-11-12,Affiliates,partners,affiliate,Partner Network,desktop,P012,17,14,12,3,2,1
2025-11-12,Paid Search,google,cpc,KSA Growth,tablet,P001,9,8,7,2,1,1
2025-11-12,Paid Search,google,cpc,KSA Growth,tablet,P002,14,12,11,3,2,1
2025-11-12,Paid Search,google,cpc,KSA Growth,tablet,P003,8,7,6,2,1,1
2025-11-12,Paid Search,google,cpc,KSA Growth,tablet,P004,13,12,11,3,2,1
2025-11-12,Paid Search,google,cpc,KSA Growth,tablet,P005,7,6,6,2,1,1
2025-11-12,Paid Search,google,cpc,KSA Growth,tablet,P006,12,11,10,3,2,1
2025-11-12,Paid Search,google,cpc,KSA Growth,tablet,P007,18,15,14,4,2,2
2025-11-12,Paid Search,google,cpc,KSA Growth,tablet,P008,11,10,9,3,2,1
2025-11-12,Paid Search,google,cpc,KSA Growth,tablet,P009,17,14,13,4,2,2
2025-11-12,Paid Search,google,cpc,KSA Growth,tablet,P010,10,9,8,2,1,1
2025-11-12,Paid Search,google,cpc,KSA Growth,tablet,P011,15,13,12,3,2,1
2025-11-12,Paid Search,google,cpc,KSA Growth,tablet,P012,9,8,7,2,1,1
2025-11-13,Email,newsletter,email,Lifecycle,desktop,P001,11,10,8,2,1,1
2025-11-13,Email,newsletter,email,Lifecycle,desktop,P002,7,6,5,1,0,0
2025-11-13,Email,newsletter,email,Lifecycle,desktop,P003,10,9,8,1,1,1
2025-11-13,Email,newsletter,email,Lifecycle,desktop,P004,6,5,4,1,0,0
2025-11-13,Email,newsletter,email,Lifecycle,desktop,P005,10,8,7,1,1,1
2025-11-13,Email,newsletter,email,Lifecycle,desktop,P006,5,4,4,1,0,0
2025-11-13,Email,newsletter,email,Lifecycle,desktop,P007,9,8,7,1,1,0
2025-11-13,Email,newsletter,email,Lifecycle,desktop,P008,12,11,10,2,1,1
2025-11-13,Email,newsletter,email,Lifecycle,desktop,P009,8,7,6,1,1,0
2025-11-13,Email,newsletter,email,Lifecycle,desktop,P010,12,10,9,2,1,1
2025-11-13,Email,newsletter,email,Lifecycle,desktop,P011,7,6,6,1,1,0
2025-11-13,Email,newsletter,email,Lifecycle,desktop,P012,11,9,8,2,1,1
2025-11-13,Organic Search,google,organic,Always-on SEO,tablet,P001,5,4,4,1,1,0
2025-11-13,Organic Search,google,organic,Always-on SEO,tablet,P002,8,6,6,2,1,1
2025-11-13,Organic Search,google,organic,Always-on SEO,tablet,P003,11,8,8,2,1,1
2025-11-13,Organic Search,google,organic,Always-on SEO,tablet,P004,7,5,5,2,1,1
2025-11-13,Organic Search,google,organic,Always-on SEO,tablet,P005,10,8,8,2,1,1
2025-11-13,Organic Search,google,organic,Always-on SEO,tablet,P006,7,5,5,1,1,1
2025-11-13,Organic Search,google,organic,Always-on SEO,tablet,P007,10,7,7,2,1,1
2025-11-13,Organic Search,google,organic,Always-on SEO,tablet,P008,6,5,4,1,1,0
2025-11-13,Organic Search,google,organic,Always-on SEO,tablet,P009,9,7,7,2,1,1
2025-11-13,Organic Search,google,organic,Always-on SEO,tablet,P010,5,4,4,1,1,0
2025-11-13,Organic Search,google,organic,Always-on SEO,tablet,P011,8,6,6,2,1,1
2025-11-13,Organic Search,google,organic,Always-on SEO,tablet,P012,5,4,4,1,1,0
2025-11-13,Direct,direct,none,Unassigned,mobile,P001,9,7,8,2,1,1
2025-11-13,Direct,direct,none,Unassigned,mobile,P002,14,11,11,3,2,1
2025-11-13,Direct,direct,none,Unassigned,mobile,P003,9,6,7,2,1,1
2025-11-13,Direct,direct,none,Unassigned,mobile,P004,13,10,11,3,2,1
2025-11-13,Direct,direct,none,Unassigned,mobile,P005,8,6,6,2,1,0
2025-11-13,Direct,direct,none,Unassigned,mobile,P006,12,9,10,3,2,1
2025-11-13,Direct,direct,none,Unassigned,mobile,P007,7,5,5,1,1,0
2025-11-13,Direct,direct,none,Unassigned,mobile,P008,11,9,9,3,1,1
2025-11-13,Direct,direct,none,Unassigned,mobile,P009,16,12,13,4,2,1
2025-11-13,Direct,direct,none,Unassigned,mobile,P010,10,8,8,2,1,1
2025-11-13,Direct,direct,none,Unassigned,mobile,P011,15,11,12,3,2,1
2025-11-13,Direct,direct,none,Unassigned,mobile,P012,9,7,7,2,1,1
2025-11-14,Affiliates,partners,affiliate,Partner Network,tablet,P001,11,8,8,2,1,1
2025-11-14,Affiliates,partners,affiliate,Partner Network,tablet,P002,7,5,5,1,1,0
2025-11-14,Affiliates,partners,affiliate,Partner Network,tablet,P003,10,7,8,2,1,1
2025-11-14,Affiliates,partners,affiliate,Partner Network,tablet,P004,6,5,5,1,0,0
2025-11-14,Affiliates,partners,affiliate,Partner Network,tablet,P005,9,7,7,1,1,1
2025-11-14,Affiliates,partners,affiliate,Partner Network,tablet,P006,5,4,4,1,0,0
2025-11-14,Affiliates,partners,affiliate,Partner Network,tablet,P007,9,6,7,1,1,1
2025-11-14,Affiliates,partners,affiliate,Partner Network,tablet,P008,5,4,3,1,0,0
2025-11-14,Affiliates,partners,affiliate,Partner Network,tablet,P009,8,6,6,1,1,1
2025-11-14,Affiliates,partners,affiliate,Partner Network,tablet,P010,11,8,8,2,1,1
2025-11-14,Affiliates,partners,affiliate,Partner Network,tablet,P011,7,5,5,1,1,0
2025-11-14,Affiliates,partners,affiliate,Partner Network,tablet,P012,10,8,8,2,1,1
2025-11-14,Paid Search,google,cpc,KSA Growth,mobile,P001,9,7,7,1,1,1
2025-11-14,Paid Search,google,cpc,KSA Growth,mobile,P002,15,11,11,2,1,1
2025-11-14,Paid Search,google,cpc,KSA Growth,mobile,P003,8,6,6,1,1,1
2025-11-14,Paid Search,google,cpc,KSA Growth,mobile,P004,14,10,11,2,1,1
2025-11-14,Paid Search,google,cpc,KSA Growth,mobile,P005,20,15,15,3,2,1
2025-11-14,Paid Search,google,cpc,KSA Growth,mobile,P006,13,10,10,2,1,1
2025-11-14,Paid Search,google,cpc,KSA Growth,mobile,P007,19,14,14,3,2,1
2025-11-14,Paid Search,google,cpc,KSA Growth,mobile,P008,12,9,9,2,1,1
2025-11-14,Paid Search,google,cpc,KSA Growth,mobile,P009,17,13,13,3,2,1
2025-11-14,Paid Search,google,cpc,KSA Growth,mobile,P010,10,8,8,2,1,1
2025-11-14,Paid Search,google,cpc,KSA Growth,mobile,P011,16,12,12,3,2,1
2025-11-14,Paid Search,google,cpc,KSA Growth,mobile,P012,9,7,7,1,1,1
2025-11-14,Paid Social,instagram,paid_social,Creator Offers,desktop,P001,10,8,6,2,1,1
2025-11-14,Paid Social,instagram,paid_social,Creator Offers,desktop,P002,14,12,9,2,1,1
2025-11-14,Paid Social,instagram,paid_social,Creator Offers,desktop,P003,9,7,6,1,1,0
2025-11-14,Paid Social,instagram,paid_social,Creator Offers,desktop,P004,13,11,8,2,1,1
2025-11-14,Paid Social,instagram,paid_social,Creator Offers,desktop,P005,8,7,5,1,1,0
2025-11-14,Paid Social,instagram,paid_social,Creator Offers,desktop,P006,12,10,8,2,1,1
2025-11-14,Paid Social,instagram,paid_social,Creator Offers,desktop,P007,7,6,5,1,1,0
2025-11-14,Paid Social,instagram,paid_social,Creator Offers,desktop,P008,11,10,7,2,1,1
2025-11-14,Paid Social,instagram,paid_social,Creator Offers,desktop,P009,6,5,4,1,1,0
2025-11-14,Paid Social,instagram,paid_social,Creator Offers,desktop,P010,10,9,7,2,1,1
2025-11-14,Paid Social,instagram,paid_social,Creator Offers,desktop,P011,15,13,10,2,1,1
2025-11-14,Paid Social,instagram,paid_social,Creator Offers,desktop,P012,9,8,6,1,1,1
2025-11-15,Organic Search,google,organic,Always-on SEO,mobile,P001,16,11,12,2,1,1
2025-11-15,Organic Search,google,organic,Always-on SEO,mobile,P002,10,7,8,2,1,1
2025-11-15,Organic Search,google,organic,Always-on SEO,mobile,P003,15,10,11,2,1,1
2025-11-15,Organic Search,google,organic,Always-on SEO,mobile,P004,9,7,7,2,1,1
2025-11-15,Organic Search,google,organic,Always-on SEO,mobile,P005,14,10,10,2,1,1
2025-11-15,Organic Search,google,organic,Always-on SEO,mobile,P006,8,6,6,1,1,0
2025-11-15,Organic Search,google,organic,Always-on SEO,mobile,P007,13,9,10,2,1,1
2025-11-15,Organic Search,google,organic,Always-on SEO,mobile,P008,7,5,6,1,1,0
2025-11-15,Organic Search,google,organic,Always-on SEO,mobile,P009,12,9,9,2,1,1
2025-11-15,Organic Search,google,organic,Always-on SEO,mobile,P010,6,5,5,1,1,0
2025-11-15,Organic Search,google,organic,Always-on SEO,mobile,P011,11,8,8,2,1,1
2025-11-15,Organic Search,google,organic,Always-on SEO,mobile,P012,15,11,12,2,1,1
2025-11-15,Direct,direct,none,Unassigned,desktop,P001,6,4,4,1,0,0
2025-11-15,Direct,direct,none,Unassigned,desktop,P002,9,6,7,1,1,1
2025-11-15,Direct,direct,none,Unassigned,desktop,P003,5,3,4,1,0,0
2025-11-15,Direct,direct,none,Unassigned,desktop,P004,8,6,6,1,1,0
2025-11-15,Direct,direct,none,Unassigned,desktop,P005,4,3,3,1,0,0
2025-11-15,Direct,direct,none,Unassigned,desktop,P006,7,5,6,1,1,0
2025-11-15,Direct,direct,none,Unassigned,desktop,P007,10,7,8,1,1,1
2025-11-15,Direct,direct,none,Unassigned,desktop,P008,7,5,5,1,0,0
2025-11-15,Direct,direct,none,Unassigned,desktop,P009,10,7,8,1,1,1
2025-11-15,Direct,direct,none,Unassigned,desktop,P010,6,4,5,1,0,0
2025-11-15,Direct,direct,none,Unassigned,desktop,P011,9,7,7,1,1,1
2025-11-15,Direct,direct,none,Unassigned,desktop,P012,5,4,4,1,0,0
2025-11-15,Email,newsletter,email,Lifecycle,tablet,P001,13,11,9,2,1,1
2025-11-15,Email,newsletter,email,Lifecycle,tablet,P002,19,16,12,3,1,1
2025-11-15,Email,newsletter,email,Lifecycle,tablet,P003,12,10,8,2,1,0
2025-11-15,Email,newsletter,email,Lifecycle,tablet,P004,17,15,12,3,1,1
2025-11-15,Email,newsletter,email,Lifecycle,tablet,P005,11,9,7,2,1,0
2025-11-15,Email,newsletter,email,Lifecycle,tablet,P006,16,14,11,2,1,1
2025-11-15,Email,newsletter,email,Lifecycle,tablet,P007,10,8,7,1,1,0
2025-11-15,Email,newsletter,email,Lifecycle,tablet,P008,15,13,10,2,1,1
2025-11-15,Email,newsletter,email,Lifecycle,tablet,P009,9,8,6,1,1,0
2025-11-15,Email,newsletter,email,Lifecycle,tablet,P010,14,12,10,2,1,1
2025-11-15,Email,newsletter,email,Lifecycle,tablet,P011,8,7,5,1,1,0
2025-11-15,Email,newsletter,email,Lifecycle,tablet,P012,13,11,9,2,1,1
2025-11-16,Paid Search,google,cpc,KSA Growth,desktop,P001,4,3,2,1,0,0
2025-11-16,Paid Search,google,cpc,KSA Growth,desktop,P002,6,5,4,1,1,0
2025-11-16,Paid Search,google,cpc,KSA Growth,desktop,P003,9,7,5,2,1,1
2025-11-16,Paid Search,google,cpc,KSA Growth,desktop,P004,6,5,4,1,1,0
2025-11-16,Paid Search,google,cpc,KSA Growth,desktop,P005,8,7,5,1,1,1
2025-11-16,Paid Search,google,cpc,KSA Growth,desktop,P006,5,4,3,1,1,0
2025-11-16,Paid Search,google,cpc,KSA Growth,desktop,P007,8,6,5,1,1,1
2025-11-16,Paid Search,google,cpc,KSA Growth,desktop,P008,5,4,3,1,0,0
2025-11-16,Paid Search,google,cpc,KSA Growth,desktop,P009,7,6,5,1,1,1
2025-11-16,Paid Search,google,cpc,KSA Growth,desktop,P010,4,3,3,1,0,0
2025-11-16,Paid Search,google,cpc,KSA Growth,desktop,P011,7,6,4,1,1,1
2025-11-16,Paid Search,google,cpc,KSA Growth,desktop,P012,3,3,2,1,0,0
2025-11-16,Paid Social,instagram,paid_social,Creator Offers,tablet,P001,6,4,4,1,1,0
2025-11-16,Paid Social,instagram,paid_social,Creator Offers,tablet,P002,8,7,6,1,1,1
2025-11-16,Paid Social,instagram,paid_social,Creator Offers,tablet,P003,5,4,4,1,0,0
2025-11-16,Paid Social,instagram,paid_social,Creator Offers,tablet,P004,8,6,6,1,1,1
2025-11-16,Paid Social,instagram,paid_social,Creator Offers,tablet,P005,5,3,3,1,0,0
2025-11-16,Paid Social,instagram,paid_social,Creator Offers,tablet,P006,7,6,6,1,1,1
2025-11-16,Paid Social,instagram,paid_social,Creator Offers,tablet,P007,4,3,3,1,0,0
2025-11-16,Paid Social,instagram,paid_social,Creator Offers,tablet,P008,7,5,5,1,1,0
2025-11-16,Paid Social,instagram,paid_social,Creator Offers,tablet,P009,10,7,7,2,1,1
2025-11-16,Paid Social,instagram,paid_social,Creator Offers,tablet,P010,6,5,5,1,1,0
2025-11-16,Paid Social,instagram,paid_social,Creator Offers,tablet,P011,9,7,7,2,1,1
2025-11-16,Paid Social,instagram,paid_social,Creator Offers,tablet,P012,6,4,4,1,0,0
2025-11-16,Affiliates,partners,affiliate,Partner Network,mobile,P001,8,7,6,2,1,1
2025-11-16,Affiliates,partners,affiliate,Partner Network,mobile,P002,4,3,3,1,1,0
2025-11-16,Affiliates,partners,affiliate,Partner Network,mobile,P003,7,6,5,1,1,1
2025-11-16,Affiliates,partners,affiliate,Partner Network,mobile,P004,10,9,8,2,1,1
2025-11-16,Affiliates,partners,affiliate,Partner Network,mobile,P005,6,5,5,1,1,0
2025-11-16,Affiliates,partners,affiliate,Partner Network,mobile,P006,9,8,7,2,1,1
2025-11-16,Affiliates,partners,affiliate,Partner Network,mobile,P007,6,5,4,1,1,0
2025-11-16,Affiliates,partners,affiliate,Partner Network,mobile,P008,9,8,7,2,1,1
2025-11-16,Affiliates,partners,affiliate,Partner Network,mobile,P009,5,4,4,1,1,0
2025-11-16,Affiliates,partners,affiliate,Partner Network,mobile,P010,8,7,6,2,1,1
2025-11-16,Affiliates,partners,affiliate,Partner Network,mobile,P011,5,4,4,1,1,0
2025-11-16,Affiliates,partners,affiliate,Partner Network,mobile,P012,7,7,6,2,1,1
2025-11-17,Direct,direct,none,Unassigned,tablet,P001,8,6,5,1,1,0
2025-11-17,Direct,direct,none,Unassigned,tablet,P002,13,9,9,2,1,1
2025-11-17,Direct,direct,none,Unassigned,tablet,P003,7,5,5,1,0,0
2025-11-17,Direct,direct,none,Unassigned,tablet,P004,12,9,8,2,1,1
2025-11-17,Direct,direct,none,Unassigned,tablet,P005,17,12,12,2,1,1
2025-11-17,Direct,direct,none,Unassigned,tablet,P006,11,8,8,2,1,1
2025-11-17,Direct,direct,none,Unassigned,tablet,P007,16,12,11,2,1,1
2025-11-17,Direct,direct,none,Unassigned,tablet,P008,10,7,7,1,1,0
2025-11-17,Direct,direct,none,Unassigned,tablet,P009,15,11,10,2,1,1
2025-11-17,Direct,direct,none,Unassigned,tablet,P010,9,7,6,1,1,0
2025-11-17,Direct,direct,none,Unassigned,tablet,P011,14,10,10,2,1,1
2025-11-17,Direct,direct,none,Unassigned,tablet,P012,8,6,5,1,0,0
2025-11-17,Email,newsletter,email,Lifecycle,mobile,P001,12,11,9,2,1,1
2025-11-17,Email,newsletter,email,Lifecycle,mobile,P002,18,17,13,3,2,1
2025-11-17,Email,newsletter,email,Lifecycle,mobile,P003,11,10,8,2,1,1
2025-11-17,Email,newsletter,email,Lifecycle,mobile,P004,17,16,12,3,2,1
2025-11-17,Email,newsletter,email,Lifecycle,mobile,P005,10,9,7,2,1,1
2025-11-17,Email,newsletter,email,Lifecycle,mobile,P006,16,14,11,3,2,1
2025-11-17,Email,newsletter,email,Lifecycle,mobile,P007,9,8,7,2,1,1
2025-11-17,Email,newsletter,email,Lifecycle,mobile,P008,15,13,11,3,2,1
2025-11-17,Email,newsletter,email,Lifecycle,mobile,P009,8,7,6,1,1,1
2025-11-17,Email,newsletter,email,Lifecycle,mobile,P010,14,12,10,2,2,1
2025-11-17,Email,newsletter,email,Lifecycle,mobile,P011,19,18,14,4,2,2
2025-11-17,Email,newsletter,email,Lifecycle,mobile,P012,12,11,9,2,1,1
2025-11-17,Organic Search,google,organic,Always-on SEO,desktop,P001,11,9,7,2,1,1
2025-11-17,Organic Search,google,organic,Always-on SEO,desktop,P002,6,5,4,1,0,0
2025-11-17,Organic Search,google,organic,Always-on SEO,desktop,P003,10,8,7,1,1,1
2025-11-17,Organic Search,google,organic,Always-on SEO,desktop,P004,6,4,4,1,0,0
2025-11-17,Organic Search,google,organic,Always-on SEO,desktop,P005,10,8,6,1,1,0
2025-11-17,Organic Search,google,organic,Always-on SEO,desktop,P006,13,11,9,2,1,1
2025-11-17,Organic Search,google,organic,Always-on SEO,desktop,P007,9,7,6,1,1,0
2025-11-17,Organic Search,google,organic,Always-on SEO,desktop,P008,13,10,9,2,1,1
2025-11-17,Organic Search,google,organic,Always-on SEO,desktop,P009,8,6,5,1,1,0
2025-11-17,Organic Search,google,organic,Always-on SEO,desktop,P010,12,10,8,2,1,1
2025-11-17,Organic Search,google,organic,Always-on SEO,desktop,P011,7,6,5,1,0,0
2025-11-17,Organic Search,google,organic,Always-on SEO,desktop,P012,11,9,7,2,1,1
2025-11-18,Paid Social,instagram,paid_social,Creator Offers,mobile,P001,10,9,7,2,1,1
2025-11-18,Paid Social,instagram,paid_social,Creator Offers,mobile,P002,15,13,10,3,2,1
2025-11-18,Paid Social,instagram,paid_social,Creator Offers,mobile,P003,9,8,6,2,1,1
2025-11-18,Paid Social,instagram,paid_social,Creator Offers,mobile,P004,14,12,9,3,1,1
2025-11-18,Paid Social,instagram,paid_social,Creator Offers,mobile,P005,8,7,5,1,1,1
2025-11-18,Paid Social,instagram,paid_social,Creator Offers,mobile,P006,13,11,9,2,1,1
2025-11-18,Paid Social,instagram,paid_social,Creator Offers,mobile,P007,19,16,12,3,2,1
2025-11-18,Paid Social,instagram,paid_social,Creator Offers,mobile,P008,12,10,8,2,1,1
2025-11-18,Paid Social,instagram,paid_social,Creator Offers,mobile,P009,17,15,12,3,2,1
2025-11-18,Paid Social,instagram,paid_social,Creator Offers,mobile,P010,11,9,7,2,1,1
2025-11-18,Paid Social,instagram,paid_social,Creator Offers,mobile,P011,16,14,11,3,2,1
2025-11-18,Paid Social,instagram,paid_social,Creator Offers,mobile,P012,10,9,7,2,1,1
2025-11-18,Affiliates,partners,affiliate,Partner Network,desktop,P001,10,8,6,1,1,1
2025-11-18,Affiliates,partners,affiliate,Partner Network,desktop,P002,14,11,9,2,1,1
2025-11-18,Affiliates,partners,affiliate,Partner Network,desktop,P003,9,7,6,1,1,0
2025-11-18,Affiliates,partners,affiliate,Partner Network,desktop,P004,13,10,8,2,1,1
2025-11-18,Affiliates,partners,affiliate,Partner Network,desktop,P005,8,6,5,1,1,0
2025-11-18,Affiliates,partners,affiliate,Partner Network,desktop,P006,12,9,8,2,1,1
2025-11-18,Affiliates,partners,affiliate,Partner Network,desktop,P007,7,6,4,1,0,0
2025-11-18,Affiliates,partners,affiliate,Partner Network,desktop,P008,11,9,7,2,1,1
2025-11-18,Affiliates,partners,affiliate,Partner Network,desktop,P009,6,5,4,1,0,0
2025-11-18,Affiliates,partners,affiliate,Partner Network,desktop,P010,10,8,7,2,1,1
2025-11-18,Affiliates,partners,affiliate,Partner Network,desktop,P011,6,4,3,1,0,0
2025-11-18,Affiliates,partners,affiliate,Partner Network,desktop,P012,10,7,6,1,1,1
2025-11-18,Paid Search,google,cpc,KSA Growth,tablet,P001,12,9,9,2,1,1
2025-11-18,Paid Search,google,cpc,KSA Growth,tablet,P002,7,5,5,1,1,0
2025-11-18,Paid Search,google,cpc,KSA Growth,tablet,P003,11,8,8,2,1,1
2025-11-18,Paid Search,google,cpc,KSA Growth,tablet,P004,6,5,5,1,1,0
2025-11-18,Paid Search,google,cpc,KSA Growth,tablet,P005,10,8,8,2,1,1
2025-11-18,Paid Search,google,cpc,KSA Growth,tablet,P006,6,4,4,1,0,0
2025-11-18,Paid Search,google,cpc,KSA Growth,tablet,P007,10,7,7,2,1,1
2025-11-18,Paid Search,google,cpc,KSA Growth,tablet,P008,14,10,10,2,1,1
2025-11-18,Paid Search,google,cpc,KSA Growth,tablet,P009,9,7,7,2,1,1
2025-11-18,Paid Search,google,cpc,KSA Growth,tablet,P010,13,9,10,2,1,1
2025-11-18,Paid Search,google,cpc,KSA Growth,tablet,P011,8,6,6,2,1,0
2025-11-18,Paid Search,google,cpc,KSA Growth,tablet,P012,12,9,9,2,1,1
2025-11-19,Email,newsletter,email,Lifecycle,desktop,P001,6,5,4,1,0,0
2025-11-19,Email,newsletter,email,Lifecycle,desktop,P002,9,7,6,1,1,1
2025-11-19,Email,newsletter,email,Lifecycle,desktop,P003,6,4,4,1,0,0
2025-11-19,Email,newsletter,email,Lifecycle,desktop,P004,9,6,6,1,1,1
2025-11-19,Email,newsletter,email,Lifecycle,desktop,P005,5,4,3,1,0,0
2025-11-19,Email,newsletter,email,Lifecycle,desktop,P006,8,6,5,1,1,1
2025-11-19,Email,newsletter,email,Lifecycle,desktop,P007,4,3,3,1,0,0
2025-11-19,Email,newsletter,email,Lifecycle,desktop,P008,8,5,5,1,1,0
2025-11-19,Email,newsletter,email,Lifecycle,desktop,P009,11,8,7,2,1,1
2025-11-19,Email,newsletter,email,Lifecycle,desktop,P010,7,5,4,1,1,0
2025-11-19,Email,newsletter,email,Lifecycle,desktop,P011,10,7,6,1,1,1
2025-11-19,Email,newsletter,email,Lifecycle,desktop,P012,6,4,4,1,0,0
2025-11-19,Organic Search,google,organic,Always-on SEO,tablet,P001,10,9,8,2,1,1
2025-11-19,Organic Search,google,organic,Always-on SEO,tablet,P002,5,5,4,1,0,0
2025-11-19,Organic Search,google,organic,Always-on SEO,tablet,P003,9,8,7,2,1,0
2025-11-19,Organic Search,google,organic,Always-on SEO,tablet,P004,13,12,10,2,1,1
2025-11-19,Organic Search,google,organic,Always-on SEO,tablet,P005,8,7,6,1,1,0
2025-11-19,Organic Search,google,organic,Always-on SEO,tablet,P006,12,11,9,2,1,1
2025-11-19,Organic Search,google,organic,Always-on SEO,tablet,P007,8,7,6,1,1,0
2025-11-19,Organic Search,google,organic,Always-on SEO,tablet,P008,11,10,9,2,1,1
2025-11-19,Organic Search,google,organic,Always-on SEO,tablet,P009,7,6,5,1,0,0
2025-11-19,Organic Search,google,organic,Always-on SEO,tablet,P010,11,10,8,2,1,1
2025-11-19,Organic Search,google,organic,Always-on SEO,tablet,P011,6,5,5,1,0,0
2025-11-19,Organic Search,google,organic,Always-on SEO,tablet,P012,10,9,7,2,1,1
2025-11-19,Direct,direct,none,Unassigned,mobile,P001,15,11,11,2,1,1
2025-11-19,Direct,direct,none,Unassigned,mobile,P002,9,7,7,1,1,0
2025-11-19,Direct,direct,none,Unassigned,mobile,P003,14,11,10,2,1,1
2025-11-19,Direct,direct,none,Unassigned,mobile,P004,9,6,6,1,1,0
2025-11-19,Direct,direct,none,Unassigned,mobile,P005,13,10,10,2,1,1
2025-11-19,Direct,direct,none,Unassigned,mobile,P006,8,6,6,1,0,0
2025-11-19,Direct,direct,none,Unassigned,mobile,P007,12,9,9,2,1,1
2025-11-19,Direct,direct,none,Unassigned,mobile,P008,7,5,5,1,0,0
2025-11-19,Direct,direct,none,Unassigned,mobile,P009,11,8,8,2,1,0
2025-11-19,Direct,direct,none,Unassigned,mobile,P010,16,12,12,2,1,1
2025-11-19,Direct,direct,none,Unassigned,mobile,P011,10,8,8,1,1,0
2025-11-19,Direct,direct,none,Unassigned,mobile,P012,15,11,11,2,1,1
2025-11-20,Affiliates,partners,affiliate,Partner Network,tablet,P001,8,6,5,1,1,0
2025-11-20,Affiliates,partners,affiliate,Partner Network,tablet,P002,11,8,7,2,1,1
2025-11-20,Affiliates,partners,affiliate,Partner Network,tablet,P003,7,5,5,1,0,0
2025-11-20,Affiliates,partners,affiliate,Partner Network,tablet,P004,11,8,7,2,1,1
2025-11-20,Affiliates,partners,affiliate,Partner Network,tablet,P005,6,5,4,1,0,0
2025-11-20,Affiliates,partners,affiliate,Partner Network,tablet,P006,10,7,6,2,1,1
2025-11-20,Affiliates,partners,affiliate,Partner Network,tablet,P007,6,4,4,1,0,0
2025-11-20,Affiliates,partners,affiliate,Partner Network,tablet,P008,9,7,6,1,1,1
2025-11-20,Affiliates,partners,affiliate,Partner Network,tablet,P009,5,3,3,1,0,0
2025-11-20,Affiliates,partners,affiliate,Partner Network,tablet,P010,9,6,5,1,1,0
2025-11-20,Affiliates,partners,affiliate,Partner Network,tablet,P011,12,9,8,2,1,1
2025-11-20,Affiliates,partners,affiliate,Partner Network,tablet,P012,8,6,5,1,1,0
2025-11-20,Paid Search,google,cpc,KSA Growth,mobile,P001,7,6,5,1,1,1
2025-11-20,Paid Search,google,cpc,KSA Growth,mobile,P002,4,3,3,1,0,0
2025-11-20,Paid Search,google,cpc,KSA Growth,mobile,P003,7,6,5,1,1,1
2025-11-20,Paid Search,google,cpc,KSA Growth,mobile,P004,4,3,3,1,0,0
2025-11-20,Paid Search,google,cpc,KSA Growth,mobile,P005,6,5,5,1,1,0
2025-11-20,Paid Search,google,cpc,KSA Growth,mobile,P006,9,7,6,2,1,1
2025-11-20,Paid Search,google,cpc,KSA Growth,mobile,P007,6,5,4,1,1,0
2025-11-20,Paid Search,google,cpc,KSA Growth,mobile,P008,9,7,6,2,1,1
2025-11-20,Paid Search,google,cpc,KSA Growth,mobile,P009,5,4,4,1,1,0
2025-11-20,Paid Search,google,cpc,KSA Growth,mobile,P010,8,7,6,1,1,1
2025-11-20,Paid Search,google,cpc,KSA Growth,mobile,P011,5,4,3,1,0,0
2025-11-20,Paid Search,google,cpc,KSA Growth,mobile,P012,7,6,5,1,1,1
2025-11-20,Paid Social,instagram,paid_social,Creator Offers,desktop,P001,16,13,11,3,2,1
2025-11-20,Paid Social,instagram,paid_social,Creator Offers,desktop,P002,10,9,7,2,1,1
2025-11-20,Paid Social,instagram,paid_social,Creator Offers,desktop,P003,15,12,11,2,1,1
2025-11-20,Paid Social,instagram,paid_social,Creator Offers,desktop,P004,10,8,7,1,1,1
2025-11-20,Paid Social,instagram,paid_social,Creator Offers,desktop,P005,14,12,10,2,1,1
2025-11-20,Paid Social,instagram,paid_social,Creator Offers,desktop,P006,9,7,6,1,1,1
2025-11-20,Paid Social,instagram,paid_social,Creator Offers,desktop,P007,13,11,9,2,1,1
2025-11-20,Paid Social,instagram,paid_social,Creator Offers,desktop,P008,8,6,5,1,1,0
2025-11-20,Paid Social,instagram,paid_social,Creator Offers,desktop,P009,12,10,9,2,1,1
2025-11-20,Paid Social,instagram,paid_social,Creator Offers,desktop,P010,7,5,5,1,1,0
2025-11-20,Paid Social,instagram,paid_social,Creator Offers,desktop,P011,11,9,8,2,1,1
2025-11-20,Paid Social,instagram,paid_social,Creator Offers,desktop,P012,16,13,11,3,1,1
2025-11-21,Organic Search,google,organic,Always-on SEO,mobile,P001,8,7,6,1,1,0
2025-11-21,Organic Search,google,organic,Always-on SEO,mobile,P002,12,10,8,2,1,1
2025-11-21,Organic Search,google,organic,Always-on SEO,mobile,P003,8,6,5,1,1,0
2025-11-21,Organic Search,google,organic,Always-on SEO,mobile,P004,11,9,8,2,1,1
2025-11-21,Organic Search,google,organic,Always-on SEO,mobile,P005,7,6,5,1,0,0
2025-11-21,Organic Search,google,organic,Always-on SEO,mobile,P006,11,8,7,2,1,1
2025-11-21,Organic Search,google,organic,Always-on SEO,mobile,P007,6,5,4,1,0,0
2025-11-21,Organic Search,google,organic,Always-on SEO,mobile,P008,10,8,7,1,1,1
2025-11-21,Organic Search,google,organic,Always-on SEO,mobile,P009,6,4,4,1,0,0
2025-11-21,Organic Search,google,organic,Always-on SEO,mobile,P010,9,7,6,1,1,1
2025-11-21,Organic Search,google,organic,Always-on SEO,mobile,P011,5,4,3,1,0,0
2025-11-21,Organic Search,google,organic,Always-on SEO,mobile,P012,8,7,6,1,1,0
2025-11-21,Direct,direct,none,Unassigned,desktop,P001,9,7,7,1,1,1
2025-11-21,Direct,direct,none,Unassigned,desktop,P002,6,5,4,1,0,0
2025-11-21,Direct,direct,none,Unassigned,desktop,P003,9,7,7,1,1,1
2025-11-21,Direct,direct,none,Unassigned,desktop,P004,5,4,4,1,0,0
2025-11-21,Direct,direct,none,Unassigned,desktop,P005,8,6,6,1,1,0
2025-11-21,Direct,direct,none,Unassigned,desktop,P006,4,4,4,1,0,0
2025-11-21,Direct,direct,none,Unassigned,desktop,P007,7,6,6,1,0,0
2025-11-21,Direct,direct,none,Unassigned,desktop,P008,11,8,8,1,1,1
2025-11-21,Direct,direct,none,Unassigned,desktop,P009,7,5,5,1,0,0
2025-11-21,Direct,direct,none,Unassigned,desktop,P010,10,8,8,1,1,1
2025-11-21,Direct,direct,none,Unassigned,desktop,P011,6,5,5,1,0,0
2025-11-21,Direct,direct,none,Unassigned,desktop,P012,9,7,7,1,1,1
2025-11-21,Email,newsletter,email,Lifecycle,tablet,P001,5,5,4,1,0,0
2025-11-21,Email,newsletter,email,Lifecycle,tablet,P002,9,8,6,2,1,1
2025-11-21,Email,newsletter,email,Lifecycle,tablet,P003,13,11,9,3,1,1
2025-11-21,Email,newsletter,email,Lifecycle,tablet,P004,8,7,6,2,1,1
2025-11-21,Email,newsletter,email,Lifecycle,tablet,P005,12,10,9,2,1,1
2025-11-21,Email,newsletter,email,Lifecycle,tablet,P006,8,7,5,1,1,1
2025-11-21,Email,newsletter,email,Lifecycle,tablet,P007,12,10,8,2,1,1
2025-11-21,Email,newsletter,email,Lifecycle,tablet,P008,7,6,5,1,1,0
2025-11-21,Email,newsletter,email,Lifecycle,tablet,P009,11,9,7,2,1,1
2025-11-21,Email,newsletter,email,Lifecycle,tablet,P010,6,5,4,1,1,0
2025-11-21,Email,newsletter,email,Lifecycle,tablet,P011,10,9,7,2,1,1
2025-11-21,Email,newsletter,email,Lifecycle,tablet,P012,5,5,4,1,0,0
2025-11-22,Paid Search,google,cpc,KSA Growth,desktop,P001,14,11,10,2,1,1
2025-11-22,Paid Search,google,cpc,KSA Growth,desktop,P002,7,6,6,1,1,0
2025-11-22,Paid Search,google,cpc,KSA Growth,desktop,P003,12,10,10,2,1,1
2025-11-22,Paid Search,google,cpc,KSA Growth,desktop,P004,18,14,14,3,2,1
2025-11-22,Paid Search,google,cpc,KSA Growth,desktop,P005,11,9,9,2,1,1
2025-11-22,Paid Search,google,cpc,KSA Growth,desktop,P006,17,14,13,3,1,1
2025-11-22,Paid Search,google,cpc,KSA Growth,desktop,P007,10,8,8,2,1,1
2025-11-22,Paid Search,google,cpc,KSA Growth,desktop,P008,16,13,12,2,1,1
2025-11-22,Paid Search,google,cpc,KSA Growth,desktop,P009,9,8,7,2,1,1
2025-11-22,Paid Search,google,cpc,KSA Growth,desktop,P010,15,12,11,2,1,1
2025-11-22,Paid Search,google,cpc,KSA Growth,desktop,P011,8,7,6,1,1,0
2025-11-22,Paid Search,google,cpc,KSA Growth,desktop,P012,14,11,10,2,1,1
2025-11-22,Paid Social,instagram,paid_social,Creator Offers,tablet,P001,17,15,14,4,3,2
2025-11-22,Paid Social,instagram,paid_social,Creator Offers,tablet,P002,11,10,8,2,2,1
2025-11-22,Paid Social,instagram,paid_social,Creator Offers,tablet,P003,16,14,13,3,2,2
2025-11-22,Paid Social,instagram,paid_social,Creator Offers,tablet,P004,10,9,8,2,1,1
2025-11-22,Paid Social,instagram,paid_social,Creator Offers,tablet,P005,15,13,12,3,2,2
2025-11-22,Paid Social,instagram,paid_social,Creator Offers,tablet,P006,9,8,7,2,1,1
2025-11-22,Paid Social,instagram,paid_social,Creator Offers,tablet,P007,14,12,11,3,2,1
2025-11-22,Paid Social,instagram,paid_social,Creator Offers,tablet,P008,8,7,6,2,1,1
2025-11-22,Paid Social,instagram,paid_social,Creator Offers,tablet,P009,13,12,10,3,2,1
2025-11-22,Paid Social,instagram,paid_social,Creator Offers,tablet,P010,19,16,14,4,3,2
2025-11-22,Paid Social,instagram,paid_social,Creator Offers,tablet,P011,12,11,9,3,2,1
2025-11-22,Paid Social,instagram,paid_social,Creator Offers,tablet,P012,17,15,13,4,2,2
2025-11-22,Affiliates,partners,affiliate,Partner Network,mobile,P001,9,7,7,1,1,1
2025-11-22,Affiliates,partners,affiliate,Partner Network,mobile,P002,15,12,11,2,1,1
2025-11-22,Affiliates,partners,affiliate,Partner Network,mobile,P003,8,6,6,1,1,0
2025-11-22,Affiliates,partners,affiliate,Partner Network,mobile,P004,13,11,10,2,1,1
2025-11-22,Affiliates,partners,affiliate,Partner Network,mobile,P005,19,16,14,3,2,1
2025-11-22,Affiliates,partners,affiliate,Partner Network,mobile,P006,12,10,9,2,1,1
2025-11-22,Affiliates,partners,affiliate,Partner Network,mobile,P007,18,15,13,3,1,1
2025-11-22,Affiliates,partners,affiliate,Partner Network,mobile,P008,11,9,8,2,1,1
2025-11-22,Affiliates,partners,affiliate,Partner Network,mobile,P009,17,14,12,3,1,1
2025-11-22,Affiliates,partners,affiliate,Partner Network,mobile,P010,10,8,7,2,1,1
2025-11-22,Affiliates,partners,affiliate,Partner Network,mobile,P011,16,13,11,2,1,1
2025-11-22,Affiliates,partners,affiliate,Partner Network,mobile,P012,9,7,6,1,1,0
2025-11-23,Direct,direct,none,Unassigned,tablet,P001,12,10,10,2,1,1
2025-11-23,Direct,direct,none,Unassigned,tablet,P002,7,6,5,1,1,0
2025-11-23,Direct,direct,none,Unassigned,tablet,P003,11,10,9,2,1,1
2025-11-23,Direct,direct,none,Unassigned,tablet,P004,6,5,5,1,1,0
2025-11-23,Direct,direct,none,Unassigned,tablet,P005,10,9,8,2,1,1
2025-11-23,Direct,direct,none,Unassigned,tablet,P006,15,12,12,3,1,1
2025-11-23,Direct,direct,none,Unassigned,tablet,P007,9,8,7,2,1,0
2025-11-23,Direct,direct,none,Unassigned,tablet,P008,14,12,11,2,1,1
2025-11-23,Direct,direct,none,Unassigned,tablet,P009,9,7,7,1,1,0
2025-11-23,Direct,direct,none,Unassigned,tablet,P010,13,11,10,2,1,1
2025-11-23,Direct,direct,none,Unassigned,tablet,P011,8,7,6,1,1,0
2025-11-23,Direct,direct,none,Unassigned,tablet,P012,12,10,9,2,1,1
2025-11-23,Email,newsletter,email,Lifecycle,mobile,P001,10,7,7,2,1,1
2025-11-23,Email,newsletter,email,Lifecycle,mobile,P002,6,5,5,1,0,0
2025-11-23,Email,newsletter,email,Lifecycle,mobile,P003,9,7,7,1,1,1
2025-11-23,Email,newsletter,email,Lifecycle,mobile,P004,6,4,4,1,0,0
2025-11-23,Email,newsletter,email,Lifecycle,mobile,P005,8,7,7,1,1,1
2025-11-23,Email,newsletter,email,Lifecycle,mobile,P006,5,4,4,1,0,0
2025-11-23,Email,newsletter,email,Lifecycle,mobile,P007,8,6,6,1,1,1
2025-11-23,Email,newsletter,email,Lifecycle,mobile,P008,4,4,4,1,0,0
2025-11-23,Email,newsletter,email,Lifecycle,mobile,P009,7,6,6,1,1,0
2025-11-23,Email,newsletter,email,Lifecycle,mobile,P010,4,3,3,1,0,0
2025-11-23,Email,newsletter,email,Lifecycle,mobile,P011,7,5,5,1,1,0
2025-11-23,Email,newsletter,email,Lifecycle,mobile,P012,10,7,7,1,1,1
2025-11-23,Organic Search,google,organic,Always-on SEO,desktop,P001,9,8,7,1,1,1
2025-11-23,Organic Search,google,organic,Always-on SEO,desktop,P002,14,13,10,2,1,1
2025-11-23,Organic Search,google,organic,Always-on SEO,desktop,P003,8,7,6,1,1,1
2025-11-23,Organic Search,google,organic,Always-on SEO,desktop,P004,13,12,10,2,1,1
2025-11-23,Organic Search,google,organic,Always-on SEO,desktop,P005,7,6,5,1,1,0
2025-11-23,Organic Search,google,organic,Always-on SEO,desktop,P006,12,11,9,2,1,1
2025-11-23,Organic Search,google,organic,Always-on SEO,desktop,P007,18,16,12,3,2,1
2025-11-23,Organic Search,google,organic,Always-on SEO,desktop,P008,11,10,8,2,1,1
2025-11-23,Organic Search,google,organic,Always-on SEO,desktop,P009,17,15,12,2,2,1
2025-11-23,Organic Search,google,organic,Always-on SEO,desktop,P010,10,9,7,2,1,1
2025-11-23,Organic Search,google,organic,Always-on SEO,desktop,P011,15,14,11,2,1,1
2025-11-23,Organic Search,google,organic,Always-on SEO,desktop,P012,9,8,7,1,1,1
2025-11-24,Paid Social,instagram,paid_social,Creator Offers,mobile,P001,8,6,6,2,1,1
2025-11-24,Paid Social,instagram,paid_social,Creator Offers,mobile,P002,4,3,4,1,0,0
2025-11-24,Paid Social,instagram,paid_social,Creator Offers,mobile,P003,7,5,6,1,1,1
2025-11-24,Paid Social,instagram,paid_social,Creator Offers,mobile,P004,4,3,3,1,0,0
2025-11-24,Paid Social,instagram,paid_social,Creator Offers,mobile,P005,7,5,5,1,1,0
2025-11-24,Paid Social,instagram,paid_social,Creator Offers,mobile,P006,3,3,3,1,0,0
2025-11-24,Paid Social,instagram,paid_social,Creator Offers,mobile,P007,6,4,5,1,1,0
2025-11-24,Paid Social,instagram,paid_social,Creator Offers,mobile,P008,9,6,7,2,1,1
2025-11-24,Paid Social,instagram,paid_social,Creator Offers,mobile,P009,6,4,4,1,1,0
2025-11-24,Paid Social,instagram,paid_social,Creator Offers,mobile,P010,8,6,6,2,1,1
2025-11-24,Paid Social,instagram,paid_social,Creator Offers,mobile,P011,5,4,4,1,0,0
2025-11-24,Paid Social,instagram,paid_social,Creator Offers,mobile,P012,8,5,6,2,1,1
2025-11-24,Affiliates,partners,affiliate,Partner Network,desktop,P001,6,6,5,1,1,0
2025-11-24,Affiliates,partners,affiliate,Partner Network,desktop,P002,11,9,8,2,1,1
2025-11-24,Affiliates,partners,affiliate,Partner Network,desktop,P003,15,13,12,3,2,1
2025-11-24,Affiliates,partners,affiliate,Partner Network,desktop,P004,10,9,8,2,1,1
2025-11-24,Affiliates,partners,affiliate,Partner Network,desktop,P005,14,12,11,3,1,1
2025-11-24,Affiliates,partners,affiliate,Partner Network,desktop,P006,9,8,7,2,1,1
2025-11-24,Affiliates,partners,affiliate,Partner Network,desktop,P007,13,12,10,2,1,1
2025-11-24,Affiliates,partners,affiliate,Partner Network,desktop,P008,8,7,6,1,1,1
2025-11-24,Affiliates,partners,affiliate,Partner Network,desktop,P009,12,11,10,2,1,1
2025-11-24,Affiliates,partners,affiliate,Partner Network,desktop,P010,7,6,6,1,1,1
2025-11-24,Affiliates,partners,affiliate,Partner Network,desktop,P011,12,10,9,2,1,1
2025-11-24,Affiliates,partners,affiliate,Partner Network,desktop,P012,6,5,5,1,1,0
2025-11-24,Paid Search,google,cpc,KSA Growth,tablet,P001,7,5,5,1,1,0
2025-11-24,Paid Search,google,cpc,KSA Growth,tablet,P002,10,8,7,2,1,1
2025-11-24,Paid Search,google,cpc,KSA Growth,tablet,P003,6,5,4,1,0,0
2025-11-24,Paid Search,google,cpc,KSA Growth,tablet,P004,9,7,6,1,1,1
2025-11-24,Paid Search,google,cpc,KSA Growth,tablet,P005,5,4,4,1,0,0
2025-11-24,Paid Search,google,cpc,KSA Growth,tablet,P006,8,7,6,1,1,1
2025-11-24,Paid Search,google,cpc,KSA Growth,tablet,P007,5,4,3,1,0,0
2025-11-24,Paid Search,google,cpc,KSA Growth,tablet,P008,8,6,6,1,1,0
2025-11-24,Paid Search,google,cpc,KSA Growth,tablet,P009,11,9,8,2,1,1
2025-11-24,Paid Search,google,cpc,KSA Growth,tablet,P010,7,6,5,1,1,0
2025-11-24,Paid Search,google,cpc,KSA Growth,tablet,P011,10,9,7,2,1,1
2025-11-24,Paid Search,google,cpc,KSA Growth,tablet,P012,7,5,5,1,0,0
2025-11-25,Email,newsletter,email,Lifecycle,desktop,P001,15,12,10,3,1,1
2025-11-25,Email,newsletter,email,Lifecycle,desktop,P002,9,7,7,2,1,0
2025-11-25,Email,newsletter,email,Lifecycle,desktop,P003,14,11,10,2,1,1
2025-11-25,Email,newsletter,email,Lifecycle,desktop,P004,8,6,6,1,1,0
2025-11-25,Email,newsletter,email,Lifecycle,desktop,P005,13,10,9,2,1,1
2025-11-25,Email,newsletter,email,Lifecycle,desktop,P006,7,6,5,1,1,0
2025-11-25,Email,newsletter,email,Lifecycle,desktop,P007,12,9,9,2,1,1
2025-11-25,Email,newsletter,email,Lifecycle,desktop,P008,6,5,5,1,1,0
2025-11-25,Email,newsletter,email,Lifecycle,desktop,P009,11,9,8,2,1,1
2025-11-25,Email,newsletter,email,Lifecycle,desktop,P010,15,12,11,3,1,1
2025-11-25,Email,newsletter,email,Lifecycle,desktop,P011,10,8,7,2,1,1
2025-11-25,Email,newsletter,email,Lifecycle,desktop,P012,14,11,10,3,1,1
2025-11-25,Organic Search,google,organic,Always-on SEO,tablet,P001,6,5,5,1,1,1
2025-11-25,Organic Search,google,organic,Always-on SEO,tablet,P002,10,9,8,2,1,1
2025-11-25,Organic Search,google,organic,Always-on SEO,tablet,P003,6,5,4,1,1,0
2025-11-25,Organic Search,google,organic,Always-on SEO,tablet,P004,9,8,7,2,1,1
2025-11-25,Organic Search,google,organic,Always-on SEO,tablet,P005,13,12,10,3,2,1
2025-11-25,Organic Search,google,organic,Always-on SEO,tablet,P006,9,7,7,2,1,1
2025-11-25,Organic Search,google,organic,Always-on SEO,tablet,P007,13,11,10,2,2,1
2025-11-25,Organic Search,google,organic,Always-on SEO,tablet,P008,8,7,6,2,1,1
2025-11-25,Organic Search,google,organic,Always-on SEO,tablet,P009,12,10,9,2,1,1
2025-11-25,Organic Search,google,organic,Always-on SEO,tablet,P010,7,6,6,1,1,1
2025-11-25,Organic Search,google,organic,Always-on SEO,tablet,P011,11,10,9,2,1,1
2025-11-25,Organic Search,google,organic,Always-on SEO,tablet,P012,6,5,5,1,1,0
2025-11-25,Direct,direct,none,Unassigned,mobile,P001,12,10,9,2,1,1
2025-11-25,Direct,direct,none,Unassigned,mobile,P002,18,15,13,3,1,1
2025-11-25,Direct,direct,none,Unassigned,mobile,P003,11,9,8,2,1,1
2025-11-25,Direct,direct,none,Unassigned,mobile,P004,17,14,12,3,1,1
2025-11-25,Direct,direct,none,Unassigned,mobile,P005,10,9,7,1,1,0
2025-11-25,Direct,direct,none,Unassigned,mobile,P006,16,13,12,2,1,1
2025-11-25,Direct,direct,none,Unassigned,mobile,P007,9,8,7,1,1,0
2025-11-25,Direct,direct,none,Unassigned,mobile,P008,15,12,11,2,1,1
2025-11-25,Direct,direct,none,Unassigned,mobile,P009,8,7,6,1,1,0
2025-11-25,Direct,direct,none,Unassigned,mobile,P010,13,11,10,2,1,1
2025-11-25,Direct,direct,none,Unassigned,mobile,P011,19,16,14,3,2,1
2025-11-25,Direct,direct,none,Unassigned,mobile,P012,12,10,9,2,1,1
2025-11-26,Affiliates,partners,affiliate,Partner Network,tablet,P001,11,9,7,1,1,1
2025-11-26,Affiliates,partners,affiliate,Partner Network,tablet,P002,7,6,5,1,0,0
2025-11-26,Affiliates,partners,affiliate,Partner Network,tablet,P003,10,9,7,1,1,1
2025-11-26,Affiliates,partners,affiliate,Partner Network,tablet,P004,6,5,4,1,0,0
2025-11-26,Affiliates,partners,affiliate,Partner Network,tablet,P005,9,8,7,1,1,1
2025-11-26,Affiliates,partners,affiliate,Partner Network,tablet,P006,6,5,4,1,0,0
2025-11-26,Affiliates,partners,affiliate,Partner Network,tablet,P007,9,8,6,1,1,1
2025-11-26,Affiliates,partners,affiliate,Partner Network,tablet,P008,5,4,3,1,0,0
2025-11-26,Affiliates,partners,affiliate,Partner Network,tablet,P009,8,7,6,1,1,0
2025-11-26,Affiliates,partners,affiliate,Partner Network,tablet,P010,4,4,3,1,0,0
2025-11-26,Affiliates,partners,affiliate,Partner Network,tablet,P011,7,7,5,1,0,0
2025-11-26,Affiliates,partners,affiliate,Partner Network,tablet,P012,11,9,7,1,1,1
2025-11-26,Paid Search,google,cpc,KSA Growth,mobile,P001,6,5,4,1,0,0
2025-11-26,Paid Search,google,cpc,KSA Growth,mobile,P002,9,8,7,1,1,1
2025-11-26,Paid Search,google,cpc,KSA Growth,mobile,P003,5,5,4,1,0,0
2025-11-26,Paid Search,google,cpc,KSA Growth,mobile,P004,8,7,6,1,1,1
2025-11-26,Paid Search,google,cpc,KSA Growth,mobile,P005,4,4,3,1,0,0
2025-11-26,Paid Search,google,cpc,KSA Growth,mobile,P006,8,7,6,1,1,0
2025-11-26,Paid Search,google,cpc,KSA Growth,mobile,P007,11,10,8,2,1,1
2025-11-26,Paid Search,google,cpc,KSA Growth,mobile,P008,7,6,5,1,1,0
2025-11-26,Paid Search,google,cpc,KSA Growth,mobile,P009,10,9,8,2,1,1
2025-11-26,Paid Search,google,cpc,KSA Growth,mobile,P010,6,6,5,1,1,0
2025-11-26,Paid Search,google,cpc,KSA Growth,mobile,P011,10,8,7,2,1,1
2025-11-26,Paid Search,google,cpc,KSA Growth,mobile,P012,6,5,4,1,0,0
2025-11-26,Paid Social,instagram,paid_social,Creator Offers,desktop,P001,10,7,7,2,1,1
2025-11-26,Paid Social,instagram,paid_social,Creator Offers,desktop,P002,13,11,10,2,1,1
2025-11-26,Paid Social,instagram,paid_social,Creator Offers,desktop,P003,9,7,7,1,1,0
2025-11-26,Paid Social,instagram,paid_social,Creator Offers,desktop,P004,13,10,9,2,1,1
2025-11-26,Paid Social,instagram,paid_social,Creator Offers,desktop,P005,8,6,6,1,1,0
2025-11-26,Paid Social,instagram,paid_social,Creator Offers,desktop,P006,12,9,9,2,1,1
2025-11-26,Paid Social,instagram,paid_social,Creator Offers,desktop,P007,7,6,5,1,1,0
2025-11-26,Paid Social,instagram,paid_social,Creator Offers,desktop,P008,11,9,8,2,1,1
2025-11-26,Paid Social,instagram,paid_social,Creator Offers,desktop,P009,6,5,5,1,1,0
2025-11-26,Paid Social,instagram,paid_social,Creator Offers,desktop,P010,10,8,8,2,1,1
2025-11-26,Paid Social,instagram,paid_social,Creator Offers,desktop,P011,6,4,4,1,1,0
2025-11-26,Paid Social,instagram,paid_social,Creator Offers,desktop,P012,9,7,7,1,1,1
2025-11-27,Organic Search,google,organic,Always-on SEO,mobile,P001,9,8,6,1,1,0
2025-11-27,Organic Search,google,organic,Always-on SEO,mobile,P002,15,13,10,2,1,1
2025-11-27,Organic Search,google,organic,Always-on SEO,mobile,P003,22,19,14,3,2,1
2025-11-27,Organic Search,google,organic,Always-on SEO,mobile,P004,14,12,9,2,1,1
2025-11-27,Organic Search,google,organic,Always-on SEO,mobile,P005,20,18,13,3,1,1
2025-11-27,Organic Search,google,organic,Always-on SEO,mobile,P006,13,11,8,2,1,1
2025-11-27,Organic Search,google,organic,Always-on SEO,mobile,P007,19,17,13,2,1,1
2025-11-27,Organic Search,google,organic,Always-on SEO,mobile,P008,12,10,7,2,1,1
2025-11-27,Organic Search,google,organic,Always-on SEO,mobile,P009,18,15,12,2,1,1
2025-11-27,Organic Search,google,organic,Always-on SEO,mobile,P010,10,9,7,1,1,1
2025-11-27,Organic Search,google,organic,Always-on SEO,mobile,P011,17,14,11,2,1,1
2025-11-27,Organic Search,google,organic,Always-on SEO,mobile,P012,9,8,6,1,1,0
2025-11-27,Direct,direct,none,Unassigned,desktop,P001,12,10,9,2,1,1
2025-11-27,Direct,direct,none,Unassigned,desktop,P002,18,16,13,3,2,1
2025-11-27,Direct,direct,none,Unassigned,desktop,P003,11,9,8,2,1,1
2025-11-27,Direct,direct,none,Unassigned,desktop,P004,17,15,12,3,2,1
2025-11-27,Direct,direct,none,Unassigned,desktop,P005,10,8,7,2,1,1
2025-11-27,Direct,direct,none,Unassigned,desktop,P006,16,13,11,3,2,1
2025-11-27,Direct,direct,none,Unassigned,desktop,P007,8,7,6,2,1,0
2025-11-27,Direct,direct,none,Unassigned,desktop,P008,14,12,10,3,1,1
2025-11-27,Direct,direct,none,Unassigned,desktop,P009,20,18,14,4,2,1
2025-11-27,Direct,direct,none,Unassigned,desktop,P010,13,11,9,2,1,1
2025-11-27,Direct,direct,none,Unassigned,desktop,P011,19,17,14,4,2,1
2025-11-27,Direct,direct,none,Unassigned,desktop,P012,12,10,8,2,1,1
2025-11-27,Email,newsletter,email,Lifecycle,tablet,P001,9,6,6,1,1,1
2025-11-27,Email,newsletter,email,Lifecycle,tablet,P002,5,4,3,1,0,0
2025-11-27,Email,newsletter,email,Lifecycle,tablet,P003,8,6,5,1,1,1
2025-11-27,Email,newsletter,email,Lifecycle,tablet,P004,12,8,8,2,1,1
2025-11-27,Email,newsletter,email,Lifecycle,tablet,P005,7,6,5,1,1,1
2025-11-27,Email,newsletter,email,Lifecycle,tablet,P006,11,8,7,2,1,1
2025-11-27,Email,newsletter,email,Lifecycle,tablet,P007,7,5,4,1,1,0
2025-11-27,Email,newsletter,email,Lifecycle,tablet,P008,10,7,7,2,1,1
2025-11-27,Email,newsletter,email,Lifecycle,tablet,P009,6,5,4,1,1,0
2025-11-27,Email,newsletter,email,Lifecycle,tablet,P010,10,7,6,1,1,1
2025-11-27,Email,newsletter,email,Lifecycle,tablet,P011,5,4,4,1,0,0
2025-11-27,Email,newsletter,email,Lifecycle,tablet,P012,9,6,6,1,1,1
2025-11-28,Paid Search,google,cpc,KSA Growth,desktop,P001,7,6,5,1,0,0
2025-11-28,Paid Search,google,cpc,KSA Growth,desktop,P002,11,10,8,1,1,1
2025-11-28,Paid Search,google,cpc,KSA Growth,desktop,P003,6,5,4,1,0,0
2025-11-28,Paid Search,google,cpc,KSA Growth,desktop,P004,10,9,8,1,1,1
2025-11-28,Paid Search,google,cpc,KSA Growth,desktop,P005,15,13,11,2,1,1
2025-11-28,Paid Search,google,cpc,KSA Growth,desktop,P006,9,8,7,1,1,0
2025-11-28,Paid Search,google,cpc,KSA Growth,desktop,P007,14,12,10,2,1,1
2025-11-28,Paid Search,google,cpc,KSA Growth,desktop,P008,8,7,6,1,1,0
2025-11-28,Paid Search,google,cpc,KSA Growth,desktop,P009,13,11,10,2,1,1
2025-11-28,Paid Search,google,cpc,KSA Growth,desktop,P010,8,7,6,1,1,0
2025-11-28,Paid Search,google,cpc,KSA Growth,desktop,P011,12,10,9,2,1,1
2025-11-28,Paid Search,google,cpc,KSA Growth,desktop,P012,7,6,5,1,0,0
2025-11-28,Paid Social,instagram,paid_social,Creator Offers,tablet,P001,11,9,8,2,1,1
2025-11-28,Paid Social,instagram,paid_social,Creator Offers,tablet,P002,17,12,12,3,2,1
2025-11-28,Paid Social,instagram,paid_social,Creator Offers,tablet,P003,10,8,7,2,1,1
2025-11-28,Paid Social,instagram,paid_social,Creator Offers,tablet,P004,16,12,11,3,2,1
2025-11-28,Paid Social,instagram,paid_social,Creator Offers,tablet,P005,9,7,6,1,1,0
2025-11-28,Paid Social,instagram,paid_social,Creator Offers,tablet,P006,15,11,10,2,1,1
2025-11-28,Paid Social,instagram,paid_social,Creator Offers,tablet,P007,8,6,6,1,1,0
2025-11-28,Paid Social,instagram,paid_social,Creator Offers,tablet,P008,13,10,9,2,1,1
2025-11-28,Paid Social,instagram,paid_social,Creator Offers,tablet,P009,7,5,5,1,1,0
2025-11-28,Paid Social,instagram,paid_social,Creator Offers,tablet,P010,12,9,9,2,1,1
2025-11-28,Paid Social,instagram,paid_social,Creator Offers,tablet,P011,18,13,12,3,2,1
2025-11-28,Paid Social,instagram,paid_social,Creator Offers,tablet,P012,11,9,8,2,1,1
2025-11-28,Affiliates,partners,affiliate,Partner Network,mobile,P001,16,12,10,2,1,1
2025-11-28,Affiliates,partners,affiliate,Partner Network,mobile,P002,9,7,6,1,1,0
2025-11-28,Affiliates,partners,affiliate,Partner Network,mobile,P003,14,11,9,2,1,1
2025-11-28,Affiliates,partners,affiliate,Partner Network,mobile,P004,8,6,5,1,1,0
2025-11-28,Affiliates,partners,affiliate,Partner Network,mobile,P005,13,10,8,2,1,1
2025-11-28,Affiliates,partners,affiliate,Partner Network,mobile,P006,19,14,12,3,1,1
2025-11-28,Affiliates,partners,affiliate,Partner Network,mobile,P007,12,9,8,2,1,1
2025-11-28,Affiliates,partners,affiliate,Partner Network,mobile,P008,18,14,11,2,1,1
2025-11-28,Affiliates,partners,affiliate,Partner Network,mobile,P009,11,8,7,1,1,1
2025-11-28,Affiliates,partners,affiliate,Partner Network,mobile,P010,17,13,10,2,1,1
2025-11-28,Affiliates,partners,affiliate,Partner Network,mobile,P011,10,8,6,1,1,0
2025-11-28,Affiliates,partners,affiliate,Partner Network,mobile,P012,15,12,10,2,1,1
2025-11-29,Direct,direct,none,Unassigned,tablet,P001,6,5,4,1,0,0
2025-11-29,Direct,direct,none,Unassigned,tablet,P002,9,7,6,1,1,1
2025-11-29,Direct,direct,none,Unassigned,tablet,P003,5,4,4,1,0,0
2025-11-29,Direct,direct,none,Unassigned,tablet,P004,8,7,6,1,1,1
2025-11-29,Direct,direct,none,Unassigned,tablet,P005,4,4,3,1,0,0
2025-11-29,Direct,direct,none,Unassigned,tablet,P006,7,6,6,1,1,0
2025-11-29,Direct,direct,none,Unassigned,tablet,P007,10,9,8,2,1,1
2025-11-29,Direct,direct,none,Unassigned,tablet,P008,7,6,5,1,0,0
2025-11-29,Direct,direct,none,Unassigned,tablet,P009,10,8,7,1,1,1
2025-11-29,Direct,direct,none,Unassigned,tablet,P010,6,5,5,1,0,0
2025-11-29,Direct,direct,none,Unassigned,tablet,P011,9,8,7,1,1,1
2025-11-29,Direct,direct,none,Unassigned,tablet,P012,6,5,4,1,0,0
2025-11-29,Email,newsletter,email,Lifecycle,mobile,P001,6,5,4,1,1,0
2025-11-29,Email,newsletter,email,Lifecycle,mobile,P002,8,7,5,1,1,1
2025-11-29,Email,newsletter,email,Lifecycle,mobile,P003,5,5,4,1,0,0
2025-11-29,Email,newsletter,email,Lifecycle,mobile,P004,8,7,5,1,1,1
2025-11-29,Email,newsletter,email,Lifecycle,mobile,P005,5,4,3,1,0,0
2025-11-29,Email,newsletter,email,Lifecycle,mobile,P006,7,7,5,1,1,1
2025-11-29,Email,newsletter,email,Lifecycle,mobile,P007,5,4,3,1,0,0
2025-11-29,Email,newsletter,email,Lifecycle,mobile,P008,7,6,5,1,1,1
2025-11-29,Email,newsletter,email,Lifecycle,mobile,P009,4,3,3,1,0,0
2025-11-29,Email,newsletter,email,Lifecycle,mobile,P010,6,6,4,1,1,1
2025-11-29,Email,newsletter,email,Lifecycle,mobile,P011,4,3,2,1,0,0
2025-11-29,Email,newsletter,email,Lifecycle,mobile,P012,6,5,4,1,1,0
2025-11-29,Organic Search,google,organic,Always-on SEO,desktop,P001,17,14,12,3,2,1
2025-11-29,Organic Search,google,organic,Always-on SEO,desktop,P002,10,8,7,2,1,1
2025-11-29,Organic Search,google,organic,Always-on SEO,desktop,P003,16,13,11,3,2,1
2025-11-29,Organic Search,google,organic,Always-on SEO,desktop,P004,9,7,6,2,1,1
2025-11-29,Organic Search,google,organic,Always-on SEO,desktop,P005,14,12,10,3,2,1
2025-11-29,Organic Search,google,organic,Always-on SEO,desktop,P006,8,6,5,1,1,1
2025-11-29,Organic Search,google,organic,Always-on SEO,desktop,P007,13,11,9,3,2,1
2025-11-29,Organic Search,google,organic,Always-on SEO,desktop,P008,19,15,13,4,2,1
2025-11-29,Organic Search,google,organic,Always-on SEO,desktop,P009,12,10,8,2,1,1
2025-11-29,Organic Search,google,organic,Always-on SEO,desktop,P010,18,15,12,3,2,1
2025-11-29,Organic Search,google,organic,Always-on SEO,desktop,P011,11,9,8,2,1,1
2025-11-29,Organic Search,google,organic,Always-on SEO,desktop,P012,17,14,12,3,2,1
2025-11-30,Paid Social,instagram,paid_social,Creator Offers,mobile,P001,10,8,8,2,1,1
2025-11-30,Paid Social,instagram,paid_social,Creator Offers,mobile,P002,16,12,12,2,1,1
2025-11-30,Paid Social,instagram,paid_social,Creator Offers,mobile,P003,9,7,7,1,1,0
2025-11-30,Paid Social,instagram,paid_social,Creator Offers,mobile,P004,15,11,11,2,1,1
2025-11-30,Paid Social,instagram,paid_social,Creator Offers,mobile,P005,8,6,6,1,1,0
2025-11-30,Paid Social,instagram,paid_social,Creator Offers,mobile,P006,14,10,10,2,1,1
2025-11-30,Paid Social,instagram,paid_social,Creator Offers,mobile,P007,7,6,5,1,0,0
2025-11-30,Paid Social,instagram,paid_social,Creator Offers,mobile,P008,13,10,9,2,1,1
2025-11-30,Paid Social,instagram,paid_social,Creator Offers,mobile,P009,18,13,13,3,1,1
2025-11-30,Paid Social,instagram,paid_social,Creator Offers,mobile,P010,11,9,9,2,1,1
2025-11-30,Paid Social,instagram,paid_social,Creator Offers,mobile,P011,17,13,12,2,1,1
2025-11-30,Paid Social,instagram,paid_social,Creator Offers,mobile,P012,10,8,8,2,1,0
2025-11-30,Affiliates,partners,affiliate,Partner Network,desktop,P001,10,9,8,2,1,1
2025-11-30,Affiliates,partners,affiliate,Partner Network,desktop,P002,5,5,4,1,1,0
2025-11-30,Affiliates,partners,affiliate,Partner Network,desktop,P003,9,8,7,2,1,1
2025-11-30,Affiliates,partners,affiliate,Partner Network,desktop,P004,13,11,10,3,1,1
2025-11-30,Affiliates,partners,affiliate,Partner Network,desktop,P005,8,7,7,2,1,0
2025-11-30,Affiliates,partners,affiliate,Partner Network,desktop,P006,12,10,10,3,1,1
2025-11-30,Affiliates,partners,affiliate,Partner Network,desktop,P007,7,7,6,2,1,0
2025-11-30,Affiliates,partners,affiliate,Partner Network,desktop,P008,11,10,9,2,1,1
2025-11-30,Affiliates,partners,affiliate,Partner Network,desktop,P009,7,6,6,1,1,0
2025-11-30,Affiliates,partners,affiliate,Partner Network,desktop,P010,11,9,9,2,1,1
2025-11-30,Affiliates,partners,affiliate,Partner Network,desktop,P011,6,5,5,1,1,0
2025-11-30,Affiliates,partners,affiliate,Partner Network,desktop,P012,10,9,8,2,1,1
2025-11-30,Paid Search,google,cpc,KSA Growth,tablet,P001,18,14,13,3,2,1
2025-11-30,Paid Search,google,cpc,KSA Growth,tablet,P002,11,9,8,2,1,1
2025-11-30,Paid Search,google,cpc,KSA Growth,tablet,P003,16,13,12,3,1,1
2025-11-30,Paid Search,google,cpc,KSA Growth,tablet,P004,10,8,7,2,1,0
2025-11-30,Paid Search,google,cpc,KSA Growth,tablet,P005,15,12,12,3,1,1
2025-11-30,Paid Search,google,cpc,KSA Growth,tablet,P006,9,7,7,1,1,0
2025-11-30,Paid Search,google,cpc,KSA Growth,tablet,P007,14,11,11,2,1,1
2025-11-30,Paid Search,google,cpc,KSA Growth,tablet,P008,8,6,6,1,1,0
2025-11-30,Paid Search,google,cpc,KSA Growth,tablet,P009,13,10,10,2,1,1
2025-11-30,Paid Search,google,cpc,KSA Growth,tablet,P010,19,15,14,3,2,1
2025-11-30,Paid Search,google,cpc,KSA Growth,tablet,P011,12,10,9,2,1,1
2025-11-30,Paid Search,google,cpc,KSA Growth,tablet,P012,17,14,13,3,2,1
2025-12-01,Email,newsletter,email,Lifecycle,desktop,P001,9,6,7,1,1,1
2025-12-01,Email,newsletter,email,Lifecycle,desktop,P002,12,9,10,2,1,1
2025-12-01,Email,newsletter,email,Lifecycle,desktop,P003,8,6,6,1,1,0
2025-12-01,Email,newsletter,email,Lifecycle,desktop,P004,12,8,9,2,1,1
2025-12-01,Email,newsletter,email,Lifecycle,desktop,P005,7,5,6,1,1,0
2025-12-01,Email,newsletter,email,Lifecycle,desktop,P006,11,8,9,1,1,1
2025-12-01,Email,newsletter,email,Lifecycle,desktop,P007,6,5,5,1,0,0
2025-12-01,Email,newsletter,email,Lifecycle,desktop,P008,10,7,8,1,1,1
2025-12-01,Email,newsletter,email,Lifecycle,desktop,P009,5,4,4,1,0,0
2025-12-01,Email,newsletter,email,Lifecycle,desktop,P010,9,7,7,1,1,1
2025-12-01,Email,newsletter,email,Lifecycle,desktop,P011,13,10,10,2,1,1
2025-12-01,Email,newsletter,email,Lifecycle,desktop,P012,8,6,7,1,1,0
2025-12-01,Organic Search,google,organic,Always-on SEO,tablet,P001,8,6,6,1,1,1
2025-12-01,Organic Search,google,organic,Always-on SEO,tablet,P002,4,3,4,1,0,0
2025-12-01,Organic Search,google,organic,Always-on SEO,tablet,P003,7,6,6,1,1,1
2025-12-01,Organic Search,google,organic,Always-on SEO,tablet,P004,4,3,3,1,0,0
2025-12-01,Organic Search,google,organic,Always-on SEO,tablet,P005,7,5,5,1,1,0
2025-12-01,Organic Search,google,organic,Always-on SEO,tablet,P006,10,7,7,2,1,1
2025-12-01,Organic Search,google,organic,Always-on SEO,tablet,P007,6,5,5,1,1,0
2025-12-01,Organic Search,google,organic,Always-on SEO,tablet,P008,9,7,7,2,1,1
2025-12-01,Organic Search,google,organic,Always-on SEO,tablet,P009,6,4,4,1,1,0
2025-12-01,Organic Search,google,organic,Always-on SEO,tablet,P010,8,6,7,2,1,1
2025-12-01,Organic Search,google,organic,Always-on SEO,tablet,P011,5,4,4,1,0,0
2025-12-01,Organic Search,google,organic,Always-on SEO,tablet,P012,8,6,6,1,1,1
2025-12-01,Direct,direct,none,Unassigned,mobile,P001,15,12,12,3,2,1
2025-12-01,Direct,direct,none,Unassigned,mobile,P002,10,8,8,2,1,1
2025-12-01,Direct,direct,none,Unassigned,mobile,P003,14,12,11,3,1,1
2025-12-01,Direct,direct,none,Unassigned,mobile,P004,9,7,7,2,1,1
2025-12-01,Direct,direct,none,Unassigned,mobile,P005,14,11,10,2,1,1
2025-12-01,Direct,direct,none,Unassigned,mobile,P006,8,7,6,1,1,0
2025-12-01,Direct,direct,none,Unassigned,mobile,P007,13,10,10,2,1,1
2025-12-01,Direct,direct,none,Unassigned,mobile,P008,7,6,5,1,1,0
2025-12-01,Direct,direct,none,Unassigned,mobile,P009,12,10,9,2,1,1
2025-12-01,Direct,direct,none,Unassigned,mobile,P010,6,5,5,1,1,0
2025-12-01,Direct,direct,none,Unassigned,mobile,P011,11,9,8,2,1,1
2025-12-01,Direct,direct,none,Unassigned,mobile,P012,15,12,12,3,1,1
2025-12-02,Affiliates,partners,affiliate,Partner Network,tablet,P001,7,6,5,1,1,0
2025-12-02,Affiliates,partners,affiliate,Partner Network,tablet,P002,9,8,7,2,1,1
2025-12-02,Affiliates,partners,affiliate,Partner Network,tablet,P003,6,5,5,1,0,0
2025-12-02,Affiliates,partners,affiliate,Partner Network,tablet,P004,9,7,7,2,1,1
2025-12-02,Affiliates,partners,affiliate,Partner Network,tablet,P005,5,5,4,1,0,0
2025-12-02,Affiliates,partners,affiliate,Partner Network,tablet,P006,8,7,7,1,1,1
2025-12-02,Affiliates,partners,affiliate,Partner Network,tablet,P007,5,4,4,1,0,0
2025-12-02,Affiliates,partners,affiliate,Partner Network,tablet,P008,8,6,6,1,1,1
2025-12-02,Affiliates,partners,affiliate,Partner Network,tablet,P009,4,4,4,1,0,0
2025-12-02,Affiliates,partners,affiliate,Partner Network,tablet,P010,7,6,6,1,1,0
2025-12-02,Affiliates,partners,affiliate,Partner Network,tablet,P011,4,3,3,1,0,0
2025-12-02,Affiliates,partners,affiliate,Partner Network,tablet,P012,6,6,5,1,1,0
2025-12-02,Paid Search,google,cpc,KSA Growth,mobile,P001,15,12,10,3,2,1
2025-12-02,Paid Search,google,cpc,KSA Growth,mobile,P002,9,7,6,1,1,0
2025-12-02,Paid Search,google,cpc,KSA Growth,mobile,P003,14,11,10,2,1,1
2025-12-02,Paid Search,google,cpc,KSA Growth,mobile,P004,8,6,5,1,1,0
2025-12-02,Paid Search,google,cpc,KSA Growth,mobile,P005,13,10,9,2,1,1
2025-12-02,Paid Search,google,cpc,KSA Growth,mobile,P006,7,6,5,1,1,0
2025-12-02,Paid Search,google,cpc,KSA Growth,mobile,P007,12,10,8,2,1,1
2025-12-02,Paid Search,google,cpc,KSA Growth,mobile,P008,16,13,12,3,2,1
2025-12-02,Paid Search,google,cpc,KSA Growth,mobile,P009,11,9,7,2,1,1
2025-12-02,Paid Search,google,cpc,KSA Growth,mobile,P010,15,13,11,3,2,1
2025-12-02,Paid Search,google,cpc,KSA Growth,mobile,P011,10,8,7,2,1,1
2025-12-02,Paid Search,google,cpc,KSA Growth,mobile,P012,14,12,10,3,1,1
2025-12-02,Paid Social,instagram,paid_social,Creator Offers,desktop,P001,7,5,5,1,1,0
2025-12-02,Paid Social,instagram,paid_social,Creator Offers,desktop,P002,11,9,8,2,1,1
2025-12-02,Paid Social,instagram,paid_social,Creator Offers,desktop,P003,16,12,12,2,1,1
2025-12-02,Paid Social,instagram,paid_social,Creator Offers,desktop,P004,10,8,7,2,1,1
2025-12-02,Paid Social,instagram,paid_social,Creator Offers,desktop,P005,15,12,11,2,1,1
2025-12-02,Paid Social,instagram,paid_social,Creator Offers,desktop,P006,10,7,7,1,1,1
2025-12-02,Paid Social,instagram,paid_social,Creator Offers,desktop,P007,14,11,10,2,1,1
2025-12-02,Paid Social,instagram,paid_social,Creator Offers,desktop,P008,9,7,6,1,1,1
2025-12-02,Paid Social,instagram,paid_social,Creator Offers,desktop,P009,13,10,9,2,1,1
2025-12-02,Paid Social,instagram,paid_social,Creator Offers,desktop,P010,8,6,5,1,1,0
2025-12-02,Paid Social,instagram,paid_social,Creator Offers,desktop,P011,12,10,9,2,1,1
2025-12-02,Paid Social,instagram,paid_social,Creator Offers,desktop,P012,7,5,5,1,1,0
2025-12-03,Organic Search,google,organic,Always-on SEO,mobile,P001,11,9,7,2,1,1
2025-12-03,Organic Search,google,organic,Always-on SEO,mobile,P002,6,5,4,1,1,0
2025-12-03,Organic Search,google,organic,Always-on SEO,mobile,P003,10,8,6,2,1,1
2025-12-03,Organic Search,google,organic,Always-on SEO,mobile,P004,14,11,9,3,2,1
2025-12-03,Organic Search,google,organic,Always-on SEO,mobile,P005,9,7,6,2,1,1
2025-12-03,Organic Search,google,organic,Always-on SEO,mobile,P006,13,11,9,2,1,1
2025-12-03,Organic Search,google,organic,Always-on SEO,mobile,P007,8,7,5,1,1,1
2025-12-03,Organic Search,google,organic,Always-on SEO,mobile,P008,12,10,8,2,1,1
2025-12-03,Organic Search,google,organic,Always-on SEO,mobile,P009,7,6,5,1,1,0
2025-12-03,Organic Search,google,organic,Always-on SEO,mobile,P010,11,9,8,2,1,1
2025-12-03,Organic Search,google,organic,Always-on SEO,mobile,P011,6,5,4,1,1,0
2025-12-03,Organic Search,google,organic,Always-on SEO,mobile,P012,11,9,7,2,1,1
2025-12-03,Direct,direct,none,Unassigned,desktop,P001,17,12,13,3,2,1
2025-12-03,Direct,direct,none,Unassigned,desktop,P002,10,7,8,2,1,1
2025-12-03,Direct,direct,none,Unassigned,desktop,P003,15,11,12,3,2,1
2025-12-03,Direct,direct,none,Unassigned,desktop,P004,9,7,7,2,1,1
2025-12-03,Direct,direct,none,Unassigned,desktop,P005,14,10,11,3,2,1
2025-12-03,Direct,direct,none,Unassigned,desktop,P006,8,6,6,2,1,1
2025-12-03,Direct,direct,none,Unassigned,desktop,P007,13,9,10,2,2,1
2025-12-03,Direct,direct,none,Unassigned,desktop,P008,7,5,6,1,1,1
2025-12-03,Direct,direct,none,Unassigned,desktop,P009,12,9,10,2,2,1
2025-12-03,Direct,direct,none,Unassigned,desktop,P010,18,12,14,3,2,2
2025-12-03,Direct,direct,none,Unassigned,desktop,P011,11,8,9,2,1,1
2025-12-03,Direct,direct,none,Unassigned,desktop,P012,16,12,13,3,2,1
2025-12-03,Email,newsletter,email,Lifecycle,tablet,P001,6,5,5,1,0,0
2025-12-03,Email,newsletter,email,Lifecycle,tablet,P002,10,8,8,1,1,1
2025-12-03,Email,newsletter,email,Lifecycle,tablet,P003,6,4,5,1,0,0
2025-12-03,Email,newsletter,email,Lifecycle,tablet,P004,10,7,8,1,1,1
2025-12-03,Email,newsletter,email,Lifecycle,tablet,P005,13,11,11,2,1,1
2025-12-03,Email,newsletter,email,Lifecycle,tablet,P006,9,7,7,1,1,0
2025-12-03,Email,newsletter,email,Lifecycle,tablet,P007,13,10,10,2,1,1
2025-12-03,Email,newsletter,email,Lifecycle,tablet,P008,8,6,6,1,1,0
2025-12-03,Email,newsletter,email,Lifecycle,tablet,P009,12,9,10,2,1,1
2025-12-03,Email,newsletter,email,Lifecycle,tablet,P010,7,6,6,1,1,0
2025-12-03,Email,newsletter,email,Lifecycle,tablet,P011,11,9,9,2,1,1
2025-12-03,Email,newsletter,email,Lifecycle,tablet,P012,6,5,5,1,0,0
2025-12-04,Paid Search,google,cpc,KSA Growth,desktop,P001,17,15,13,3,2,1
2025-12-04,Paid Search,google,cpc,KSA Growth,desktop,P002,9,8,7,2,1,1
2025-12-04,Paid Search,google,cpc,KSA Growth,desktop,P003,15,13,12,3,2,1
2025-12-04,Paid Search,google,cpc,KSA Growth,desktop,P004,8,7,7,2,1,1
2025-12-04,Paid Search,google,cpc,KSA Growth,desktop,P005,14,12,11,3,1,1
2025-12-04,Paid Search,google,cpc,KSA Growth,desktop,P006,20,18,16,4,2,1
2025-12-04,Paid Search,google,cpc,KSA Growth,desktop,P007,13,11,10,2,1,1
2025-12-04,Paid Search,google,cpc,KSA Growth,desktop,P008,19,17,15,3,2,1
2025-12-04,Paid Search,google,cpc,KSA Growth,desktop,P009,12,10,9,2,1,1
2025-12-04,Paid Search,google,cpc,KSA Growth,desktop,P010,18,16,14,3,2,1
2025-12-04,Paid Search,google,cpc,KSA Growth,desktop,P011,11,9,8,2,1,1
2025-12-04,Paid Search,google,cpc,KSA Growth,desktop,P012,17,14,13,3,2,1
2025-12-04,Paid Social,instagram,paid_social,Creator Offers,tablet,P001,11,8,7,2,1,1
2025-12-04,Paid Social,instagram,paid_social,Creator Offers,tablet,P002,7,5,4,1,0,0
2025-12-04,Paid Social,instagram,paid_social,Creator Offers,tablet,P003,10,7,6,1,1,1
2025-12-04,Paid Social,instagram,paid_social,Creator Offers,tablet,P004,6,5,4,1,0,0
2025-12-04,Paid Social,instagram,paid_social,Creator Offers,tablet,P005,10,7,6,1,1,1
2025-12-04,Paid Social,instagram,paid_social,Creator Offers,tablet,P006,6,4,4,1,0,0
2025-12-04,Paid Social,instagram,paid_social,Creator Offers,tablet,P007,9,6,6,1,1,1
2025-12-04,Paid Social,instagram,paid_social,Creator Offers,tablet,P008,5,4,3,1,0,0
2025-12-04,Paid Social,instagram,paid_social,Creator Offers,tablet,P009,8,6,5,1,1,0
2025-12-04,Paid Social,instagram,paid_social,Creator Offers,tablet,P010,5,3,3,1,0,0
2025-12-04,Paid Social,instagram,paid_social,Creator Offers,tablet,P011,8,5,5,1,1,0
2025-12-04,Paid Social,instagram,paid_social,Creator Offers,tablet,P012,11,8,7,1,1,1
2025-12-04,Affiliates,partners,affiliate,Partner Network,mobile,P001,10,8,7,2,1,1
2025-12-04,Affiliates,partners,affiliate,Partner Network,mobile,P002,15,12,11,3,2,1
2025-12-04,Affiliates,partners,affiliate,Partner Network,mobile,P003,8,7,7,2,1,1
2025-12-04,Affiliates,partners,affiliate,Partner Network,mobile,P004,14,11,11,2,1,1
2025-12-04,Affiliates,partners,affiliate,Partner Network,mobile,P005,7,6,6,1,1,0
2025-12-04,Affiliates,partners,affiliate,Partner Network,mobile,P006,13,10,10,2,1,1
2025-12-04,Affiliates,partners,affiliate,Partner Network,mobile,P007,18,15,14,3,2,1
2025-12-04,Affiliates,partners,affiliate,Partner Network,mobile,P008,12,10,9,2,1,1
2025-12-04,Affiliates,partners,affiliate,Partner Network,mobile,P009,17,14,13,3,2,1
2025-12-04,Affiliates,partners,affiliate,Partner Network,mobile,P010,11,9,8,2,1,1
2025-12-04,Affiliates,partners,affiliate,Partner Network,mobile,P011,16,13,12,3,2,1
2025-12-04,Affiliates,partners,affiliate,Partner Network,mobile,P012,9,8,7,2,1,1
2025-12-05,Direct,direct,none,Unassigned,tablet,P001,15,13,12,3,2,1
2025-12-05,Direct,direct,none,Unassigned,tablet,P002,9,7,7,2,1,0
2025-12-05,Direct,direct,none,Unassigned,tablet,P003,14,12,11,3,1,1
2025-12-05,Direct,direct,none,Unassigned,tablet,P004,8,7,6,2,1,0
2025-12-05,Direct,direct,none,Unassigned,tablet,P005,13,11,10,2,1,1
2025-12-05,Direct,direct,none,Unassigned,tablet,P006,7,6,5,1,1,0
2025-12-05,Direct,direct,none,Unassigned,tablet,P007,12,10,9,2,1,1
2025-12-05,Direct,direct,none,Unassigned,tablet,P008,16,14,13,3,2,1
2025-12-05,Direct,direct,none,Unassigned,tablet,P009,11,9,8,2,1,1
2025-12-05,Direct,direct,none,Unassigned,tablet,P010,15,13,12,3,2,1
2025-12-05,Direct,direct,none,Unassigned,tablet,P011,10,8,8,2,1,1
2025-12-05,Direct,direct,none,Unassigned,tablet,P012,14,13,11,3,2,1
2025-12-05,Email,newsletter,email,Lifecycle,mobile,P001,8,7,6,1,0,0
2025-12-05,Email,newsletter,email,Lifecycle,mobile,P002,14,12,9,2,1,1
2025-12-05,Email,newsletter,email,Lifecycle,mobile,P003,20,18,13,2,1,1
2025-12-05,Email,newsletter,email,Lifecycle,mobile,P004,13,11,9,2,1,0
2025-12-05,Email,newsletter,email,Lifecycle,mobile,P005,18,17,12,2,1,1
2025-12-05,Email,newsletter,email,Lifecycle,mobile,P006,12,10,8,1,1,0
2025-12-05,Email,newsletter,email,Lifecycle,mobile,P007,17,16,12,2,1,1
2025-12-05,Email,newsletter,email,Lifecycle,mobile,P008,10,9,7,1,1,0
2025-12-05,Email,newsletter,email,Lifecycle,mobile,P009,16,15,11,2,1,1
2025-12-05,Email,newsletter,email,Lifecycle,mobile,P010,9,8,6,1,0,0
2025-12-05,Email,newsletter,email,Lifecycle,mobile,P011,15,14,10,2,1,1
2025-12-05,Email,newsletter,email,Lifecycle,mobile,P012,8,7,5,1,0,0
2025-12-05,Organic Search,google,organic,Always-on SEO,desktop,P001,10,9,7,2,1,0
2025-12-05,Organic Search,google,organic,Always-on SEO,desktop,P002,16,14,10,3,1,1
2025-12-05,Organic Search,google,organic,Always-on SEO,desktop,P003,9,8,6,1,1,0
2025-12-05,Organic Search,google,organic,Always-on SEO,desktop,P004,15,13,9,2,1,1
2025-12-05,Organic Search,google,organic,Always-on SEO,desktop,P005,8,7,5,1,1,0
2025-12-05,Organic Search,google,organic,Always-on SEO,desktop,P006,13,12,8,2,1,1
2025-12-05,Organic Search,google,organic,Always-on SEO,desktop,P007,7,6,5,1,1,0
2025-12-05,Organic Search,google,organic,Always-on SEO,desktop,P008,12,11,8,2,1,1
2025-12-05,Organic Search,google,organic,Always-on SEO,desktop,P009,18,15,11,3,1,1
2025-12-05,Organic Search,google,organic,Always-on SEO,desktop,P010,11,10,7,2,1,1
2025-12-05,Organic Search,google,organic,Always-on SEO,desktop,P011,17,14,10,3,1,1
2025-12-05,Organic Search,google,organic,Always-on SEO,desktop,P012,10,9,6,2,1,0
2025-12-06,Paid Social,instagram,paid_social,Creator Offers,mobile,P001,15,11,10,2,2,1
2025-12-06,Paid Social,instagram,paid_social,Creator Offers,mobile,P002,10,7,6,2,1,1
2025-12-06,Paid Social,instagram,paid_social,Creator Offers,mobile,P003,14,11,9,2,1,1
2025-12-06,Paid Social,instagram,paid_social,Creator Offers,mobile,P004,9,6,6,1,1,0
2025-12-06,Paid Social,instagram,paid_social,Creator Offers,mobile,P005,14,10,9,2,1,1
2025-12-06,Paid Social,instagram,paid_social,Creator Offers,mobile,P006,8,6,5,1,1,0
2025-12-06,Paid Social,instagram,paid_social,Creator Offers,mobile,P007,13,9,8,2,1,1
2025-12-06,Paid Social,instagram,paid_social,Creator Offers,mobile,P008,7,5,4,1,1,0
2025-12-06,Paid Social,instagram,paid_social,Creator Offers,mobile,P009,12,9,8,2,1,1
2025-12-06,Paid Social,instagram,paid_social,Creator Offers,mobile,P010,16,12,11,2,2,1
2025-12-06,Paid Social,instagram,paid_social,Creator Offers,mobile,P011,11,8,7,2,1,1
2025-12-06,Paid Social,instagram,paid_social,Creator Offers,mobile,P012,15,11,10,2,1,1
2025-12-06,Affiliates,partners,affiliate,Partner Network,desktop,P001,7,5,5,1,1,0
2025-12-06,Affiliates,partners,affiliate,Partner Network,desktop,P002,11,9,8,2,1,1
2025-12-06,Affiliates,partners,affiliate,Partner Network,desktop,P003,6,5,4,1,1,0
2025-12-06,Affiliates,partners,affiliate,Partner Network,desktop,P004,10,8,7,2,1,1
2025-12-06,Affiliates,partners,affiliate,Partner Network,desktop,P005,14,12,10,3,2,1
2025-12-06,Affiliates,partners,affiliate,Partner Network,desktop,P006,9,8,7,2,1,1
2025-12-06,Affiliates,partners,affiliate,Partner Network,desktop,P007,14,11,10,3,1,1
2025-12-06,Affiliates,partners,affiliate,Partner Network,desktop,P008,8,7,6,2,1,1
2025-12-06,Affiliates,partners,affiliate,Partner Network,desktop,P009,13,10,9,2,1,1
2025-12-06,Affiliates,partners,affiliate,Partner Network,desktop,P010,8,6,5,2,1,0
2025-12-06,Affiliates,partners,affiliate,Partner Network,desktop,P011,12,10,8,2,1,1
2025-12-06,Affiliates,partners,affiliate,Partner Network,desktop,P012,7,5,5,1,1,0
2025-12-06,Paid Search,google,cpc,KSA Growth,tablet,P001,8,6,5,1,1,0
2025-12-06,Paid Search,google,cpc,KSA Growth,tablet,P002,11,8,7,2,1,1
2025-12-06,Paid Search,google,cpc,KSA Growth,tablet,P003,7,5,4,1,1,0
2025-12-06,Paid Search,google,cpc,KSA Growth,tablet,P004,10,8,7,2,1,1
2025-12-06,Paid Search,google,cpc,KSA Growth,tablet,P005,6,5,4,1,0,0
2025-12-06,Paid Search,google,cpc,KSA Growth,tablet,P006,10,7,6,2,1,1
2025-12-06,Paid Search,google,cpc,KSA Growth,tablet,P007,5,4,4,1,0,0
2025-12-06,Paid Search,google,cpc,KSA Growth,tablet,P008,9,7,6,1,1,1
2025-12-06,Paid Search,google,cpc,KSA Growth,tablet,P009,5,3,3,1,0,0
2025-12-06,Paid Search,google,cpc,KSA Growth,tablet,P010,8,6,5,1,1,1
2025-12-06,Paid Search,google,cpc,KSA Growth,tablet,P011,12,9,8,2,1,1
2025-12-06,Paid Search,google,cpc,KSA Growth,tablet,P012,7,6,5,1,1,0
2025-12-07,Email,newsletter,email,Lifecycle,desktop,P001,16,15,13,3,2,1
2025-12-07,Email,newsletter,email,Lifecycle,desktop,P002,11,10,8,2,1,1
2025-12-07,Email,newsletter,email,Lifecycle,desktop,P003,16,14,12,3,1,1
2025-12-07,Email,newsletter,email,Lifecycle,desktop,P004,10,9,7,2,1,1
2025-12-07,Email,newsletter,email,Lifecycle,desktop,P005,15,13,11,3,1,1
2025-12-07,Email,newsletter,email,Lifecycle,desktop,P006,9,8,7,1,1,1
2025-12-07,Email,newsletter,email,Lifecycle,desktop,P007,14,12,10,2,1,1
2025-12-07,Email,newsletter,email,Lifecycle,desktop,P008,8,7,6,1,1,1
2025-12-07,Email,newsletter,email,Lifecycle,desktop,P009,13,11,10,2,1,1
2025-12-07,Email,newsletter,email,Lifecycle,desktop,P010,7,6,5,1,1,0
2025-12-07,Email,newsletter,email,Lifecycle,desktop,P011,12,10,9,2,1,1
2025-12-07,Email,newsletter,email,Lifecycle,desktop,P012,16,15,13,3,2,1
2025-12-07,Organic Search,google,organic,Always-on SEO,tablet,P001,9,7,7,1,1,1
2025-12-07,Organic Search,google,organic,Always-on SEO,tablet,P002,13,11,10,2,1,1
2025-12-07,Organic Search,google,organic,Always-on SEO,tablet,P003,8,6,6,1,1,0
2025-12-07,Organic Search,google,organic,Always-on SEO,tablet,P004,12,10,10,2,1,1
2025-12-07,Organic Search,google,organic,Always-on SEO,tablet,P005,7,5,5,1,1,0
2025-12-07,Organic Search,google,organic,Always-on SEO,tablet,P006,11,9,9,2,1,1
2025-12-07,Organic Search,google,organic,Always-on SEO,tablet,P007,16,13,12,3,2,1
2025-12-07,Organic Search,google,organic,Always-on SEO,tablet,P008,10,8,8,2,1,1
2025-12-07,Organic Search,google,organic,Always-on SEO,tablet,P009,15,12,12,3,1,1
2025-12-07,Organic Search,google,organic,Always-on SEO,tablet,P010,9,8,7,2,1,1
2025-12-07,Organic Search,google,organic,Always-on SEO,tablet,P011,14,11,11,2,1,1
2025-12-07,Organic Search,google,organic,Always-on SEO,tablet,P012,9,7,7,1,1,1
2025-12-07,Direct,direct,none,Unassigned,mobile,P001,9,8,7,2,1,1
2025-12-07,Direct,direct,none,Unassigned,mobile,P002,13,12,9,3,1,1
2025-12-07,Direct,direct,none,Unassigned,mobile,P003,9,7,6,2,1,0
2025-12-07,Direct,direct,none,Unassigned,mobile,P004,13,11,9,2,1,1
2025-12-07,Direct,direct,none,Unassigned,mobile,P005,8,7,5,1,1,0
2025-12-07,Direct,direct,none,Unassigned,mobile,P006,12,10,8,2,1,1
2025-12-07,Direct,direct,none,Unassigned,mobile,P007,7,6,5,1,1,0
2025-12-07,Direct,direct,none,Unassigned,mobile,P008,11,9,8,2,1,1
2025-12-07,Direct,direct,none,Unassigned,mobile,P009,6,5,4,1,0,0
2025-12-07,Direct,direct,none,Unassigned,mobile,P010,10,9,7,2,1,1
2025-12-07,Direct,direct,none,Unassigned,mobile,P011,6,5,4,1,0,0
2025-12-07,Direct,direct,none,Unassigned,mobile,P012,9,8,6,2,1,1
2025-12-08,Affiliates,partners,affiliate,Partner Network,tablet,P001,6,5,4,1,0,0
2025-12-08,Affiliates,partners,affiliate,Partner Network,tablet,P002,10,9,7,1,1,1
2025-12-08,Affiliates,partners,affiliate,Partner Network,tablet,P003,14,13,10,2,1,1
2025-12-08,Affiliates,partners,affiliate,Partner Network,tablet,P004,9,8,7,1,1,0
2025-12-08,Affiliates,partners,affiliate,Partner Network,tablet,P005,13,12,9,2,1,1
2025-12-08,Affiliates,partners,affiliate,Partner Network,tablet,P006,8,8,6,1,1,0
2025-12-08,Affiliates,partners,affiliate,Partner Network,tablet,P007,13,11,9,2,1,1
2025-12-08,Affiliates,partners,affiliate,Partner Network,tablet,P008,8,7,5,1,1,0
2025-12-08,Affiliates,partners,affiliate,Partner Network,tablet,P009,12,11,8,2,1,1
2025-12-08,Affiliates,partners,affiliate,Partner Network,tablet,P010,7,6,5,1,0,0
2025-12-08,Affiliates,partners,affiliate,Partner Network,tablet,P011,11,10,8,2,1,1
2025-12-08,Affiliates,partners,affiliate,Partner Network,tablet,P012,6,5,4,1,0,0
2025-12-08,Paid Search,google,cpc,KSA Growth,mobile,P001,10,9,7,2,1,1
2025-12-08,Paid Search,google,cpc,KSA Growth,mobile,P002,15,13,11,2,1,1
2025-12-08,Paid Search,google,cpc,KSA Growth,mobile,P003,9,8,6,1,1,0
2025-12-08,Paid Search,google,cpc,KSA Growth,mobile,P004,14,12,10,2,1,1
2025-12-08,Paid Search,google,cpc,KSA Growth,mobile,P005,8,7,6,1,1,0
2025-12-08,Paid Search,google,cpc,KSA Growth,mobile,P006,13,11,9,2,1,1
2025-12-08,Paid Search,google,cpc,KSA Growth,mobile,P007,7,6,5,1,0,0
2025-12-08,Paid Search,google,cpc,KSA Growth,mobile,P008,12,10,8,2,1,1
2025-12-08,Paid Search,google,cpc,KSA Growth,mobile,P009,16,14,12,3,1,1
2025-12-08,Paid Search,google,cpc,KSA Growth,mobile,P010,11,9,8,2,1,1
2025-12-08,Paid Search,google,cpc,KSA Growth,mobile,P011,16,14,11,2,1,1
2025-12-08,Paid Search,google,cpc,KSA Growth,mobile,P012,10,8,7,1,1,0
2025-12-08,Paid Social,instagram,paid_social,Creator Offers,desktop,P001,13,11,10,2,1,1
2025-12-08,Paid Social,instagram,paid_social,Creator Offers,desktop,P002,7,6,5,1,1,0
2025-12-08,Paid Social,instagram,paid_social,Creator Offers,desktop,P003,12,10,9,2,1,1
2025-12-08,Paid Social,instagram,paid_social,Creator Offers,desktop,P004,16,14,13,3,1,1
2025-12-08,Paid Social,instagram,paid_social,Creator Offers,desktop,P005,11,9,8,2,1,1
2025-12-08,Paid Social,instagram,paid_social,Creator Offers,desktop,P006,16,14,12,3,1,1
2025-12-08,Paid Social,instagram,paid_social,Creator Offers,desktop,P007,10,9,8,2,1,1
2025-12-08,Paid Social,instagram,paid_social,Creator Offers,desktop,P008,15,13,12,2,1,1
2025-12-08,Paid Social,instagram,paid_social,Creator Offers,desktop,P009,9,8,7,2,1,0
2025-12-08,Paid Social,instagram,paid_social,Creator Offers,desktop,P010,14,12,11,2,1,1
2025-12-08,Paid Social,instagram,paid_social,Creator Offers,desktop,P011,8,7,6,1,1,0
2025-12-08,Paid Social,instagram,paid_social,Creator Offers,desktop,P012,13,11,10,2,1,1
2025-12-09,Organic Search,google,organic,Always-on SEO,mobile,P001,5,4,4,1,0,0
2025-12-09,Organic Search,google,organic,Always-on SEO,mobile,P002,8,6,6,1,1,1
2025-12-09,Organic Search,google,organic,Always-on SEO,mobile,P003,4,3,3,0,0,0
2025-12-09,Organic Search,google,organic,Always-on SEO,mobile,P004,7,5,5,1,1,0
2025-12-09,Organic Search,google,organic,Always-on SEO,mobile,P005,10,8,7,1,1,1
2025-12-09,Organic Search,google,organic,Always-on SEO,mobile,P006,6,5,5,1,1,0
2025-12-09,Organic Search,google,organic,Always-on SEO,mobile,P007,9,7,7,1,1,1
2025-12-09,Organic Search,google,organic,Always-on SEO,mobile,P008,6,4,4,1,0,0
2025-12-09,Organic Search,google,organic,Always-on SEO,mobile,P009,9,7,7,1,1,1
2025-12-09,Organic Search,google,organic,Always-on SEO,mobile,P010,5,4,4,1,0,0
2025-12-09,Organic Search,google,organic,Always-on SEO,mobile,P011,8,6,6,1,1,1
2025-12-09,Organic Search,google,organic,Always-on SEO,mobile,P012,5,4,3,1,0,0
2025-12-09,Direct,direct,none,Unassigned,desktop,P001,8,7,7,2,1,1
2025-12-09,Direct,direct,none,Unassigned,desktop,P002,12,11,10,2,2,1
2025-12-09,Direct,direct,none,Unassigned,desktop,P003,7,7,6,2,1,1
2025-12-09,Direct,direct,none,Unassigned,desktop,P004,11,10,9,2,1,1
2025-12-09,Direct,direct,none,Unassigned,desktop,P005,7,6,5,1,1,1
2025-12-09,Direct,direct,none,Unassigned,desktop,P006,10,9,8,2,1,1
2025-12-09,Direct,direct,none,Unassigned,desktop,P007,6,5,5,1,1,0
2025-12-09,Direct,direct,none,Unassigned,desktop,P008,10,9,8,2,1,1
2025-12-09,Direct,direct,none,Unassigned,desktop,P009,5,5,4,1,1,0
2025-12-09,Direct,direct,none,Unassigned,desktop,P010,9,8,7,2,1,1
2025-12-09,Direct,direct,none,Unassigned,desktop,P011,13,11,10,3,2,1
2025-12-09,Direct,direct,none,Unassigned,desktop,P012,8,7,7,2,1,1
2025-12-09,Email,newsletter,email,Lifecycle,tablet,P001,13,9,9,2,1,1
2025-12-09,Email,newsletter,email,Lifecycle,tablet,P002,7,5,5,1,0,0
2025-12-09,Email,newsletter,email,Lifecycle,tablet,P003,12,9,8,2,1,1
2025-12-09,Email,newsletter,email,Lifecycle,tablet,P004,6,5,4,1,0,0
2025-12-09,Email,newsletter,email,Lifecycle,tablet,P005,11,8,7,2,1,1
2025-12-09,Email,newsletter,email,Lifecycle,tablet,P006,15,11,10,2,1,1
2025-12-09,Email,newsletter,email,Lifecycle,tablet,P007,10,7,7,1,1,0
2025-12-09,Email,newsletter,email,Lifecycle,tablet,P008,14,10,10,2,1,1
2025-12-09,Email,newsletter,email,Lifecycle,tablet,P009,9,7,6,1,1,0
2025-12-09,Email,newsletter,email,Lifecycle,tablet,P010,13,10,9,2,1,1
2025-12-09,Email,newsletter,email,Lifecycle,tablet,P011,8,6,5,1,0,0
2025-12-09,Email,newsletter,email,Lifecycle,tablet,P012,12,9,9,2,1,1
2025-12-10,Paid Search,google,cpc,KSA Growth,desktop,P001,5,4,3,1,0,0
2025-12-10,Paid Search,google,cpc,KSA Growth,desktop,P002,7,5,5,1,1,0
2025-12-10,Paid Search,google,cpc,KSA Growth,desktop,P003,4,3,3,0,0,0
2025-12-10,Paid Search,google,cpc,KSA Growth,desktop,P004,7,5,5,1,0,0
2025-12-10,Paid Search,google,cpc,KSA Growth,desktop,P005,3,3,2,0,0,0
2025-12-10,Paid Search,google,cpc,KSA Growth,desktop,P006,6,5,4,1,0,0
2025-12-10,Paid Search,google,cpc,KSA Growth,desktop,P007,9,7,6,1,1,1
2025-12-10,Paid Search,google,cpc,KSA Growth,desktop,P008,6,4,4,1,0,0
2025-12-10,Paid Search,google,cpc,KSA Growth,desktop,P009,8,6,6,1,1,1
2025-12-10,Paid Search,google,cpc,KSA Growth,desktop,P010,5,4,3,1,0,0
2025-12-10,Paid Search,google,cpc,KSA Growth,desktop,P011,8,6,5,1,1,1
2025-12-10,Paid Search,google,cpc,KSA Growth,desktop,P012,4,4,3,0,0,0
2025-12-10,Paid Social,instagram,paid_social,Creator Offers,tablet,P001,11,10,9,2,1,1
2025-12-10,Paid Social,instagram,paid_social,Creator Offers,tablet,P002,15,13,12,3,1,1
2025-12-10,Paid Social,instagram,paid_social,Creator Offers,tablet,P003,10,9,8,2,1,1
2025-12-10,Paid Social,instagram,paid_social,Creator Offers,tablet,P004,14,13,11,2,1,1
2025-12-10,Paid Social,instagram,paid_social,Creator Offers,tablet,P005,9,8,7,2,1,0
2025-12-10,Paid Social,instagram,paid_social,Creator Offers,tablet,P006,13,12,11,2,1,1
2025-12-10,Paid Social,instagram,paid_social,Creator Offers,tablet,P007,8,7,6,1,1,0
2025-12-10,Paid Social,instagram,paid_social,Creator Offers,tablet,P008,12,11,10,2,1,1
2025-12-10,Paid Social,instagram,paid_social,Creator Offers,tablet,P009,7,6,6,1,1,0
2025-12-10,Paid Social,instagram,paid_social,Creator Offers,tablet,P010,12,10,9,2,1,1
2025-12-10,Paid Social,instagram,paid_social,Creator Offers,tablet,P011,6,6,5,1,1,0
2025-12-10,Paid Social,instagram,paid_social,Creator Offers,tablet,P012,11,10,8,2,1,1
2025-12-10,Affiliates,partners,affiliate,Partner Network,mobile,P001,12,10,10,2,1,1
2025-12-10,Affiliates,partners,affiliate,Partner Network,mobile,P002,7,6,6,1,0,0
2025-12-10,Affiliates,partners,affiliate,Partner Network,mobile,P003,12,9,9,2,1,1
2025-12-10,Affiliates,partners,affiliate,Partner Network,mobile,P004,7,5,5,1,0,0
2025-12-10,Affiliates,partners,affiliate,Partner Network,mobile,P005,11,8,8,1,1,1
2025-12-10,Affiliates,partners,affiliate,Partner Network,mobile,P006,6,5,4,1,0,0
2025-12-10,Affiliates,partners,affiliate,Partner Network,mobile,P007,10,8,8,1,1,0
2025-12-10,Affiliates,partners,affiliate,Partner Network,mobile,P008,14,11,11,2,1,1
2025-12-10,Affiliates,partners,affiliate,Partner Network,mobile,P009,9,7,7,1,1,0
2025-12-10,Affiliates,partners,affiliate,Partner Network,mobile,P010,13,10,10,2,1,1
2025-12-10,Affiliates,partners,affiliate,Partner Network,mobile,P011,8,7,6,1,0,0
2025-12-10,Affiliates,partners,affiliate,Partner Network,mobile,P012,12,10,9,2,1,1
2025-12-11,Direct,direct,none,Unassigned,tablet,P001,10,8,8,2,1,1
2025-12-11,Direct,direct,none,Unassigned,tablet,P002,16,12,12,3,2,1
2025-12-11,Direct,direct,none,Unassigned,tablet,P003,9,7,7,2,1,1
2025-12-11,Direct,direct,none,Unassigned,tablet,P004,15,11,11,3,2,1
2025-12-11,Direct,direct,none,Unassigned,tablet,P005,8,6,6,2,1,1
2025-12-11,Direct,direct,none,Unassigned,tablet,P006,14,11,10,3,2,1
2025-12-11,Direct,direct,none,Unassigned,tablet,P007,7,6,5,1,1,1
2025-12-11,Direct,direct,none,Unassigned,tablet,P008,13,10,9,3,2,1
2025-12-11,Direct,direct,none,Unassigned,tablet,P009,18,14,13,4,2,1
2025-12-11,Direct,direct,none,Unassigned,tablet,P010,11,9,9,2,2,1
2025-12-11,Direct,direct,none,Unassigned,tablet,P011,17,13,13,3,2,1
2025-12-11,Direct,direct,none,Unassigned,tablet,P012,10,8,8,2,1,1
2025-12-11,Email,newsletter,email,Lifecycle,mobile,P001,9,7,7,2,1,1
2025-12-11,Email,newsletter,email,Lifecycle,mobile,P002,5,4,4,1,0,0
2025-12-11,Email,newsletter,email,Lifecycle,mobile,P003,8,7,6,1,1,0
2025-12-11,Email,newsletter,email,Lifecycle,mobile,P004,11,10,9,2,1,1
2025-12-11,Email,newsletter,email,Lifecycle,mobile,P005,7,6,6,1,1,0
2025-12-11,Email,newsletter,email,Lifecycle,mobile,P006,10,9,9,2,1,1
2025-12-11,Email,newsletter,email,Lifecycle,mobile,P007,7,6,5,1,0,0
2025-12-11,Email,newsletter,email,Lifecycle,mobile,P008,10,8,8,2,1,1
2025-12-11,Email,newsletter,email,Lifecycle,mobile,P009,6,5,5,1,0,0
2025-12-11,Email,newsletter,email,Lifecycle,mobile,P010,9,8,7,2,1,1
2025-12-11,Email,newsletter,email,Lifecycle,mobile,P011,5,5,4,1,0,0
2025-12-11,Email,newsletter,email,Lifecycle,mobile,P012,9,7,7,1,1,1
2025-12-11,Organic Search,google,organic,Always-on SEO,desktop,P001,18,15,13,3,2,1
2025-12-11,Organic Search,google,organic,Always-on SEO,desktop,P002,11,9,8,2,1,1
2025-12-11,Organic Search,google,organic,Always-on SEO,desktop,P003,17,14,13,3,1,1
2025-12-11,Organic Search,google,organic,Always-on SEO,desktop,P004,10,9,8,1,1,1
2025-12-11,Organic Search,google,organic,Always-on SEO,desktop,P005,15,13,12,2,1,1
2025-12-11,Organic Search,google,organic,Always-on SEO,desktop,P006,9,8,7,1,1,0
2025-12-11,Organic Search,google,organic,Always-on SEO,desktop,P007,14,12,11,2,1,1
2025-12-11,Organic Search,google,organic,Always-on SEO,desktop,P008,8,7,6,1,1,0
2025-12-11,Organic Search,google,organic,Always-on SEO,desktop,P009,13,11,10,2,1,1
2025-12-11,Organic Search,google,organic,Always-on SEO,desktop,P010,19,16,14,3,2,1
2025-12-11,Organic Search,google,organic,Always-on SEO,desktop,P011,12,10,9,2,1,1
2025-12-11,Organic Search,google,organic,Always-on SEO,desktop,P012,18,15,13,3,2,1
2025-12-12,Paid Social,instagram,paid_social,Creator Offers,mobile,P001,10,7,7,2,1,1
2025-12-12,Paid Social,instagram,paid_social,Creator Offers,mobile,P002,14,11,9,3,2,1
2025-12-12,Paid Social,instagram,paid_social,Creator Offers,mobile,P003,9,7,6,2,1,1
2025-12-12,Paid Social,instagram,paid_social,Creator Offers,mobile,P004,14,10,9,3,2,1
2025-12-12,Paid Social,instagram,paid_social,Creator Offers,mobile,P005,8,6,5,1,1,0
2025-12-12,Paid Social,instagram,paid_social,Creator Offers,mobile,P006,13,9,8,2,1,1
2025-12-12,Paid Social,instagram,paid_social,Creator Offers,mobile,P007,7,5,5,1,1,0
2025-12-12,Paid Social,instagram,paid_social,Creator Offers,mobile,P008,12,9,8,2,1,1
2025-12-12,Paid Social,instagram,paid_social,Creator Offers,mobile,P009,6,5,4,1,1,0
2025-12-12,Paid Social,instagram,paid_social,Creator Offers,mobile,P010,11,8,7,2,1,1
2025-12-12,Paid Social,instagram,paid_social,Creator Offers,mobile,P011,15,11,10,3,2,1
2025-12-12,Paid Social,instagram,paid_social,Creator Offers,mobile,P012,10,7,6,2,1,1
2025-12-12,Affiliates,partners,affiliate,Partner Network,desktop,P001,10,7,7,1,1,1
2025-12-12,Affiliates,partners,affiliate,Partner Network,desktop,P002,6,4,4,1,0,0
2025-12-12,Affiliates,partners,affiliate,Partner Network,desktop,P003,9,7,6,1,1,0
2025-12-12,Affiliates,partners,affiliate,Partner Network,desktop,P004,5,4,4,1,0,0
2025-12-12,Affiliates,partners,affiliate,Partner Network,desktop,P005,9,6,6,1,1,0
2025-12-12,Affiliates,partners,affiliate,Partner Network,desktop,P006,12,9,8,2,1,1
2025-12-12,Affiliates,partners,affiliate,Partner Network,desktop,P007,8,6,5,1,1,0
2025-12-12,Affiliates,partners,affiliate,Partner Network,desktop,P008,11,9,8,1,1,1
2025-12-12,Affiliates,partners,affiliate,Partner Network,desktop,P009,7,5,5,1,0,0
2025-12-12,Affiliates,partners,affiliate,Partner Network,desktop,P010,11,8,7,1,1,1
2025-12-12,Affiliates,partners,affiliate,Partner Network,desktop,P011,6,5,5,1,0,0
2025-12-12,Affiliates,partners,affiliate,Partner Network,desktop,P012,10,7,7,1,1,1
2025-12-12,Paid Search,google,cpc,KSA Growth,tablet,P001,12,8,7,2,1,1
2025-12-12,Paid Search,google,cpc,KSA Growth,tablet,P002,7,5,5,1,0,0
2025-12-12,Paid Search,google,cpc,KSA Growth,tablet,P003,11,8,7,2,1,1
2025-12-12,Paid Search,google,cpc,KSA Growth,tablet,P004,7,5,4,1,0,0
2025-12-12,Paid Search,google,cpc,KSA Growth,tablet,P005,10,7,7,1,1,1
2025-12-12,Paid Search,google,cpc,KSA Growth,tablet,P006,6,5,4,1,0,0
2025-12-12,Paid Search,google,cpc,KSA Growth,tablet,P007,9,7,6,1,1,0
2025-12-12,Paid Search,google,cpc,KSA Growth,tablet,P008,5,4,3,1,0,0
2025-12-12,Paid Search,google,cpc,KSA Growth,tablet,P009,9,6,6,1,1,0
2025-12-12,Paid Search,google,cpc,KSA Growth,tablet,P010,5,4,3,1,0,0
2025-12-12,Paid Search,google,cpc,KSA Growth,tablet,P011,8,6,5,1,1,0
2025-12-12,Paid Search,google,cpc,KSA Growth,tablet,P012,11,8,7,2,1,1
2025-12-13,Email,newsletter,email,Lifecycle,desktop,P001,6,5,4,1,1,0
2025-12-13,Email,newsletter,email,Lifecycle,desktop,P002,9,7,6,2,1,1
2025-12-13,Email,newsletter,email,Lifecycle,desktop,P003,6,4,4,1,0,0
2025-12-13,Email,newsletter,email,Lifecycle,desktop,P004,9,7,6,1,1,1
2025-12-13,Email,newsletter,email,Lifecycle,desktop,P005,5,4,3,1,0,0
2025-12-13,Email,newsletter,email,Lifecycle,desktop,P006,8,6,5,1,1,1
2025-12-13,Email,newsletter,email,Lifecycle,desktop,P007,5,4,3,1,0,0
2025-12-13,Email,newsletter,email,Lifecycle,desktop,P008,7,6,5,1,1,1
2025-12-13,Email,newsletter,email,Lifecycle,desktop,P009,4,3,3,1,0,0
2025-12-13,Email,newsletter,email,Lifecycle,desktop,P010,7,5,5,1,1,1
2025-12-13,Email,newsletter,email,Lifecycle,desktop,P011,4,3,2,1,0,0
2025-12-13,Email,newsletter,email,Lifecycle,desktop,P012,6,5,4,1,1,0
2025-12-13,Organic Search,google,organic,Always-on SEO,tablet,P001,14,11,10,3,2,1
2025-12-13,Organic Search,google,organic,Always-on SEO,tablet,P002,8,7,6,2,1,1
2025-12-13,Organic Search,google,organic,Always-on SEO,tablet,P003,13,10,9,2,2,1
2025-12-13,Organic Search,google,organic,Always-on SEO,tablet,P004,7,6,5,1,1,1
2025-12-13,Organic Search,google,organic,Always-on SEO,tablet,P005,12,10,8,2,2,1
2025-12-13,Organic Search,google,organic,Always-on SEO,tablet,P006,6,5,5,1,1,1
2025-12-13,Organic Search,google,organic,Always-on SEO,tablet,P007,11,9,8,2,1,1
2025-12-13,Organic Search,google,organic,Always-on SEO,tablet,P008,15,13,11,3,2,2
2025-12-13,Organic Search,google,organic,Always-on SEO,tablet,P009,10,8,7,2,1,1
2025-12-13,Organic Search,google,organic,Always-on SEO,tablet,P010,14,12,10,3,2,1
2025-12-13,Organic Search,google,organic,Always-on SEO,tablet,P011,9,7,7,2,1,1
2025-12-13,Organic Search,google,organic,Always-on SEO,tablet,P012,14,11,10,3,2,1
2025-12-13,Direct,direct,none,Unassigned,mobile,P001,6,5,4,1,0,0
2025-12-13,Direct,direct,none,Unassigned,mobile,P002,10,9,7,1,1,1
2025-12-13,Direct,direct,none,Unassigned,mobile,P003,14,12,10,2,1,1
2025-12-13,Direct,direct,none,Unassigned,mobile,P004,9,8,7,1,1,1
2025-12-13,Direct,direct,none,Unassigned,mobile,P005,13,12,10,2,1,1
2025-12-13,Direct,direct,none,Unassigned,mobile,P006,8,7,6,1,1,1
2025-12-13,Direct,direct,none,Unassigned,mobile,P007,13,11,9,2,1,1
2025-12-13,Direct,direct,none,Unassigned,mobile,P008,8,6,5,1,1,0
2025-12-13,Direct,direct,none,Unassigned,mobile,P009,12,10,8,2,1,1
2025-12-13,Direct,direct,none,Unassigned,mobile,P010,7,6,5,1,1,0
2025-12-13,Direct,direct,none,Unassigned,mobile,P011,11,9,8,2,1,1
2025-12-13,Direct,direct,none,Unassigned,mobile,P012,6,5,4,1,0,0
2025-12-14,Affiliates,partners,affiliate,Partner Network,tablet,P001,8,6,6,1,1,0
2025-12-14,Affiliates,partners,affiliate,Partner Network,tablet,P002,5,4,3,0,0,0
2025-12-14,Affiliates,partners,affiliate,Partner Network,tablet,P003,8,6,5,1,0,0
2025-12-14,Affiliates,partners,affiliate,Partner Network,tablet,P004,11,8,7,1,1,1
2025-12-14,Affiliates,partners,affiliate,Partner Network,tablet,P005,7,5,5,1,0,0
2025-12-14,Affiliates,partners,affiliate,Partner Network,tablet,P006,10,8,7,1,1,1
2025-12-14,Affiliates,partners,affiliate,Partner Network,tablet,P007,7,5,4,1,0,0
2025-12-14,Affiliates,partners,affiliate,Partner Network,tablet,P008,10,7,6,1,1,1
2025-12-14,Affiliates,partners,affiliate,Partner Network,tablet,P009,6,5,4,1,0,0
2025-12-14,Affiliates,partners,affiliate,Partner Network,tablet,P010,9,7,6,1,1,0
2025-12-14,Affiliates,partners,affiliate,Partner Network,tablet,P011,5,4,3,0,0,0
2025-12-14,Affiliates,partners,affiliate,Partner Network,tablet,P012,8,6,5,1,1,0
2025-12-14,Paid Search,google,cpc,KSA Growth,mobile,P001,17,13,12,3,2,1
2025-12-14,Paid Search,google,cpc,KSA Growth,mobile,P002,10,8,8,2,1,1
2025-12-14,Paid Search,google,cpc,KSA Growth,mobile,P003,16,13,12,3,2,1
2025-12-14,Paid Search,google,cpc,KSA Growth,mobile,P004,9,8,7,2,1,0
2025-12-14,Paid Search,google,cpc,KSA Growth,mobile,P005,15,12,11,3,1,1
2025-12-14,Paid Search,google,cpc,KSA Growth,mobile,P006,8,7,6,2,1,0
2025-12-14,Paid Search,google,cpc,KSA Growth,mobile,P007,13,11,10,3,1,1
2025-12-14,Paid Search,google,cpc,KSA Growth,mobile,P008,7,6,5,1,1,0
2025-12-14,Paid Search,google,cpc,KSA Growth,mobile,P009,12,10,9,3,1,1
2025-12-14,Paid Search,google,cpc,KSA Growth,mobile,P010,18,14,13,4,2,1
2025-12-14,Paid Search,google,cpc,KSA Growth,mobile,P011,11,9,9,2,1,1
2025-12-14,Paid Search,google,cpc,KSA Growth,mobile,P012,17,13,12,3,2,1
2025-12-14,Paid Social,instagram,paid_social,Creator Offers,desktop,P001,5,4,4,1,1,0
2025-12-14,Paid Social,instagram,paid_social,Creator Offers,desktop,P002,8,7,6,2,1,1
2025-12-14,Paid Social,instagram,paid_social,Creator Offers,desktop,P003,5,4,3,1,1,0
2025-12-14,Paid Social,instagram,paid_social,Creator Offers,desktop,P004,8,7,6,2,1,1
2025-12-14,Paid Social,instagram,paid_social,Creator Offers,desktop,P005,11,10,8,2,1,1
2025-12-14,Paid Social,instagram,paid_social,Creator Offers,desktop,P006,7,6,5,1,1,1
2025-12-14,Paid Social,instagram,paid_social,Creator Offers,desktop,P007,10,9,7,2,1,1
2025-12-14,Paid Social,instagram,paid_social,Creator Offers,desktop,P008,7,6,5,1,1,1
2025-12-14,Paid Social,instagram,paid_social,Creator Offers,desktop,P009,10,8,7,2,1,1
2025-12-14,Paid Social,instagram,paid_social,Creator Offers,desktop,P010,6,5,4,1,1,1
2025-12-14,Paid Social,instagram,paid_social,Creator Offers,desktop,P011,9,8,6,2,1,1
2025-12-14,Paid Social,instagram,paid_social,Creator Offers,desktop,P012,5,4,4,1,1,0
2025-12-15,Organic Search,google,organic,Always-on SEO,mobile,P001,9,7,6,1,1,1
2025-12-15,Organic Search,google,organic,Always-on SEO,mobile,P002,5,4,4,1,0,0
2025-12-15,Organic Search,google,organic,Always-on SEO,mobile,P003,8,7,6,1,1,0
2025-12-15,Organic Search,google,organic,Always-on SEO,mobile,P004,4,3,3,0,0,0
2025-12-15,Organic Search,google,organic,Always-on SEO,mobile,P005,8,6,5,1,1,0
2025-12-15,Organic Search,google,organic,Always-on SEO,mobile,P006,11,9,8,1,1,1
2025-12-15,Organic Search,google,organic,Always-on SEO,mobile,P007,7,6,5,1,0,0
2025-12-15,Organic Search,google,organic,Always-on SEO,mobile,P008,10,8,7,1,1,1
2025-12-15,Organic Search,google,organic,Always-on SEO,mobile,P009,6,5,5,1,0,0
2025-12-15,Organic Search,google,organic,Always-on SEO,mobile,P010,10,8,7,1,1,1
2025-12-15,Organic Search,google,organic,Always-on SEO,mobile,P011,6,5,4,1,0,0
2025-12-15,Organic Search,google,organic,Always-on SEO,mobile,P012,9,7,6,1,1,1
2025-12-15,Direct,direct,none,Unassigned,desktop,P001,10,8,6,2,1,1
2025-12-15,Direct,direct,none,Unassigned,desktop,P002,6,6,4,1,1,0
2025-12-15,Direct,direct,none,Unassigned,desktop,P003,9,8,6,1,1,1
2025-12-15,Direct,direct,none,Unassigned,desktop,P004,6,5,4,1,1,0
2025-12-15,Direct,direct,none,Unassigned,desktop,P005,8,7,5,1,1,1
2025-12-15,Direct,direct,none,Unassigned,desktop,P006,5,5,3,1,0,0
2025-12-15,Direct,direct,none,Unassigned,desktop,P007,8,7,5,1,1,1
2025-12-15,Direct,direct,none,Unassigned,desktop,P008,4,4,3,1,0,0
2025-12-15,Direct,direct,none,Unassigned,desktop,P009,7,6,5,1,1,1
2025-12-15,Direct,direct,none,Unassigned,desktop,P010,4,4,2,1,0,0
2025-12-15,Direct,direct,none,Unassigned,desktop,P011,7,6,4,1,1,0
2025-12-15,Direct,direct,none,Unassigned,desktop,P012,10,8,6,2,1,1
2025-12-15,Email,newsletter,email,Lifecycle,tablet,P001,9,7,6,1,1,0
2025-12-15,Email,newsletter,email,Lifecycle,tablet,P002,14,11,9,2,1,1
2025-12-15,Email,newsletter,email,Lifecycle,tablet,P003,8,6,5,1,1,0
2025-12-15,Email,newsletter,email,Lifecycle,tablet,P004,13,10,8,2,1,1
2025-12-15,Email,newsletter,email,Lifecycle,tablet,P005,7,6,5,1,1,0
2025-12-15,Email,newsletter,email,Lifecycle,tablet,P006,12,10,8,2,1,1
2025-12-15,Email,newsletter,email,Lifecycle,tablet,P007,17,14,11,2,2,1
2025-12-15,Email,newsletter,email,Lifecycle,tablet,P008,11,9,7,2,1,1
2025-12-15,Email,newsletter,email,Lifecycle,tablet,P009,16,13,10,2,1,1
2025-12-15,Email,newsletter,email,Lifecycle,tablet,P010,10,8,7,2,1,1
2025-12-15,Email,newsletter,email,Lifecycle,tablet,P011,15,12,10,2,1,1
2025-12-15,Email,newsletter,email,Lifecycle,tablet,P012,9,7,6,1,1,0
2025-12-16,Paid Search,google,cpc,KSA Growth,desktop,P001,10,9,6,1,1,1
2025-12-16,Paid Search,google,cpc,KSA Growth,desktop,P002,6,5,4,1,0,0
2025-12-16,Paid Search,google,cpc,KSA Growth,desktop,P003,9,8,6,1,1,1
2025-12-16,Paid Search,google,cpc,KSA Growth,desktop,P004,5,5,3,1,0,0
2025-12-16,Paid Search,google,cpc,KSA Growth,desktop,P005,9,7,6,1,1,1
2025-12-16,Paid Search,google,cpc,KSA Growth,desktop,P006,5,4,3,1,0,0
2025-12-16,Paid Search,google,cpc,KSA Growth,desktop,P007,8,7,5,1,1,0
2025-12-16,Paid Search,google,cpc,KSA Growth,desktop,P008,11,10,7,1,1,1
2025-12-16,Paid Search,google,cpc,KSA Growth,desktop,P009,7,6,5,1,0,0
2025-12-16,Paid Search,google,cpc,KSA Growth,desktop,P010,10,9,7,1,1,1
2025-12-16,Paid Search,google,cpc,KSA Growth,desktop,P011,7,6,4,1,0,0
2025-12-16,Paid Search,google,cpc,KSA Growth,desktop,P012,10,9,6,1,1,1
2025-12-16,Paid Social,instagram,paid_social,Creator Offers,tablet,P001,8,7,5,1,0,0
2025-12-16,Paid Social,instagram,paid_social,Creator Offers,tablet,P002,14,12,9,2,1,1
2025-12-16,Paid Social,instagram,paid_social,Creator Offers,tablet,P003,19,18,13,2,1,1
2025-12-16,Paid Social,instagram,paid_social,Creator Offers,tablet,P004,12,11,8,1,1,1
2025-12-16,Paid Social,instagram,paid_social,Creator Offers,tablet,P005,18,17,12,2,1,1
2025-12-16,Paid Social,instagram,paid_social,Creator Offers,tablet,P006,11,10,8,1,1,0
2025-12-16,Paid Social,instagram,paid_social,Creator Offers,tablet,P007,17,15,11,2,1,1
2025-12-16,Paid Social,instagram,paid_social,Creator Offers,tablet,P008,10,9,7,1,1,0
2025-12-16,Paid Social,instagram,paid_social,Creator Offers,tablet,P009,16,14,10,2,1,1
2025-12-16,Paid Social,instagram,paid_social,Creator Offers,tablet,P010,9,8,6,1,1,0
2025-12-16,Paid Social,instagram,paid_social,Creator Offers,tablet,P011,15,13,10,2,1,1
2025-12-16,Paid Social,instagram,paid_social,Creator Offers,tablet,P012,8,7,5,1,0,0
2025-12-16,Affiliates,partners,affiliate,Partner Network,mobile,P001,9,7,6,2,1,1
2025-12-16,Affiliates,partners,affiliate,Partner Network,mobile,P002,13,11,9,3,2,1
2025-12-16,Affiliates,partners,affiliate,Partner Network,mobile,P003,8,6,6,1,1,1
2025-12-16,Affiliates,partners,affiliate,Partner Network,mobile,P004,12,10,9,2,2,1
2025-12-16,Affiliates,partners,affiliate,Partner Network,mobile,P005,7,6,5,1,1,1
2025-12-16,Affiliates,partners,affiliate,Partner Network,mobile,P006,12,9,8,2,1,1
2025-12-16,Affiliates,partners,affiliate,Partner Network,mobile,P007,6,5,4,1,1,1
2025-12-16,Affiliates,partners,affiliate,Partner Network,mobile,P008,11,8,7,2,1,1
2025-12-16,Affiliates,partners,affiliate,Partner Network,mobile,P009,15,12,11,3,2,1
2025-12-16,Affiliates,partners,affiliate,Partner Network,mobile,P010,10,8,7,2,1,1
2025-12-16,Affiliates,partners,affiliate,Partner Network,mobile,P011,14,11,10,3,2,1
2025-12-16,Affiliates,partners,affiliate,Partner Network,mobile,P012,9,7,6,2,1,1
2025-12-17,Direct,direct,none,Unassigned,tablet,P001,15,12,11,2,1,1
2025-12-17,Direct,direct,none,Unassigned,tablet,P002,10,7,7,1,1,0
2025-12-17,Direct,direct,none,Unassigned,tablet,P003,14,11,10,2,1,1
2025-12-17,Direct,direct,none,Unassigned,tablet,P004,9,6,6,1,1,0
2025-12-17,Direct,direct,none,Unassigned,tablet,P005,13,10,9,2,1,1
2025-12-17,Direct,direct,none,Unassigned,tablet,P006,8,6,5,1,0,0
2025-12-17,Direct,direct,none,Unassigned,tablet,P007,12,9,9,2,1,1
2025-12-17,Direct,direct,none,Unassigned,tablet,P008,7,5,5,1,0,0
2025-12-17,Direct,direct,none,Unassigned,tablet,P009,11,9,8,2,1,1
2025-12-17,Direct,direct,none,Unassigned,tablet,P010,16,12,11,2,1,1
2025-12-17,Direct,direct,none,Unassigned,tablet,P011,10,8,7,2,1,0
2025-12-17,Direct,direct,none,Unassigned,tablet,P012,15,11,10,2,1,1
2025-12-17,Email,newsletter,email,Lifecycle,mobile,P001,6,4,4,1,0,0
2025-12-17,Email,newsletter,email,Lifecycle,mobile,P002,9,6,6,1,1,1
2025-12-17,Email,newsletter,email,Lifecycle,mobile,P003,5,4,3,1,0,0
2025-12-17,Email,newsletter,email,Lifecycle,mobile,P004,8,6,5,1,1,1
2025-12-17,Email,newsletter,email,Lifecycle,mobile,P005,12,8,8,2,1,1
2025-12-17,Email,newsletter,email,Lifecycle,mobile,P006,8,5,5,1,1,1
2025-12-17,Email,newsletter,email,Lifecycle,mobile,P007,11,8,7,2,1,1
2025-12-17,Email,newsletter,email,Lifecycle,mobile,P008,7,5,4,1,1,0
2025-12-17,Email,newsletter,email,Lifecycle,mobile,P009,10,7,7,2,1,1
2025-12-17,Email,newsletter,email,Lifecycle,mobile,P010,6,5,4,1,1,0
2025-12-17,Email,newsletter,email,Lifecycle,mobile,P011,10,7,6,1,1,1
2025-12-17,Email,newsletter,email,Lifecycle,mobile,P012,5,4,4,1,0,0
2025-12-17,Organic Search,google,organic,Always-on SEO,desktop,P001,7,6,5,1,1,1
2025-12-17,Organic Search,google,organic,Always-on SEO,desktop,P002,9,8,7,2,1,1
2025-12-17,Organic Search,google,organic,Always-on SEO,desktop,P003,6,5,4,1,1,0
2025-12-17,Organic Search,google,organic,Always-on SEO,desktop,P004,9,7,6,2,1,1
2025-12-17,Organic Search,google,organic,Always-on SEO,desktop,P005,5,5,4,1,0,0
2025-12-17,Organic Search,google,organic,Always-on SEO,desktop,P006,8,7,6,1,1,1
2025-12-17,Organic Search,google,organic,Always-on SEO,desktop,P007,5,4,3,1,0,0
2025-12-17,Organic Search,google,organic,Always-on SEO,desktop,P008,8,6,5,1,1,1
2025-12-17,Organic Search,google,organic,Always-on SEO,desktop,P009,4,4,3,1,0,0
2025-12-17,Organic Search,google,organic,Always-on SEO,desktop,P010,7,6,5,1,1,1
2025-12-17,Organic Search,google,organic,Always-on SEO,desktop,P011,10,8,7,2,1,1
2025-12-17,Organic Search,google,organic,Always-on SEO,desktop,P012,6,5,5,1,1,0
2025-12-18,Paid Social,instagram,paid_social,Creator Offers,mobile,P001,13,11,10,3,1,1
2025-12-18,Paid Social,instagram,paid_social,Creator Offers,mobile,P002,8,7,6,2,1,0
2025-12-18,Paid Social,instagram,paid_social,Creator Offers,mobile,P003,12,10,9,3,1,1
2025-12-18,Paid Social,instagram,paid_social,Creator Offers,mobile,P004,7,7,6,2,1,0
2025-12-18,Paid Social,instagram,paid_social,Creator Offers,mobile,P005,11,10,8,2,1,1
2025-12-18,Paid Social,instagram,paid_social,Creator Offers,mobile,P006,7,6,5,1,1,0
2025-12-18,Paid Social,instagram,paid_social,Creator Offers,mobile,P007,10,9,8,2,1,1
2025-12-18,Paid Social,instagram,paid_social,Creator Offers,mobile,P008,6,5,5,1,1,0
2025-12-18,Paid Social,instagram,paid_social,Creator Offers,mobile,P009,10,9,7,2,1,1
2025-12-18,Paid Social,instagram,paid_social,Creator Offers,mobile,P010,5,5,4,1,1,0
2025-12-18,Paid Social,instagram,paid_social,Creator Offers,mobile,P011,9,8,7,2,1,1
2025-12-18,Paid Social,instagram,paid_social,Creator Offers,mobile,P012,12,11,10,3,1,1
2025-12-18,Affiliates,partners,affiliate,Partner Network,desktop,P001,9,8,6,1,1,0
2025-12-18,Affiliates,partners,affiliate,Partner Network,desktop,P002,14,13,9,2,1,1
2025-12-18,Affiliates,partners,affiliate,Partner Network,desktop,P003,8,7,5,1,1,0
2025-12-18,Affiliates,partners,affiliate,Partner Network,desktop,P004,13,12,9,2,1,1
2025-12-18,Affiliates,partners,affiliate,Partner Network,desktop,P005,7,6,5,1,0,0
2025-12-18,Affiliates,partners,affiliate,Partner Network,desktop,P006,12,11,8,2,1,1
2025-12-18,Affiliates,partners,affiliate,Partner Network,desktop,P007,18,15,11,2,1,1
2025-12-18,Affiliates,partners,affiliate,Partner Network,desktop,P008,11,10,7,1,1,1
2025-12-18,Affiliates,partners,affiliate,Partner Network,desktop,P009,17,14,11,2,1,1
2025-12-18,Affiliates,partners,affiliate,Partner Network,desktop,P010,10,9,7,1,1,1
2025-12-18,Affiliates,partners,affiliate,Partner Network,desktop,P011,15,13,10,2,1,1
2025-12-18,Affiliates,partners,affiliate,Partner Network,desktop,P012,9,8,6,1,1,0
2025-12-18,Paid Search,google,cpc,KSA Growth,tablet,P001,12,9,9,2,1,1
2025-12-18,Paid Search,google,cpc,KSA Growth,tablet,P002,18,13,13,2,1,1
2025-12-18,Paid Search,google,cpc,KSA Growth,tablet,P003,11,8,9,2,1,1
2025-12-18,Paid Search,google,cpc,KSA Growth,tablet,P004,17,12,12,2,1,1
2025-12-18,Paid Search,google,cpc,KSA Growth,tablet,P005,10,8,8,1,1,0
2025-12-18,Paid Search,google,cpc,KSA Growth,tablet,P006,16,11,12,2,1,1
2025-12-18,Paid Search,google,cpc,KSA Growth,tablet,P007,9,7,7,1,1,0
2025-12-18,Paid Search,google,cpc,KSA Growth,tablet,P008,14,11,11,2,1,1
2025-12-18,Paid Search,google,cpc,KSA Growth,tablet,P009,8,6,6,1,0,0
2025-12-18,Paid Search,google,cpc,KSA Growth,tablet,P010,13,10,10,2,1,1
2025-12-18,Paid Search,google,cpc,KSA Growth,tablet,P011,7,5,5,1,0,0
2025-12-18,Paid Search,google,cpc,KSA Growth,tablet,P012,12,9,9,2,1,1
2025-12-19,Email,newsletter,email,Lifecycle,desktop,P001,7,5,6,2,1,1
2025-12-19,Email,newsletter,email,Lifecycle,desktop,P002,12,9,9,3,2,1
2025-12-19,Email,newsletter,email,Lifecycle,desktop,P003,16,12,13,4,2,1
2025-12-19,Email,newsletter,email,Lifecycle,desktop,P004,11,8,9,2,2,1
2025-12-19,Email,newsletter,email,Lifecycle,desktop,P005,15,12,12,3,2,1
2025-12-19,Email,newsletter,email,Lifecycle,desktop,P006,10,7,8,2,1,1
2025-12-19,Email,newsletter,email,Lifecycle,desktop,P007,14,11,12,3,2,1
2025-12-19,Email,newsletter,email,Lifecycle,desktop,P008,9,7,7,2,1,1
2025-12-19,Email,newsletter,email,Lifecycle,desktop,P009,13,10,11,3,2,1
2025-12-19,Email,newsletter,email,Lifecycle,desktop,P010,8,6,6,2,1,1
2025-12-19,Email,newsletter,email,Lifecycle,desktop,P011,12,9,10,3,2,1
2025-12-19,Email,newsletter,email,Lifecycle,desktop,P012,7,5,5,1,1,1
2025-12-19,Organic Search,google,organic,Always-on SEO,tablet,P001,8,6,6,1,1,0
2025-12-19,Organic Search,google,organic,Always-on SEO,tablet,P002,12,9,8,2,1,1
2025-12-19,Organic Search,google,organic,Always-on SEO,tablet,P003,7,5,5,1,1,0
2025-12-19,Organic Search,google,organic,Always-on SEO,tablet,P004,11,8,8,2,1,1
2025-12-19,Organic Search,google,organic,Always-on SEO,tablet,P005,6,5,4,1,0,0
2025-12-19,Organic Search,google,organic,Always-on SEO,tablet,P006,10,7,7,2,1,1
2025-12-19,Organic Search,google,organic,Always-on SEO,tablet,P007,5,4,4,1,0,0
2025-12-19,Organic Search,google,organic,Always-on SEO,tablet,P008,9,7,7,1,1,1
2025-12-19,Organic Search,google,organic,Always-on SEO,tablet,P009,13,10,10,2,1,1
2025-12-19,Organic Search,google,organic,Always-on SEO,tablet,P010,8,6,6,1,1,1
2025-12-19,Organic Search,google,organic,Always-on SEO,tablet,P011,12,9,9,2,1,1
2025-12-19,Organic Search,google,organic,Always-on SEO,tablet,P012,8,6,6,1,1,0
2025-12-19,Direct,direct,none,Unassigned,mobile,P001,9,7,7,2,1,1
2025-12-19,Direct,direct,none,Unassigned,mobile,P002,5,4,4,1,1,0
2025-12-19,Direct,direct,none,Unassigned,mobile,P003,8,6,6,2,1,1
2025-12-19,Direct,direct,none,Unassigned,mobile,P004,12,9,9,3,1,1
2025-12-19,Direct,direct,none,Unassigned,mobile,P005,8,6,6,2,1,0
2025-12-19,Direct,direct,none,Unassigned,mobile,P006,11,8,9,2,1,1
2025-12-19,Direct,direct,none,Unassigned,mobile,P007,7,5,5,1,1,0
2025-12-19,Direct,direct,none,Unassigned,mobile,P008,10,8,8,2,1,1
2025-12-19,Direct,direct,none,Unassigned,mobile,P009,6,5,5,1,1,0
2025-12-19,Direct,direct,none,Unassigned,mobile,P010,10,7,8,2,1,1
2025-12-19,Direct,direct,none,Unassigned,mobile,P011,6,4,4,1,1,0
2025-12-19,Direct,direct,none,Unassigned,mobile,P012,9,7,7,2,1,1
2025-12-20,Affiliates,partners,affiliate,Partner Network,tablet,P001,8,7,6,1,1,1
2025-12-20,Affiliates,partners,affiliate,Partner Network,tablet,P002,14,12,10,2,1,1
2025-12-20,Affiliates,partners,affiliate,Partner Network,tablet,P003,7,6,5,1,1,0
2025-12-20,Affiliates,partners,affiliate,Partner Network,tablet,P004,13,11,9,2,1,1
2025-12-20,Affiliates,partners,affiliate,Partner Network,tablet,P005,18,15,13,3,2,1
2025-12-20,Affiliates,partners,affiliate,Partner Network,tablet,P006,12,10,8,2,1,1
2025-12-20,Affiliates,partners,affiliate,Partner Network,tablet,P007,17,14,12,3,2,1
2025-12-20,Affiliates,partners,affiliate,Partner Network,tablet,P008,10,9,8,2,1,1
2025-12-20,Affiliates,partners,affiliate,Partner Network,tablet,P009,16,14,12,3,2,1
2025-12-20,Affiliates,partners,affiliate,Partner Network,tablet,P010,9,8,7,2,1,1
2025-12-20,Affiliates,partners,affiliate,Partner Network,tablet,P011,15,13,11,2,1,1
2025-12-20,Affiliates,partners,affiliate,Partner Network,tablet,P012,8,7,6,1,1,0
2025-12-20,Paid Search,google,cpc,KSA Growth,mobile,P001,13,11,9,3,2,1
2025-12-20,Paid Search,google,cpc,KSA Growth,mobile,P002,18,16,13,4,3,2
2025-12-20,Paid Search,google,cpc,KSA Growth,mobile,P003,11,10,8,2,2,1
2025-12-20,Paid Search,google,cpc,KSA Growth,mobile,P004,17,15,12,3,2,2
2025-12-20,Paid Search,google,cpc,KSA Growth,mobile,P005,10,9,7,2,1,1
2025-12-20,Paid Search,google,cpc,KSA Growth,mobile,P006,16,14,11,3,2,2
2025-12-20,Paid Search,google,cpc,KSA Growth,mobile,P007,9,8,7,2,1,1
2025-12-20,Paid Search,google,cpc,KSA Growth,mobile,P008,15,13,11,3,2,2
2025-12-20,Paid Search,google,cpc,KSA Growth,mobile,P009,8,7,6,2,1,1
2025-12-20,Paid Search,google,cpc,KSA Growth,mobile,P010,14,12,10,3,2,1
2025-12-20,Paid Search,google,cpc,KSA Growth,mobile,P011,20,16,14,4,3,2
2025-12-20,Paid Search,google,cpc,KSA Growth,mobile,P012,13,11,9,3,2,1
2025-12-20,Paid Social,instagram,paid_social,Creator Offers,desktop,P001,14,12,12,2,1,1
2025-12-20,Paid Social,instagram,paid_social,Creator Offers,desktop,P002,8,7,7,1,1,0
2025-12-20,Paid Social,instagram,paid_social,Creator Offers,desktop,P003,13,12,11,2,1,1
2025-12-20,Paid Social,instagram,paid_social,Creator Offers,desktop,P004,7,6,6,1,1,0
2025-12-20,Paid Social,instagram,paid_social,Creator Offers,desktop,P005,12,11,10,2,1,1
2025-12-20,Paid Social,instagram,paid_social,Creator Offers,desktop,P006,18,15,14,3,1,1
2025-12-20,Paid Social,instagram,paid_social,Creator Offers,desktop,P007,11,10,9,2,1,0
2025-12-20,Paid Social,instagram,paid_social,Creator Offers,desktop,P008,17,14,13,3,1,1
2025-12-20,Paid Social,instagram,paid_social,Creator Offers,desktop,P009,10,9,8,2,1,0
2025-12-20,Paid Social,instagram,paid_social,Creator Offers,desktop,P010,15,13,12,2,1,1
2025-12-20,Paid Social,instagram,paid_social,Creator Offers,desktop,P011,9,8,7,1,1,0
2025-12-20,Paid Social,instagram,paid_social,Creator Offers,desktop,P012,14,12,11,2,1,1
2025-12-21,Organic Search,google,organic,Always-on SEO,mobile,P001,6,5,4,1,0,0
2025-12-21,Organic Search,google,organic,Always-on SEO,mobile,P002,9,7,6,1,1,1
2025-12-21,Organic Search,google,organic,Always-on SEO,mobile,P003,5,4,3,1,0,0
2025-12-21,Organic Search,google,organic,Always-on SEO,mobile,P004,8,7,5,1,1,1
2025-12-21,Organic Search,google,organic,Always-on SEO,mobile,P005,4,4,3,1,0,0
2025-12-21,Organic Search,google,organic,Always-on SEO,mobile,P006,8,6,5,1,1,1
2025-12-21,Organic Search,google,organic,Always-on SEO,mobile,P007,11,9,7,2,1,1
2025-12-21,Organic Search,google,organic,Always-on SEO,mobile,P008,7,6,4,1,1,0
2025-12-21,Organic Search,google,organic,Always-on SEO,mobile,P009,10,8,6,2,1,1
2025-12-21,Organic Search,google,organic,Always-on SEO,mobile,P010,6,5,4,1,1,0
2025-12-21,Organic Search,google,organic,Always-on SEO,mobile,P011,9,8,6,1,1,1
2025-12-21,Organic Search,google,organic,Always-on SEO,mobile,P012,6,5,4,1,0,0
2025-12-21,Direct,direct,none,Unassigned,desktop,P001,12,10,10,2,1,1
2025-12-21,Direct,direct,none,Unassigned,desktop,P002,17,14,13,3,2,1
2025-12-21,Direct,direct,none,Unassigned,desktop,P003,11,9,9,2,1,1
2025-12-21,Direct,direct,none,Unassigned,desktop,P004,16,14,13,3,1,1
2025-12-21,Direct,direct,none,Unassigned,desktop,P005,10,9,8,2,1,0
2025-12-21,Direct,direct,none,Unassigned,desktop,P006,15,13,12,3,1,1
2025-12-21,Direct,direct,none,Unassigned,desktop,P007,9,8,7,1,1,0
2025-12-21,Direct,direct,none,Unassigned,desktop,P008,14,12,11,2,1,1
2025-12-21,Direct,direct,none,Unassigned,desktop,P009,8,7,6,1,1,0
2025-12-21,Direct,direct,none,Unassigned,desktop,P010,13,11,10,2,1,1
2025-12-21,Direct,direct,none,Unassigned,desktop,P011,7,6,6,1,1,0
2025-12-21,Direct,direct,none,Unassigned,desktop,P012,12,10,9,2,1,1
2025-12-21,Email,newsletter,email,Lifecycle,tablet,P001,12,10,8,2,1,1
2025-12-21,Email,newsletter,email,Lifecycle,tablet,P002,7,6,4,1,1,0
2025-12-21,Email,newsletter,email,Lifecycle,tablet,P003,11,10,7,2,1,1
2025-12-21,Email,newsletter,email,Lifecycle,tablet,P004,6,6,4,1,1,0
2025-12-21,Email,newsletter,email,Lifecycle,tablet,P005,10,9,7,2,1,1
2025-12-21,Email,newsletter,email,Lifecycle,tablet,P006,6,5,3,1,0,0
2025-12-21,Email,newsletter,email,Lifecycle,tablet,P007,9,8,6,2,1,1
2025-12-21,Email,newsletter,email,Lifecycle,tablet,P008,13,12,9,2,1,1
2025-12-21,Email,newsletter,email,Lifecycle,tablet,P009,9,8,6,2,1,1
2025-12-21,Email,newsletter,email,Lifecycle,tablet,P010,13,11,8,2,1,1
2025-12-21,Email,newsletter,email,Lifecycle,tablet,P011,8,7,5,2,1,0
2025-12-21,Email,newsletter,email,Lifecycle,tablet,P012,12,10,8,2,1,1
2025-12-22,Paid Search,google,cpc,KSA Growth,desktop,P001,10,8,6,1,1,0
2025-12-22,Paid Search,google,cpc,KSA Growth,desktop,P002,14,12,9,2,1,1
2025-12-22,Paid Search,google,cpc,KSA Growth,desktop,P003,9,7,6,1,1,0
2025-12-22,Paid Search,google,cpc,KSA Growth,desktop,P004,14,11,9,2,1,1
2025-12-22,Paid Search,google,cpc,KSA Growth,desktop,P005,8,6,5,1,0,0
2025-12-22,Paid Search,google,cpc,KSA Growth,desktop,P006,13,10,8,2,1,1
2025-12-22,Paid Search,google,cpc,KSA Growth,desktop,P007,7,5,4,1,0,0
2025-12-22,Paid Search,google,cpc,KSA Growth,desktop,P008,12,9,7,2,1,1
2025-12-22,Paid Search,google,cpc,KSA Growth,desktop,P009,16,13,11,2,1,1
2025-12-22,Paid Search,google,cpc,KSA Growth,desktop,P010,11,9,7,1,1,0
2025-12-22,Paid Search,google,cpc,KSA Growth,desktop,P011,15,12,10,2,1,1
2025-12-22,Paid Search,google,cpc,KSA Growth,desktop,P012,10,8,6,1,1,0
2025-12-22,Paid Social,instagram,paid_social,Creator Offers,tablet,P001,9,7,7,1,1,1
2025-12-22,Paid Social,instagram,paid_social,Creator Offers,tablet,P002,5,4,4,1,0,0
2025-12-22,Paid Social,instagram,paid_social,Creator Offers,tablet,P003,9,7,7,1,1,0
2025-12-22,Paid Social,instagram,paid_social,Creator Offers,tablet,P004,12,10,10,2,1,1
2025-12-22,Paid Social,instagram,paid_social,Creator Offers,tablet,P005,8,6,6,1,1,0
2025-12-22,Paid Social,instagram,paid_social,Creator Offers,tablet,P006,12,9,9,2,1,1
2025-12-22,Paid Social,instagram,paid_social,Creator Offers,tablet,P007,7,6,6,1,1,0
2025-12-22,Paid Social,instagram,paid_social,Creator Offers,tablet,P008,11,8,9,2,1,1
2025-12-22,Paid Social,instagram,paid_social,Creator Offers,tablet,P009,7,5,5,1,0,0
2025-12-22,Paid Social,instagram,paid_social,Creator Offers,tablet,P010,10,8,8,1,1,1
2025-12-22,Paid Social,instagram,paid_social,Creator Offers,tablet,P011,6,4,5,1,0,0
2025-12-22,Paid Social,instagram,paid_social,Creator Offers,tablet,P012,9,7,7,1,1,1
2025-12-22,Affiliates,partners,affiliate,Partner Network,mobile,P001,12,9,9,2,1,1
2025-12-22,Affiliates,partners,affiliate,Partner Network,mobile,P002,8,6,6,1,1,0
2025-12-22,Affiliates,partners,affiliate,Partner Network,mobile,P003,12,9,8,2,1,1
2025-12-22,Affiliates,partners,affiliate,Partner Network,mobile,P004,7,5,5,1,0,0
2025-12-22,Affiliates,partners,affiliate,Partner Network,mobile,P005,11,8,8,2,1,1
2025-12-22,Affiliates,partners,affiliate,Partner Network,mobile,P006,6,5,4,1,0,0
2025-12-22,Affiliates,partners,affiliate,Partner Network,mobile,P007,10,8,7,1,1,1
2025-12-22,Affiliates,partners,affiliate,Partner Network,mobile,P008,5,4,4,1,0,0
2025-12-22,Affiliates,partners,affiliate,Partner Network,mobile,P009,9,7,7,1,1,1
2025-12-22,Affiliates,partners,affiliate,Partner Network,mobile,P010,13,10,10,2,1,1
2025-12-22,Affiliates,partners,affiliate,Partner Network,mobile,P011,8,7,6,1,1,0
2025-12-22,Affiliates,partners,affiliate,Partner Network,mobile,P012,12,9,9,2,1,1
2025-12-23,Direct,direct,none,Unassigned,tablet,P001,9,7,6,2,1,1
2025-12-23,Direct,direct,none,Unassigned,tablet,P002,13,10,9,2,1,1
2025-12-23,Direct,direct,none,Unassigned,tablet,P003,8,6,6,1,1,0
2025-12-23,Direct,direct,none,Unassigned,tablet,P004,12,9,8,2,1,1
2025-12-23,Direct,direct,none,Unassigned,tablet,P005,7,5,5,1,1,0
2025-12-23,Direct,direct,none,Unassigned,tablet,P006,11,9,8,2,1,1
2025-12-23,Direct,direct,none,Unassigned,tablet,P007,6,5,4,1,1,0
2025-12-23,Direct,direct,none,Unassigned,tablet,P008,11,8,7,2,1,1
2025-12-23,Direct,direct,none,Unassigned,tablet,P009,6,4,4,1,1,0
2025-12-23,Direct,direct,none,Unassigned,tablet,P010,10,7,7,2,1,1
2025-12-23,Direct,direct,none,Unassigned,tablet,P011,14,10,10,2,1,1
2025-12-23,Direct,direct,none,Unassigned,tablet,P012,9,7,6,1,1,1
2025-12-23,Email,newsletter,email,Lifecycle,mobile,P001,7,6,5,1,1,1
2025-12-23,Email,newsletter,email,Lifecycle,mobile,P002,4,3,3,1,0,0
2025-12-23,Email,newsletter,email,Lifecycle,mobile,P003,7,5,5,1,0,0
2025-12-23,Email,newsletter,email,Lifecycle,mobile,P004,3,3,2,0,0,0
2025-12-23,Email,newsletter,email,Lifecycle,mobile,P005,6,5,4,1,0,0
2025-12-23,Email,newsletter,email,Lifecycle,mobile,P006,9,7,6,1,1,1
2025-12-23,Email,newsletter,email,Lifecycle,mobile,P007,6,4,4,1,0,0
2025-12-23,Email,newsletter,email,Lifecycle,mobile,P008,8,7,6,1,1,1
2025-12-23,Email,newsletter,email,Lifecycle,mobile,P009,5,4,4,1,0,0
2025-12-23,Email,newsletter,email,Lifecycle,mobile,P010,8,6,5,1,1,1
2025-12-23,Email,newsletter,email,Lifecycle,mobile,P011,5,4,3,1,0,0
2025-12-23,Email,newsletter,email,Lifecycle,mobile,P012,7,6,5,1,1,0
2025-12-23,Organic Search,google,organic,Always-on SEO,desktop,P001,9,8,7,1,1,1
2025-12-23,Organic Search,google,organic,Always-on SEO,desktop,P002,6,5,4,1,0,0
2025-12-23,Organic Search,google,organic,Always-on SEO,desktop,P003,8,7,6,1,1,1
2025-12-23,Organic Search,google,organic,Always-on SEO,desktop,P004,5,5,4,1,0,0
2025-12-23,Organic Search,google,organic,Always-on SEO,desktop,P005,8,7,6,1,1,1
2025-12-23,Organic Search,google,organic,Always-on SEO,desktop,P006,5,4,4,1,0,0
2025-12-23,Organic Search,google,organic,Always-on SEO,desktop,P007,7,6,6,1,1,1
2025-12-23,Organic Search,google,organic,Always-on SEO,desktop,P008,4,4,3,1,0,0
2025-12-23,Organic Search,google,organic,Always-on SEO,desktop,P009,7,6,5,1,1,0
2025-12-23,Organic Search,google,organic,Always-on SEO,desktop,P010,4,3,3,0,0,0
2025-12-23,Organic Search,google,organic,Always-on SEO,desktop,P011,6,6,5,1,1,0
2025-12-23,Organic Search,google,organic,Always-on SEO,desktop,P012,9,8,7,1,1,1
2025-12-24,Paid Social,instagram,paid_social,Creator Offers,mobile,P001,13,10,10,2,2,1
2025-12-24,Paid Social,instagram,paid_social,Creator Offers,mobile,P002,19,14,15,3,2,1
2025-12-24,Paid Social,instagram,paid_social,Creator Offers,mobile,P003,12,9,9,2,1,1
2025-12-24,Paid Social,instagram,paid_social,Creator Offers,mobile,P004,17,13,14,3,2,1
2025-12-24,Paid Social,instagram,paid_social,Creator Offers,mobile,P005,11,8,9,2,1,1
2025-12-24,Paid Social,instagram,paid_social,Creator Offers,mobile,P006,16,12,13,3,2,1
2025-12-24,Paid Social,instagram,paid_social,Creator Offers,mobile,P007,10,7,8,2,1,1
2025-12-24,Paid Social,instagram,paid_social,Creator Offers,mobile,P008,15,12,12,3,2,1
2025-12-24,Paid Social,instagram,paid_social,Creator Offers,mobile,P009,9,7,7,2,1,1
2025-12-24,Paid Social,instagram,paid_social,Creator Offers,mobile,P010,14,11,11,3,2,1
2025-12-24,Paid Social,instagram,paid_social,Creator Offers,mobile,P011,8,6,6,1,1,1
2025-12-24,Paid Social,instagram,paid_social,Creator Offers,mobile,P012,13,10,10,2,2,1
2025-12-24,Affiliates,partners,affiliate,Partner Network,desktop,P001,10,8,7,1,1,1
2025-12-24,Affiliates,partners,affiliate,Partner Network,desktop,P002,6,5,4,1,0,0
2025-12-24,Affiliates,partners,affiliate,Partner Network,desktop,P003,9,8,7,1,1,1
2025-12-24,Affiliates,partners,affiliate,Partner Network,desktop,P004,5,4,4,1,0,0
2025-12-24,Affiliates,partners,affiliate,Partner Network,desktop,P005,8,7,6,1,1,1
2025-12-24,Affiliates,partners,affiliate,Partner Network,desktop,P006,5,4,3,1,0,0
2025-12-24,Affiliates,partners,affiliate,Partner Network,desktop,P007,8,7,6,1,1,1
2025-12-24,Affiliates,partners,affiliate,Partner Network,desktop,P008,11,9,8,2,1,1
2025-12-24,Affiliates,partners,affiliate,Partner Network,desktop,P009,7,6,5,1,1,0
2025-12-24,Affiliates,partners,affiliate,Partner Network,desktop,P010,10,9,7,2,1,1
2025-12-24,Affiliates,partners,affiliate,Partner Network,desktop,P011,6,6,5,1,1,0
2025-12-24,Affiliates,partners,affiliate,Partner Network,desktop,P012,10,8,7,1,1,1
2025-12-24,Paid Search,google,cpc,KSA Growth,tablet,P001,5,4,3,1,0,0
2025-12-24,Paid Search,google,cpc,KSA Growth,tablet,P002,9,7,6,1,1,0
2025-12-24,Paid Search,google,cpc,KSA Growth,tablet,P003,12,10,8,1,1,1
2025-12-24,Paid Search,google,cpc,KSA Growth,tablet,P004,8,6,5,1,0,0
2025-12-24,Paid Search,google,cpc,KSA Growth,tablet,P005,11,9,7,1,1,1
2025-12-24,Paid Search,google,cpc,KSA Growth,tablet,P006,7,6,5,1,0,0
2025-12-24,Paid Search,google,cpc,KSA Growth,tablet,P007,11,9,7,1,1,1
2025-12-24,Paid Search,google,cpc,KSA Growth,tablet,P008,6,5,4,1,0,0
2025-12-24,Paid Search,google,cpc,KSA Growth,tablet,P009,10,8,6,1,1,1
2025-12-24,Paid Search,google,cpc,KSA Growth,tablet,P010,6,5,4,1,0,0
2025-12-24,Paid Search,google,cpc,KSA Growth,tablet,P011,9,7,6,1,1,0
2025-12-24,Paid Search,google,cpc,KSA Growth,tablet,P012,5,4,3,1,0,0
2025-12-25,Email,newsletter,email,Lifecycle,desktop,P001,10,7,6,2,1,1
2025-12-25,Email,newsletter,email,Lifecycle,desktop,P002,5,4,4,1,0,0
2025-12-25,Email,newsletter,email,Lifecycle,desktop,P003,9,7,6,1,1,1
2025-12-25,Email,newsletter,email,Lifecycle,desktop,P004,12,9,8,2,1,1
2025-12-25,Email,newsletter,email,Lifecycle,desktop,P005,8,6,5,1,1,1
2025-12-25,Email,newsletter,email,Lifecycle,desktop,P006,12,9,8,2,1,1
2025-12-25,Email,newsletter,email,Lifecycle,desktop,P007,7,6,5,1,1,0
2025-12-25,Email,newsletter,email,Lifecycle,desktop,P008,11,8,7,2,1,1
2025-12-25,Email,newsletter,email,Lifecycle,desktop,P009,7,5,5,1,1,0
2025-12-25,Email,newsletter,email,Lifecycle,desktop,P010,10,8,7,2,1,1
2025-12-25,Email,newsletter,email,Lifecycle,desktop,P011,6,4,4,1,0,0
2025-12-25,Email,newsletter,email,Lifecycle,desktop,P012,9,7,6,2,1,1
2025-12-25,Organic Search,google,organic,Always-on SEO,tablet,P001,15,12,10,3,2,1
2025-12-25,Organic Search,google,organic,Always-on SEO,tablet,P002,9,7,6,2,1,1
2025-12-25,Organic Search,google,organic,Always-on SEO,tablet,P003,14,11,10,3,1,1
2025-12-25,Organic Search,google,organic,Always-on SEO,tablet,P004,8,7,6,2,1,0
2025-12-25,Organic Search,google,organic,Always-on SEO,tablet,P005,13,10,9,3,1,1
2025-12-25,Organic Search,google,organic,Always-on SEO,tablet,P006,7,6,5,1,1,0
2025-12-25,Organic Search,google,organic,Always-on SEO,tablet,P007,12,10,8,2,1,1
2025-12-25,Organic Search,google,organic,Always-on SEO,tablet,P008,6,5,5,1,1,0
2025-12-25,Organic Search,google,organic,Always-on SEO,tablet,P009,11,9,8,2,1,1
2025-12-25,Organic Search,google,organic,Always-on SEO,tablet,P010,16,12,11,3,2,1
2025-12-25,Organic Search,google,organic,Always-on SEO,tablet,P011,10,8,7,2,1,1
2025-12-25,Organic Search,google,organic,Always-on SEO,tablet,P012,15,12,10,3,2,1
2025-12-25,Direct,direct,none,Unassigned,mobile,P001,9,6,6,2,1,1
2025-12-25,Direct,direct,none,Unassigned,mobile,P002,14,10,10,3,2,1
2025-12-25,Direct,direct,none,Unassigned,mobile,P003,8,6,5,1,1,0
2025-12-25,Direct,direct,none,Unassigned,mobile,P004,13,10,9,3,2,1
2025-12-25,Direct,direct,none,Unassigned,mobile,P005,19,13,13,4,2,1
2025-12-25,Direct,direct,none,Unassigned,mobile,P006,12,9,8,2,2,1
2025-12-25,Direct,direct,none,Unassigned,mobile,P007,18,13,12,3,2,1
2025-12-25,Direct,direct,none,Unassigned,mobile,P008,11,8,8,2,1,1
2025-12-25,Direct,direct,none,Unassigned,mobile,P009,16,12,12,3,2,1
2025-12-25,Direct,direct,none,Unassigned,mobile,P010,10,7,7,2,1,1
2025-12-25,Direct,direct,none,Unassigned,mobile,P011,15,11,11,3,2,1
2025-12-25,Direct,direct,none,Unassigned,mobile,P012,9,6,6,2,1,1
2025-12-26,Affiliates,partners,affiliate,Partner Network,tablet,P001,11,10,8,2,1,1
2025-12-26,Affiliates,partners,affiliate,Partner Network,tablet,P002,6,5,4,1,0,0
2025-12-26,Affiliates,partners,affiliate,Partner Network,tablet,P003,10,9,7,1,1,1
2025-12-26,Affiliates,partners,affiliate,Partner Network,tablet,P004,5,5,4,1,0,0
2025-12-26,Affiliates,partners,affiliate,Partner Network,tablet,P005,9,8,7,1,1,1
2025-12-26,Affiliates,partners,affiliate,Partner Network,tablet,P006,13,12,9,2,1,1
2025-12-26,Affiliates,partners,affiliate,Partner Network,tablet,P007,9,7,6,1,1,1
2025-12-26,Affiliates,partners,affiliate,Partner Network,tablet,P008,12,11,9,2,1,1
2025-12-26,Affiliates,partners,affiliate,Partner Network,tablet,P009,8,7,6,1,1,0
2025-12-26,Affiliates,partners,affiliate,Partner Network,tablet,P010,12,10,8,2,1,1
2025-12-26,Affiliates,partners,affiliate,Partner Network,tablet,P011,7,6,5,1,1,0
2025-12-26,Affiliates,partners,affiliate,Partner Network,tablet,P012,11,10,8,1,1,1
2025-12-26,Paid Search,google,cpc,KSA Growth,mobile,P001,20,16,16,3,2,1
2025-12-26,Paid Search,google,cpc,KSA Growth,mobile,P002,13,10,10,2,1,1
2025-12-26,Paid Search,google,cpc,KSA Growth,mobile,P003,19,15,15,3,2,1
2025-12-26,Paid Search,google,cpc,KSA Growth,mobile,P004,12,9,9,2,1,1
2025-12-26,Paid Search,google,cpc,KSA Growth,mobile,P005,17,14,14,3,2,1
2025-12-26,Paid Search,google,cpc,KSA Growth,mobile,P006,10,8,8,2,1,1
2025-12-26,Paid Search,google,cpc,KSA Growth,mobile,P007,16,13,13,3,2,1
2025-12-26,Paid Search,google,cpc,KSA Growth,mobile,P008,9,7,8,2,1,1
2025-12-26,Paid Search,google,cpc,KSA Growth,mobile,P009,15,12,12,2,2,1
2025-12-26,Paid Search,google,cpc,KSA Growth,mobile,P010,8,6,7,1,1,1
2025-12-26,Paid Search,google,cpc,KSA Growth,mobile,P011,14,11,11,2,2,1
2025-12-26,Paid Search,google,cpc,KSA Growth,mobile,P012,20,16,16,3,2,1
2025-12-26,Paid Social,instagram,paid_social,Creator Offers,desktop,P001,8,6,6,1,1,0
2025-12-26,Paid Social,instagram,paid_social,Creator Offers,desktop,P002,12,9,9,2,1,1
2025-12-26,Paid Social,instagram,paid_social,Creator Offers,desktop,P003,7,5,5,1,0,0
2025-12-26,Paid Social,instagram,paid_social,Creator Offers,desktop,P004,12,8,8,2,1,1
2025-12-26,Paid Social,instagram,paid_social,Creator Offers,desktop,P005,6,5,4,1,0,0
2025-12-26,Paid Social,instagram,paid_social,Creator Offers,desktop,P006,11,8,8,2,1,1
2025-12-26,Paid Social,instagram,paid_social,Creator Offers,desktop,P007,15,11,11,2,1,1
2025-12-26,Paid Social,instagram,paid_social,Creator Offers,desktop,P008,10,7,7,1,1,1
2025-12-26,Paid Social,instagram,paid_social,Creator Offers,desktop,P009,14,10,10,2,1,1
2025-12-26,Paid Social,instagram,paid_social,Creator Offers,desktop,P010,9,7,6,1,1,1
2025-12-26,Paid Social,instagram,paid_social,Creator Offers,desktop,P011,13,10,10,2,1,1
2025-12-26,Paid Social,instagram,paid_social,Creator Offers,desktop,P012,8,6,6,1,1,0
2025-12-27,Organic Search,google,organic,Always-on SEO,mobile,P001,14,11,10,2,1,1
2025-12-27,Organic Search,google,organic,Always-on SEO,mobile,P002,8,7,6,1,1,0
2025-12-27,Organic Search,google,organic,Always-on SEO,mobile,P003,13,10,9,2,1,1
2025-12-27,Organic Search,google,organic,Always-on SEO,mobile,P004,8,6,5,1,1,0
2025-12-27,Organic Search,google,organic,Always-on SEO,mobile,P005,12,10,8,2,1,1
2025-12-27,Organic Search,google,organic,Always-on SEO,mobile,P006,7,5,5,1,1,0
2025-12-27,Organic Search,google,organic,Always-on SEO,mobile,P007,11,9,8,2,1,1
2025-12-27,Organic Search,google,organic,Always-on SEO,mobile,P008,16,13,11,3,2,1
2025-12-27,Organic Search,google,organic,Always-on SEO,mobile,P009,10,8,7,2,1,0
2025-12-27,Organic Search,google,organic,Always-on SEO,mobile,P010,15,12,10,3,1,1
2025-12-27,Organic Search,google,organic,Always-on SEO,mobile,P011,9,7,6,2,1,0
2025-12-27,Organic Search,google,organic,Always-on SEO,mobile,P012,14,11,10,2,1,1
2025-12-27,Direct,direct,none,Unassigned,desktop,P001,6,5,4,1,0,0
2025-12-27,Direct,direct,none,Unassigned,desktop,P002,11,8,7,2,1,0
2025-12-27,Direct,direct,none,Unassigned,desktop,P003,15,12,10,2,1,1
2025-12-27,Direct,direct,none,Unassigned,desktop,P004,10,7,6,1,1,0
2025-12-27,Direct,direct,none,Unassigned,desktop,P005,14,11,9,2,1,1
2025-12-27,Direct,direct,none,Unassigned,desktop,P006,9,7,6,1,1,0
2025-12-27,Direct,direct,none,Unassigned,desktop,P007,13,10,8,2,1,1
2025-12-27,Direct,direct,none,Unassigned,desktop,P008,8,6,5,1,1,0
2025-12-27,Direct,direct,none,Unassigned,desktop,P009,12,9,8,2,1,1
2025-12-27,Direct,direct,none,Unassigned,desktop,P010,7,5,5,1,0,0
2025-12-27,Direct,direct,none,Unassigned,desktop,P011,12,9,7,2,1,1
2025-12-27,Direct,direct,none,Unassigned,desktop,P012,6,5,4,1,0,0
2025-12-27,Email,newsletter,email,Lifecycle,tablet,P001,12,10,9,2,1,1
2025-12-27,Email,newsletter,email,Lifecycle,tablet,P002,17,14,14,3,1,1
2025-12-27,Email,newsletter,email,Lifecycle,tablet,P003,10,9,8,1,1,0
2025-12-27,Email,newsletter,email,Lifecycle,tablet,P004,16,14,13,2,1,1
2025-12-27,Email,newsletter,email,Lifecycle,tablet,P005,9,8,7,1,1,0
2025-12-27,Email,newsletter,email,Lifecycle,tablet,P006,15,13,12,2,1,1
2025-12-27,Email,newsletter,email,Lifecycle,tablet,P007,8,7,6,1,1,0
2025-12-27,Email,newsletter,email,Lifecycle,tablet,P008,14,12,11,2,1,1
2025-12-27,Email,newsletter,email,Lifecycle,tablet,P009,19,16,15,3,2,1
2025-12-27,Email,newsletter,email,Lifecycle,tablet,P010,13,11,10,2,1,1
2025-12-27,Email,newsletter,email,Lifecycle,tablet,P011,18,15,15,3,2,1
2025-12-27,Email,newsletter,email,Lifecycle,tablet,P012,11,10,9,2,1,1
2025-12-28,Paid Search,google,cpc,KSA Growth,desktop,P001,8,7,7,2,1,1
2025-12-28,Paid Search,google,cpc,KSA Growth,desktop,P002,5,4,4,1,0,0
2025-12-28,Paid Search,google,cpc,KSA Growth,desktop,P003,8,6,6,1,1,1
2025-12-28,Paid Search,google,cpc,KSA Growth,desktop,P004,5,4,4,1,0,0
2025-12-28,Paid Search,google,cpc,KSA Growth,desktop,P005,7,6,6,1,1,1
2025-12-28,Paid Search,google,cpc,KSA Growth,desktop,P006,4,3,3,1,0,0
2025-12-28,Paid Search,google,cpc,KSA Growth,desktop,P007,7,6,5,1,1,0
2025-12-28,Paid Search,google,cpc,KSA Growth,desktop,P008,3,3,3,1,0,0
2025-12-28,Paid Search,google,cpc,KSA Growth,desktop,P009,6,5,5,1,1,0
2025-12-28,Paid Search,google,cpc,KSA Growth,desktop,P010,9,7,7,2,1,1
2025-12-28,Paid Search,google,cpc,KSA Growth,desktop,P011,6,5,4,1,1,0
2025-12-28,Paid Search,google,cpc,KSA Growth,desktop,P012,8,7,7,1,1,1
2025-12-28,Paid Social,instagram,paid_social,Creator Offers,tablet,P001,5,4,4,1,0,0
2025-12-28,Paid Social,instagram,paid_social,Creator Offers,tablet,P002,8,6,6,1,1,0
2025-12-28,Paid Social,instagram,paid_social,Creator Offers,tablet,P003,4,3,3,0,0,0
2025-12-28,Paid Social,instagram,paid_social,Creator Offers,tablet,P004,8,5,6,1,0,0
2025-12-28,Paid Social,instagram,paid_social,Creator Offers,tablet,P005,11,8,8,1,1,1
2025-12-28,Paid Social,instagram,paid_social,Creator Offers,tablet,P006,7,5,5,1,0,0
2025-12-28,Paid Social,instagram,paid_social,Creator Offers,tablet,P007,10,7,7,1,1,1
2025-12-28,Paid Social,instagram,paid_social,Creator Offers,tablet,P008,6,5,5,1,0,0
2025-12-28,Paid Social,instagram,paid_social,Creator Offers,tablet,P009,9,7,7,1,1,1
2025-12-28,Paid Social,instagram,paid_social,Creator Offers,tablet,P010,6,4,4,1,0,0
2025-12-28,Paid Social,instagram,paid_social,Creator Offers,tablet,P011,9,6,7,1,1,1
2025-12-28,Paid Social,instagram,paid_social,Creator Offers,tablet,P012,5,4,4,1,0,0
2025-12-28,Affiliates,partners,affiliate,Partner Network,mobile,P001,7,5,5,1,1,1
2025-12-28,Affiliates,partners,affiliate,Partner Network,mobile,P002,10,8,7,2,1,1
2025-12-28,Affiliates,partners,affiliate,Partner Network,mobile,P003,7,5,4,1,1,0
2025-12-28,Affiliates,partners,affiliate,Partner Network,mobile,P004,10,7,6,2,1,1
2025-12-28,Affiliates,partners,affiliate,Partner Network,mobile,P005,6,4,4,1,1,0
2025-12-28,Affiliates,partners,affiliate,Partner Network,mobile,P006,9,7,6,2,1,1
2025-12-28,Affiliates,partners,affiliate,Partner Network,mobile,P007,5,4,3,1,1,0
2025-12-28,Affiliates,partners,affiliate,Partner Network,mobile,P008,8,6,6,1,1,1
2025-12-28,Affiliates,partners,affiliate,Partner Network,mobile,P009,5,4,3,1,0,0
2025-12-28,Affiliates,partners,affiliate,Partner Network,mobile,P010,8,6,5,1,1,1
2025-12-28,Affiliates,partners,affiliate,Partner Network,mobile,P011,11,8,7,2,1,1
2025-12-28,Affiliates,partners,affiliate,Partner Network,mobile,P012,7,5,5,1,1,0
2025-12-29,Direct,direct,none,Unassigned,tablet,P001,18,15,14,3,2,1
2025-12-29,Direct,direct,none,Unassigned,tablet,P002,11,9,9,2,1,1
2025-12-29,Direct,direct,none,Unassigned,tablet,P003,17,14,13,3,2,1
2025-12-29,Direct,direct,none,Unassigned,tablet,P004,10,8,8,2,1,1
2025-12-29,Direct,direct,none,Unassigned,tablet,P005,16,13,12,3,2,1
2025-12-29,Direct,direct,none,Unassigned,tablet,P006,9,8,7,2,1,1
2025-12-29,Direct,direct,none,Unassigned,tablet,P007,15,12,11,3,1,1
2025-12-29,Direct,direct,none,Unassigned,tablet,P008,8,7,7,2,1,0
2025-12-29,Direct,direct,none,Unassigned,tablet,P009,14,11,11,3,1,1
2025-12-29,Direct,direct,none,Unassigned,tablet,P010,7,6,6,1,1,0
2025-12-29,Direct,direct,none,Unassigned,tablet,P011,13,10,10,2,1,1
2025-12-29,Direct,direct,none,Unassigned,tablet,P012,18,15,14,3,2,1
2025-12-29,Email,newsletter,email,Lifecycle,mobile,P001,7,6,4,1,0,0
2025-12-29,Email,newsletter,email,Lifecycle,mobile,P002,10,9,7,1,1,1
2025-12-29,Email,newsletter,email,Lifecycle,mobile,P003,6,5,4,1,0,0
2025-12-29,Email,newsletter,email,Lifecycle,mobile,P004,10,8,6,1,1,1
2025-12-29,Email,newsletter,email,Lifecycle,mobile,P005,5,5,3,1,0,0
2025-12-29,Email,newsletter,email,Lifecycle,mobile,P006,9,8,6,1,1,1
2025-12-29,Email,newsletter,email,Lifecycle,mobile,P007,13,11,8,2,1,1
2025-12-29,Email,newsletter,email,Lifecycle,mobile,P008,8,7,5,1,1,0
2025-12-29,Email,newsletter,email,Lifecycle,mobile,P009,12,10,7,1,1,1
2025-12-29,Email,newsletter,email,Lifecycle,mobile,P010,7,6,5,1,1,0
2025-12-29,Email,newsletter,email,Lifecycle,mobile,P011,11,10,7,1,1,1
2025-12-29,Email,newsletter,email,Lifecycle,mobile,P012,7,6,4,1,0,0
2025-12-29,Organic Search,google,organic,Always-on SEO,desktop,P001,9,7,7,2,1,1
2025-12-29,Organic Search,google,organic,Always-on SEO,desktop,P002,13,10,10,3,2,1
2025-12-29,Organic Search,google,organic,Always-on SEO,desktop,P003,9,7,7,2,1,1
2025-12-29,Organic Search,google,organic,Always-on SEO,desktop,P004,13,10,10,3,2,1
2025-12-29,Organic Search,google,organic,Always-on SEO,desktop,P005,8,6,6,2,1,1
2025-12-29,Organic Search,google,organic,Always-on SEO,desktop,P006,12,9,9,2,2,1
2025-12-29,Organic Search,google,organic,Always-on SEO,desktop,P007,7,5,5,1,1,1
2025-12-29,Organic Search,google,organic,Always-on SEO,desktop,P008,11,9,9,2,1,1
2025-12-29,Organic Search,google,organic,Always-on SEO,desktop,P009,6,5,5,1,1,1
2025-12-29,Organic Search,google,organic,Always-on SEO,desktop,P010,10,8,8,2,1,1
2025-12-29,Organic Search,google,organic,Always-on SEO,desktop,P011,6,4,4,1,1,0
2025-12-29,Organic Search,google,organic,Always-on SEO,desktop,P012,9,7,7,2,1,1
2025-12-30,Paid Social,instagram,paid_social,Creator Offers,mobile,P001,7,6,5,1,1,0
2025-12-30,Paid Social,instagram,paid_social,Creator Offers,mobile,P002,13,10,9,2,1,1
2025-12-30,Paid Social,instagram,paid_social,Creator Offers,mobile,P003,18,14,12,2,2,1
2025-12-30,Paid Social,instagram,paid_social,Creator Offers,mobile,P004,11,9,8,2,1,1
2025-12-30,Paid Social,instagram,paid_social,Creator Offers,mobile,P005,17,13,11,2,1,1
2025-12-30,Paid Social,instagram,paid_social,Creator Offers,mobile,P006,10,8,7,1,1,1
2025-12-30,Paid Social,instagram,paid_social,Creator Offers,mobile,P007,16,12,11,2,1,1
2025-12-30,Paid Social,instagram,paid_social,Creator Offers,mobile,P008,9,7,6,1,1,1
2025-12-30,Paid Social,instagram,paid_social,Creator Offers,mobile,P009,15,11,10,2,1,1
2025-12-30,Paid Social,instagram,paid_social,Creator Offers,mobile,P010,8,6,6,1,1,0
2025-12-30,Paid Social,instagram,paid_social,Creator Offers,mobile,P011,14,10,9,2,1,1
2025-12-30,Paid Social,instagram,paid_social,Creator Offers,mobile,P012,7,6,5,1,1,0
2025-12-30,Affiliates,partners,affiliate,Partner Network,desktop,P001,9,7,5,1,1,0
2025-12-30,Affiliates,partners,affiliate,Partner Network,desktop,P002,13,10,8,2,1,1
2025-12-30,Affiliates,partners,affiliate,Partner Network,desktop,P003,8,6,5,1,0,0
2025-12-30,Affiliates,partners,affiliate,Partner Network,desktop,P004,12,10,8,2,1,1
2025-12-30,Affiliates,partners,affiliate,Partner Network,desktop,P005,7,5,4,1,0,0
2025-12-30,Affiliates,partners,affiliate,Partner Network,desktop,P006,11,9,7,2,1,1
2025-12-30,Affiliates,partners,affiliate,Partner Network,desktop,P007,6,5,4,1,0,0
2025-12-30,Affiliates,partners,affiliate,Partner Network,desktop,P008,10,8,7,1,1,1
2025-12-30,Affiliates,partners,affiliate,Partner Network,desktop,P009,14,12,9,2,1,1
2025-12-30,Affiliates,partners,affiliate,Partner Network,desktop,P010,9,8,6,1,1,0
2025-12-30,Affiliates,partners,affiliate,Partner Network,desktop,P011,14,11,9,2,1,1
2025-12-30,Affiliates,partners,affiliate,Partner Network,desktop,P012,8,7,5,1,0,0
2025-12-30,Paid Search,google,cpc,KSA Growth,tablet,P001,13,11,10,2,2,1
2025-12-30,Paid Search,google,cpc,KSA Growth,tablet,P002,7,6,5,1,1,1
2025-12-30,Paid Search,google,cpc,KSA Growth,tablet,P003,12,10,9,2,1,1
2025-12-30,Paid Search,google,cpc,KSA Growth,tablet,P004,18,15,13,3,2,1
2025-12-30,Paid Search,google,cpc,KSA Growth,tablet,P005,11,9,8,2,1,1
2025-12-30,Paid Search,google,cpc,KSA Growth,tablet,P006,17,14,12,3,2,1
2025-12-30,Paid Search,google,cpc,KSA Growth,tablet,P007,10,9,7,2,1,1
2025-12-30,Paid Search,google,cpc,KSA Growth,tablet,P008,16,13,11,3,2,1
2025-12-30,Paid Search,google,cpc,KSA Growth,tablet,P009,9,8,7,2,1,1
2025-12-30,Paid Search,google,cpc,KSA Growth,tablet,P010,15,12,11,2,2,1
2025-12-30,Paid Search,google,cpc,KSA Growth,tablet,P011,8,7,6,1,1,1
2025-12-30,Paid Search,google,cpc,KSA Growth,tablet,P012,13,11,10,2,1,1
2025-12-31,Email,newsletter,email,Lifecycle,desktop,P001,8,7,6,1,1,0
2025-12-31,Email,newsletter,email,Lifecycle,desktop,P002,13,11,9,2,1,1
2025-12-31,Email,newsletter,email,Lifecycle,desktop,P003,7,6,5,1,0,0
2025-12-31,Email,newsletter,email,Lifecycle,desktop,P004,12,10,9,2,1,1
2025-12-31,Email,newsletter,email,Lifecycle,desktop,P005,16,14,12,3,1,1
2025-12-31,Email,newsletter,email,Lifecycle,desktop,P006,11,9,8,2,1,1
2025-12-31,Email,newsletter,email,Lifecycle,desktop,P007,15,13,12,3,1,1
2025-12-31,Email,newsletter,email,Lifecycle,desktop,P008,10,8,7,2,1,0
2025-12-31,Email,newsletter,email,Lifecycle,desktop,P009,15,13,11,2,1,1
2025-12-31,Email,newsletter,email,Lifecycle,desktop,P010,9,8,6,1,1,0
2025-12-31,Email,newsletter,email,Lifecycle,desktop,P011,14,12,10,2,1,1
2025-12-31,Email,newsletter,email,Lifecycle,desktop,P012,8,7,6,1,1,0
2025-12-31,Organic Search,google,organic,Always-on SEO,tablet,P001,7,5,5,1,1,0
2025-12-31,Organic Search,google,organic,Always-on SEO,tablet,P002,10,7,7,2,1,1
2025-12-31,Organic Search,google,organic,Always-on SEO,tablet,P003,6,4,4,1,0,0
2025-12-31,Organic Search,google,organic,Always-on SEO,tablet,P004,9,7,6,2,1,1
2025-12-31,Organic Search,google,organic,Always-on SEO,tablet,P005,6,4,4,1,0,0
2025-12-31,Organic Search,google,organic,Always-on SEO,tablet,P006,9,6,6,1,1,1
2025-12-31,Organic Search,google,organic,Always-on SEO,tablet,P007,5,4,3,1,0,0
2025-12-31,Organic Search,google,organic,Always-on SEO,tablet,P008,8,6,6,1,1,1
2025-12-31,Organic Search,google,organic,Always-on SEO,tablet,P009,4,3,3,1,0,0
2025-12-31,Organic Search,google,organic,Always-on SEO,tablet,P010,7,5,5,1,1,1
2025-12-31,Organic Search,google,organic,Always-on SEO,tablet,P011,11,8,7,2,1,1
2025-12-31,Organic Search,google,organic,Always-on SEO,tablet,P012,7,5,5,1,1,0
2025-12-31,Direct,direct,none,Unassigned,mobile,P001,13,9,9,2,1,1
2025-12-31,Direct,direct,none,Unassigned,mobile,P002,7,5,5,1,0,0
2025-12-31,Direct,direct,none,Unassigned,mobile,P003,12,9,9,2,1,1
2025-12-31,Direct,direct,none,Unassigned,mobile,P004,7,5,5,1,0,0
2025-12-31,Direct,direct,none,Unassigned,mobile,P005,11,8,8,2,1,1
2025-12-31,Direct,direct,none,Unassigned,mobile,P006,16,12,11,3,1,1
2025-12-31,Direct,direct,none,Unassigned,mobile,P007,10,7,7,2,1,1
2025-12-31,Direct,direct,none,Unassigned,mobile,P008,15,11,11,2,1,1
2025-12-31,Direct,direct,none,Unassigned,mobile,P009,9,7,7,1,1,0
2025-12-31,Direct,direct,none,Unassigned,mobile,P010,14,10,10,2,1,1
2025-12-31,Direct,direct,none,Unassigned,mobile,P011,8,6,6,1,1,0
2025-12-31,Direct,direct,none,Unassigned,mobile,P012,13,9,9,2,1,1
