order_id,order_date,product_id,quantity,item_revenue_sar,item_cost_sar,discount_sar
SYN-20250101-0-00,2025-01-01,P001,1,299.0,94.0,0.0
SYN-20250101-0-01,2025-01-01,P002,1,89.0,24.0,0.0
SYN-20250101-0-02,2025-01-01,P003,1,179.0,49.0,0.0
SYN-20250101-0-03,2025-01-01,P004,1,249.0,71.0,0.0
SYN-20250101-0-04,2025-01-01,P005,1,219.0,67.0,0.0
SYN-20250101-0-05,2025-01-01,P006,1,139.0,35.0,0.0
SYN-20250101-0-06,2025-01-01,P007,1,189.0,55.0,0.0
SYN-20250101-0-07,2025-01-01,P008,1,329.0,121.0,0.0
SYN-20250101-0-08,2025-01-01,P009,1,159.0,43.0,0.0
SYN-20250101-0-09,2025-01-01,P010,1,279.0,83.0,0.0
SYN-20250101-0-10,2025-01-01,P011,1,199.0,61.0,0.0
SYN-20250101-1-00,2025-01-01,P004,1,249.0,71.0,24.9
SYN-20250101-1-01,2025-01-01,P005,1,219.0,67.0,21.9
SYN-20250101-1-02,2025-01-01,P006,1,139.0,35.0,0.0
SYN-20250101-1-03,2025-01-01,P007,1,189.0,55.0,18.9
SYN-20250101-1-04,2025-01-01,P008,2,658.0,242.0,65.8
SYN-20250101-1-05,2025-01-01,P009,1,159.0,43.0,15.9
SYN-20250101-1-06,2025-01-01,P010,1,279.0,83.0,0.0
SYN-20250101-2-00,2025-01-01,P007,1,189.0,55.0,18.9
SYN-20250101-2-01,2025-01-01,P008,1,329.0,121.0,32.9
SYN-20250101-2-02,2025-01-01,P009,1,159.0,43.0,0.0
SYN-20250101-2-03,2025-01-01,P010,2,558.0,166.0,0.0
SYN-20250101-2-04,2025-01-01,P011,1,199.0,61.0,0.0
SYN-20250101-2-05,2025-01-01,P012,1,359.0,137.0,0.0
SYN-20250101-2-06,2025-01-01,P001,1,299.0,94.0,0.0
SYN-20250101-2-07,2025-01-01,P002,1,89.0,24.0,0.0
SYN-20250101-2-08,2025-01-01,P003,1,179.0,49.0,17.9
SYN-20250101-2-09,2025-01-01,P004,1,249.0,71.0,0.0
SYN-20250102-0-00,2025-01-02,P006,1,139.0,35.0,13.9
SYN-20250102-0-01,2025-01-02,P007,1,189.0,55.0,0.0
SYN-20250102-0-02,2025-01-02,P008,1,329.0,121.0,0.0
SYN-20250102-0-03,2025-01-02,P009,1,159.0,43.0,0.0
SYN-20250102-0-04,2025-01-02,P010,1,279.0,83.0,0.0
SYN-20250102-1-00,2025-01-02,P009,1,159.0,43.0,0.0
SYN-20250102-1-01,2025-01-02,P010,1,279.0,83.0,0.0
SYN-20250102-1-02,2025-01-02,P011,1,199.0,61.0,0.0
SYN-20250102-1-03,2025-01-02,P012,1,359.0,137.0,35.9
SYN-20250102-1-04,2025-01-02,P001,1,299.0,94.0,0.0
SYN-20250102-1-05,2025-01-02,P002,1,89.0,24.0,0.0
SYN-20250102-2-00,2025-01-02,P012,1,359.0,137.0,0.0
SYN-20250102-2-01,2025-01-02,P001,1,299.0,94.0,0.0
SYN-20250102-2-02,2025-01-02,P002,2,178.0,48.0,0.0
SYN-20250102-2-03,2025-01-02,P003,1,179.0,49.0,0.0
SYN-20250102-2-04,2025-01-02,P004,1,249.0,71.0,24.9
SYN-20250102-2-05,2025-01-02,P005,1,219.0,67.0,21.9
SYN-20250102-2-06,2025-01-02,P006,1,139.0,35.0,0.0
SYN-20250103-0-00,2025-01-03,P011,2,398.0,122.0,0.0
SYN-20250103-0-01,2025-01-03,P012,1,359.0,137.0,0.0
SYN-20250103-0-02,2025-01-03,P001,1,299.0,94.0,0.0
SYN-20250103-0-03,2025-01-03,P002,1,89.0,24.0,8.9
SYN-20250103-0-04,2025-01-03,P003,1,179.0,49.0,0.0
SYN-20250103-0-05,2025-01-03,P004,1,249.0,71.0,0.0
SYN-20250103-0-06,2025-01-03,P005,1,219.0,67.0,0.0
SYN-20250103-0-07,2025-01-03,P006,2,278.0,70.0,0.0
SYN-20250103-1-00,2025-01-03,P002,1,89.0,24.0,8.9
SYN-20250103-1-01,2025-01-03,P003,1,179.0,49.0,0.0
SYN-20250103-1-02,2025-01-03,P004,1,249.0,71.0,0.0
SYN-20250103-1-03,2025-01-03,P005,1,219.0,67.0,21.9
SYN-20250103-1-04,2025-01-03,P006,1,139.0,35.0,13.9
SYN-20250103-1-05,2025-01-03,P007,1,189.0,55.0,0.0
SYN-20250103-2-00,2025-01-03,P005,1,219.0,67.0,0.0
SYN-20250103-2-01,2025-01-03,P006,1,139.0,35.0,0.0
SYN-20250103-2-02,2025-01-03,P007,1,189.0,55.0,0.0
SYN-20250103-2-03,2025-01-03,P008,1,329.0,121.0,0.0
SYN-20250103-2-04,2025-01-03,P009,2,318.0,86.0,0.0
SYN-20250103-2-05,2025-01-03,P010,1,279.0,83.0,27.9
SYN-20250104-0-00,2025-01-04,P004,1,249.0,71.0,0.0
SYN-20250104-0-01,2025-01-04,P005,1,219.0,67.0,21.9
SYN-20250104-0-02,2025-01-04,P006,2,278.0,70.0,0.0
SYN-20250104-0-03,2025-01-04,P007,1,189.0,55.0,0.0
SYN-20250104-0-04,2025-01-04,P008,1,329.0,121.0,0.0
SYN-20250104-0-05,2025-01-04,P009,1,159.0,43.0,0.0
SYN-20250104-0-06,2025-01-04,P010,2,558.0,166.0,0.0
SYN-20250104-0-07,2025-01-04,P011,1,199.0,61.0,0.0
SYN-20250104-0-08,2025-01-04,P012,1,359.0,137.0,0.0
SYN-20250104-1-00,2025-01-04,P007,1,189.0,55.0,0.0
SYN-20250104-1-01,2025-01-04,P008,1,329.0,121.0,32.9
SYN-20250104-1-02,2025-01-04,P009,1,159.0,43.0,0.0
SYN-20250104-1-03,2025-01-04,P010,2,558.0,166.0,0.0
SYN-20250104-1-04,2025-01-04,P011,1,199.0,61.0,0.0
SYN-20250104-1-05,2025-01-04,P012,1,359.0,137.0,0.0
SYN-20250104-1-06,2025-01-04,P001,1,299.0,94.0,0.0
SYN-20250104-2-00,2025-01-04,P010,1,279.0,83.0,27.9
SYN-20250104-2-01,2025-01-04,P011,1,199.0,61.0,0.0
SYN-20250104-2-02,2025-01-04,P012,1,359.0,137.0,0.0
SYN-20250104-2-03,2025-01-04,P001,1,299.0,94.0,0.0
SYN-20250104-2-04,2025-01-04,P002,1,89.0,24.0,0.0
SYN-20250104-2-05,2025-01-04,P003,1,179.0,49.0,0.0
SYN-20250104-2-06,2025-01-04,P004,2,498.0,142.0,0.0
SYN-20250105-0-00,2025-01-05,P009,1,159.0,43.0,0.0
SYN-20250105-0-01,2025-01-05,P010,1,279.0,83.0,0.0
SYN-20250105-0-02,2025-01-05,P011,2,398.0,122.0,0.0
SYN-20250105-0-03,2025-01-05,P012,1,359.0,137.0,0.0
SYN-20250105-0-04,2025-01-05,P001,1,299.0,94.0,0.0
SYN-20250105-0-05,2025-01-05,P002,1,89.0,24.0,0.0
SYN-20250105-1-00,2025-01-05,P012,1,359.0,137.0,0.0
SYN-20250105-1-01,2025-01-05,P001,1,299.0,94.0,0.0
SYN-20250105-1-02,2025-01-05,P002,1,89.0,24.0,8.9
SYN-20250105-1-03,2025-01-05,P003,1,179.0,49.0,0.0
SYN-20250105-1-04,2025-01-05,P004,2,498.0,142.0,0.0
SYN-20250105-1-05,2025-01-05,P005,1,219.0,67.0,0.0
SYN-20250105-1-06,2025-01-05,P006,1,139.0,35.0,0.0
SYN-20250105-2-00,2025-01-05,P003,2,358.0,98.0,0.0
SYN-20250105-2-01,2025-01-05,P004,1,249.0,71.0,0.0
SYN-20250105-2-02,2025-01-05,P005,1,219.0,67.0,0.0
SYN-20250105-2-03,2025-01-05,P006,1,139.0,35.0,0.0
SYN-20250105-2-04,2025-01-05,P007,1,189.0,55.0,0.0
SYN-20250105-2-05,2025-01-05,P008,1,329.0,121.0,0.0
SYN-20250105-2-06,2025-01-05,P009,2,318.0,86.0,0.0
SYN-20250105-2-07,2025-01-05,P010,1,279.0,83.0,0.0
SYN-20250105-2-08,2025-01-05,P011,1,199.0,61.0,0.0
SYN-20250105-2-09,2025-01-05,P012,1,359.0,137.0,0.0
SYN-20250106-0-00,2025-01-06,P002,1,89.0,24.0,0.0
SYN-20250106-0-01,2025-01-06,P003,1,179.0,49.0,0.0
SYN-20250106-0-02,2025-01-06,P004,1,249.0,71.0,0.0
SYN-20250106-0-03,2025-01-06,P005,2,438.0,134.0,0.0
SYN-20250106-0-04,2025-01-06,P006,1,139.0,35.0,0.0
SYN-20250106-0-05,2025-01-06,P007,1,189.0,55.0,0.0
SYN-20250106-0-06,2025-01-06,P008,1,329.0,121.0,0.0
SYN-20250106-0-07,2025-01-06,P009,1,159.0,43.0,15.9
SYN-20250106-0-08,2025-01-06,P010,1,279.0,83.0,27.9
SYN-20250106-0-09,2025-01-06,P011,1,199.0,61.0,19.9
SYN-20250106-0-10,2025-01-06,P012,1,359.0,137.0,0.0
SYN-20250106-0-11,2025-01-06,P001,1,299.0,94.0,0.0
SYN-20250106-0-12,2025-01-06,P002,2,178.0,48.0,0.0
SYN-20250106-1-00,2025-01-06,P005,1,219.0,67.0,21.9
SYN-20250106-1-01,2025-01-06,P006,1,139.0,35.0,0.0
SYN-20250106-1-02,2025-01-06,P007,1,189.0,55.0,0.0
SYN-20250106-1-03,2025-01-06,P008,1,329.0,121.0,0.0
SYN-20250106-1-04,2025-01-06,P009,2,318.0,86.0,0.0
SYN-20250106-1-05,2025-01-06,P010,1,279.0,83.0,0.0
SYN-20250106-1-06,2025-01-06,P011,1,199.0,61.0,19.9
SYN-20250106-2-00,2025-01-06,P008,1,329.0,121.0,32.9
SYN-20250106-2-01,2025-01-06,P009,1,159.0,43.0,15.9
SYN-20250106-2-02,2025-01-06,P010,1,279.0,83.0,0.0
SYN-20250106-2-03,2025-01-06,P011,2,398.0,122.0,0.0
SYN-20250106-2-04,2025-01-06,P012,1,359.0,137.0,0.0
SYN-20250106-2-05,2025-01-06,P001,1,299.0,94.0,0.0
SYN-20250106-2-06,2025-01-06,P002,1,89.0,24.0,8.9
SYN-20250106-2-07,2025-01-06,P003,1,179.0,49.0,17.9
SYN-20250106-2-08,2025-01-06,P004,1,249.0,71.0,0.0
SYN-20250106-2-09,2025-01-06,P005,1,219.0,67.0,0.0
SYN-20250106-2-10,2025-01-06,P006,1,139.0,35.0,0.0
SYN-20250107-0-00,2025-01-07,P007,1,189.0,55.0,0.0
SYN-20250107-0-01,2025-01-07,P008,1,329.0,121.0,0.0
SYN-20250107-0-02,2025-01-07,P009,1,159.0,43.0,0.0
SYN-20250107-0-03,2025-01-07,P010,1,279.0,83.0,0.0
SYN-20250107-0-04,2025-01-07,P011,1,199.0,61.0,19.9
SYN-20250107-0-05,2025-01-07,P012,1,359.0,137.0,0.0
SYN-20250107-1-00,2025-01-07,P010,1,279.0,83.0,0.0
SYN-20250107-1-01,2025-01-07,P011,1,199.0,61.0,0.0
SYN-20250107-1-02,2025-01-07,P012,1,359.0,137.0,35.9
SYN-20250107-1-03,2025-01-07,P001,1,299.0,94.0,0.0
SYN-20250107-1-04,2025-01-07,P002,1,89.0,24.0,0.0
SYN-20250107-2-00,2025-01-07,P001,1,299.0,94.0,0.0
SYN-20250107-2-01,2025-01-07,P002,1,89.0,24.0,0.0
SYN-20250107-2-02,2025-01-07,P003,1,179.0,49.0,0.0
SYN-20250107-2-03,2025-01-07,P004,1,249.0,71.0,0.0
SYN-20250108-0-00,2025-01-08,P012,1,359.0,137.0,35.9
SYN-20250108-0-01,2025-01-08,P001,1,299.0,94.0,0.0
SYN-20250108-0-02,2025-01-08,P002,1,89.0,24.0,0.0
SYN-20250108-0-03,2025-01-08,P003,1,179.0,49.0,0.0
SYN-20250108-0-04,2025-01-08,P004,1,249.0,71.0,0.0
SYN-20250108-0-05,2025-01-08,P005,2,438.0,134.0,43.8
SYN-20250108-0-06,2025-01-08,P006,1,139.0,35.0,0.0
SYN-20250108-0-07,2025-01-08,P007,2,378.0,110.0,0.0
SYN-20250108-0-08,2025-01-08,P008,2,658.0,242.0,0.0
SYN-20250108-0-09,2025-01-08,P009,2,318.0,86.0,0.0
SYN-20250108-0-10,2025-01-08,P010,1,279.0,83.0,27.9
SYN-20250108-0-11,2025-01-08,P011,1,199.0,61.0,0.0
SYN-20250108-1-00,2025-01-08,P003,1,179.0,49.0,0.0
SYN-20250108-1-01,2025-01-08,P004,1,249.0,71.0,0.0
SYN-20250108-1-02,2025-01-08,P005,1,219.0,67.0,21.9
SYN-20250108-1-03,2025-01-08,P006,1,139.0,35.0,0.0
SYN-20250108-1-04,2025-01-08,P007,2,378.0,110.0,0.0
SYN-20250108-1-05,2025-01-08,P008,1,329.0,121.0,0.0
SYN-20250108-1-06,2025-01-08,P009,1,159.0,43.0,0.0
SYN-20250108-1-07,2025-01-08,P010,1,279.0,83.0,0.0
SYN-20250108-1-08,2025-01-08,P011,1,199.0,61.0,0.0
SYN-20250108-1-09,2025-01-08,P012,1,359.0,137.0,0.0
SYN-20250108-1-10,2025-01-08,P001,1,299.0,94.0,0.0
SYN-20250108-1-11,2025-01-08,P002,1,89.0,24.0,0.0
SYN-20250108-1-12,2025-01-08,P003,1,179.0,49.0,0.0
SYN-20250108-1-13,2025-01-08,P004,1,249.0,71.0,24.9
SYN-20250108-2-00,2025-01-08,P006,1,139.0,35.0,13.9
SYN-20250108-2-01,2025-01-08,P007,1,189.0,55.0,0.0
SYN-20250108-2-02,2025-01-08,P008,1,329.0,121.0,0.0
SYN-20250108-2-03,2025-01-08,P009,1,159.0,43.0,0.0
SYN-20250108-2-04,2025-01-08,P010,1,279.0,83.0,0.0
SYN-20250108-2-05,2025-01-08,P011,1,199.0,61.0,0.0
SYN-20250108-2-06,2025-01-08,P012,1,359.0,137.0,0.0
SYN-20250108-2-07,2025-01-08,P001,1,299.0,94.0,29.9
SYN-20250108-2-08,2025-01-08,P002,1,89.0,24.0,0.0
SYN-20250109-0-00,2025-01-09,P005,1,219.0,67.0,0.0
SYN-20250109-0-01,2025-01-09,P006,1,139.0,35.0,0.0
SYN-20250109-0-02,2025-01-09,P007,1,189.0,55.0,0.0
SYN-20250109-0-03,2025-01-09,P008,1,329.0,121.0,0.0
SYN-20250109-0-04,2025-01-09,P009,1,159.0,43.0,0.0
SYN-20250109-0-05,2025-01-09,P010,1,279.0,83.0,27.9
SYN-20250109-0-06,2025-01-09,P011,1,199.0,61.0,19.9
SYN-20250109-0-07,2025-01-09,P012,1,359.0,137.0,0.0
SYN-20250109-0-08,2025-01-09,P001,1,299.0,94.0,0.0
SYN-20250109-0-09,2025-01-09,P002,1,89.0,24.0,0.0
SYN-20250109-1-00,2025-01-09,P008,1,329.0,121.0,32.9
SYN-20250109-1-01,2025-01-09,P009,1,159.0,43.0,0.0
SYN-20250109-1-02,2025-01-09,P010,2,558.0,166.0,0.0
SYN-20250109-1-03,2025-01-09,P011,1,199.0,61.0,0.0
SYN-20250109-1-04,2025-01-09,P012,1,359.0,137.0,0.0
SYN-20250109-1-05,2025-01-09,P001,1,299.0,94.0,0.0
SYN-20250109-1-06,2025-01-09,P002,1,89.0,24.0,0.0
SYN-20250109-1-07,2025-01-09,P003,1,179.0,49.0,0.0
SYN-20250109-1-08,2025-01-09,P004,2,498.0,142.0,0.0
SYN-20250109-1-09,2025-01-09,P005,1,219.0,67.0,0.0
SYN-20250109-2-00,2025-01-09,P011,2,398.0,122.0,0.0
SYN-20250109-2-01,2025-01-09,P012,1,359.0,137.0,0.0
SYN-20250109-2-02,2025-01-09,P001,1,299.0,94.0,0.0
SYN-20250109-2-03,2025-01-09,P002,1,89.0,24.0,0.0
SYN-20250109-2-04,2025-01-09,P003,1,179.0,49.0,0.0
SYN-20250109-2-05,2025-01-09,P004,1,249.0,71.0,0.0
SYN-20250110-0-00,2025-01-10,P010,1,279.0,83.0,0.0
SYN-20250110-0-01,2025-01-10,P011,1,199.0,61.0,0.0
SYN-20250110-0-02,2025-01-10,P012,1,359.0,137.0,0.0
SYN-20250110-0-03,2025-01-10,P001,1,299.0,94.0,0.0
SYN-20250110-0-04,2025-01-10,P002,1,89.0,24.0,0.0
SYN-20250110-0-05,2025-01-10,P003,1,179.0,49.0,0.0
SYN-20250110-1-00,2025-01-10,P001,1,299.0,94.0,0.0
SYN-20250110-1-01,2025-01-10,P002,1,89.0,24.0,0.0
SYN-20250110-1-02,2025-01-10,P003,1,179.0,49.0,0.0
SYN-20250110-1-03,2025-01-10,P004,1,249.0,71.0,0.0
SYN-20250110-1-04,2025-01-10,P005,1,219.0,67.0,0.0
SYN-20250110-1-05,2025-01-10,P006,1,139.0,35.0,13.9
SYN-20250110-1-06,2025-01-10,P007,1,189.0,55.0,0.0
SYN-20250110-1-07,2025-01-10,P008,1,329.0,121.0,0.0
SYN-20250110-2-00,2025-01-10,P004,1,249.0,71.0,0.0
SYN-20250110-2-01,2025-01-10,P005,1,219.0,67.0,0.0
SYN-20250110-2-02,2025-01-10,P006,1,139.0,35.0,0.0
SYN-20250110-2-03,2025-01-10,P007,1,189.0,55.0,0.0
SYN-20250110-2-04,2025-01-10,P008,1,329.0,121.0,0.0
SYN-20250110-2-05,2025-01-10,P009,1,159.0,43.0,15.9
SYN-20250110-2-06,2025-01-10,P010,1,279.0,83.0,0.0
SYN-20250110-2-07,2025-01-10,P011,1,199.0,61.0,0.0
SYN-20250110-2-08,2025-01-10,P012,1,359.0,137.0,0.0
SYN-20250110-2-09,2025-01-10,P001,1,299.0,94.0,0.0
SYN-20250111-0-00,2025-01-11,P003,1,179.0,49.0,0.0
SYN-20250111-0-01,2025-01-11,P004,2,498.0,142.0,0.0
SYN-20250111-0-02,2025-01-11,P005,1,219.0,67.0,0.0
SYN-20250111-0-03,2025-01-11,P006,1,139.0,35.0,0.0
SYN-20250111-0-04,2025-01-11,P007,1,189.0,55.0,0.0
SYN-20250111-0-05,2025-01-11,P008,1,329.0,121.0,0.0
SYN-20250111-0-06,2025-01-11,P009,1,159.0,43.0,0.0
SYN-20250111-0-07,2025-01-11,P010,1,279.0,83.0,0.0
SYN-20250111-1-00,2025-01-11,P006,1,139.0,35.0,0.0
SYN-20250111-1-01,2025-01-11,P007,1,189.0,55.0,0.0
SYN-20250111-1-02,2025-01-11,P008,1,329.0,121.0,0.0
SYN-20250111-1-03,2025-01-11,P009,1,159.0,43.0,0.0
SYN-20250111-1-04,2025-01-11,P010,1,279.0,83.0,0.0
SYN-20250111-1-05,2025-01-11,P011,1,199.0,61.0,0.0
SYN-20250111-1-06,2025-01-11,P012,1,359.0,137.0,0.0
SYN-20250111-1-07,2025-01-11,P001,1,299.0,94.0,0.0
SYN-20250111-1-08,2025-01-11,P002,1,89.0,24.0,0.0
SYN-20250111-2-00,2025-01-11,P009,1,159.0,43.0,0.0
SYN-20250111-2-01,2025-01-11,P010,1,279.0,83.0,0.0
SYN-20250111-2-02,2025-01-11,P011,1,199.0,61.0,0.0
SYN-20250111-2-03,2025-01-11,P012,1,359.0,137.0,0.0
SYN-20250112-0-00,2025-01-12,P008,1,329.0,121.0,32.9
SYN-20250112-0-01,2025-01-12,P009,1,159.0,43.0,0.0
SYN-20250112-0-02,2025-01-12,P010,1,279.0,83.0,0.0
SYN-20250112-0-03,2025-01-12,P011,1,199.0,61.0,0.0
SYN-20250112-0-04,2025-01-12,P012,1,359.0,137.0,0.0
SYN-20250112-0-05,2025-01-12,P001,1,299.0,94.0,29.9
SYN-20250112-1-00,2025-01-12,P011,1,199.0,61.0,19.9
SYN-20250112-1-01,2025-01-12,P012,1,359.0,137.0,35.9
SYN-20250112-1-02,2025-01-12,P001,1,299.0,94.0,0.0
SYN-20250112-1-03,2025-01-12,P002,1,89.0,24.0,0.0
SYN-20250112-1-04,2025-01-12,P003,1,179.0,49.0,0.0
SYN-20250112-1-05,2025-01-12,P004,1,249.0,71.0,0.0
SYN-20250112-1-06,2025-01-12,P005,1,219.0,67.0,0.0
SYN-20250112-1-07,2025-01-12,P006,1,139.0,35.0,0.0
SYN-20250112-2-00,2025-01-12,P002,1,89.0,24.0,0.0
SYN-20250112-2-01,2025-01-12,P003,1,179.0,49.0,0.0
SYN-20250112-2-02,2025-01-12,P004,1,249.0,71.0,0.0
SYN-20250112-2-03,2025-01-12,P005,1,219.0,67.0,0.0
SYN-20250112-2-04,2025-01-12,P006,1,139.0,35.0,0.0
SYN-20250112-2-05,2025-01-12,P007,1,189.0,55.0,18.9
SYN-20250112-2-06,2025-01-12,P008,1,329.0,121.0,0.0
SYN-20250113-0-00,2025-01-13,P001,1,299.0,94.0,0.0
SYN-20250113-0-01,2025-01-13,P002,1,89.0,24.0,8.9
SYN-20250113-0-02,2025-01-13,P003,1,179.0,49.0,0.0
SYN-20250113-0-03,2025-01-13,P004,1,249.0,71.0,0.0
SYN-20250113-0-04,2025-01-13,P005,1,219.0,67.0,0.0
SYN-20250113-0-05,2025-01-13,P006,1,139.0,35.0,0.0
SYN-20250113-0-06,2025-01-13,P007,1,189.0,55.0,0.0
SYN-20250113-0-07,2025-01-13,P008,1,329.0,121.0,0.0
SYN-20250113-0-08,2025-01-13,P009,1,159.0,43.0,0.0
SYN-20250113-0-09,2025-01-13,P010,1,279.0,83.0,27.9
SYN-20250113-1-00,2025-01-13,P004,1,249.0,71.0,0.0
SYN-20250113-1-01,2025-01-13,P005,2,438.0,134.0,43.8
SYN-20250113-1-02,2025-01-13,P006,1,139.0,35.0,0.0
SYN-20250113-1-03,2025-01-13,P007,1,189.0,55.0,18.9
SYN-20250113-1-04,2025-01-13,P008,1,329.0,121.0,0.0
SYN-20250113-1-05,2025-01-13,P009,1,159.0,43.0,0.0
SYN-20250113-1-06,2025-01-13,P010,1,279.0,83.0,0.0
SYN-20250113-1-07,2025-01-13,P011,1,199.0,61.0,0.0
SYN-20250113-2-00,2025-01-13,P007,1,189.0,55.0,18.9
SYN-20250113-2-01,2025-01-13,P008,1,329.0,121.0,0.0
SYN-20250113-2-02,2025-01-13,P009,2,318.0,86.0,0.0
SYN-20250113-2-03,2025-01-13,P010,1,279.0,83.0,0.0
SYN-20250113-2-04,2025-01-13,P011,1,199.0,61.0,0.0
SYN-20250113-2-05,2025-01-13,P012,2,718.0,274.0,71.8
SYN-20250113-2-06,2025-01-13,P001,1,299.0,94.0,29.9
SYN-20250113-2-07,2025-01-13,P002,1,89.0,24.0,0.0
SYN-20250113-2-08,2025-01-13,P003,1,179.0,49.0,17.9
SYN-20250114-0-00,2025-01-14,P006,1,139.0,35.0,0.0
SYN-20250114-0-01,2025-01-14,P007,1,189.0,55.0,0.0
SYN-20250114-0-02,2025-01-14,P008,1,329.0,121.0,0.0
SYN-20250114-0-03,2025-01-14,P009,1,159.0,43.0,0.0
SYN-20250114-0-04,2025-01-14,P010,1,279.0,83.0,0.0
SYN-20250114-0-05,2025-01-14,P011,1,199.0,61.0,19.9
SYN-20250114-0-06,2025-01-14,P012,2,718.0,274.0,0.0
SYN-20250114-0-07,2025-01-14,P001,1,299.0,94.0,0.0
SYN-20250114-1-00,2025-01-14,P009,1,159.0,43.0,0.0
SYN-20250114-1-01,2025-01-14,P010,1,279.0,83.0,0.0
SYN-20250114-1-02,2025-01-14,P011,1,199.0,61.0,0.0
SYN-20250114-1-03,2025-01-14,P012,1,359.0,137.0,0.0
SYN-20250114-1-04,2025-01-14,P001,1,299.0,94.0,0.0
SYN-20250114-1-05,2025-01-14,P002,1,89.0,24.0,8.9
SYN-20250114-1-06,2025-01-14,P003,1,179.0,49.0,0.0
SYN-20250114-2-00,2025-01-14,P012,1,359.0,137.0,0.0
SYN-20250114-2-01,2025-01-14,P001,1,299.0,94.0,29.9
SYN-20250114-2-02,2025-01-14,P002,1,89.0,24.0,0.0
SYN-20250114-2-03,2025-01-14,P003,1,179.0,49.0,17.9
SYN-20250114-2-04,2025-01-14,P004,1,249.0,71.0,0.0
SYN-20250114-2-05,2025-01-14,P005,1,219.0,67.0,0.0
SYN-20250114-2-06,2025-01-14,P006,1,139.0,35.0,0.0
SYN-20250114-2-07,2025-01-14,P007,1,189.0,55.0,0.0
SYN-20250115-0-00,2025-01-15,P011,1,199.0,61.0,19.9
SYN-20250115-0-01,2025-01-15,P012,1,359.0,137.0,0.0
SYN-20250115-0-02,2025-01-15,P001,1,299.0,94.0,0.0
SYN-20250115-0-03,2025-01-15,P002,2,178.0,48.0,0.0
SYN-20250115-0-04,2025-01-15,P003,1,179.0,49.0,0.0
SYN-20250115-0-05,2025-01-15,P004,1,249.0,71.0,24.9
SYN-20250115-0-06,2025-01-15,P005,2,438.0,134.0,0.0
SYN-20250115-0-07,2025-01-15,P006,1,139.0,35.0,13.9
SYN-20250115-0-08,2025-01-15,P007,1,189.0,55.0,0.0
SYN-20250115-0-09,2025-01-15,P008,1,329.0,121.0,0.0
SYN-20250115-0-10,2025-01-15,P009,1,159.0,43.0,0.0
SYN-20250115-0-11,2025-01-15,P010,1,279.0,83.0,27.9
SYN-20250115-0-12,2025-01-15,P011,2,398.0,122.0,0.0
SYN-20250115-1-00,2025-01-15,P002,1,89.0,24.0,8.9
SYN-20250115-1-01,2025-01-15,P003,1,179.0,49.0,0.0
SYN-20250115-1-02,2025-01-15,P004,1,249.0,71.0,0.0
SYN-20250115-1-03,2025-01-15,P005,1,219.0,67.0,0.0
SYN-20250115-1-04,2025-01-15,P006,1,139.0,35.0,0.0
SYN-20250115-1-05,2025-01-15,P007,1,189.0,55.0,0.0
SYN-20250115-1-06,2025-01-15,P008,1,329.0,121.0,0.0
SYN-20250115-1-07,2025-01-15,P009,1,159.0,43.0,0.0
SYN-20250115-2-00,2025-01-15,P005,1,219.0,67.0,0.0
SYN-20250115-2-01,2025-01-15,P006,1,139.0,35.0,13.9
SYN-20250115-2-02,2025-01-15,P007,1,189.0,55.0,0.0
SYN-20250115-2-03,2025-01-15,P008,1,329.0,121.0,0.0
SYN-20250115-2-04,2025-01-15,P009,1,159.0,43.0,0.0
SYN-20250115-2-05,2025-01-15,P010,1,279.0,83.0,27.9
SYN-20250116-0-00,2025-01-16,P004,1,249.0,71.0,0.0
SYN-20250116-0-01,2025-01-16,P005,1,219.0,67.0,0.0
SYN-20250116-0-02,2025-01-16,P006,1,139.0,35.0,0.0
SYN-20250116-0-03,2025-01-16,P007,1,189.0,55.0,0.0
SYN-20250116-0-04,2025-01-16,P008,1,329.0,121.0,32.9
SYN-20250116-0-05,2025-01-16,P009,1,159.0,43.0,0.0
SYN-20250116-1-00,2025-01-16,P007,1,189.0,55.0,18.9
SYN-20250116-1-01,2025-01-16,P008,1,329.0,121.0,0.0
SYN-20250116-1-02,2025-01-16,P009,1,159.0,43.0,0.0
SYN-20250116-1-03,2025-01-16,P010,1,279.0,83.0,0.0
SYN-20250116-1-04,2025-01-16,P011,1,199.0,61.0,0.0
SYN-20250116-1-05,2025-01-16,P012,1,359.0,137.0,0.0
SYN-20250116-1-06,2025-01-16,P001,1,299.0,94.0,0.0
SYN-20250116-1-07,2025-01-16,P002,1,89.0,24.0,0.0
SYN-20250116-1-08,2025-01-16,P003,1,179.0,49.0,0.0
SYN-20250116-1-09,2025-01-16,P004,1,249.0,71.0,0.0
SYN-20250116-2-00,2025-01-16,P010,1,279.0,83.0,0.0
SYN-20250116-2-01,2025-01-16,P011,1,199.0,61.0,0.0
SYN-20250116-2-02,2025-01-16,P012,1,359.0,137.0,35.9
SYN-20250116-2-03,2025-01-16,P001,1,299.0,94.0,0.0
SYN-20250116-2-04,2025-01-16,P002,1,89.0,24.0,0.0
SYN-20250116-2-05,2025-01-16,P003,1,179.0,49.0,0.0
SYN-20250116-2-06,2025-01-16,P004,1,249.0,71.0,0.0
SYN-20250116-2-07,2025-01-16,P005,1,219.0,67.0,21.9
SYN-20250116-2-08,2025-01-16,P006,1,139.0,35.0,0.0
SYN-20250116-2-09,2025-01-16,P007,1,189.0,55.0,0.0
SYN-20250116-2-10,2025-01-16,P008,1,329.0,121.0,0.0
SYN-20250116-2-11,2025-01-16,P009,2,318.0,86.0,0.0
SYN-20250116-2-12,2025-01-16,P010,1,279.0,83.0,27.9
SYN-20250117-0-00,2025-01-17,P009,1,159.0,43.0,0.0
SYN-20250117-0-01,2025-01-17,P010,1,279.0,83.0,0.0
SYN-20250117-0-02,2025-01-17,P011,1,199.0,61.0,0.0
SYN-20250117-0-03,2025-01-17,P012,1,359.0,137.0,0.0
SYN-20250117-0-04,2025-01-17,P001,1,299.0,94.0,0.0
SYN-20250117-0-05,2025-01-17,P002,1,89.0,24.0,0.0
SYN-20250117-0-06,2025-01-17,P003,1,179.0,49.0,0.0
SYN-20250117-0-07,2025-01-17,P004,1,249.0,71.0,0.0
SYN-20250117-1-00,2025-01-17,P012,1,359.0,137.0,35.9
SYN-20250117-1-01,2025-01-17,P001,1,299.0,94.0,0.0
SYN-20250117-1-02,2025-01-17,P002,1,89.0,24.0,0.0
SYN-20250117-1-03,2025-01-17,P003,1,179.0,49.0,0.0
SYN-20250117-1-04,2025-01-17,P004,1,249.0,71.0,0.0
SYN-20250117-1-05,2025-01-17,P005,1,219.0,67.0,0.0
SYN-20250117-1-06,2025-01-17,P006,1,139.0,35.0,0.0
SYN-20250117-2-00,2025-01-17,P003,1,179.0,49.0,0.0
SYN-20250117-2-01,2025-01-17,P004,1,249.0,71.0,24.9
SYN-20250117-2-02,2025-01-17,P005,1,219.0,67.0,0.0
SYN-20250117-2-03,2025-01-17,P006,1,139.0,35.0,0.0
SYN-20250117-2-04,2025-01-17,P007,1,189.0,55.0,0.0
SYN-20250118-0-00,2025-01-18,P002,1,89.0,24.0,0.0
SYN-20250118-0-01,2025-01-18,P003,1,179.0,49.0,17.9
SYN-20250118-0-02,2025-01-18,P004,1,249.0,71.0,0.0
SYN-20250118-0-03,2025-01-18,P005,1,219.0,67.0,0.0
SYN-20250118-0-04,2025-01-18,P006,1,139.0,35.0,0.0
SYN-20250118-0-05,2025-01-18,P007,1,189.0,55.0,18.9
SYN-20250118-0-06,2025-01-18,P008,1,329.0,121.0,32.9
SYN-20250118-0-07,2025-01-18,P009,1,159.0,43.0,0.0
SYN-20250118-1-00,2025-01-18,P005,1,219.0,67.0,21.9
SYN-20250118-1-01,2025-01-18,P006,1,139.0,35.0,0.0
SYN-20250118-1-02,2025-01-18,P007,1,189.0,55.0,0.0
SYN-20250118-1-03,2025-01-18,P008,1,329.0,121.0,32.9
SYN-20250118-1-04,2025-01-18,P009,1,159.0,43.0,0.0
SYN-20250118-1-05,2025-01-18,P010,1,279.0,83.0,0.0
SYN-20250118-1-06,2025-01-18,P011,1,199.0,61.0,0.0
SYN-20250118-1-07,2025-01-18,P012,1,359.0,137.0,0.0
SYN-20250118-1-08,2025-01-18,P001,1,299.0,94.0,29.9
SYN-20250118-1-09,2025-01-18,P002,1,89.0,24.0,0.0
SYN-20250118-1-10,2025-01-18,P003,1,179.0,49.0,17.9
SYN-20250118-2-00,2025-01-18,P008,1,329.0,121.0,0.0
SYN-20250118-2-01,2025-01-18,P009,1,159.0,43.0,0.0
SYN-20250118-2-02,2025-01-18,P010,1,279.0,83.0,27.9
SYN-20250118-2-03,2025-01-18,P011,1,199.0,61.0,0.0
SYN-20250118-2-04,2025-01-18,P012,2,718.0,274.0,0.0
SYN-20250118-2-05,2025-01-18,P001,1,299.0,94.0,0.0
SYN-20250118-2-06,2025-01-18,P002,1,89.0,24.0,8.9
SYN-20250118-2-07,2025-01-18,P003,1,179.0,49.0,17.9
SYN-20250118-2-08,2025-01-18,P004,2,498.0,142.0,0.0
SYN-20250119-0-00,2025-01-19,P007,2,378.0,110.0,0.0
SYN-20250119-0-01,2025-01-19,P008,1,329.0,121.0,32.9
SYN-20250119-0-02,2025-01-19,P009,1,159.0,43.0,15.9
SYN-20250119-0-03,2025-01-19,P010,1,279.0,83.0,0.0
SYN-20250119-0-04,2025-01-19,P011,1,199.0,61.0,0.0
SYN-20250119-0-05,2025-01-19,P012,1,359.0,137.0,35.9
SYN-20250119-0-06,2025-01-19,P001,1,299.0,94.0,29.9
SYN-20250119-0-07,2025-01-19,P002,1,89.0,24.0,0.0
SYN-20250119-0-08,2025-01-19,P003,1,179.0,49.0,0.0
SYN-20250119-1-00,2025-01-19,P010,1,279.0,83.0,0.0
SYN-20250119-1-01,2025-01-19,P011,1,199.0,61.0,19.9
SYN-20250119-1-02,2025-01-19,P012,1,359.0,137.0,35.9
SYN-20250119-1-03,2025-01-19,P001,2,598.0,188.0,0.0
SYN-20250119-1-04,2025-01-19,P002,1,89.0,24.0,8.9
SYN-20250119-1-05,2025-01-19,P003,1,179.0,49.0,0.0
SYN-20250119-2-00,2025-01-19,P001,1,299.0,94.0,0.0
SYN-20250119-2-01,2025-01-19,P002,1,89.0,24.0,0.0
SYN-20250119-2-02,2025-01-19,P003,1,179.0,49.0,0.0
SYN-20250119-2-03,2025-01-19,P004,2,498.0,142.0,0.0
SYN-20250119-2-04,2025-01-19,P005,1,219.0,67.0,0.0
SYN-20250119-2-05,2025-01-19,P006,1,139.0,35.0,0.0
SYN-20250119-2-06,2025-01-19,P007,1,189.0,55.0,18.9
SYN-20250119-2-07,2025-01-19,P008,1,329.0,121.0,32.9
SYN-20250120-0-00,2025-01-20,P012,1,359.0,137.0,0.0
SYN-20250120-0-01,2025-01-20,P001,1,299.0,94.0,29.9
SYN-20250120-0-02,2025-01-20,P002,1,89.0,24.0,8.9
SYN-20250120-0-03,2025-01-20,P003,1,179.0,49.0,0.0
SYN-20250120-0-04,2025-01-20,P004,1,249.0,71.0,24.9
SYN-20250120-1-00,2025-01-20,P003,1,179.0,49.0,0.0
SYN-20250120-1-01,2025-01-20,P004,1,249.0,71.0,0.0
SYN-20250120-1-02,2025-01-20,P005,1,219.0,67.0,0.0
SYN-20250120-1-03,2025-01-20,P006,1,139.0,35.0,0.0
SYN-20250120-1-04,2025-01-20,P007,1,189.0,55.0,18.9
SYN-20250120-1-05,2025-01-20,P008,1,329.0,121.0,0.0
SYN-20250120-1-06,2025-01-20,P009,2,318.0,86.0,0.0
SYN-20250120-2-00,2025-01-20,P006,1,139.0,35.0,13.9
SYN-20250120-2-01,2025-01-20,P007,1,189.0,55.0,0.0
SYN-20250120-2-02,2025-01-20,P008,1,329.0,121.0,0.0
SYN-20250120-2-03,2025-01-20,P009,1,159.0,43.0,0.0
SYN-20250120-2-04,2025-01-20,P010,2,558.0,166.0,55.8
SYN-20250120-2-05,2025-01-20,P011,1,199.0,61.0,0.0
SYN-20250120-2-06,2025-01-20,P012,2,718.0,274.0,0.0
SYN-20250121-0-00,2025-01-21,P005,1,219.0,67.0,0.0
SYN-20250121-0-01,2025-01-21,P006,1,139.0,35.0,13.9
SYN-20250121-0-02,2025-01-21,P007,1,189.0,55.0,0.0
SYN-20250121-0-03,2025-01-21,P008,1,329.0,121.0,0.0
SYN-20250121-0-04,2025-01-21,P009,1,159.0,43.0,0.0
SYN-20250121-0-05,2025-01-21,P010,1,279.0,83.0,0.0
SYN-20250121-0-06,2025-01-21,P011,1,199.0,61.0,0.0
SYN-20250121-1-00,2025-01-21,P008,1,329.0,121.0,32.9
SYN-20250121-1-01,2025-01-21,P009,1,159.0,43.0,0.0
SYN-20250121-1-02,2025-01-21,P010,1,279.0,83.0,0.0
SYN-20250121-1-03,2025-01-21,P011,1,199.0,61.0,0.0
SYN-20250121-1-04,2025-01-21,P012,1,359.0,137.0,0.0
SYN-20250121-1-05,2025-01-21,P001,1,299.0,94.0,29.9
SYN-20250121-1-06,2025-01-21,P002,1,89.0,24.0,0.0
SYN-20250121-2-00,2025-01-21,P011,1,199.0,61.0,0.0
SYN-20250121-2-01,2025-01-21,P012,1,359.0,137.0,0.0
SYN-20250121-2-02,2025-01-21,P001,1,299.0,94.0,0.0
SYN-20250121-2-03,2025-01-21,P002,1,89.0,24.0,8.9
SYN-20250121-2-04,2025-01-21,P003,1,179.0,49.0,0.0
SYN-20250121-2-05,2025-01-21,P004,1,249.0,71.0,0.0
SYN-20250122-0-00,2025-01-22,P010,1,279.0,83.0,0.0
SYN-20250122-0-01,2025-01-22,P011,1,199.0,61.0,0.0
SYN-20250122-0-02,2025-01-22,P012,1,359.0,137.0,0.0
SYN-20250122-1-00,2025-01-22,P001,1,299.0,94.0,0.0
SYN-20250122-1-01,2025-01-22,P002,1,89.0,24.0,0.0
SYN-20250122-1-02,2025-01-22,P003,2,358.0,98.0,35.8
SYN-20250122-2-00,2025-01-22,P004,1,249.0,71.0,0.0
SYN-20250122-2-01,2025-01-22,P005,1,219.0,67.0,0.0
SYN-20250122-2-02,2025-01-22,P006,1,139.0,35.0,13.9
SYN-20250122-2-03,2025-01-22,P007,1,189.0,55.0,18.9
SYN-20250122-2-04,2025-01-22,P008,2,658.0,242.0,0.0
SYN-20250122-2-05,2025-01-22,P009,1,159.0,43.0,0.0
SYN-20250122-2-06,2025-01-22,P010,1,279.0,83.0,27.9
SYN-20250122-2-07,2025-01-22,P011,1,199.0,61.0,0.0
SYN-20250122-2-08,2025-01-22,P012,1,359.0,137.0,0.0
SYN-20250122-2-09,2025-01-22,P001,1,299.0,94.0,0.0
SYN-20250122-2-10,2025-01-22,P002,1,89.0,24.0,0.0
SYN-20250123-0-00,2025-01-23,P003,1,179.0,49.0,0.0
SYN-20250123-0-01,2025-01-23,P004,1,249.0,71.0,0.0
SYN-20250123-0-02,2025-01-23,P005,1,219.0,67.0,0.0
SYN-20250123-0-03,2025-01-23,P006,1,139.0,35.0,13.9
SYN-20250123-0-04,2025-01-23,P007,1,189.0,55.0,0.0
SYN-20250123-0-05,2025-01-23,P008,1,329.0,121.0,0.0
SYN-20250123-0-06,2025-01-23,P009,1,159.0,43.0,0.0
SYN-20250123-0-07,2025-01-23,P010,1,279.0,83.0,27.9
SYN-20250123-0-08,2025-01-23,P011,1,199.0,61.0,0.0
SYN-20250123-1-00,2025-01-23,P006,1,139.0,35.0,0.0
SYN-20250123-1-01,2025-01-23,P007,1,189.0,55.0,0.0
SYN-20250123-1-02,2025-01-23,P008,1,329.0,121.0,0.0
SYN-20250123-1-03,2025-01-23,P009,1,159.0,43.0,0.0
SYN-20250123-1-04,2025-01-23,P010,1,279.0,83.0,27.9
SYN-20250123-1-05,2025-01-23,P011,1,199.0,61.0,0.0
SYN-20250123-1-06,2025-01-23,P012,1,359.0,137.0,35.9
SYN-20250123-2-00,2025-01-23,P009,1,159.0,43.0,0.0
SYN-20250123-2-01,2025-01-23,P010,1,279.0,83.0,0.0
SYN-20250123-2-02,2025-01-23,P011,1,199.0,61.0,0.0
SYN-20250123-2-03,2025-01-23,P012,1,359.0,137.0,0.0
SYN-20250123-2-04,2025-01-23,P001,1,299.0,94.0,29.9
SYN-20250123-2-05,2025-01-23,P002,1,89.0,24.0,0.0
SYN-20250123-2-06,2025-01-23,P003,1,179.0,49.0,0.0
SYN-20250123-2-07,2025-01-23,P004,1,249.0,71.0,0.0
SYN-20250123-2-08,2025-01-23,P005,1,219.0,67.0,0.0
SYN-20250123-2-09,2025-01-23,P006,1,139.0,35.0,13.9
SYN-20250123-2-10,2025-01-23,P007,1,189.0,55.0,18.9
SYN-20250124-0-00,2025-01-24,P008,1,329.0,121.0,0.0
SYN-20250124-0-01,2025-01-24,P009,1,159.0,43.0,15.9
SYN-20250124-0-02,2025-01-24,P010,1,279.0,83.0,0.0
SYN-20250124-0-03,2025-01-24,P011,1,199.0,61.0,0.0
SYN-20250124-0-04,2025-01-24,P012,1,359.0,137.0,0.0
SYN-20250124-1-00,2025-01-24,P011,1,199.0,61.0,0.0
SYN-20250124-1-01,2025-01-24,P012,1,359.0,137.0,0.0
SYN-20250124-1-02,2025-01-24,P001,1,299.0,94.0,0.0
SYN-20250124-1-03,2025-01-24,P002,1,89.0,24.0,0.0
SYN-20250124-1-04,2025-01-24,P003,1,179.0,49.0,0.0
SYN-20250124-1-05,2025-01-24,P004,1,249.0,71.0,0.0
SYN-20250124-1-06,2025-01-24,P005,2,438.0,134.0,0.0
SYN-20250124-2-00,2025-01-24,P002,1,89.0,24.0,0.0
SYN-20250124-2-01,2025-01-24,P003,1,179.0,49.0,17.9
SYN-20250124-2-02,2025-01-24,P004,1,249.0,71.0,24.9
SYN-20250124-2-03,2025-01-24,P005,1,219.0,67.0,0.0
SYN-20250124-2-04,2025-01-24,P006,1,139.0,35.0,0.0
SYN-20250124-2-05,2025-01-24,P007,1,189.0,55.0,0.0
SYN-20250124-2-06,2025-01-24,P008,1,329.0,121.0,0.0
SYN-20250124-2-07,2025-01-24,P009,1,159.0,43.0,0.0
SYN-20250124-2-08,2025-01-24,P010,1,279.0,83.0,0.0
SYN-20250124-2-09,2025-01-24,P011,1,199.0,61.0,0.0
SYN-20250124-2-10,2025-01-24,P012,1,359.0,137.0,0.0
SYN-20250125-0-00,2025-01-25,P001,1,299.0,94.0,0.0
SYN-20250125-0-01,2025-01-25,P002,1,89.0,24.0,8.9
SYN-20250125-0-02,2025-01-25,P003,2,358.0,98.0,35.8
SYN-20250125-0-03,2025-01-25,P004,1,249.0,71.0,0.0
SYN-20250125-0-04,2025-01-25,P005,1,219.0,67.0,21.9
SYN-20250125-1-00,2025-01-25,P004,1,249.0,71.0,24.9
SYN-20250125-1-01,2025-01-25,P005,1,219.0,67.0,0.0
SYN-20250125-1-02,2025-01-25,P006,1,139.0,35.0,0.0
SYN-20250125-1-03,2025-01-25,P007,1,189.0,55.0,0.0
SYN-20250125-1-04,2025-01-25,P008,1,329.0,121.0,0.0
SYN-20250125-1-05,2025-01-25,P009,1,159.0,43.0,0.0
SYN-20250125-1-06,2025-01-25,P010,1,279.0,83.0,27.9
SYN-20250125-1-07,2025-01-25,P011,1,199.0,61.0,19.9
SYN-20250125-2-00,2025-01-25,P007,1,189.0,55.0,0.0
SYN-20250125-2-01,2025-01-25,P008,1,329.0,121.0,0.0
SYN-20250125-2-02,2025-01-25,P009,1,159.0,43.0,0.0
SYN-20250125-2-03,2025-01-25,P010,1,279.0,83.0,0.0
SYN-20250125-2-04,2025-01-25,P011,1,199.0,61.0,19.9
SYN-20250125-2-05,2025-01-25,P012,1,359.0,137.0,0.0
SYN-20250125-2-06,2025-01-25,P001,1,299.0,94.0,0.0
SYN-20250125-2-07,2025-01-25,P002,1,89.0,24.0,0.0
SYN-20250125-2-08,2025-01-25,P003,2,358.0,98.0,0.0
SYN-20250125-2-09,2025-01-25,P004,1,249.0,71.0,24.9
SYN-20250125-2-10,2025-01-25,P005,2,438.0,134.0,43.8
SYN-20250125-2-11,2025-01-25,P006,1,139.0,35.0,13.9
SYN-20250126-0-00,2025-01-26,P006,1,139.0,35.0,0.0
SYN-20250126-0-01,2025-01-26,P007,1,189.0,55.0,0.0
SYN-20250126-0-02,2025-01-26,P008,2,658.0,242.0,0.0
SYN-20250126-0-03,2025-01-26,P009,1,159.0,43.0,0.0
SYN-20250126-0-04,2025-01-26,P010,1,279.0,83.0,27.9
SYN-20250126-0-05,2025-01-26,P011,1,199.0,61.0,0.0
SYN-20250126-0-06,2025-01-26,P012,1,359.0,137.0,0.0
SYN-20250126-0-07,2025-01-26,P001,1,299.0,94.0,0.0
SYN-20250126-0-08,2025-01-26,P002,1,89.0,24.0,0.0
SYN-20250126-0-09,2025-01-26,P003,1,179.0,49.0,0.0
SYN-20250126-1-00,2025-01-26,P009,1,159.0,43.0,15.9
SYN-20250126-1-01,2025-01-26,P010,1,279.0,83.0,0.0
SYN-20250126-1-02,2025-01-26,P011,1,199.0,61.0,0.0
SYN-20250126-1-03,2025-01-26,P012,1,359.0,137.0,0.0
SYN-20250126-1-04,2025-01-26,P001,1,299.0,94.0,29.9
SYN-20250126-1-05,2025-01-26,P002,1,89.0,24.0,0.0
SYN-20250126-1-06,2025-01-26,P003,1,179.0,49.0,0.0
SYN-20250126-1-07,2025-01-26,P004,1,249.0,71.0,0.0
SYN-20250126-1-08,2025-01-26,P005,1,219.0,67.0,0.0
SYN-20250126-1-09,2025-01-26,P006,1,139.0,35.0,0.0
SYN-20250126-1-10,2025-01-26,P007,1,189.0,55.0,0.0
SYN-20250126-2-00,2025-01-26,P012,1,359.0,137.0,0.0
SYN-20250126-2-01,2025-01-26,P001,1,299.0,94.0,0.0
SYN-20250126-2-02,2025-01-26,P002,1,89.0,24.0,0.0
SYN-20250126-2-03,2025-01-26,P003,2,358.0,98.0,35.8
SYN-20250126-2-04,2025-01-26,P004,1,249.0,71.0,0.0
SYN-20250127-0-00,2025-01-27,P011,1,199.0,61.0,0.0
SYN-20250127-0-01,2025-01-27,P012,1,359.0,137.0,0.0
SYN-20250127-0-02,2025-01-27,P001,1,299.0,94.0,29.9
SYN-20250127-0-03,2025-01-27,P002,1,89.0,24.0,8.9
SYN-20250127-0-04,2025-01-27,P003,1,179.0,49.0,0.0
SYN-20250127-0-05,2025-01-27,P004,1,249.0,71.0,24.9
SYN-20250127-0-06,2025-01-27,P005,1,219.0,67.0,0.0
SYN-20250127-0-07,2025-01-27,P006,1,139.0,35.0,0.0
SYN-20250127-0-08,2025-01-27,P007,1,189.0,55.0,18.9
SYN-20250127-0-09,2025-01-27,P008,1,329.0,121.0,0.0
SYN-20250127-0-10,2025-01-27,P009,1,159.0,43.0,0.0
SYN-20250127-0-11,2025-01-27,P010,1,279.0,83.0,27.9
SYN-20250127-1-00,2025-01-27,P002,1,89.0,24.0,0.0
SYN-20250127-1-01,2025-01-27,P003,1,179.0,49.0,0.0
SYN-20250127-1-02,2025-01-27,P004,1,249.0,71.0,0.0
SYN-20250127-1-03,2025-01-27,P005,2,438.0,134.0,0.0
SYN-20250127-1-04,2025-01-27,P006,2,278.0,70.0,0.0
SYN-20250127-1-05,2025-01-27,P007,1,189.0,55.0,0.0
SYN-20250127-2-00,2025-01-27,P005,1,219.0,67.0,21.9
SYN-20250127-2-01,2025-01-27,P006,1,139.0,35.0,0.0
SYN-20250127-2-02,2025-01-27,P007,1,189.0,55.0,0.0
SYN-20250127-2-03,2025-01-27,P008,1,329.0,121.0,0.0
SYN-20250127-2-04,2025-01-27,P009,1,159.0,43.0,15.9
SYN-20250128-0-00,2025-01-28,P004,1,249.0,71.0,0.0
SYN-20250128-0-01,2025-01-28,P005,1,219.0,67.0,0.0
SYN-20250128-0-02,2025-01-28,P006,1,139.0,35.0,0.0
SYN-20250128-0-03,2025-01-28,P007,1,189.0,55.0,18.9
SYN-20250128-0-04,2025-01-28,P008,1,329.0,121.0,0.0
SYN-20250128-0-05,2025-01-28,P009,1,159.0,43.0,0.0
SYN-20250128-0-06,2025-01-28,P010,1,279.0,83.0,0.0
SYN-20250128-0-07,2025-01-28,P011,1,199.0,61.0,0.0
SYN-20250128-0-08,2025-01-28,P012,1,359.0,137.0,0.0
SYN-20250128-1-00,2025-01-28,P007,1,189.0,55.0,0.0
SYN-20250128-1-01,2025-01-28,P008,1,329.0,121.0,32.9
SYN-20250128-1-02,2025-01-28,P009,1,159.0,43.0,0.0
SYN-20250128-1-03,2025-01-28,P010,1,279.0,83.0,0.0
SYN-20250128-1-04,2025-01-28,P011,2,398.0,122.0,0.0
SYN-20250128-2-00,2025-01-28,P010,1,279.0,83.0,0.0
SYN-20250128-2-01,2025-01-28,P011,1,199.0,61.0,0.0
SYN-20250128-2-02,2025-01-28,P012,1,359.0,137.0,0.0
SYN-20250128-2-03,2025-01-28,P001,1,299.0,94.0,0.0
SYN-20250128-2-04,2025-01-28,P002,1,89.0,24.0,8.9
SYN-20250129-0-00,2025-01-29,P009,1,159.0,43.0,0.0
SYN-20250129-0-01,2025-01-29,P010,2,558.0,166.0,0.0
SYN-20250129-0-02,2025-01-29,P011,1,199.0,61.0,0.0
SYN-20250129-0-03,2025-01-29,P012,1,359.0,137.0,35.9
SYN-20250129-0-04,2025-01-29,P001,1,299.0,94.0,0.0
SYN-20250129-0-05,2025-01-29,P002,1,89.0,24.0,0.0
SYN-20250129-1-00,2025-01-29,P012,1,359.0,137.0,35.9
SYN-20250129-1-01,2025-01-29,P001,1,299.0,94.0,0.0
SYN-20250129-1-02,2025-01-29,P002,2,178.0,48.0,0.0
SYN-20250129-1-03,2025-01-29,P003,1,179.0,49.0,0.0
SYN-20250129-1-04,2025-01-29,P004,1,249.0,71.0,0.0
SYN-20250129-1-05,2025-01-29,P005,1,219.0,67.0,0.0
SYN-20250129-1-06,2025-01-29,P006,1,139.0,35.0,13.9
SYN-20250129-2-00,2025-01-29,P003,1,179.0,49.0,0.0
SYN-20250129-2-01,2025-01-29,P004,1,249.0,71.0,24.9
SYN-20250129-2-02,2025-01-29,P005,1,219.0,67.0,21.9
SYN-20250129-2-03,2025-01-29,P006,1,139.0,35.0,0.0
SYN-20250129-2-04,2025-01-29,P007,1,189.0,55.0,18.9
SYN-20250129-2-05,2025-01-29,P008,1,329.0,121.0,0.0
SYN-20250129-2-06,2025-01-29,P009,1,159.0,43.0,0.0
SYN-20250130-0-00,2025-01-30,P002,1,89.0,24.0,0.0
SYN-20250130-0-01,2025-01-30,P003,1,179.0,49.0,0.0
SYN-20250130-0-02,2025-01-30,P004,2,498.0,142.0,0.0
SYN-20250130-0-03,2025-01-30,P005,1,219.0,67.0,0.0
SYN-20250130-0-04,2025-01-30,P006,1,139.0,35.0,0.0
SYN-20250130-1-00,2025-01-30,P005,1,219.0,67.0,21.9
SYN-20250130-1-01,2025-01-30,P006,1,139.0,35.0,0.0
SYN-20250130-1-02,2025-01-30,P007,1,189.0,55.0,0.0
SYN-20250130-1-03,2025-01-30,P008,1,329.0,121.0,32.9
SYN-20250130-1-04,2025-01-30,P009,1,159.0,43.0,15.9
SYN-20250130-1-05,2025-01-30,P010,2,558.0,166.0,55.8
SYN-20250130-1-06,2025-01-30,P011,2,398.0,122.0,0.0
SYN-20250130-1-07,2025-01-30,P012,1,359.0,137.0,0.0
SYN-20250130-1-08,2025-01-30,P001,1,299.0,94.0,0.0
SYN-20250130-2-00,2025-01-30,P008,2,658.0,242.0,65.8
SYN-20250130-2-01,2025-01-30,P009,1,159.0,43.0,0.0
SYN-20250130-2-02,2025-01-30,P010,2,558.0,166.0,0.0
SYN-20250130-2-03,2025-01-30,P011,1,199.0,61.0,0.0
SYN-20250130-2-04,2025-01-30,P012,1,359.0,137.0,0.0
SYN-20250130-2-05,2025-01-30,P001,1,299.0,94.0,0.0
SYN-20250131-0-00,2025-01-31,P007,1,189.0,55.0,0.0
SYN-20250131-0-01,2025-01-31,P008,1,329.0,121.0,0.0
SYN-20250131-0-02,2025-01-31,P009,1,159.0,43.0,15.9
SYN-20250131-0-03,2025-01-31,P010,1,279.0,83.0,0.0
SYN-20250131-0-04,2025-01-31,P011,1,199.0,61.0,19.9
SYN-20250131-0-05,2025-01-31,P012,2,718.0,274.0,0.0
SYN-20250131-0-06,2025-01-31,P001,1,299.0,94.0,0.0
SYN-20250131-0-07,2025-01-31,P002,1,89.0,24.0,8.9
SYN-20250131-0-08,2025-01-31,P003,1,179.0,49.0,17.9
SYN-20250131-0-09,2025-01-31,P004,1,249.0,71.0,0.0
SYN-20250131-1-00,2025-01-31,P010,1,279.0,83.0,0.0
SYN-20250131-1-01,2025-01-31,P011,1,199.0,61.0,0.0
SYN-20250131-1-02,2025-01-31,P012,1,359.0,137.0,0.0
SYN-20250131-1-03,2025-01-31,P001,1,299.0,94.0,0.0
SYN-20250131-1-04,2025-01-31,P002,1,89.0,24.0,0.0
SYN-20250131-1-05,2025-01-31,P003,1,179.0,49.0,0.0
SYN-20250131-1-06,2025-01-31,P004,1,249.0,71.0,24.9
SYN-20250131-2-00,2025-01-31,P001,1,299.0,94.0,0.0
SYN-20250131-2-01,2025-01-31,P002,1,89.0,24.0,0.0
SYN-20250131-2-02,2025-01-31,P003,1,179.0,49.0,17.9
SYN-20250131-2-03,2025-01-31,P004,1,249.0,71.0,0.0
SYN-20250201-0-00,2025-02-01,P012,2,718.0,274.0,0.0
SYN-20250201-0-01,2025-02-01,P001,1,299.0,94.0,29.9
SYN-20250201-0-02,2025-02-01,P002,1,89.0,24.0,8.9
SYN-20250201-0-03,2025-02-01,P003,1,179.0,49.0,17.9
SYN-20250201-0-04,2025-02-01,P004,1,249.0,71.0,24.9
SYN-20250201-0-05,2025-02-01,P005,1,219.0,67.0,0.0
SYN-20250201-0-06,2025-02-01,P006,2,278.0,70.0,0.0
SYN-20250201-1-00,2025-02-01,P003,1,179.0,49.0,0.0
SYN-20250201-1-01,2025-02-01,P004,1,249.0,71.0,24.9
SYN-20250201-1-02,2025-02-01,P005,1,219.0,67.0,0.0
SYN-20250201-1-03,2025-02-01,P006,1,139.0,35.0,13.9
SYN-20250201-1-04,2025-02-01,P007,1,189.0,55.0,0.0
SYN-20250201-1-05,2025-02-01,P008,1,329.0,121.0,0.0
SYN-20250201-1-06,2025-02-01,P009,1,159.0,43.0,0.0
SYN-20250201-1-07,2025-02-01,P010,1,279.0,83.0,0.0
SYN-20250201-2-00,2025-02-01,P006,2,278.0,70.0,27.8
SYN-20250201-2-01,2025-02-01,P007,1,189.0,55.0,18.9
SYN-20250201-2-02,2025-02-01,P008,1,329.0,121.0,32.9
SYN-20250201-2-03,2025-02-01,P009,1,159.0,43.0,0.0
SYN-20250201-2-04,2025-02-01,P010,1,279.0,83.0,0.0
SYN-20250201-2-05,2025-02-01,P011,1,199.0,61.0,0.0
SYN-20250201-2-06,2025-02-01,P012,1,359.0,137.0,0.0
SYN-20250201-2-07,2025-02-01,P001,1,299.0,94.0,0.0
SYN-20250201-2-08,2025-02-01,P002,1,89.0,24.0,0.0
SYN-20250201-2-09,2025-02-01,P003,1,179.0,49.0,0.0
SYN-20250201-2-10,2025-02-01,P004,1,249.0,71.0,24.9
SYN-20250201-2-11,2025-02-01,P005,1,219.0,67.0,0.0
SYN-20250202-0-00,2025-02-02,P005,1,219.0,67.0,0.0
SYN-20250202-0-01,2025-02-02,P006,1,139.0,35.0,0.0
SYN-20250202-0-02,2025-02-02,P007,1,189.0,55.0,0.0
SYN-20250202-0-03,2025-02-02,P008,2,658.0,242.0,65.8
SYN-20250202-1-00,2025-02-02,P008,1,329.0,121.0,32.9
SYN-20250202-1-01,2025-02-02,P009,1,159.0,43.0,15.9
SYN-20250202-1-02,2025-02-02,P010,1,279.0,83.0,0.0
SYN-20250202-1-03,2025-02-02,P011,1,199.0,61.0,0.0
SYN-20250202-1-04,2025-02-02,P012,1,359.0,137.0,0.0
SYN-20250202-1-05,2025-02-02,P001,1,299.0,94.0,0.0
SYN-20250202-1-06,2025-02-02,P002,2,178.0,48.0,17.8
SYN-20250202-1-07,2025-02-02,P003,1,179.0,49.0,0.0
SYN-20250202-1-08,2025-02-02,P004,2,498.0,142.0,0.0
SYN-20250202-1-09,2025-02-02,P005,1,219.0,67.0,0.0
SYN-20250202-1-10,2025-02-02,P006,1,139.0,35.0,0.0
SYN-20250202-1-11,2025-02-02,P007,1,189.0,55.0,0.0
SYN-20250202-2-00,2025-02-02,P011,1,199.0,61.0,0.0
SYN-20250202-2-01,2025-02-02,P012,1,359.0,137.0,0.0
SYN-20250202-2-02,2025-02-02,P001,1,299.0,94.0,29.9
SYN-20250202-2-03,2025-02-02,P002,1,89.0,24.0,0.0
SYN-20250202-2-04,2025-02-02,P003,1,179.0,49.0,0.0
SYN-20250202-2-05,2025-02-02,P004,1,249.0,71.0,0.0
SYN-20250202-2-06,2025-02-02,P005,1,219.0,67.0,0.0
SYN-20250202-2-07,2025-02-02,P006,1,139.0,35.0,0.0
SYN-20250202-2-08,2025-02-02,P007,1,189.0,55.0,18.9
SYN-20250202-2-09,2025-02-02,P008,1,329.0,121.0,0.0
SYN-20250202-2-10,2025-02-02,P009,1,159.0,43.0,0.0
SYN-20250202-2-11,2025-02-02,P010,1,279.0,83.0,0.0
SYN-20250202-2-12,2025-02-02,P011,1,199.0,61.0,0.0
SYN-20250202-2-13,2025-02-02,P012,1,359.0,137.0,0.0
SYN-20250202-2-14,2025-02-02,P001,1,299.0,94.0,0.0
SYN-20250202-2-15,2025-02-02,P002,1,89.0,24.0,0.0
SYN-20250202-2-16,2025-02-02,P003,1,179.0,49.0,0.0
SYN-20250203-0-00,2025-02-03,P010,1,279.0,83.0,0.0
SYN-20250203-0-01,2025-02-03,P011,1,199.0,61.0,0.0
SYN-20250203-0-02,2025-02-03,P012,1,359.0,137.0,0.0
SYN-20250203-0-03,2025-02-03,P001,1,299.0,94.0,0.0
SYN-20250203-0-04,2025-02-03,P002,1,89.0,24.0,0.0
SYN-20250203-0-05,2025-02-03,P003,1,179.0,49.0,0.0
SYN-20250203-1-00,2025-02-03,P001,1,299.0,94.0,0.0
SYN-20250203-1-01,2025-02-03,P002,1,89.0,24.0,8.9
SYN-20250203-1-02,2025-02-03,P003,1,179.0,49.0,17.9
SYN-20250203-1-03,2025-02-03,P004,1,249.0,71.0,24.9
SYN-20250203-1-04,2025-02-03,P005,1,219.0,67.0,0.0
SYN-20250203-2-00,2025-02-03,P004,1,249.0,71.0,24.9
SYN-20250203-2-01,2025-02-03,P005,1,219.0,67.0,0.0
SYN-20250203-2-02,2025-02-03,P006,1,139.0,35.0,0.0
SYN-20250203-2-03,2025-02-03,P007,1,189.0,55.0,18.9
SYN-20250203-2-04,2025-02-03,P008,1,329.0,121.0,0.0
SYN-20250203-2-05,2025-02-03,P009,1,159.0,43.0,0.0
SYN-20250204-0-00,2025-02-04,P003,1,179.0,49.0,0.0
SYN-20250204-0-01,2025-02-04,P004,1,249.0,71.0,0.0
SYN-20250204-0-02,2025-02-04,P005,1,219.0,67.0,0.0
SYN-20250204-0-03,2025-02-04,P006,2,278.0,70.0,0.0
SYN-20250204-0-04,2025-02-04,P007,1,189.0,55.0,18.9
SYN-20250204-0-05,2025-02-04,P008,1,329.0,121.0,0.0
SYN-20250204-0-06,2025-02-04,P009,1,159.0,43.0,0.0
SYN-20250204-0-07,2025-02-04,P010,1,279.0,83.0,0.0
SYN-20250204-0-08,2025-02-04,P011,1,199.0,61.0,19.9
SYN-20250204-0-09,2025-02-04,P012,1,359.0,137.0,0.0
SYN-20250204-0-10,2025-02-04,P001,1,299.0,94.0,0.0
SYN-20250204-0-11,2025-02-04,P002,1,89.0,24.0,0.0
SYN-20250204-1-00,2025-02-04,P006,1,139.0,35.0,13.9
SYN-20250204-1-01,2025-02-04,P007,2,378.0,110.0,0.0
SYN-20250204-1-02,2025-02-04,P008,2,658.0,242.0,65.8
SYN-20250204-1-03,2025-02-04,P009,1,159.0,43.0,15.9
SYN-20250204-2-00,2025-02-04,P009,1,159.0,43.0,0.0
SYN-20250204-2-01,2025-02-04,P010,1,279.0,83.0,0.0
SYN-20250204-2-02,2025-02-04,P011,1,199.0,61.0,19.9
SYN-20250204-2-03,2025-02-04,P012,1,359.0,137.0,0.0
SYN-20250204-2-04,2025-02-04,P001,1,299.0,94.0,29.9
SYN-20250204-2-05,2025-02-04,P002,1,89.0,24.0,0.0
SYN-20250204-2-06,2025-02-04,P003,1,179.0,49.0,17.9
SYN-20250204-2-07,2025-02-04,P004,1,249.0,71.0,0.0
SYN-20250204-2-08,2025-02-04,P005,1,219.0,67.0,0.0
SYN-20250204-2-09,2025-02-04,P006,2,278.0,70.0,0.0
SYN-20250204-2-10,2025-02-04,P007,1,189.0,55.0,0.0
SYN-20250204-2-11,2025-02-04,P008,1,329.0,121.0,0.0
SYN-20250204-2-12,2025-02-04,P009,1,159.0,43.0,0.0
SYN-20250205-0-00,2025-02-05,P008,1,329.0,121.0,0.0
SYN-20250205-0-01,2025-02-05,P009,1,159.0,43.0,0.0
SYN-20250205-0-02,2025-02-05,P010,1,279.0,83.0,0.0
SYN-20250205-0-03,2025-02-05,P011,1,199.0,61.0,0.0
SYN-20250205-0-04,2025-02-05,P012,1,359.0,137.0,0.0
SYN-20250205-0-05,2025-02-05,P001,1,299.0,94.0,0.0
SYN-20250205-1-00,2025-02-05,P011,2,398.0,122.0,0.0
SYN-20250205-1-01,2025-02-05,P012,1,359.0,137.0,0.0
SYN-20250205-1-02,2025-02-05,P001,1,299.0,94.0,0.0
SYN-20250205-1-03,2025-02-05,P002,1,89.0,24.0,0.0
SYN-20250205-1-04,2025-02-05,P003,1,179.0,49.0,17.9
SYN-20250205-1-05,2025-02-05,P004,1,249.0,71.0,0.0
SYN-20250205-1-06,2025-02-05,P005,2,438.0,134.0,43.8
SYN-20250205-1-07,2025-02-05,P006,1,139.0,35.0,0.0
SYN-20250205-2-00,2025-02-05,P002,1,89.0,24.0,0.0
SYN-20250205-2-01,2025-02-05,P003,1,179.0,49.0,17.9
SYN-20250205-2-02,2025-02-05,P004,1,249.0,71.0,24.9
SYN-20250205-2-03,2025-02-05,P005,1,219.0,67.0,0.0
SYN-20250205-2-04,2025-02-05,P006,1,139.0,35.0,13.9
SYN-20250205-2-05,2025-02-05,P007,1,189.0,55.0,18.9
SYN-20250205-2-06,2025-02-05,P008,1,329.0,121.0,0.0
SYN-20250205-2-07,2025-02-05,P009,1,159.0,43.0,0.0
SYN-20250205-2-08,2025-02-05,P010,1,279.0,83.0,27.9
SYN-20250205-2-09,2025-02-05,P011,1,199.0,61.0,0.0
SYN-20250205-2-10,2025-02-05,P012,1,359.0,137.0,0.0
SYN-20250206-0-00,2025-02-06,P001,1,299.0,94.0,0.0
SYN-20250206-0-01,2025-02-06,P002,1,89.0,24.0,0.0
SYN-20250206-0-02,2025-02-06,P003,2,358.0,98.0,0.0
SYN-20250206-0-03,2025-02-06,P004,2,498.0,142.0,0.0
SYN-20250206-0-04,2025-02-06,P005,1,219.0,67.0,0.0
SYN-20250206-0-05,2025-02-06,P006,1,139.0,35.0,13.9
SYN-20250206-0-06,2025-02-06,P007,1,189.0,55.0,18.9
SYN-20250206-0-07,2025-02-06,P008,1,329.0,121.0,0.0
SYN-20250206-0-08,2025-02-06,P009,1,159.0,43.0,0.0
SYN-20250206-0-09,2025-02-06,P010,2,558.0,166.0,0.0
SYN-20250206-0-10,2025-02-06,P011,1,199.0,61.0,19.9
SYN-20250206-0-11,2025-02-06,P012,1,359.0,137.0,0.0
SYN-20250206-0-12,2025-02-06,P001,1,299.0,94.0,29.9
SYN-20250206-1-00,2025-02-06,P004,1,249.0,71.0,0.0
SYN-20250206-1-01,2025-02-06,P005,1,219.0,67.0,0.0
SYN-20250206-1-02,2025-02-06,P006,1,139.0,35.0,13.9
SYN-20250206-1-03,2025-02-06,P007,1,189.0,55.0,0.0
SYN-20250206-1-04,2025-02-06,P008,1,329.0,121.0,0.0
SYN-20250206-1-05,2025-02-06,P009,1,159.0,43.0,0.0
SYN-20250206-2-00,2025-02-06,P007,1,189.0,55.0,0.0
SYN-20250206-2-01,2025-02-06,P008,1,329.0,121.0,32.9
SYN-20250206-2-02,2025-02-06,P009,1,159.0,43.0,0.0
SYN-20250206-2-03,2025-02-06,P010,1,279.0,83.0,0.0
SYN-20250206-2-04,2025-02-06,P011,1,199.0,61.0,0.0
SYN-20250206-2-05,2025-02-06,P012,1,359.0,137.0,0.0
SYN-20250206-2-06,2025-02-06,P001,1,299.0,94.0,0.0
SYN-20250206-2-07,2025-02-06,P002,1,89.0,24.0,0.0
SYN-20250206-2-08,2025-02-06,P003,1,179.0,49.0,0.0
SYN-20250207-0-00,2025-02-07,P006,1,139.0,35.0,0.0
SYN-20250207-0-01,2025-02-07,P007,1,189.0,55.0,0.0
SYN-20250207-0-02,2025-02-07,P008,1,329.0,121.0,32.9
SYN-20250207-0-03,2025-02-07,P009,1,159.0,43.0,0.0
SYN-20250207-0-04,2025-02-07,P010,1,279.0,83.0,27.9
SYN-20250207-0-05,2025-02-07,P011,1,199.0,61.0,0.0
SYN-20250207-0-06,2025-02-07,P012,1,359.0,137.0,0.0
SYN-20250207-0-07,2025-02-07,P001,2,598.0,188.0,59.8
SYN-20250207-1-00,2025-02-07,P009,1,159.0,43.0,0.0
SYN-20250207-1-01,2025-02-07,P010,1,279.0,83.0,0.0
SYN-20250207-1-02,2025-02-07,P011,1,199.0,61.0,19.9
SYN-20250207-1-03,2025-02-07,P012,1,359.0,137.0,0.0
SYN-20250207-1-04,2025-02-07,P001,1,299.0,94.0,0.0
SYN-20250207-1-05,2025-02-07,P002,2,178.0,48.0,17.8
SYN-20250207-1-06,2025-02-07,P003,1,179.0,49.0,0.0
SYN-20250207-2-00,2025-02-07,P012,1,359.0,137.0,0.0
SYN-20250207-2-01,2025-02-07,P001,1,299.0,94.0,0.0
SYN-20250207-2-02,2025-02-07,P002,1,89.0,24.0,0.0
SYN-20250207-2-03,2025-02-07,P003,2,358.0,98.0,0.0
SYN-20250207-2-04,2025-02-07,P004,1,249.0,71.0,0.0
SYN-20250207-2-05,2025-02-07,P005,1,219.0,67.0,0.0
SYN-20250207-2-06,2025-02-07,P006,1,139.0,35.0,0.0
SYN-20250207-2-07,2025-02-07,P007,1,189.0,55.0,0.0
SYN-20250208-0-00,2025-02-08,P011,1,199.0,61.0,19.9
SYN-20250208-0-01,2025-02-08,P012,1,359.0,137.0,35.9
SYN-20250208-0-02,2025-02-08,P001,1,299.0,94.0,29.9
SYN-20250208-0-03,2025-02-08,P002,1,89.0,24.0,0.0
SYN-20250208-0-04,2025-02-08,P003,2,358.0,98.0,0.0
SYN-20250208-0-05,2025-02-08,P004,1,249.0,71.0,0.0
SYN-20250208-0-06,2025-02-08,P005,2,438.0,134.0,0.0
SYN-20250208-1-00,2025-02-08,P002,1,89.0,24.0,0.0
SYN-20250208-1-01,2025-02-08,P003,1,179.0,49.0,17.9
SYN-20250208-1-02,2025-02-08,P004,1,249.0,71.0,0.0
SYN-20250208-1-03,2025-02-08,P005,1,219.0,67.0,0.0
SYN-20250208-2-00,2025-02-08,P005,1,219.0,67.0,0.0
SYN-20250208-2-01,2025-02-08,P006,1,139.0,35.0,13.9
SYN-20250208-2-02,2025-02-08,P007,1,189.0,55.0,0.0
SYN-20250208-2-03,2025-02-08,P008,1,329.0,121.0,0.0
SYN-20250208-2-04,2025-02-08,P009,1,159.0,43.0,0.0
SYN-20250209-0-00,2025-02-09,P004,1,249.0,71.0,0.0
SYN-20250209-0-01,2025-02-09,P005,1,219.0,67.0,0.0
SYN-20250209-0-02,2025-02-09,P006,1,139.0,35.0,0.0
SYN-20250209-0-03,2025-02-09,P007,1,189.0,55.0,0.0
SYN-20250209-0-04,2025-02-09,P008,1,329.0,121.0,0.0
SYN-20250209-1-00,2025-02-09,P007,1,189.0,55.0,18.9
SYN-20250209-1-01,2025-02-09,P008,1,329.0,121.0,0.0
SYN-20250209-1-02,2025-02-09,P009,1,159.0,43.0,0.0
SYN-20250209-1-03,2025-02-09,P010,1,279.0,83.0,27.9
SYN-20250209-1-04,2025-02-09,P011,1,199.0,61.0,0.0
SYN-20250209-1-05,2025-02-09,P012,1,359.0,137.0,0.0
SYN-20250209-1-06,2025-02-09,P001,1,299.0,94.0,0.0
SYN-20250209-1-07,2025-02-09,P002,1,89.0,24.0,0.0
SYN-20250209-1-08,2025-02-09,P003,1,179.0,49.0,0.0
SYN-20250209-1-09,2025-02-09,P004,1,249.0,71.0,24.9
SYN-20250209-2-00,2025-02-09,P010,1,279.0,83.0,0.0
SYN-20250209-2-01,2025-02-09,P011,1,199.0,61.0,0.0
SYN-20250209-2-02,2025-02-09,P012,1,359.0,137.0,0.0
SYN-20250209-2-03,2025-02-09,P001,1,299.0,94.0,29.9
SYN-20250210-0-00,2025-02-10,P009,1,159.0,43.0,0.0
SYN-20250210-0-01,2025-02-10,P010,1,279.0,83.0,0.0
SYN-20250210-0-02,2025-02-10,P011,1,199.0,61.0,0.0
SYN-20250210-0-03,2025-02-10,P012,1,359.0,137.0,35.9
SYN-20250210-0-04,2025-02-10,P001,1,299.0,94.0,0.0
SYN-20250210-0-05,2025-02-10,P002,1,89.0,24.0,8.9
SYN-20250210-0-06,2025-02-10,P003,1,179.0,49.0,17.9
SYN-20250210-0-07,2025-02-10,P004,1,249.0,71.0,0.0
SYN-20250210-0-08,2025-02-10,P005,1,219.0,67.0,0.0
SYN-20250210-0-09,2025-02-10,P006,1,139.0,35.0,0.0
SYN-20250210-1-00,2025-02-10,P012,1,359.0,137.0,0.0
SYN-20250210-1-01,2025-02-10,P001,1,299.0,94.0,29.9
SYN-20250210-1-02,2025-02-10,P002,1,89.0,24.0,0.0
SYN-20250210-1-03,2025-02-10,P003,1,179.0,49.0,0.0
SYN-20250210-1-04,2025-02-10,P004,1,249.0,71.0,0.0
SYN-20250210-1-05,2025-02-10,P005,1,219.0,67.0,0.0
SYN-20250210-1-06,2025-02-10,P006,1,139.0,35.0,0.0
SYN-20250210-1-07,2025-02-10,P007,1,189.0,55.0,0.0
SYN-20250210-1-08,2025-02-10,P008,1,329.0,121.0,0.0
SYN-20250210-1-09,2025-02-10,P009,1,159.0,43.0,0.0
SYN-20250210-1-10,2025-02-10,P010,1,279.0,83.0,0.0
SYN-20250210-1-11,2025-02-10,P011,2,398.0,122.0,0.0
SYN-20250210-2-00,2025-02-10,P003,2,358.0,98.0,35.8
SYN-20250210-2-01,2025-02-10,P004,1,249.0,71.0,24.9
SYN-20250210-2-02,2025-02-10,P005,1,219.0,67.0,0.0
SYN-20250210-2-03,2025-02-10,P006,1,139.0,35.0,0.0
SYN-20250210-2-04,2025-02-10,P007,1,189.0,55.0,0.0
SYN-20250210-2-05,2025-02-10,P008,1,329.0,121.0,0.0
SYN-20250211-0-00,2025-02-11,P002,1,89.0,24.0,0.0
SYN-20250211-0-01,2025-02-11,P003,1,179.0,49.0,0.0
SYN-20250211-0-02,2025-02-11,P004,1,249.0,71.0,0.0
SYN-20250211-0-03,2025-02-11,P005,1,219.0,67.0,0.0
SYN-20250211-0-04,2025-02-11,P006,1,139.0,35.0,0.0
SYN-20250211-0-05,2025-02-11,P007,1,189.0,55.0,18.9
SYN-20250211-0-06,2025-02-11,P008,1,329.0,121.0,0.0
SYN-20250211-1-00,2025-02-11,P005,1,219.0,67.0,0.0
SYN-20250211-1-01,2025-02-11,P006,1,139.0,35.0,0.0
SYN-20250211-1-02,2025-02-11,P007,2,378.0,110.0,0.0
SYN-20250211-1-03,2025-02-11,P008,1,329.0,121.0,0.0
SYN-20250211-1-04,2025-02-11,P009,1,159.0,43.0,0.0
SYN-20250211-1-05,2025-02-11,P010,1,279.0,83.0,0.0
SYN-20250211-1-06,2025-02-11,P011,1,199.0,61.0,0.0
SYN-20250211-1-07,2025-02-11,P012,1,359.0,137.0,0.0
SYN-20250211-2-00,2025-02-11,P008,2,658.0,242.0,0.0
SYN-20250211-2-01,2025-02-11,P009,1,159.0,43.0,15.9
SYN-20250211-2-02,2025-02-11,P010,1,279.0,83.0,0.0
SYN-20250211-2-03,2025-02-11,P011,1,199.0,61.0,19.9
SYN-20250211-2-04,2025-02-11,P012,1,359.0,137.0,0.0
SYN-20250211-2-05,2025-02-11,P001,1,299.0,94.0,0.0
SYN-20250212-0-00,2025-02-12,P007,1,189.0,55.0,0.0
SYN-20250212-0-01,2025-02-12,P008,1,329.0,121.0,0.0
SYN-20250212-0-02,2025-02-12,P009,1,159.0,43.0,0.0
SYN-20250212-0-03,2025-02-12,P010,1,279.0,83.0,27.9
SYN-20250212-0-04,2025-02-12,P011,2,398.0,122.0,0.0
SYN-20250212-0-05,2025-02-12,P012,1,359.0,137.0,0.0
SYN-20250212-0-06,2025-02-12,P001,1,299.0,94.0,0.0
SYN-20250212-0-07,2025-02-12,P002,1,89.0,24.0,0.0
SYN-20250212-0-08,2025-02-12,P003,1,179.0,49.0,0.0
SYN-20250212-1-00,2025-02-12,P010,1,279.0,83.0,0.0
SYN-20250212-1-01,2025-02-12,P011,1,199.0,61.0,19.9
SYN-20250212-1-02,2025-02-12,P012,1,359.0,137.0,0.0
SYN-20250212-1-03,2025-02-12,P001,1,299.0,94.0,0.0
SYN-20250212-1-04,2025-02-12,P002,1,89.0,24.0,8.9
SYN-20250212-2-00,2025-02-12,P001,1,299.0,94.0,0.0
SYN-20250212-2-01,2025-02-12,P002,1,89.0,24.0,0.0
SYN-20250212-2-02,2025-02-12,P003,1,179.0,49.0,17.9
SYN-20250212-2-03,2025-02-12,P004,1,249.0,71.0,0.0
SYN-20250212-2-04,2025-02-12,P005,1,219.0,67.0,0.0
SYN-20250212-2-05,2025-02-12,P006,1,139.0,35.0,0.0
SYN-20250212-2-06,2025-02-12,P007,1,189.0,55.0,0.0
SYN-20250213-0-00,2025-02-13,P012,1,359.0,137.0,0.0
SYN-20250213-0-01,2025-02-13,P001,1,299.0,94.0,0.0
SYN-20250213-0-02,2025-02-13,P002,1,89.0,24.0,0.0
SYN-20250213-0-03,2025-02-13,P003,1,179.0,49.0,0.0
SYN-20250213-0-04,2025-02-13,P004,1,249.0,71.0,0.0
SYN-20250213-0-05,2025-02-13,P005,1,219.0,67.0,0.0
SYN-20250213-0-06,2025-02-13,P006,1,139.0,35.0,0.0
SYN-20250213-0-07,2025-02-13,P007,1,189.0,55.0,18.9
SYN-20250213-0-08,2025-02-13,P008,1,329.0,121.0,0.0
SYN-20250213-0-09,2025-02-13,P009,1,159.0,43.0,15.9
SYN-20250213-0-10,2025-02-13,P010,1,279.0,83.0,0.0
SYN-20250213-0-11,2025-02-13,P011,1,199.0,61.0,0.0
SYN-20250213-1-00,2025-02-13,P003,1,179.0,49.0,0.0
SYN-20250213-1-01,2025-02-13,P004,1,249.0,71.0,0.0
SYN-20250213-1-02,2025-02-13,P005,1,219.0,67.0,0.0
SYN-20250213-1-03,2025-02-13,P006,1,139.0,35.0,13.9
SYN-20250213-1-04,2025-02-13,P007,1,189.0,55.0,0.0
SYN-20250213-1-05,2025-02-13,P008,1,329.0,121.0,0.0
SYN-20250213-1-06,2025-02-13,P009,1,159.0,43.0,0.0
SYN-20250213-2-00,2025-02-13,P006,1,139.0,35.0,13.9
SYN-20250213-2-01,2025-02-13,P007,1,189.0,55.0,0.0
SYN-20250213-2-02,2025-02-13,P008,1,329.0,121.0,32.9
SYN-20250213-2-03,2025-02-13,P009,1,159.0,43.0,0.0
SYN-20250213-2-04,2025-02-13,P010,2,558.0,166.0,0.0
SYN-20250213-2-05,2025-02-13,P011,1,199.0,61.0,0.0
SYN-20250213-2-06,2025-02-13,P012,1,359.0,137.0,0.0
SYN-20250214-0-00,2025-02-14,P005,1,219.0,67.0,0.0
SYN-20250214-0-01,2025-02-14,P006,1,139.0,35.0,13.9
SYN-20250214-0-02,2025-02-14,P007,1,189.0,55.0,0.0
SYN-20250214-0-03,2025-02-14,P008,1,329.0,121.0,0.0
SYN-20250214-0-04,2025-02-14,P009,1,159.0,43.0,15.9
SYN-20250214-0-05,2025-02-14,P010,1,279.0,83.0,27.9
SYN-20250214-0-06,2025-02-14,P011,2,398.0,122.0,0.0
SYN-20250214-1-00,2025-02-14,P008,1,329.0,121.0,32.9
SYN-20250214-1-01,2025-02-14,P009,1,159.0,43.0,0.0
SYN-20250214-1-02,2025-02-14,P010,1,279.0,83.0,0.0
SYN-20250214-1-03,2025-02-14,P011,1,199.0,61.0,0.0
SYN-20250214-2-00,2025-02-14,P011,1,199.0,61.0,0.0
SYN-20250214-2-01,2025-02-14,P012,1,359.0,137.0,0.0
SYN-20250214-2-02,2025-02-14,P001,1,299.0,94.0,0.0
SYN-20250214-2-03,2025-02-14,P002,1,89.0,24.0,8.9
SYN-20250214-2-04,2025-02-14,P003,1,179.0,49.0,0.0
SYN-20250214-2-05,2025-02-14,P004,1,249.0,71.0,0.0
SYN-20250214-2-06,2025-02-14,P005,1,219.0,67.0,0.0
SYN-20250214-2-07,2025-02-14,P006,1,139.0,35.0,0.0
SYN-20250215-0-00,2025-02-15,P010,1,279.0,83.0,0.0
SYN-20250215-0-01,2025-02-15,P011,1,199.0,61.0,0.0
SYN-20250215-0-02,2025-02-15,P012,1,359.0,137.0,0.0
SYN-20250215-0-03,2025-02-15,P001,1,299.0,94.0,0.0
SYN-20250215-0-04,2025-02-15,P002,1,89.0,24.0,0.0
SYN-20250215-1-00,2025-02-15,P001,1,299.0,94.0,29.9
SYN-20250215-1-01,2025-02-15,P002,1,89.0,24.0,0.0
SYN-20250215-1-02,2025-02-15,P003,1,179.0,49.0,17.9
SYN-20250215-1-03,2025-02-15,P004,1,249.0,71.0,0.0
SYN-20250215-1-04,2025-02-15,P005,1,219.0,67.0,0.0
SYN-20250215-1-05,2025-02-15,P006,1,139.0,35.0,0.0
SYN-20250215-1-06,2025-02-15,P007,1,189.0,55.0,0.0
SYN-20250215-1-07,2025-02-15,P008,2,658.0,242.0,0.0
SYN-20250215-2-00,2025-02-15,P004,1,249.0,71.0,24.9
SYN-20250215-2-01,2025-02-15,P005,1,219.0,67.0,0.0
SYN-20250215-2-02,2025-02-15,P006,1,139.0,35.0,0.0
SYN-20250215-2-03,2025-02-15,P007,1,189.0,55.0,0.0
SYN-20250215-2-04,2025-02-15,P008,1,329.0,121.0,0.0
SYN-20250215-2-05,2025-02-15,P009,1,159.0,43.0,0.0
SYN-20250215-2-06,2025-02-15,P010,1,279.0,83.0,0.0
SYN-20250215-2-07,2025-02-15,P011,1,199.0,61.0,0.0
SYN-20250216-0-00,2025-02-16,P003,1,179.0,49.0,0.0
SYN-20250216-0-01,2025-02-16,P004,1,249.0,71.0,24.9
SYN-20250216-0-02,2025-02-16,P005,1,219.0,67.0,0.0
SYN-20250216-0-03,2025-02-16,P006,1,139.0,35.0,0.0
SYN-20250216-0-04,2025-02-16,P007,1,189.0,55.0,0.0
SYN-20250216-1-00,2025-02-16,P006,1,139.0,35.0,0.0
SYN-20250216-1-01,2025-02-16,P007,1,189.0,55.0,18.9
SYN-20250216-1-02,2025-02-16,P008,1,329.0,121.0,0.0
SYN-20250216-1-03,2025-02-16,P009,2,318.0,86.0,31.8
SYN-20250216-1-04,2025-02-16,P010,1,279.0,83.0,0.0
SYN-20250216-1-05,2025-02-16,P011,1,199.0,61.0,0.0
SYN-20250216-2-00,2025-02-16,P009,2,318.0,86.0,0.0
SYN-20250216-2-01,2025-02-16,P010,1,279.0,83.0,0.0
SYN-20250216-2-02,2025-02-16,P011,1,199.0,61.0,19.9
SYN-20250216-2-03,2025-02-16,P012,1,359.0,137.0,0.0
SYN-20250216-2-04,2025-02-16,P001,1,299.0,94.0,0.0
SYN-20250216-2-05,2025-02-16,P002,1,89.0,24.0,0.0
SYN-20250216-2-06,2025-02-16,P003,2,358.0,98.0,35.8
SYN-20250216-2-07,2025-02-16,P004,1,249.0,71.0,0.0
SYN-20250217-0-00,2025-02-17,P008,1,329.0,121.0,0.0
SYN-20250217-0-01,2025-02-17,P009,1,159.0,43.0,0.0
SYN-20250217-0-02,2025-02-17,P010,1,279.0,83.0,0.0
SYN-20250217-0-03,2025-02-17,P011,1,199.0,61.0,0.0
SYN-20250217-0-04,2025-02-17,P012,1,359.0,137.0,0.0
SYN-20250217-0-05,2025-02-17,P001,1,299.0,94.0,0.0
SYN-20250217-1-00,2025-02-17,P011,1,199.0,61.0,19.9
SYN-20250217-1-01,2025-02-17,P012,1,359.0,137.0,0.0
SYN-20250217-1-02,2025-02-17,P001,1,299.0,94.0,0.0
SYN-20250217-1-03,2025-02-17,P002,1,89.0,24.0,0.0
SYN-20250217-1-04,2025-02-17,P003,1,179.0,49.0,17.9
SYN-20250217-1-05,2025-02-17,P004,1,249.0,71.0,0.0
SYN-20250217-1-06,2025-02-17,P005,1,219.0,67.0,0.0
SYN-20250217-1-07,2025-02-17,P006,1,139.0,35.0,0.0
SYN-20250217-1-08,2025-02-17,P007,2,378.0,110.0,0.0
SYN-20250217-1-09,2025-02-17,P008,1,329.0,121.0,0.0
SYN-20250217-1-10,2025-02-17,P009,1,159.0,43.0,0.0
SYN-20250217-1-11,2025-02-17,P010,1,279.0,83.0,0.0
SYN-20250217-2-00,2025-02-17,P002,1,89.0,24.0,0.0
SYN-20250217-2-01,2025-02-17,P003,1,179.0,49.0,0.0
SYN-20250217-2-02,2025-02-17,P004,1,249.0,71.0,0.0
SYN-20250217-2-03,2025-02-17,P005,1,219.0,67.0,0.0
SYN-20250217-2-04,2025-02-17,P006,1,139.0,35.0,0.0
SYN-20250217-2-05,2025-02-17,P007,1,189.0,55.0,0.0
SYN-20250218-0-00,2025-02-18,P001,2,598.0,188.0,0.0
SYN-20250218-0-01,2025-02-18,P002,1,89.0,24.0,0.0
SYN-20250218-0-02,2025-02-18,P003,1,179.0,49.0,17.9
SYN-20250218-0-03,2025-02-18,P004,1,249.0,71.0,24.9
SYN-20250218-1-00,2025-02-18,P004,1,249.0,71.0,0.0
SYN-20250218-1-01,2025-02-18,P005,1,219.0,67.0,21.9
SYN-20250218-1-02,2025-02-18,P006,1,139.0,35.0,0.0
SYN-20250218-1-03,2025-02-18,P007,1,189.0,55.0,0.0
SYN-20250218-1-04,2025-02-18,P008,2,658.0,242.0,0.0
SYN-20250218-1-05,2025-02-18,P009,1,159.0,43.0,0.0
SYN-20250218-1-06,2025-02-18,P010,1,279.0,83.0,27.9
SYN-20250218-2-00,2025-02-18,P007,1,189.0,55.0,0.0
SYN-20250218-2-01,2025-02-18,P008,1,329.0,121.0,32.9
SYN-20250218-2-02,2025-02-18,P009,1,159.0,43.0,0.0
SYN-20250218-2-03,2025-02-18,P010,1,279.0,83.0,27.9
SYN-20250219-0-00,2025-02-19,P006,1,139.0,35.0,0.0
SYN-20250219-0-01,2025-02-19,P007,1,189.0,55.0,0.0
SYN-20250219-0-02,2025-02-19,P008,1,329.0,121.0,32.9
SYN-20250219-0-03,2025-02-19,P009,1,159.0,43.0,15.9
SYN-20250219-0-04,2025-02-19,P010,1,279.0,83.0,0.0
SYN-20250219-0-05,2025-02-19,P011,1,199.0,61.0,19.9
SYN-20250219-0-06,2025-02-19,P012,1,359.0,137.0,0.0
SYN-20250219-0-07,2025-02-19,P001,1,299.0,94.0,0.0
SYN-20250219-1-00,2025-02-19,P009,1,159.0,43.0,0.0
SYN-20250219-1-01,2025-02-19,P010,1,279.0,83.0,27.9
SYN-20250219-1-02,2025-02-19,P011,1,199.0,61.0,0.0
SYN-20250219-1-03,2025-02-19,P012,1,359.0,137.0,35.9
SYN-20250219-1-04,2025-02-19,P001,1,299.0,94.0,0.0
SYN-20250219-1-05,2025-02-19,P002,1,89.0,24.0,0.0
SYN-20250219-1-06,2025-02-19,P003,2,358.0,98.0,0.0
SYN-20250219-1-07,2025-02-19,P004,1,249.0,71.0,24.9
SYN-20250219-1-08,2025-02-19,P005,1,219.0,67.0,0.0
SYN-20250219-1-09,2025-02-19,P006,1,139.0,35.0,0.0
SYN-20250219-1-10,2025-02-19,P007,1,189.0,55.0,0.0
SYN-20250219-2-00,2025-02-19,P012,1,359.0,137.0,0.0
SYN-20250219-2-01,2025-02-19,P001,1,299.0,94.0,0.0
SYN-20250219-2-02,2025-02-19,P002,1,89.0,24.0,8.9
SYN-20250219-2-03,2025-02-19,P003,1,179.0,49.0,0.0
SYN-20250220-0-00,2025-02-20,P011,2,398.0,122.0,0.0
SYN-20250220-0-01,2025-02-20,P012,1,359.0,137.0,0.0
SYN-20250220-0-02,2025-02-20,P001,1,299.0,94.0,0.0
SYN-20250220-0-03,2025-02-20,P002,1,89.0,24.0,0.0
SYN-20250220-0-04,2025-02-20,P003,1,179.0,49.0,0.0
SYN-20250220-0-05,2025-02-20,P004,1,249.0,71.0,0.0
SYN-20250220-1-00,2025-02-20,P002,1,89.0,24.0,8.9
SYN-20250220-1-01,2025-02-20,P003,1,179.0,49.0,0.0
SYN-20250220-1-02,2025-02-20,P004,1,249.0,71.0,0.0
SYN-20250220-1-03,2025-02-20,P005,1,219.0,67.0,0.0
SYN-20250220-1-04,2025-02-20,P006,1,139.0,35.0,13.9
SYN-20250220-1-05,2025-02-20,P007,1,189.0,55.0,0.0
SYN-20250220-1-06,2025-02-20,P008,1,329.0,121.0,0.0
SYN-20250220-1-07,2025-02-20,P009,1,159.0,43.0,0.0
SYN-20250220-1-08,2025-02-20,P010,2,558.0,166.0,55.8
SYN-20250220-1-09,2025-02-20,P011,1,199.0,61.0,19.9
SYN-20250220-1-10,2025-02-20,P012,1,359.0,137.0,0.0
SYN-20250220-2-00,2025-02-20,P005,1,219.0,67.0,0.0
SYN-20250220-2-01,2025-02-20,P006,2,278.0,70.0,0.0
SYN-20250220-2-02,2025-02-20,P007,1,189.0,55.0,0.0
SYN-20250220-2-03,2025-02-20,P008,1,329.0,121.0,32.9
SYN-20250220-2-04,2025-02-20,P009,1,159.0,43.0,15.9
SYN-20250220-2-05,2025-02-20,P010,1,279.0,83.0,0.0
SYN-20250220-2-06,2025-02-20,P011,1,199.0,61.0,0.0
SYN-20250221-0-00,2025-02-21,P004,1,249.0,71.0,0.0
SYN-20250221-0-01,2025-02-21,P005,1,219.0,67.0,0.0
SYN-20250221-0-02,2025-02-21,P006,1,139.0,35.0,0.0
SYN-20250221-0-03,2025-02-21,P007,1,189.0,55.0,0.0
SYN-20250221-0-04,2025-02-21,P008,1,329.0,121.0,0.0
SYN-20250221-0-05,2025-02-21,P009,1,159.0,43.0,0.0
SYN-20250221-0-06,2025-02-21,P010,1,279.0,83.0,0.0
SYN-20250221-0-07,2025-02-21,P011,1,199.0,61.0,0.0
SYN-20250221-1-00,2025-02-21,P007,2,378.0,110.0,0.0
SYN-20250221-1-01,2025-02-21,P008,1,329.0,121.0,0.0
SYN-20250221-1-02,2025-02-21,P009,1,159.0,43.0,0.0
SYN-20250221-1-03,2025-02-21,P010,1,279.0,83.0,27.9
SYN-20250221-1-04,2025-02-21,P011,1,199.0,61.0,0.0
SYN-20250221-1-05,2025-02-21,P012,1,359.0,137.0,0.0
SYN-20250221-1-06,2025-02-21,P001,1,299.0,94.0,0.0
SYN-20250221-1-07,2025-02-21,P002,1,89.0,24.0,0.0
SYN-20250221-1-08,2025-02-21,P003,1,179.0,49.0,0.0
SYN-20250221-1-09,2025-02-21,P004,1,249.0,71.0,0.0
SYN-20250221-2-00,2025-02-21,P010,1,279.0,83.0,0.0
SYN-20250221-2-01,2025-02-21,P011,1,199.0,61.0,0.0
SYN-20250221-2-02,2025-02-21,P012,1,359.0,137.0,0.0
SYN-20250221-2-03,2025-02-21,P001,1,299.0,94.0,29.9
SYN-20250221-2-04,2025-02-21,P002,1,89.0,24.0,0.0
SYN-20250222-0-00,2025-02-22,P009,1,159.0,43.0,0.0
SYN-20250222-0-01,2025-02-22,P010,1,279.0,83.0,0.0
SYN-20250222-0-02,2025-02-22,P011,1,199.0,61.0,19.9
SYN-20250222-0-03,2025-02-22,P012,1,359.0,137.0,0.0
SYN-20250222-0-04,2025-02-22,P001,1,299.0,94.0,0.0
SYN-20250222-1-00,2025-02-22,P012,1,359.0,137.0,35.9
SYN-20250222-1-01,2025-02-22,P001,1,299.0,94.0,0.0
SYN-20250222-1-02,2025-02-22,P002,1,89.0,24.0,0.0
SYN-20250222-1-03,2025-02-22,P003,1,179.0,49.0,0.0
SYN-20250222-1-04,2025-02-22,P004,1,249.0,71.0,24.9
SYN-20250222-1-05,2025-02-22,P005,1,219.0,67.0,21.9
SYN-20250222-1-06,2025-02-22,P006,1,139.0,35.0,0.0
SYN-20250222-1-07,2025-02-22,P007,1,189.0,55.0,18.9
SYN-20250222-2-00,2025-02-22,P003,1,179.0,49.0,0.0
SYN-20250222-2-01,2025-02-22,P004,1,249.0,71.0,0.0
SYN-20250222-2-02,2025-02-22,P005,1,219.0,67.0,0.0
SYN-20250222-2-03,2025-02-22,P006,1,139.0,35.0,0.0
SYN-20250222-2-04,2025-02-22,P007,1,189.0,55.0,18.9
SYN-20250222-2-05,2025-02-22,P008,1,329.0,121.0,0.0
SYN-20250222-2-06,2025-02-22,P009,1,159.0,43.0,0.0
SYN-20250222-2-07,2025-02-22,P010,1,279.0,83.0,0.0
SYN-20250223-0-00,2025-02-23,P002,1,89.0,24.0,0.0
SYN-20250223-0-01,2025-02-23,P003,1,179.0,49.0,17.9
SYN-20250223-0-02,2025-02-23,P004,1,249.0,71.0,0.0
SYN-20250223-0-03,2025-02-23,P005,1,219.0,67.0,0.0
SYN-20250223-0-04,2025-02-23,P006,1,139.0,35.0,0.0
SYN-20250223-0-05,2025-02-23,P007,1,189.0,55.0,0.0
SYN-20250223-0-06,2025-02-23,P008,1,329.0,121.0,0.0
SYN-20250223-0-07,2025-02-23,P009,1,159.0,43.0,0.0
SYN-20250223-1-00,2025-02-23,P005,1,219.0,67.0,0.0
SYN-20250223-1-01,2025-02-23,P006,1,139.0,35.0,0.0
SYN-20250223-1-02,2025-02-23,P007,1,189.0,55.0,0.0
SYN-20250223-1-03,2025-02-23,P008,1,329.0,121.0,0.0
SYN-20250223-1-04,2025-02-23,P009,1,159.0,43.0,0.0
SYN-20250223-1-05,2025-02-23,P010,1,279.0,83.0,27.9
SYN-20250223-1-06,2025-02-23,P011,1,199.0,61.0,0.0
SYN-20250223-1-07,2025-02-23,P012,1,359.0,137.0,0.0
SYN-20250223-2-00,2025-02-23,P008,1,329.0,121.0,0.0
SYN-20250223-2-01,2025-02-23,P009,1,159.0,43.0,0.0
SYN-20250223-2-02,2025-02-23,P010,1,279.0,83.0,0.0
SYN-20250223-2-03,2025-02-23,P011,1,199.0,61.0,19.9
SYN-20250223-2-04,2025-02-23,P012,1,359.0,137.0,35.9
SYN-20250223-2-05,2025-02-23,P001,1,299.0,94.0,0.0
SYN-20250224-0-00,2025-02-24,P007,1,189.0,55.0,18.9
SYN-20250224-0-01,2025-02-24,P008,1,329.0,121.0,0.0
SYN-20250224-0-02,2025-02-24,P009,1,159.0,43.0,0.0
SYN-20250224-0-03,2025-02-24,P010,1,279.0,83.0,0.0
SYN-20250224-0-04,2025-02-24,P011,1,199.0,61.0,0.0
SYN-20250224-0-05,2025-02-24,P012,1,359.0,137.0,0.0
SYN-20250224-0-06,2025-02-24,P001,1,299.0,94.0,0.0
SYN-20250224-0-07,2025-02-24,P002,1,89.0,24.0,0.0
SYN-20250224-0-08,2025-02-24,P003,1,179.0,49.0,0.0
SYN-20250224-1-00,2025-02-24,P010,1,279.0,83.0,0.0
SYN-20250224-1-01,2025-02-24,P011,1,199.0,61.0,19.9
SYN-20250224-1-02,2025-02-24,P012,1,359.0,137.0,0.0
SYN-20250224-1-03,2025-02-24,P001,1,299.0,94.0,0.0
SYN-20250224-1-04,2025-02-24,P002,1,89.0,24.0,0.0
SYN-20250224-1-05,2025-02-24,P003,1,179.0,49.0,0.0
SYN-20250224-1-06,2025-02-24,P004,1,249.0,71.0,0.0
SYN-20250224-1-07,2025-02-24,P005,1,219.0,67.0,0.0
SYN-20250224-1-08,2025-02-24,P006,1,139.0,35.0,0.0
SYN-20250224-2-00,2025-02-24,P001,1,299.0,94.0,0.0
SYN-20250224-2-01,2025-02-24,P002,1,89.0,24.0,0.0
SYN-20250224-2-02,2025-02-24,P003,1,179.0,49.0,17.9
SYN-20250224-2-03,2025-02-24,P004,1,249.0,71.0,0.0
SYN-20250224-2-04,2025-02-24,P005,1,219.0,67.0,0.0
SYN-20250224-2-05,2025-02-24,P006,1,139.0,35.0,0.0
SYN-20250225-0-00,2025-02-25,P012,1,359.0,137.0,35.9
SYN-20250225-0-01,2025-02-25,P001,1,299.0,94.0,0.0
SYN-20250225-0-02,2025-02-25,P002,1,89.0,24.0,0.0
SYN-20250225-0-03,2025-02-25,P003,2,358.0,98.0,0.0
SYN-20250225-0-04,2025-02-25,P004,1,249.0,71.0,0.0
SYN-20250225-0-05,2025-02-25,P005,1,219.0,67.0,0.0
SYN-20250225-0-06,2025-02-25,P006,1,139.0,35.0,0.0
SYN-20250225-1-00,2025-02-25,P003,1,179.0,49.0,0.0
SYN-20250225-1-01,2025-02-25,P004,1,249.0,71.0,0.0
SYN-20250225-1-02,2025-02-25,P005,1,219.0,67.0,0.0
SYN-20250225-1-03,2025-02-25,P006,1,139.0,35.0,0.0
SYN-20250225-1-04,2025-02-25,P007,1,189.0,55.0,0.0
SYN-20250225-1-05,2025-02-25,P008,1,329.0,121.0,0.0
SYN-20250225-1-06,2025-02-25,P009,1,159.0,43.0,0.0
SYN-20250225-2-00,2025-02-25,P006,1,139.0,35.0,0.0
SYN-20250225-2-01,2025-02-25,P007,1,189.0,55.0,0.0
SYN-20250225-2-02,2025-02-25,P008,1,329.0,121.0,0.0
SYN-20250225-2-03,2025-02-25,P009,1,159.0,43.0,0.0
SYN-20250225-2-04,2025-02-25,P010,1,279.0,83.0,27.9
SYN-20250225-2-05,2025-02-25,P011,1,199.0,61.0,0.0
SYN-20250225-2-06,2025-02-25,P012,1,359.0,137.0,0.0
SYN-20250225-2-07,2025-02-25,P001,1,299.0,94.0,0.0
SYN-20250225-2-08,2025-02-25,P002,1,89.0,24.0,0.0
SYN-20250225-2-09,2025-02-25,P003,1,179.0,49.0,17.9
SYN-20250225-2-10,2025-02-25,P004,1,249.0,71.0,24.9
SYN-20250225-2-11,2025-02-25,P005,1,219.0,67.0,21.9
SYN-20250226-0-00,2025-02-26,P005,1,219.0,67.0,0.0
SYN-20250226-0-01,2025-02-26,P006,1,139.0,35.0,13.9
SYN-20250226-0-02,2025-02-26,P007,1,189.0,55.0,18.9
SYN-20250226-0-03,2025-02-26,P008,1,329.0,121.0,0.0
SYN-20250226-0-04,2025-02-26,P009,1,159.0,43.0,15.9
SYN-20250226-0-05,2025-02-26,P010,1,279.0,83.0,0.0
SYN-20250226-0-06,2025-02-26,P011,1,199.0,61.0,19.9
SYN-20250226-1-00,2025-02-26,P008,2,658.0,242.0,65.8
SYN-20250226-1-01,2025-02-26,P009,1,159.0,43.0,0.0
SYN-20250226-1-02,2025-02-26,P010,1,279.0,83.0,0.0
SYN-20250226-1-03,2025-02-26,P011,1,199.0,61.0,0.0
SYN-20250226-1-04,2025-02-26,P012,1,359.0,137.0,0.0
SYN-20250226-1-05,2025-02-26,P001,1,299.0,94.0,0.0
SYN-20250226-1-06,2025-02-26,P002,1,89.0,24.0,8.9
SYN-20250226-2-00,2025-02-26,P011,1,199.0,61.0,0.0
SYN-20250226-2-01,2025-02-26,P012,1,359.0,137.0,0.0
SYN-20250226-2-02,2025-02-26,P001,2,598.0,188.0,0.0
SYN-20250226-2-03,2025-02-26,P002,1,89.0,24.0,0.0
SYN-20250226-2-04,2025-02-26,P003,1,179.0,49.0,17.9
SYN-20250226-2-05,2025-02-26,P004,1,249.0,71.0,0.0
SYN-20250226-2-06,2025-02-26,P005,1,219.0,67.0,21.9
SYN-20250226-2-07,2025-02-26,P006,1,139.0,35.0,13.9
SYN-20250227-0-00,2025-02-27,P010,1,279.0,83.0,0.0
SYN-20250227-0-01,2025-02-27,P011,2,398.0,122.0,0.0
SYN-20250227-0-02,2025-02-27,P012,1,359.0,137.0,0.0
SYN-20250227-0-03,2025-02-27,P001,1,299.0,94.0,0.0
SYN-20250227-0-04,2025-02-27,P002,1,89.0,24.0,0.0
SYN-20250227-0-05,2025-02-27,P003,2,358.0,98.0,35.8
SYN-20250227-0-06,2025-02-27,P004,1,249.0,71.0,0.0
SYN-20250227-0-07,2025-02-27,P005,2,438.0,134.0,43.8
SYN-20250227-0-08,2025-02-27,P006,1,139.0,35.0,0.0
SYN-20250227-0-09,2025-02-27,P007,1,189.0,55.0,0.0
SYN-20250227-0-10,2025-02-27,P008,1,329.0,121.0,0.0
SYN-20250227-0-11,2025-02-27,P009,1,159.0,43.0,0.0
SYN-20250227-0-12,2025-02-27,P010,1,279.0,83.0,0.0
SYN-20250227-0-13,2025-02-27,P011,1,199.0,61.0,0.0
SYN-20250227-0-14,2025-02-27,P012,2,718.0,274.0,71.8
SYN-20250227-0-15,2025-02-27,P001,1,299.0,94.0,0.0
SYN-20250227-1-00,2025-02-27,P001,1,299.0,94.0,0.0
SYN-20250227-1-01,2025-02-27,P002,1,89.0,24.0,8.9
SYN-20250227-1-02,2025-02-27,P003,1,179.0,49.0,0.0
SYN-20250227-1-03,2025-02-27,P004,1,249.0,71.0,0.0
SYN-20250227-1-04,2025-02-27,P005,1,219.0,67.0,0.0
SYN-20250227-1-05,2025-02-27,P006,2,278.0,70.0,0.0
SYN-20250227-2-00,2025-02-27,P004,1,249.0,71.0,0.0
SYN-20250227-2-01,2025-02-27,P005,1,219.0,67.0,21.9
SYN-20250227-2-02,2025-02-27,P006,1,139.0,35.0,0.0
SYN-20250227-2-03,2025-02-27,P007,1,189.0,55.0,18.9
SYN-20250227-2-04,2025-02-27,P008,1,329.0,121.0,0.0
SYN-20250228-0-00,2025-02-28,P003,1,179.0,49.0,0.0
SYN-20250228-0-01,2025-02-28,P004,2,498.0,142.0,0.0
SYN-20250228-0-02,2025-02-28,P005,1,219.0,67.0,0.0
SYN-20250228-0-03,2025-02-28,P006,1,139.0,35.0,0.0
SYN-20250228-0-04,2025-02-28,P007,1,189.0,55.0,0.0
SYN-20250228-1-00,2025-02-28,P006,1,139.0,35.0,0.0
SYN-20250228-1-01,2025-02-28,P007,1,189.0,55.0,0.0
SYN-20250228-1-02,2025-02-28,P008,1,329.0,121.0,32.9
SYN-20250228-1-03,2025-02-28,P009,2,318.0,86.0,0.0
SYN-20250228-1-04,2025-02-28,P010,1,279.0,83.0,0.0
SYN-20250228-1-05,2025-02-28,P011,1,199.0,61.0,0.0
SYN-20250228-1-06,2025-02-28,P012,1,359.0,137.0,0.0
SYN-20250228-1-07,2025-02-28,P001,1,299.0,94.0,0.0
SYN-20250228-1-08,2025-02-28,P002,1,89.0,24.0,0.0
SYN-20250228-2-00,2025-02-28,P009,1,159.0,43.0,15.9
SYN-20250228-2-01,2025-02-28,P010,1,279.0,83.0,27.9
SYN-20250228-2-02,2025-02-28,P011,1,199.0,61.0,0.0
SYN-20250228-2-03,2025-02-28,P012,1,359.0,137.0,0.0
SYN-20250228-2-04,2025-02-28,P001,1,299.0,94.0,29.9
SYN-20250228-2-05,2025-02-28,P002,1,89.0,24.0,0.0
SYN-20250228-2-06,2025-02-28,P003,1,179.0,49.0,0.0
SYN-20250228-2-07,2025-02-28,P004,1,249.0,71.0,0.0
SYN-20250228-2-08,2025-02-28,P005,1,219.0,67.0,0.0
SYN-20250228-2-09,2025-02-28,P006,1,139.0,35.0,0.0
SYN-20250228-2-10,2025-02-28,P007,1,189.0,55.0,0.0
SYN-20250301-0-00,2025-03-01,P008,1,329.0,121.0,0.0
SYN-20250301-0-01,2025-03-01,P009,1,159.0,43.0,0.0
SYN-20250301-0-02,2025-03-01,P010,1,279.0,83.0,27.9
SYN-20250301-0-03,2025-03-01,P011,1,199.0,61.0,0.0
SYN-20250301-0-04,2025-03-01,P012,1,359.0,137.0,0.0
SYN-20250301-0-05,2025-03-01,P001,1,299.0,94.0,0.0
SYN-20250301-0-06,2025-03-01,P002,1,89.0,24.0,0.0
SYN-20250301-0-07,2025-03-01,P003,1,179.0,49.0,0.0
SYN-20250301-0-08,2025-03-01,P004,1,249.0,71.0,0.0
SYN-20250301-0-09,2025-03-01,P005,1,219.0,67.0,0.0
SYN-20250301-0-10,2025-03-01,P006,1,139.0,35.0,0.0
SYN-20250301-0-11,2025-03-01,P007,1,189.0,55.0,18.9
SYN-20250301-0-12,2025-03-01,P008,1,329.0,121.0,0.0
SYN-20250301-0-13,2025-03-01,P009,1,159.0,43.0,0.0
SYN-20250301-0-14,2025-03-01,P010,1,279.0,83.0,0.0
SYN-20250301-0-15,2025-03-01,P011,1,199.0,61.0,0.0
SYN-20250301-0-16,2025-03-01,P012,1,359.0,137.0,0.0
SYN-20250301-0-17,2025-03-01,P001,1,299.0,94.0,0.0
SYN-20250301-1-00,2025-03-01,P011,1,199.0,61.0,0.0
SYN-20250301-1-01,2025-03-01,P012,1,359.0,137.0,0.0
SYN-20250301-1-02,2025-03-01,P001,1,299.0,94.0,29.9
SYN-20250301-1-03,2025-03-01,P002,1,89.0,24.0,0.0
SYN-20250301-1-04,2025-03-01,P003,1,179.0,49.0,17.9
SYN-20250301-1-05,2025-03-01,P004,1,249.0,71.0,0.0
SYN-20250301-1-06,2025-03-01,P005,1,219.0,67.0,0.0
SYN-20250301-1-07,2025-03-01,P006,1,139.0,35.0,0.0
SYN-20250301-1-08,2025-03-01,P007,1,189.0,55.0,0.0
SYN-20250301-1-09,2025-03-01,P008,1,329.0,121.0,0.0
SYN-20250301-1-10,2025-03-01,P009,1,159.0,43.0,0.0
SYN-20250301-2-00,2025-03-01,P002,1,89.0,24.0,0.0
SYN-20250301-2-01,2025-03-01,P003,1,179.0,49.0,0.0
SYN-20250301-2-02,2025-03-01,P004,1,249.0,71.0,0.0
SYN-20250301-2-03,2025-03-01,P005,1,219.0,67.0,0.0
SYN-20250301-2-04,2025-03-01,P006,1,139.0,35.0,0.0
SYN-20250301-2-05,2025-03-01,P007,1,189.0,55.0,0.0
SYN-20250301-2-06,2025-03-01,P008,1,329.0,121.0,0.0
SYN-20250301-2-07,2025-03-01,P009,2,318.0,86.0,0.0
SYN-20250301-2-08,2025-03-01,P010,1,279.0,83.0,0.0
SYN-20250302-0-00,2025-03-02,P001,1,299.0,94.0,0.0
SYN-20250302-0-01,2025-03-02,P002,1,89.0,24.0,0.0
SYN-20250302-0-02,2025-03-02,P003,1,179.0,49.0,0.0
SYN-20250302-0-03,2025-03-02,P004,1,249.0,71.0,0.0
SYN-20250302-0-04,2025-03-02,P005,1,219.0,67.0,0.0
SYN-20250302-0-05,2025-03-02,P006,1,139.0,35.0,0.0
SYN-20250302-0-06,2025-03-02,P007,1,189.0,55.0,18.9
SYN-20250302-0-07,2025-03-02,P008,1,329.0,121.0,0.0
SYN-20250302-0-08,2025-03-02,P009,1,159.0,43.0,0.0
SYN-20250302-0-09,2025-03-02,P010,1,279.0,83.0,0.0
SYN-20250302-0-10,2025-03-02,P011,1,199.0,61.0,0.0
SYN-20250302-0-11,2025-03-02,P012,1,359.0,137.0,0.0
SYN-20250302-0-12,2025-03-02,P001,1,299.0,94.0,0.0
SYN-20250302-0-13,2025-03-02,P002,1,89.0,24.0,0.0
SYN-20250302-0-14,2025-03-02,P003,1,179.0,49.0,0.0
SYN-20250302-1-00,2025-03-02,P004,1,249.0,71.0,24.9
SYN-20250302-1-01,2025-03-02,P005,1,219.0,67.0,21.9
SYN-20250302-1-02,2025-03-02,P006,1,139.0,35.0,0.0
SYN-20250302-1-03,2025-03-02,P007,1,189.0,55.0,0.0
SYN-20250302-1-04,2025-03-02,P008,1,329.0,121.0,0.0
SYN-20250302-1-05,2025-03-02,P009,2,318.0,86.0,0.0
SYN-20250302-1-06,2025-03-02,P010,2,558.0,166.0,0.0
SYN-20250302-1-07,2025-03-02,P011,1,199.0,61.0,0.0
SYN-20250302-1-08,2025-03-02,P012,1,359.0,137.0,0.0
SYN-20250302-1-09,2025-03-02,P001,1,299.0,94.0,0.0
SYN-20250302-1-10,2025-03-02,P002,1,89.0,24.0,0.0
SYN-20250302-1-11,2025-03-02,P003,1,179.0,49.0,0.0
SYN-20250302-1-12,2025-03-02,P004,1,249.0,71.0,24.9
SYN-20250302-2-00,2025-03-02,P007,1,189.0,55.0,18.9
SYN-20250302-2-01,2025-03-02,P008,1,329.0,121.0,0.0
SYN-20250302-2-02,2025-03-02,P009,1,159.0,43.0,0.0
SYN-20250302-2-03,2025-03-02,P010,1,279.0,83.0,27.9
SYN-20250302-2-04,2025-03-02,P011,1,199.0,61.0,0.0
SYN-20250302-2-05,2025-03-02,P012,1,359.0,137.0,0.0
SYN-20250303-0-00,2025-03-03,P006,1,139.0,35.0,13.9
SYN-20250303-0-01,2025-03-03,P007,1,189.0,55.0,0.0
SYN-20250303-0-02,2025-03-03,P008,1,329.0,121.0,0.0
SYN-20250303-0-03,2025-03-03,P009,1,159.0,43.0,0.0
SYN-20250303-0-04,2025-03-03,P010,1,279.0,83.0,0.0
SYN-20250303-0-05,2025-03-03,P011,1,199.0,61.0,0.0
SYN-20250303-0-06,2025-03-03,P012,1,359.0,137.0,0.0
SYN-20250303-0-07,2025-03-03,P001,1,299.0,94.0,0.0
SYN-20250303-1-00,2025-03-03,P009,1,159.0,43.0,0.0
SYN-20250303-1-01,2025-03-03,P010,1,279.0,83.0,0.0
SYN-20250303-1-02,2025-03-03,P011,1,199.0,61.0,0.0
SYN-20250303-1-03,2025-03-03,P012,1,359.0,137.0,0.0
SYN-20250303-1-04,2025-03-03,P001,1,299.0,94.0,0.0
SYN-20250303-1-05,2025-03-03,P002,1,89.0,24.0,8.9
SYN-20250303-1-06,2025-03-03,P003,1,179.0,49.0,0.0
SYN-20250303-1-07,2025-03-03,P004,1,249.0,71.0,24.9
SYN-20250303-2-00,2025-03-03,P012,1,359.0,137.0,35.9
SYN-20250303-2-01,2025-03-03,P001,1,299.0,94.0,0.0
SYN-20250303-2-02,2025-03-03,P002,1,89.0,24.0,0.0
SYN-20250303-2-03,2025-03-03,P003,1,179.0,49.0,0.0
SYN-20250303-2-04,2025-03-03,P004,1,249.0,71.0,0.0
SYN-20250304-0-00,2025-03-04,P011,1,199.0,61.0,19.9
SYN-20250304-0-01,2025-03-04,P012,1,359.0,137.0,35.9
SYN-20250304-0-02,2025-03-04,P001,1,299.0,94.0,29.9
SYN-20250304-0-03,2025-03-04,P002,1,89.0,24.0,8.9
SYN-20250304-0-04,2025-03-04,P003,1,179.0,49.0,0.0
SYN-20250304-0-05,2025-03-04,P004,1,249.0,71.0,0.0
SYN-20250304-0-06,2025-03-04,P005,2,438.0,134.0,0.0
SYN-20250304-0-07,2025-03-04,P006,1,139.0,35.0,0.0
SYN-20250304-0-08,2025-03-04,P007,2,378.0,110.0,0.0
SYN-20250304-0-09,2025-03-04,P008,1,329.0,121.0,32.9
SYN-20250304-0-10,2025-03-04,P009,1,159.0,43.0,0.0
SYN-20250304-0-11,2025-03-04,P010,1,279.0,83.0,0.0
SYN-20250304-0-12,2025-03-04,P011,1,199.0,61.0,0.0
SYN-20250304-0-13,2025-03-04,P012,1,359.0,137.0,0.0
SYN-20250304-0-14,2025-03-04,P001,1,299.0,94.0,0.0
SYN-20250304-0-15,2025-03-04,P002,1,89.0,24.0,0.0
SYN-20250304-0-16,2025-03-04,P003,1,179.0,49.0,0.0
SYN-20250304-0-17,2025-03-04,P004,1,249.0,71.0,0.0
SYN-20250304-0-18,2025-03-04,P005,1,219.0,67.0,21.9
SYN-20250304-1-00,2025-03-04,P002,1,89.0,24.0,0.0
SYN-20250304-1-01,2025-03-04,P003,1,179.0,49.0,17.9
SYN-20250304-1-02,2025-03-04,P004,1,249.0,71.0,0.0
SYN-20250304-1-03,2025-03-04,P005,1,219.0,67.0,0.0
SYN-20250304-1-04,2025-03-04,P006,2,278.0,70.0,0.0
SYN-20250304-1-05,2025-03-04,P007,1,189.0,55.0,0.0
SYN-20250304-1-06,2025-03-04,P008,1,329.0,121.0,32.9
SYN-20250304-1-07,2025-03-04,P009,1,159.0,43.0,0.0
SYN-20250304-2-00,2025-03-04,P005,1,219.0,67.0,21.9
SYN-20250304-2-01,2025-03-04,P006,1,139.0,35.0,13.9
SYN-20250304-2-02,2025-03-04,P007,1,189.0,55.0,0.0
SYN-20250304-2-03,2025-03-04,P008,1,329.0,121.0,32.9
SYN-20250304-2-04,2025-03-04,P009,1,159.0,43.0,0.0
SYN-20250304-2-05,2025-03-04,P010,1,279.0,83.0,0.0
SYN-20250304-2-06,2025-03-04,P011,2,398.0,122.0,0.0
SYN-20250304-2-07,2025-03-04,P012,1,359.0,137.0,0.0
SYN-20250305-0-00,2025-03-05,P004,1,249.0,71.0,0.0
SYN-20250305-0-01,2025-03-05,P005,1,219.0,67.0,0.0
SYN-20250305-0-02,2025-03-05,P006,1,139.0,35.0,13.9
SYN-20250305-0-03,2025-03-05,P007,1,189.0,55.0,0.0
SYN-20250305-0-04,2025-03-05,P008,1,329.0,121.0,32.9
SYN-20250305-0-05,2025-03-05,P009,1,159.0,43.0,0.0
SYN-20250305-0-06,2025-03-05,P010,2,558.0,166.0,0.0
SYN-20250305-0-07,2025-03-05,P011,1,199.0,61.0,0.0
SYN-20250305-0-08,2025-03-05,P012,1,359.0,137.0,0.0
SYN-20250305-0-09,2025-03-05,P001,1,299.0,94.0,0.0
SYN-20250305-1-00,2025-03-05,P007,1,189.0,55.0,0.0
SYN-20250305-1-01,2025-03-05,P008,1,329.0,121.0,0.0
SYN-20250305-1-02,2025-03-05,P009,1,159.0,43.0,15.9
SYN-20250305-1-03,2025-03-05,P010,1,279.0,83.0,0.0
SYN-20250305-1-04,2025-03-05,P011,1,199.0,61.0,0.0
SYN-20250305-1-05,2025-03-05,P012,1,359.0,137.0,0.0
SYN-20250305-1-06,2025-03-05,P001,1,299.0,94.0,0.0
SYN-20250305-1-07,2025-03-05,P002,1,89.0,24.0,0.0
SYN-20250305-1-08,2025-03-05,P003,2,358.0,98.0,0.0
SYN-20250305-1-09,2025-03-05,P004,1,249.0,71.0,0.0
SYN-20250305-1-10,2025-03-05,P005,1,219.0,67.0,0.0
SYN-20250305-1-11,2025-03-05,P006,1,139.0,35.0,0.0
SYN-20250305-2-00,2025-03-05,P010,1,279.0,83.0,27.9
SYN-20250305-2-01,2025-03-05,P011,1,199.0,61.0,0.0
SYN-20250305-2-02,2025-03-05,P012,1,359.0,137.0,35.9
SYN-20250305-2-03,2025-03-05,P001,1,299.0,94.0,0.0
SYN-20250305-2-04,2025-03-05,P002,1,89.0,24.0,0.0
SYN-20250305-2-05,2025-03-05,P003,1,179.0,49.0,0.0
SYN-20250305-2-06,2025-03-05,P004,2,498.0,142.0,49.8
SYN-20250306-0-00,2025-03-06,P009,1,159.0,43.0,0.0
SYN-20250306-0-01,2025-03-06,P010,1,279.0,83.0,0.0
SYN-20250306-0-02,2025-03-06,P011,1,199.0,61.0,0.0
SYN-20250306-0-03,2025-03-06,P012,1,359.0,137.0,35.9
SYN-20250306-0-04,2025-03-06,P001,1,299.0,94.0,0.0
SYN-20250306-0-05,2025-03-06,P002,1,89.0,24.0,0.0
SYN-20250306-0-06,2025-03-06,P003,2,358.0,98.0,0.0
SYN-20250306-0-07,2025-03-06,P004,1,249.0,71.0,0.0
SYN-20250306-0-08,2025-03-06,P005,1,219.0,67.0,21.9
SYN-20250306-0-09,2025-03-06,P006,1,139.0,35.0,0.0
SYN-20250306-0-10,2025-03-06,P007,1,189.0,55.0,0.0
SYN-20250306-0-11,2025-03-06,P008,1,329.0,121.0,32.9
SYN-20250306-0-12,2025-03-06,P009,1,159.0,43.0,0.0
SYN-20250306-1-00,2025-03-06,P012,1,359.0,137.0,0.0
SYN-20250306-1-01,2025-03-06,P001,1,299.0,94.0,0.0
SYN-20250306-1-02,2025-03-06,P002,1,89.0,24.0,0.0
SYN-20250306-1-03,2025-03-06,P003,1,179.0,49.0,17.9
SYN-20250306-1-04,2025-03-06,P004,1,249.0,71.0,24.9
SYN-20250306-1-05,2025-03-06,P005,1,219.0,67.0,21.9
SYN-20250306-1-06,2025-03-06,P006,1,139.0,35.0,13.9
SYN-20250306-1-07,2025-03-06,P007,1,189.0,55.0,0.0
SYN-20250306-1-08,2025-03-06,P008,1,329.0,121.0,0.0
SYN-20250306-1-09,2025-03-06,P009,1,159.0,43.0,0.0
SYN-20250306-1-10,2025-03-06,P010,1,279.0,83.0,27.9
SYN-20250306-1-11,2025-03-06,P011,2,398.0,122.0,0.0
SYN-20250306-1-12,2025-03-06,P012,1,359.0,137.0,0.0
SYN-20250306-1-13,2025-03-06,P001,1,299.0,94.0,0.0
SYN-20250306-1-14,2025-03-06,P002,1,89.0,24.0,0.0
SYN-20250306-1-15,2025-03-06,P003,1,179.0,49.0,0.0
SYN-20250306-1-16,2025-03-06,P004,1,249.0,71.0,0.0
SYN-20250306-1-17,2025-03-06,P005,1,219.0,67.0,0.0
SYN-20250306-2-00,2025-03-06,P003,1,179.0,49.0,0.0
SYN-20250306-2-01,2025-03-06,P004,1,249.0,71.0,24.9
SYN-20250306-2-02,2025-03-06,P005,2,438.0,134.0,0.0
SYN-20250306-2-03,2025-03-06,P006,1,139.0,35.0,0.0
SYN-20250306-2-04,2025-03-06,P007,1,189.0,55.0,0.0
SYN-20250306-2-05,2025-03-06,P008,1,329.0,121.0,0.0
SYN-20250306-2-06,2025-03-06,P009,1,159.0,43.0,15.9
SYN-20250307-0-00,2025-03-07,P002,1,89.0,24.0,0.0
SYN-20250307-0-01,2025-03-07,P003,1,179.0,49.0,0.0
SYN-20250307-0-02,2025-03-07,P004,1,249.0,71.0,0.0
SYN-20250307-0-03,2025-03-07,P005,1,219.0,67.0,0.0
SYN-20250307-0-04,2025-03-07,P006,1,139.0,35.0,0.0
SYN-20250307-1-00,2025-03-07,P005,1,219.0,67.0,0.0
SYN-20250307-1-01,2025-03-07,P006,1,139.0,35.0,0.0
SYN-20250307-1-02,2025-03-07,P007,1,189.0,55.0,0.0
SYN-20250307-1-03,2025-03-07,P008,1,329.0,121.0,0.0
SYN-20250307-1-04,2025-03-07,P009,1,159.0,43.0,15.9
SYN-20250307-1-05,2025-03-07,P010,1,279.0,83.0,27.9
SYN-20250307-1-06,2025-03-07,P011,1,199.0,61.0,0.0
SYN-20250307-1-07,2025-03-07,P012,1,359.0,137.0,0.0
SYN-20250307-1-08,2025-03-07,P001,1,299.0,94.0,0.0
SYN-20250307-1-09,2025-03-07,P002,1,89.0,24.0,8.9
SYN-20250307-1-10,2025-03-07,P003,1,179.0,49.0,17.9
SYN-20250307-1-11,2025-03-07,P004,1,249.0,71.0,0.0
SYN-20250307-1-12,2025-03-07,P005,2,438.0,134.0,0.0
SYN-20250307-1-13,2025-03-07,P006,1,139.0,35.0,0.0
SYN-20250307-1-14,2025-03-07,P007,1,189.0,55.0,0.0
SYN-20250307-1-15,2025-03-07,P008,1,329.0,121.0,0.0
SYN-20250307-1-16,2025-03-07,P009,1,159.0,43.0,0.0
SYN-20250307-2-00,2025-03-07,P008,1,329.0,121.0,0.0
SYN-20250307-2-01,2025-03-07,P009,1,159.0,43.0,0.0
SYN-20250307-2-02,2025-03-07,P010,1,279.0,83.0,27.9
SYN-20250307-2-03,2025-03-07,P011,1,199.0,61.0,0.0
SYN-20250307-2-04,2025-03-07,P012,1,359.0,137.0,0.0
SYN-20250308-0-00,2025-03-08,P007,1,189.0,55.0,0.0
SYN-20250308-0-01,2025-03-08,P008,1,329.0,121.0,32.9
SYN-20250308-0-02,2025-03-08,P009,1,159.0,43.0,0.0
SYN-20250308-0-03,2025-03-08,P010,1,279.0,83.0,27.9
SYN-20250308-0-04,2025-03-08,P011,1,199.0,61.0,19.9
SYN-20250308-0-05,2025-03-08,P012,1,359.0,137.0,0.0
SYN-20250308-0-06,2025-03-08,P001,1,299.0,94.0,0.0
SYN-20250308-1-00,2025-03-08,P010,1,279.0,83.0,0.0
SYN-20250308-1-01,2025-03-08,P011,1,199.0,61.0,19.9
SYN-20250308-1-02,2025-03-08,P012,1,359.0,137.0,0.0
SYN-20250308-1-03,2025-03-08,P001,1,299.0,94.0,0.0
SYN-20250308-1-04,2025-03-08,P002,1,89.0,24.0,0.0
SYN-20250308-1-05,2025-03-08,P003,1,179.0,49.0,0.0
SYN-20250308-1-06,2025-03-08,P004,1,249.0,71.0,0.0
SYN-20250308-1-07,2025-03-08,P005,1,219.0,67.0,0.0
SYN-20250308-1-08,2025-03-08,P006,1,139.0,35.0,13.9
SYN-20250308-1-09,2025-03-08,P007,1,189.0,55.0,0.0
SYN-20250308-1-10,2025-03-08,P008,1,329.0,121.0,0.0
SYN-20250308-1-11,2025-03-08,P009,1,159.0,43.0,0.0
SYN-20250308-1-12,2025-03-08,P010,1,279.0,83.0,0.0
SYN-20250308-1-13,2025-03-08,P011,1,199.0,61.0,0.0
SYN-20250308-2-00,2025-03-08,P001,1,299.0,94.0,0.0
SYN-20250308-2-01,2025-03-08,P002,1,89.0,24.0,8.9
SYN-20250308-2-02,2025-03-08,P003,1,179.0,49.0,0.0
SYN-20250308-2-03,2025-03-08,P004,1,249.0,71.0,0.0
SYN-20250308-2-04,2025-03-08,P005,1,219.0,67.0,0.0
SYN-20250308-2-05,2025-03-08,P006,1,139.0,35.0,0.0
SYN-20250308-2-06,2025-03-08,P007,1,189.0,55.0,0.0
SYN-20250308-2-07,2025-03-08,P008,1,329.0,121.0,0.0
SYN-20250308-2-08,2025-03-08,P009,1,159.0,43.0,0.0
SYN-20250308-2-09,2025-03-08,P010,1,279.0,83.0,0.0
SYN-20250308-2-10,2025-03-08,P011,1,199.0,61.0,0.0
SYN-20250308-2-11,2025-03-08,P012,1,359.0,137.0,0.0
SYN-20250308-2-12,2025-03-08,P001,1,299.0,94.0,0.0
SYN-20250308-2-13,2025-03-08,P002,1,89.0,24.0,0.0
SYN-20250308-2-14,2025-03-08,P003,1,179.0,49.0,17.9
SYN-20250308-2-15,2025-03-08,P004,2,498.0,142.0,0.0
SYN-20250308-2-16,2025-03-08,P005,1,219.0,67.0,0.0
SYN-20250309-0-00,2025-03-09,P012,1,359.0,137.0,0.0
SYN-20250309-0-01,2025-03-09,P001,1,299.0,94.0,0.0
SYN-20250309-0-02,2025-03-09,P002,1,89.0,24.0,0.0
SYN-20250309-0-03,2025-03-09,P003,1,179.0,49.0,0.0
SYN-20250309-0-04,2025-03-09,P004,1,249.0,71.0,24.9
SYN-20250309-0-05,2025-03-09,P005,1,219.0,67.0,0.0
SYN-20250309-0-06,2025-03-09,P006,1,139.0,35.0,0.0
SYN-20250309-0-07,2025-03-09,P007,2,378.0,110.0,37.8
SYN-20250309-0-08,2025-03-09,P008,1,329.0,121.0,0.0
SYN-20250309-0-09,2025-03-09,P009,1,159.0,43.0,0.0
SYN-20250309-0-10,2025-03-09,P010,1,279.0,83.0,0.0
SYN-20250309-0-11,2025-03-09,P011,1,199.0,61.0,0.0
SYN-20250309-1-00,2025-03-09,P003,1,179.0,49.0,0.0
SYN-20250309-1-01,2025-03-09,P004,1,249.0,71.0,0.0
SYN-20250309-1-02,2025-03-09,P005,1,219.0,67.0,0.0
SYN-20250309-1-03,2025-03-09,P006,2,278.0,70.0,0.0
SYN-20250309-1-04,2025-03-09,P007,1,189.0,55.0,0.0
SYN-20250309-1-05,2025-03-09,P008,1,329.0,121.0,0.0
SYN-20250309-1-06,2025-03-09,P009,1,159.0,43.0,0.0
SYN-20250309-1-07,2025-03-09,P010,2,558.0,166.0,0.0
SYN-20250309-1-08,2025-03-09,P011,1,199.0,61.0,0.0
SYN-20250309-1-09,2025-03-09,P012,1,359.0,137.0,0.0
SYN-20250309-1-10,2025-03-09,P001,1,299.0,94.0,0.0
SYN-20250309-1-11,2025-03-09,P002,2,178.0,48.0,0.0
SYN-20250309-1-12,2025-03-09,P003,1,179.0,49.0,0.0
SYN-20250309-1-13,2025-03-09,P004,1,249.0,71.0,24.9
SYN-20250309-1-14,2025-03-09,P005,1,219.0,67.0,0.0
SYN-20250309-1-15,2025-03-09,P006,1,139.0,35.0,0.0
SYN-20250309-1-16,2025-03-09,P007,1,189.0,55.0,0.0
SYN-20250309-1-17,2025-03-09,P008,1,329.0,121.0,32.9
SYN-20250309-1-18,2025-03-09,P009,1,159.0,43.0,15.9
SYN-20250309-1-19,2025-03-09,P010,1,279.0,83.0,0.0
SYN-20250309-1-20,2025-03-09,P011,1,199.0,61.0,0.0
SYN-20250309-2-00,2025-03-09,P006,1,139.0,35.0,13.9
SYN-20250309-2-01,2025-03-09,P007,1,189.0,55.0,18.9
SYN-20250309-2-02,2025-03-09,P008,1,329.0,121.0,32.9
SYN-20250309-2-03,2025-03-09,P009,1,159.0,43.0,15.9
SYN-20250309-2-04,2025-03-09,P010,1,279.0,83.0,0.0
SYN-20250309-2-05,2025-03-09,P011,1,199.0,61.0,0.0
SYN-20250309-2-06,2025-03-09,P012,1,359.0,137.0,0.0
SYN-20250309-2-07,2025-03-09,P001,1,299.0,94.0,0.0
SYN-20250309-2-08,2025-03-09,P002,1,89.0,24.0,8.9
SYN-20250309-2-09,2025-03-09,P003,1,179.0,49.0,17.9
SYN-20250309-2-10,2025-03-09,P004,1,249.0,71.0,0.0
SYN-20250310-0-00,2025-03-10,P005,1,219.0,67.0,0.0
SYN-20250310-0-01,2025-03-10,P006,1,139.0,35.0,13.9
SYN-20250310-0-02,2025-03-10,P007,1,189.0,55.0,0.0
SYN-20250310-0-03,2025-03-10,P008,1,329.0,121.0,0.0
SYN-20250310-0-04,2025-03-10,P009,1,159.0,43.0,0.0
SYN-20250310-0-05,2025-03-10,P010,1,279.0,83.0,27.9
SYN-20250310-1-00,2025-03-10,P008,1,329.0,121.0,32.9
SYN-20250310-1-01,2025-03-10,P009,1,159.0,43.0,0.0
SYN-20250310-1-02,2025-03-10,P010,1,279.0,83.0,0.0
SYN-20250310-1-03,2025-03-10,P011,1,199.0,61.0,19.9
SYN-20250310-1-04,2025-03-10,P012,1,359.0,137.0,0.0
SYN-20250310-1-05,2025-03-10,P001,1,299.0,94.0,29.9
SYN-20250310-1-06,2025-03-10,P002,2,178.0,48.0,0.0
SYN-20250310-1-07,2025-03-10,P003,1,179.0,49.0,0.0
SYN-20250310-1-08,2025-03-10,P004,2,498.0,142.0,49.8
SYN-20250310-1-09,2025-03-10,P005,2,438.0,134.0,0.0
SYN-20250310-1-10,2025-03-10,P006,1,139.0,35.0,0.0
SYN-20250310-2-00,2025-03-10,P011,1,199.0,61.0,0.0
SYN-20250310-2-01,2025-03-10,P012,1,359.0,137.0,35.9
SYN-20250310-2-02,2025-03-10,P001,1,299.0,94.0,0.0
SYN-20250310-2-03,2025-03-10,P002,1,89.0,24.0,0.0
SYN-20250310-2-04,2025-03-10,P003,1,179.0,49.0,17.9
SYN-20250310-2-05,2025-03-10,P004,1,249.0,71.0,24.9
SYN-20250310-2-06,2025-03-10,P005,1,219.0,67.0,0.0
SYN-20250310-2-07,2025-03-10,P006,1,139.0,35.0,13.9
SYN-20250311-0-00,2025-03-11,P010,1,279.0,83.0,0.0
SYN-20250311-0-01,2025-03-11,P011,1,199.0,61.0,19.9
SYN-20250311-0-02,2025-03-11,P012,1,359.0,137.0,0.0
SYN-20250311-0-03,2025-03-11,P001,1,299.0,94.0,0.0
SYN-20250311-0-04,2025-03-11,P002,1,89.0,24.0,8.9
SYN-20250311-0-05,2025-03-11,P003,1,179.0,49.0,17.9
SYN-20250311-0-06,2025-03-11,P004,1,249.0,71.0,0.0
SYN-20250311-0-07,2025-03-11,P005,1,219.0,67.0,0.0
SYN-20250311-1-00,2025-03-11,P001,1,299.0,94.0,0.0
SYN-20250311-1-01,2025-03-11,P002,1,89.0,24.0,0.0
SYN-20250311-1-02,2025-03-11,P003,1,179.0,49.0,0.0
SYN-20250311-1-03,2025-03-11,P004,1,249.0,71.0,0.0
SYN-20250311-1-04,2025-03-11,P005,1,219.0,67.0,0.0
SYN-20250311-1-05,2025-03-11,P006,1,139.0,35.0,0.0
SYN-20250311-1-06,2025-03-11,P007,1,189.0,55.0,0.0
SYN-20250311-1-07,2025-03-11,P008,1,329.0,121.0,0.0
SYN-20250311-1-08,2025-03-11,P009,1,159.0,43.0,0.0
SYN-20250311-1-09,2025-03-11,P010,1,279.0,83.0,0.0
SYN-20250311-1-10,2025-03-11,P011,1,199.0,61.0,0.0
SYN-20250311-1-11,2025-03-11,P012,1,359.0,137.0,35.9
SYN-20250311-1-12,2025-03-11,P001,1,299.0,94.0,0.0
SYN-20250311-1-13,2025-03-11,P002,1,89.0,24.0,0.0
SYN-20250311-1-14,2025-03-11,P003,1,179.0,49.0,17.9
SYN-20250311-2-00,2025-03-11,P004,1,249.0,71.0,24.9
SYN-20250311-2-01,2025-03-11,P005,1,219.0,67.0,21.9
SYN-20250311-2-02,2025-03-11,P006,1,139.0,35.0,0.0
SYN-20250311-2-03,2025-03-11,P007,1,189.0,55.0,0.0
SYN-20250311-2-04,2025-03-11,P008,1,329.0,121.0,0.0
SYN-20250311-2-05,2025-03-11,P009,1,159.0,43.0,15.9
SYN-20250311-2-06,2025-03-11,P010,2,558.0,166.0,0.0
SYN-20250312-0-00,2025-03-12,P003,1,179.0,49.0,0.0
SYN-20250312-0-01,2025-03-12,P004,1,249.0,71.0,0.0
SYN-20250312-0-02,2025-03-12,P005,1,219.0,67.0,0.0
SYN-20250312-0-03,2025-03-12,P006,1,139.0,35.0,13.9
SYN-20250312-0-04,2025-03-12,P007,1,189.0,55.0,0.0
SYN-20250312-0-05,2025-03-12,P008,1,329.0,121.0,0.0
SYN-20250312-0-06,2025-03-12,P009,1,159.0,43.0,0.0
SYN-20250312-0-07,2025-03-12,P010,1,279.0,83.0,0.0
SYN-20250312-1-00,2025-03-12,P006,1,139.0,35.0,0.0
SYN-20250312-1-01,2025-03-12,P007,1,189.0,55.0,0.0
SYN-20250312-1-02,2025-03-12,P008,1,329.0,121.0,0.0
SYN-20250312-1-03,2025-03-12,P009,2,318.0,86.0,0.0
SYN-20250312-1-04,2025-03-12,P010,1,279.0,83.0,0.0
SYN-20250312-2-00,2025-03-12,P009,2,318.0,86.0,0.0
SYN-20250312-2-01,2025-03-12,P010,2,558.0,166.0,0.0
SYN-20250312-2-02,2025-03-12,P011,1,199.0,61.0,19.9
SYN-20250312-2-03,2025-03-12,P012,1,359.0,137.0,0.0
SYN-20250312-2-04,2025-03-12,P001,1,299.0,94.0,0.0
SYN-20250312-2-05,2025-03-12,P002,2,178.0,48.0,0.0
SYN-20250312-2-06,2025-03-12,P003,1,179.0,49.0,0.0
SYN-20250312-2-07,2025-03-12,P004,1,249.0,71.0,24.9
SYN-20250312-2-08,2025-03-12,P005,1,219.0,67.0,21.9
SYN-20250312-2-09,2025-03-12,P006,2,278.0,70.0,0.0
SYN-20250312-2-10,2025-03-12,P007,2,378.0,110.0,0.0
SYN-20250312-2-11,2025-03-12,P008,1,329.0,121.0,0.0
SYN-20250313-0-00,2025-03-13,P008,1,329.0,121.0,0.0
SYN-20250313-0-01,2025-03-13,P009,1,159.0,43.0,15.9
SYN-20250313-0-02,2025-03-13,P010,1,279.0,83.0,0.0
SYN-20250313-0-03,2025-03-13,P011,1,199.0,61.0,19.9
SYN-20250313-0-04,2025-03-13,P012,1,359.0,137.0,0.0
SYN-20250313-0-05,2025-03-13,P001,1,299.0,94.0,0.0
SYN-20250313-0-06,2025-03-13,P002,1,89.0,24.0,0.0
SYN-20250313-0-07,2025-03-13,P003,1,179.0,49.0,17.9
SYN-20250313-0-08,2025-03-13,P004,1,249.0,71.0,0.0
SYN-20250313-0-09,2025-03-13,P005,1,219.0,67.0,0.0
SYN-20250313-0-10,2025-03-13,P006,1,139.0,35.0,13.9
SYN-20250313-0-11,2025-03-13,P007,1,189.0,55.0,0.0
SYN-20250313-1-00,2025-03-13,P011,1,199.0,61.0,19.9
SYN-20250313-1-01,2025-03-13,P012,1,359.0,137.0,35.9
SYN-20250313-1-02,2025-03-13,P001,1,299.0,94.0,29.9
SYN-20250313-1-03,2025-03-13,P002,1,89.0,24.0,0.0
SYN-20250313-1-04,2025-03-13,P003,1,179.0,49.0,0.0
SYN-20250313-1-05,2025-03-13,P004,1,249.0,71.0,0.0
SYN-20250313-1-06,2025-03-13,P005,1,219.0,67.0,0.0
SYN-20250313-1-07,2025-03-13,P006,1,139.0,35.0,13.9
SYN-20250313-1-08,2025-03-13,P007,1,189.0,55.0,0.0
SYN-20250313-1-09,2025-03-13,P008,1,329.0,121.0,0.0
SYN-20250313-1-10,2025-03-13,P009,1,159.0,43.0,15.9
SYN-20250313-1-11,2025-03-13,P010,1,279.0,83.0,0.0
SYN-20250313-1-12,2025-03-13,P011,1,199.0,61.0,0.0
SYN-20250313-1-13,2025-03-13,P012,2,718.0,274.0,0.0
SYN-20250313-1-14,2025-03-13,P001,1,299.0,94.0,29.9
SYN-20250313-1-15,2025-03-13,P002,1,89.0,24.0,0.0
SYN-20250313-1-16,2025-03-13,P003,1,179.0,49.0,0.0
SYN-20250313-2-00,2025-03-13,P002,1,89.0,24.0,0.0
SYN-20250313-2-01,2025-03-13,P003,1,179.0,49.0,0.0
SYN-20250313-2-02,2025-03-13,P004,1,249.0,71.0,0.0
SYN-20250313-2-03,2025-03-13,P005,1,219.0,67.0,21.9
SYN-20250313-2-04,2025-03-13,P006,1,139.0,35.0,0.0
SYN-20250313-2-05,2025-03-13,P007,1,189.0,55.0,0.0
SYN-20250313-2-06,2025-03-13,P008,1,329.0,121.0,0.0
SYN-20250313-2-07,2025-03-13,P009,1,159.0,43.0,15.9
SYN-20250313-2-08,2025-03-13,P010,1,279.0,83.0,27.9
SYN-20250313-2-09,2025-03-13,P011,1,199.0,61.0,19.9
SYN-20250313-2-10,2025-03-13,P012,1,359.0,137.0,35.9
SYN-20250314-0-00,2025-03-14,P001,1,299.0,94.0,29.9
SYN-20250314-0-01,2025-03-14,P002,1,89.0,24.0,0.0
SYN-20250314-0-02,2025-03-14,P003,1,179.0,49.0,0.0
SYN-20250314-0-03,2025-03-14,P004,1,249.0,71.0,0.0
SYN-20250314-0-04,2025-03-14,P005,1,219.0,67.0,0.0
SYN-20250314-0-05,2025-03-14,P006,1,139.0,35.0,0.0
SYN-20250314-0-06,2025-03-14,P007,1,189.0,55.0,18.9
SYN-20250314-0-07,2025-03-14,P008,1,329.0,121.0,32.9
SYN-20250314-0-08,2025-03-14,P009,1,159.0,43.0,15.9
SYN-20250314-0-09,2025-03-14,P010,1,279.0,83.0,0.0
SYN-20250314-0-10,2025-03-14,P011,1,199.0,61.0,19.9
SYN-20250314-0-11,2025-03-14,P012,1,359.0,137.0,0.0
SYN-20250314-0-12,2025-03-14,P001,1,299.0,94.0,29.9
SYN-20250314-0-13,2025-03-14,P002,1,89.0,24.0,0.0
SYN-20250314-0-14,2025-03-14,P003,1,179.0,49.0,0.0
SYN-20250314-0-15,2025-03-14,P004,1,249.0,71.0,24.9
SYN-20250314-0-16,2025-03-14,P005,1,219.0,67.0,21.9
SYN-20250314-1-00,2025-03-14,P004,1,249.0,71.0,0.0
SYN-20250314-1-01,2025-03-14,P005,1,219.0,67.0,0.0
SYN-20250314-1-02,2025-03-14,P006,1,139.0,35.0,13.9
SYN-20250314-1-03,2025-03-14,P007,1,189.0,55.0,0.0
SYN-20250314-1-04,2025-03-14,P008,1,329.0,121.0,32.9
SYN-20250314-1-05,2025-03-14,P009,1,159.0,43.0,0.0
SYN-20250314-1-06,2025-03-14,P010,1,279.0,83.0,0.0
SYN-20250314-1-07,2025-03-14,P011,1,199.0,61.0,0.0
SYN-20250314-1-08,2025-03-14,P012,1,359.0,137.0,0.0
SYN-20250314-2-00,2025-03-14,P007,2,378.0,110.0,0.0
SYN-20250314-2-01,2025-03-14,P008,2,658.0,242.0,65.8
SYN-20250314-2-02,2025-03-14,P009,1,159.0,43.0,0.0
SYN-20250314-2-03,2025-03-14,P010,1,279.0,83.0,0.0
SYN-20250314-2-04,2025-03-14,P011,1,199.0,61.0,19.9
SYN-20250314-2-05,2025-03-14,P012,1,359.0,137.0,0.0
SYN-20250314-2-06,2025-03-14,P001,1,299.0,94.0,0.0
SYN-20250314-2-07,2025-03-14,P002,1,89.0,24.0,8.9
SYN-20250314-2-08,2025-03-14,P003,1,179.0,49.0,0.0
SYN-20250314-2-09,2025-03-14,P004,1,249.0,71.0,0.0
SYN-20250314-2-10,2025-03-14,P005,1,219.0,67.0,0.0
SYN-20250314-2-11,2025-03-14,P006,1,139.0,35.0,0.0
SYN-20250314-2-12,2025-03-14,P007,1,189.0,55.0,0.0
SYN-20250314-2-13,2025-03-14,P008,1,329.0,121.0,0.0
SYN-20250314-2-14,2025-03-14,P009,1,159.0,43.0,0.0
SYN-20250314-2-15,2025-03-14,P010,1,279.0,83.0,0.0
SYN-20250314-2-16,2025-03-14,P011,2,398.0,122.0,0.0
SYN-20250314-2-17,2025-03-14,P012,2,718.0,274.0,0.0
SYN-20250314-2-18,2025-03-14,P001,1,299.0,94.0,29.9
SYN-20250314-2-19,2025-03-14,P002,1,89.0,24.0,0.0
SYN-20250314-2-20,2025-03-14,P003,1,179.0,49.0,0.0
SYN-20250315-0-00,2025-03-15,P006,1,139.0,35.0,0.0
SYN-20250315-0-01,2025-03-15,P007,1,189.0,55.0,0.0
SYN-20250315-0-02,2025-03-15,P008,2,658.0,242.0,65.8
SYN-20250315-0-03,2025-03-15,P009,1,159.0,43.0,0.0
SYN-20250315-0-04,2025-03-15,P010,1,279.0,83.0,0.0
SYN-20250315-0-05,2025-03-15,P011,1,199.0,61.0,0.0
SYN-20250315-0-06,2025-03-15,P012,1,359.0,137.0,0.0
SYN-20250315-0-07,2025-03-15,P001,1,299.0,94.0,0.0
SYN-20250315-0-08,2025-03-15,P002,1,89.0,24.0,8.9
SYN-20250315-0-09,2025-03-15,P003,1,179.0,49.0,0.0
SYN-20250315-0-10,2025-03-15,P004,1,249.0,71.0,0.0
SYN-20250315-0-11,2025-03-15,P005,1,219.0,67.0,21.9
SYN-20250315-0-12,2025-03-15,P006,1,139.0,35.0,0.0
SYN-20250315-0-13,2025-03-15,P007,2,378.0,110.0,0.0
SYN-20250315-0-14,2025-03-15,P008,1,329.0,121.0,0.0
SYN-20250315-1-00,2025-03-15,P009,1,159.0,43.0,15.9
SYN-20250315-1-01,2025-03-15,P010,1,279.0,83.0,27.9
SYN-20250315-1-02,2025-03-15,P011,2,398.0,122.0,0.0
SYN-20250315-1-03,2025-03-15,P012,1,359.0,137.0,0.0
SYN-20250315-1-04,2025-03-15,P001,1,299.0,94.0,29.9
SYN-20250315-1-05,2025-03-15,P002,1,89.0,24.0,0.0
SYN-20250315-1-06,2025-03-15,P003,1,179.0,49.0,0.0
SYN-20250315-1-07,2025-03-15,P004,1,249.0,71.0,0.0
SYN-20250315-2-00,2025-03-15,P012,1,359.0,137.0,0.0
SYN-20250315-2-01,2025-03-15,P001,1,299.0,94.0,0.0
SYN-20250315-2-02,2025-03-15,P002,1,89.0,24.0,0.0
SYN-20250315-2-03,2025-03-15,P003,2,358.0,98.0,0.0
SYN-20250315-2-04,2025-03-15,P004,1,249.0,71.0,0.0
SYN-20250315-2-05,2025-03-15,P005,1,219.0,67.0,0.0
SYN-20250315-2-06,2025-03-15,P006,1,139.0,35.0,13.9
SYN-20250315-2-07,2025-03-15,P007,1,189.0,55.0,0.0
SYN-20250315-2-08,2025-03-15,P008,1,329.0,121.0,0.0
SYN-20250315-2-09,2025-03-15,P009,1,159.0,43.0,0.0
SYN-20250315-2-10,2025-03-15,P010,1,279.0,83.0,0.0
SYN-20250315-2-11,2025-03-15,P011,1,199.0,61.0,0.0
SYN-20250315-2-12,2025-03-15,P012,1,359.0,137.0,0.0
SYN-20250315-2-13,2025-03-15,P001,1,299.0,94.0,0.0
SYN-20250316-0-00,2025-03-16,P011,2,398.0,122.0,0.0
SYN-20250316-0-01,2025-03-16,P012,1,359.0,137.0,0.0
SYN-20250316-0-02,2025-03-16,P001,1,299.0,94.0,0.0
SYN-20250316-0-03,2025-03-16,P002,1,89.0,24.0,8.9
SYN-20250316-0-04,2025-03-16,P003,1,179.0,49.0,0.0
SYN-20250316-0-05,2025-03-16,P004,1,249.0,71.0,24.9
SYN-20250316-0-06,2025-03-16,P005,1,219.0,67.0,0.0
SYN-20250316-0-07,2025-03-16,P006,1,139.0,35.0,0.0
SYN-20250316-0-08,2025-03-16,P007,1,189.0,55.0,18.9
SYN-20250316-0-09,2025-03-16,P008,1,329.0,121.0,0.0
SYN-20250316-0-10,2025-03-16,P009,1,159.0,43.0,15.9
SYN-20250316-0-11,2025-03-16,P010,1,279.0,83.0,0.0
SYN-20250316-0-12,2025-03-16,P011,1,199.0,61.0,0.0
SYN-20250316-0-13,2025-03-16,P012,1,359.0,137.0,0.0
SYN-20250316-1-00,2025-03-16,P002,2,178.0,48.0,0.0
SYN-20250316-1-01,2025-03-16,P003,1,179.0,49.0,0.0
SYN-20250316-1-02,2025-03-16,P004,1,249.0,71.0,24.9
SYN-20250316-1-03,2025-03-16,P005,2,438.0,134.0,0.0
SYN-20250316-1-04,2025-03-16,P006,1,139.0,35.0,0.0
SYN-20250316-1-05,2025-03-16,P007,1,189.0,55.0,0.0
SYN-20250316-1-06,2025-03-16,P008,1,329.0,121.0,0.0
SYN-20250316-1-07,2025-03-16,P009,1,159.0,43.0,0.0
SYN-20250316-1-08,2025-03-16,P010,1,279.0,83.0,0.0
SYN-20250316-1-09,2025-03-16,P011,1,199.0,61.0,19.9
SYN-20250316-1-10,2025-03-16,P012,1,359.0,137.0,0.0
SYN-20250316-1-11,2025-03-16,P001,1,299.0,94.0,29.9
SYN-20250316-2-00,2025-03-16,P005,2,438.0,134.0,0.0
SYN-20250316-2-01,2025-03-16,P006,2,278.0,70.0,27.8
SYN-20250316-2-02,2025-03-16,P007,1,189.0,55.0,18.9
SYN-20250316-2-03,2025-03-16,P008,1,329.0,121.0,0.0
SYN-20250316-2-04,2025-03-16,P009,1,159.0,43.0,15.9
SYN-20250316-2-05,2025-03-16,P010,1,279.0,83.0,0.0
SYN-20250316-2-06,2025-03-16,P011,1,199.0,61.0,0.0
SYN-20250316-2-07,2025-03-16,P012,1,359.0,137.0,0.0
SYN-20250317-0-00,2025-03-17,P004,1,249.0,71.0,0.0
SYN-20250317-0-01,2025-03-17,P005,1,219.0,67.0,0.0
SYN-20250317-0-02,2025-03-17,P006,1,139.0,35.0,0.0
SYN-20250317-0-03,2025-03-17,P007,1,189.0,55.0,0.0
SYN-20250317-0-04,2025-03-17,P008,1,329.0,121.0,0.0
SYN-20250317-1-00,2025-03-17,P007,1,189.0,55.0,0.0
SYN-20250317-1-01,2025-03-17,P008,1,329.0,121.0,0.0
SYN-20250317-1-02,2025-03-17,P009,1,159.0,43.0,0.0
SYN-20250317-1-03,2025-03-17,P010,1,279.0,83.0,0.0
SYN-20250317-1-04,2025-03-17,P011,1,199.0,61.0,0.0
SYN-20250317-1-05,2025-03-17,P012,2,718.0,274.0,0.0
SYN-20250317-1-06,2025-03-17,P001,1,299.0,94.0,0.0
SYN-20250317-1-07,2025-03-17,P002,1,89.0,24.0,0.0
SYN-20250317-1-08,2025-03-17,P003,1,179.0,49.0,0.0
SYN-20250317-2-00,2025-03-17,P010,1,279.0,83.0,0.0
SYN-20250317-2-01,2025-03-17,P011,1,199.0,61.0,0.0
SYN-20250317-2-02,2025-03-17,P012,1,359.0,137.0,0.0
SYN-20250317-2-03,2025-03-17,P001,2,598.0,188.0,0.0
SYN-20250317-2-04,2025-03-17,P002,2,178.0,48.0,0.0
SYN-20250317-2-05,2025-03-17,P003,1,179.0,49.0,0.0
SYN-20250317-2-06,2025-03-17,P004,1,249.0,71.0,0.0
SYN-20250317-2-07,2025-03-17,P005,1,219.0,67.0,0.0
SYN-20250317-2-08,2025-03-17,P006,1,139.0,35.0,0.0
SYN-20250318-0-00,2025-03-18,P009,1,159.0,43.0,15.9
SYN-20250318-0-01,2025-03-18,P010,1,279.0,83.0,27.9
SYN-20250318-0-02,2025-03-18,P011,1,199.0,61.0,0.0
SYN-20250318-0-03,2025-03-18,P012,1,359.0,137.0,0.0
SYN-20250318-0-04,2025-03-18,P001,1,299.0,94.0,29.9
SYN-20250318-0-05,2025-03-18,P002,1,89.0,24.0,0.0
SYN-20250318-0-06,2025-03-18,P003,1,179.0,49.0,0.0
SYN-20250318-1-00,2025-03-18,P012,1,359.0,137.0,35.9
SYN-20250318-1-01,2025-03-18,P001,1,299.0,94.0,0.0
SYN-20250318-1-02,2025-03-18,P002,1,89.0,24.0,8.9
SYN-20250318-1-03,2025-03-18,P003,1,179.0,49.0,0.0
SYN-20250318-1-04,2025-03-18,P004,1,249.0,71.0,0.0
SYN-20250318-1-05,2025-03-18,P005,1,219.0,67.0,0.0
SYN-20250318-1-06,2025-03-18,P006,1,139.0,35.0,0.0
SYN-20250318-1-07,2025-03-18,P007,1,189.0,55.0,18.9
SYN-20250318-1-08,2025-03-18,P008,2,658.0,242.0,65.8
SYN-20250318-1-09,2025-03-18,P009,1,159.0,43.0,0.0
SYN-20250318-1-10,2025-03-18,P010,1,279.0,83.0,0.0
SYN-20250318-2-00,2025-03-18,P003,1,179.0,49.0,0.0
SYN-20250318-2-01,2025-03-18,P004,1,249.0,71.0,0.0
SYN-20250318-2-02,2025-03-18,P005,1,219.0,67.0,21.9
SYN-20250318-2-03,2025-03-18,P006,1,139.0,35.0,0.0
SYN-20250318-2-04,2025-03-18,P007,1,189.0,55.0,0.0
SYN-20250318-2-05,2025-03-18,P008,1,329.0,121.0,32.9
SYN-20250318-2-06,2025-03-18,P009,2,318.0,86.0,0.0
SYN-20250318-2-07,2025-03-18,P010,1,279.0,83.0,0.0
SYN-20250319-0-00,2025-03-19,P002,1,89.0,24.0,0.0
SYN-20250319-0-01,2025-03-19,P003,1,179.0,49.0,0.0
SYN-20250319-0-02,2025-03-19,P004,1,249.0,71.0,0.0
SYN-20250319-0-03,2025-03-19,P005,1,219.0,67.0,0.0
SYN-20250319-0-04,2025-03-19,P006,1,139.0,35.0,0.0
SYN-20250319-0-05,2025-03-19,P007,1,189.0,55.0,18.9
SYN-20250319-0-06,2025-03-19,P008,1,329.0,121.0,0.0
SYN-20250319-0-07,2025-03-19,P009,1,159.0,43.0,0.0
SYN-20250319-0-08,2025-03-19,P010,1,279.0,83.0,0.0
SYN-20250319-0-09,2025-03-19,P011,1,199.0,61.0,0.0
SYN-20250319-1-00,2025-03-19,P005,1,219.0,67.0,21.9
SYN-20250319-1-01,2025-03-19,P006,1,139.0,35.0,0.0
SYN-20250319-1-02,2025-03-19,P007,1,189.0,55.0,0.0
SYN-20250319-1-03,2025-03-19,P008,1,329.0,121.0,0.0
SYN-20250319-1-04,2025-03-19,P009,2,318.0,86.0,0.0
SYN-20250319-1-05,2025-03-19,P010,2,558.0,166.0,0.0
SYN-20250319-1-06,2025-03-19,P011,2,398.0,122.0,0.0
SYN-20250319-1-07,2025-03-19,P012,1,359.0,137.0,0.0
SYN-20250319-1-08,2025-03-19,P001,1,299.0,94.0,0.0
SYN-20250319-1-09,2025-03-19,P002,1,89.0,24.0,8.9
SYN-20250319-1-10,2025-03-19,P003,2,358.0,98.0,0.0
SYN-20250319-2-00,2025-03-19,P008,1,329.0,121.0,0.0
SYN-20250319-2-01,2025-03-19,P009,1,159.0,43.0,15.9
SYN-20250319-2-02,2025-03-19,P010,1,279.0,83.0,0.0
SYN-20250319-2-03,2025-03-19,P011,1,199.0,61.0,0.0
SYN-20250319-2-04,2025-03-19,P012,2,718.0,274.0,71.8
SYN-20250319-2-05,2025-03-19,P001,1,299.0,94.0,0.0
SYN-20250319-2-06,2025-03-19,P002,1,89.0,24.0,0.0
SYN-20250319-2-07,2025-03-19,P003,1,179.0,49.0,0.0
SYN-20250320-0-00,2025-03-20,P007,1,189.0,55.0,18.9
SYN-20250320-0-01,2025-03-20,P008,1,329.0,121.0,0.0
SYN-20250320-0-02,2025-03-20,P009,1,159.0,43.0,0.0
SYN-20250320-0-03,2025-03-20,P010,1,279.0,83.0,0.0
SYN-20250320-0-04,2025-03-20,P011,1,199.0,61.0,0.0
SYN-20250320-0-05,2025-03-20,P012,1,359.0,137.0,0.0
SYN-20250320-0-06,2025-03-20,P001,1,299.0,94.0,0.0
SYN-20250320-0-07,2025-03-20,P002,1,89.0,24.0,0.0
SYN-20250320-0-08,2025-03-20,P003,1,179.0,49.0,17.9
SYN-20250320-0-09,2025-03-20,P004,1,249.0,71.0,24.9
SYN-20250320-1-00,2025-03-20,P010,1,279.0,83.0,0.0
SYN-20250320-1-01,2025-03-20,P011,2,398.0,122.0,0.0
SYN-20250320-1-02,2025-03-20,P012,1,359.0,137.0,0.0
SYN-20250320-1-03,2025-03-20,P001,1,299.0,94.0,0.0
SYN-20250320-1-04,2025-03-20,P002,1,89.0,24.0,0.0
SYN-20250320-1-05,2025-03-20,P003,2,358.0,98.0,0.0
SYN-20250320-1-06,2025-03-20,P004,1,249.0,71.0,24.9
SYN-20250320-2-00,2025-03-20,P001,1,299.0,94.0,0.0
SYN-20250320-2-01,2025-03-20,P002,1,89.0,24.0,8.9
SYN-20250320-2-02,2025-03-20,P003,1,179.0,49.0,0.0
SYN-20250320-2-03,2025-03-20,P004,2,498.0,142.0,0.0
SYN-20250320-2-04,2025-03-20,P005,1,219.0,67.0,0.0
SYN-20250320-2-05,2025-03-20,P006,2,278.0,70.0,0.0
SYN-20250320-2-06,2025-03-20,P007,1,189.0,55.0,0.0
SYN-20250320-2-07,2025-03-20,P008,1,329.0,121.0,0.0
SYN-20250321-0-00,2025-03-21,P012,1,359.0,137.0,0.0
SYN-20250321-0-01,2025-03-21,P001,1,299.0,94.0,29.9
SYN-20250321-0-02,2025-03-21,P002,1,89.0,24.0,0.0
SYN-20250321-0-03,2025-03-21,P003,1,179.0,49.0,0.0
SYN-20250321-0-04,2025-03-21,P004,1,249.0,71.0,0.0
SYN-20250321-0-05,2025-03-21,P005,1,219.0,67.0,21.9
SYN-20250321-0-06,2025-03-21,P006,1,139.0,35.0,13.9
SYN-20250321-0-07,2025-03-21,P007,2,378.0,110.0,0.0
SYN-20250321-0-08,2025-03-21,P008,1,329.0,121.0,0.0
SYN-20250321-0-09,2025-03-21,P009,1,159.0,43.0,0.0
SYN-20250321-0-10,2025-03-21,P010,1,279.0,83.0,0.0
SYN-20250321-0-11,2025-03-21,P011,1,199.0,61.0,0.0
SYN-20250321-0-12,2025-03-21,P012,1,359.0,137.0,0.0
SYN-20250321-0-13,2025-03-21,P001,1,299.0,94.0,0.0
SYN-20250321-0-14,2025-03-21,P002,1,89.0,24.0,0.0
SYN-20250321-1-00,2025-03-21,P003,1,179.0,49.0,0.0
SYN-20250321-1-01,2025-03-21,P004,2,498.0,142.0,49.8
SYN-20250321-1-02,2025-03-21,P005,1,219.0,67.0,21.9
SYN-20250321-1-03,2025-03-21,P006,1,139.0,35.0,0.0
SYN-20250321-1-04,2025-03-21,P007,1,189.0,55.0,0.0
SYN-20250321-1-05,2025-03-21,P008,1,329.0,121.0,0.0
SYN-20250321-1-06,2025-03-21,P009,1,159.0,43.0,15.9
SYN-20250321-2-00,2025-03-21,P006,1,139.0,35.0,0.0
SYN-20250321-2-01,2025-03-21,P007,1,189.0,55.0,0.0
SYN-20250321-2-02,2025-03-21,P008,1,329.0,121.0,0.0
SYN-20250321-2-03,2025-03-21,P009,1,159.0,43.0,0.0
SYN-20250321-2-04,2025-03-21,P010,1,279.0,83.0,0.0
SYN-20250321-2-05,2025-03-21,P011,1,199.0,61.0,0.0
SYN-20250321-2-06,2025-03-21,P012,1,359.0,137.0,0.0
SYN-20250321-2-07,2025-03-21,P001,1,299.0,94.0,0.0
SYN-20250321-2-08,2025-03-21,P002,1,89.0,24.0,0.0
SYN-20250321-2-09,2025-03-21,P003,1,179.0,49.0,17.9
SYN-20250321-2-10,2025-03-21,P004,1,249.0,71.0,0.0
SYN-20250321-2-11,2025-03-21,P005,1,219.0,67.0,21.9
SYN-20250321-2-12,2025-03-21,P006,1,139.0,35.0,0.0
SYN-20250322-0-00,2025-03-22,P005,1,219.0,67.0,0.0
SYN-20250322-0-01,2025-03-22,P006,1,139.0,35.0,13.9
SYN-20250322-0-02,2025-03-22,P007,2,378.0,110.0,0.0
SYN-20250322-0-03,2025-03-22,P008,1,329.0,121.0,0.0
SYN-20250322-0-04,2025-03-22,P009,1,159.0,43.0,15.9
SYN-20250322-0-05,2025-03-22,P010,1,279.0,83.0,0.0
SYN-20250322-0-06,2025-03-22,P011,1,199.0,61.0,0.0
SYN-20250322-0-07,2025-03-22,P012,1,359.0,137.0,0.0
SYN-20250322-0-08,2025-03-22,P001,1,299.0,94.0,0.0
SYN-20250322-0-09,2025-03-22,P002,1,89.0,24.0,0.0
SYN-20250322-0-10,2025-03-22,P003,1,179.0,49.0,0.0
SYN-20250322-0-11,2025-03-22,P004,1,249.0,71.0,0.0
SYN-20250322-0-12,2025-03-22,P005,1,219.0,67.0,0.0
SYN-20250322-0-13,2025-03-22,P006,1,139.0,35.0,0.0
SYN-20250322-0-14,2025-03-22,P007,1,189.0,55.0,0.0
SYN-20250322-0-15,2025-03-22,P008,1,329.0,121.0,32.9
SYN-20250322-0-16,2025-03-22,P009,1,159.0,43.0,0.0
SYN-20250322-0-17,2025-03-22,P010,1,279.0,83.0,0.0
SYN-20250322-0-18,2025-03-22,P011,1,199.0,61.0,19.9
SYN-20250322-0-19,2025-03-22,P012,1,359.0,137.0,0.0
SYN-20250322-1-00,2025-03-22,P008,1,329.0,121.0,0.0
SYN-20250322-1-01,2025-03-22,P009,1,159.0,43.0,0.0
SYN-20250322-1-02,2025-03-22,P010,1,279.0,83.0,0.0
SYN-20250322-1-03,2025-03-22,P011,1,199.0,61.0,19.9
SYN-20250322-1-04,2025-03-22,P012,1,359.0,137.0,0.0
SYN-20250322-1-05,2025-03-22,P001,1,299.0,94.0,0.0
SYN-20250322-1-06,2025-03-22,P002,1,89.0,24.0,0.0
SYN-20250322-1-07,2025-03-22,P003,1,179.0,49.0,0.0
SYN-20250322-2-00,2025-03-22,P011,1,199.0,61.0,19.9
SYN-20250322-2-01,2025-03-22,P012,1,359.0,137.0,0.0
SYN-20250322-2-02,2025-03-22,P001,1,299.0,94.0,29.9
SYN-20250322-2-03,2025-03-22,P002,1,89.0,24.0,0.0
SYN-20250322-2-04,2025-03-22,P003,1,179.0,49.0,0.0
SYN-20250322-2-05,2025-03-22,P004,1,249.0,71.0,24.9
SYN-20250322-2-06,2025-03-22,P005,1,219.0,67.0,0.0
SYN-20250322-2-07,2025-03-22,P006,1,139.0,35.0,0.0
SYN-20250322-2-08,2025-03-22,P007,1,189.0,55.0,0.0
SYN-20250323-0-00,2025-03-23,P010,1,279.0,83.0,0.0
SYN-20250323-0-01,2025-03-23,P011,1,199.0,61.0,0.0
SYN-20250323-0-02,2025-03-23,P012,1,359.0,137.0,0.0
SYN-20250323-0-03,2025-03-23,P001,1,299.0,94.0,0.0
SYN-20250323-0-04,2025-03-23,P002,1,89.0,24.0,8.9
SYN-20250323-0-05,2025-03-23,P003,1,179.0,49.0,0.0
SYN-20250323-0-06,2025-03-23,P004,1,249.0,71.0,0.0
SYN-20250323-0-07,2025-03-23,P005,1,219.0,67.0,0.0
SYN-20250323-0-08,2025-03-23,P006,1,139.0,35.0,0.0
SYN-20250323-0-09,2025-03-23,P007,1,189.0,55.0,18.9
SYN-20250323-0-10,2025-03-23,P008,1,329.0,121.0,0.0
SYN-20250323-1-00,2025-03-23,P001,1,299.0,94.0,29.9
SYN-20250323-1-01,2025-03-23,P002,1,89.0,24.0,0.0
SYN-20250323-1-02,2025-03-23,P003,1,179.0,49.0,17.9
SYN-20250323-1-03,2025-03-23,P004,1,249.0,71.0,24.9
SYN-20250323-1-04,2025-03-23,P005,1,219.0,67.0,21.9
SYN-20250323-1-05,2025-03-23,P006,1,139.0,35.0,13.9
SYN-20250323-1-06,2025-03-23,P007,1,189.0,55.0,0.0
SYN-20250323-1-07,2025-03-23,P008,1,329.0,121.0,0.0
SYN-20250323-1-08,2025-03-23,P009,1,159.0,43.0,0.0
SYN-20250323-2-00,2025-03-23,P004,1,249.0,71.0,0.0
SYN-20250323-2-01,2025-03-23,P005,1,219.0,67.0,0.0
SYN-20250323-2-02,2025-03-23,P006,1,139.0,35.0,0.0
SYN-20250323-2-03,2025-03-23,P007,2,378.0,110.0,0.0
SYN-20250323-2-04,2025-03-23,P008,1,329.0,121.0,0.0
SYN-20250323-2-05,2025-03-23,P009,1,159.0,43.0,0.0
SYN-20250323-2-06,2025-03-23,P010,2,558.0,166.0,0.0
SYN-20250324-0-00,2025-03-24,P003,1,179.0,49.0,0.0
SYN-20250324-0-01,2025-03-24,P004,2,498.0,142.0,0.0
SYN-20250324-0-02,2025-03-24,P005,2,438.0,134.0,0.0
SYN-20250324-0-03,2025-03-24,P006,1,139.0,35.0,13.9
SYN-20250324-0-04,2025-03-24,P007,1,189.0,55.0,0.0
SYN-20250324-0-05,2025-03-24,P008,1,329.0,121.0,0.0
SYN-20250324-0-06,2025-03-24,P009,1,159.0,43.0,0.0
SYN-20250324-0-07,2025-03-24,P010,1,279.0,83.0,0.0
SYN-20250324-0-08,2025-03-24,P011,1,199.0,61.0,0.0
SYN-20250324-0-09,2025-03-24,P012,1,359.0,137.0,0.0
SYN-20250324-0-10,2025-03-24,P001,1,299.0,94.0,0.0
SYN-20250324-0-11,2025-03-24,P002,1,89.0,24.0,0.0
SYN-20250324-0-12,2025-03-24,P003,1,179.0,49.0,17.9
SYN-20250324-1-00,2025-03-24,P006,1,139.0,35.0,0.0
SYN-20250324-1-01,2025-03-24,P007,1,189.0,55.0,0.0
SYN-20250324-1-02,2025-03-24,P008,1,329.0,121.0,0.0
SYN-20250324-1-03,2025-03-24,P009,1,159.0,43.0,0.0
SYN-20250324-1-04,2025-03-24,P010,2,558.0,166.0,0.0
SYN-20250324-1-05,2025-03-24,P011,1,199.0,61.0,0.0
SYN-20250324-1-06,2025-03-24,P012,1,359.0,137.0,0.0
SYN-20250324-1-07,2025-03-24,P001,1,299.0,94.0,0.0
SYN-20250324-1-08,2025-03-24,P002,2,178.0,48.0,17.8
SYN-20250324-1-09,2025-03-24,P003,1,179.0,49.0,0.0
SYN-20250324-2-00,2025-03-24,P009,1,159.0,43.0,0.0
SYN-20250324-2-01,2025-03-24,P010,2,558.0,166.0,0.0
SYN-20250324-2-02,2025-03-24,P011,1,199.0,61.0,0.0
SYN-20250324-2-03,2025-03-24,P012,1,359.0,137.0,0.0
SYN-20250324-2-04,2025-03-24,P001,1,299.0,94.0,0.0
SYN-20250324-2-05,2025-03-24,P002,1,89.0,24.0,0.0
SYN-20250324-2-06,2025-03-24,P003,1,179.0,49.0,0.0
SYN-20250324-2-07,2025-03-24,P004,1,249.0,71.0,0.0
SYN-20250324-2-08,2025-03-24,P005,1,219.0,67.0,0.0
SYN-20250324-2-09,2025-03-24,P006,1,139.0,35.0,13.9
SYN-20250324-2-10,2025-03-24,P007,1,189.0,55.0,0.0
SYN-20250324-2-11,2025-03-24,P008,1,329.0,121.0,0.0
SYN-20250324-2-12,2025-03-24,P009,1,159.0,43.0,0.0
SYN-20250325-0-00,2025-03-25,P008,1,329.0,121.0,0.0
SYN-20250325-0-01,2025-03-25,P009,2,318.0,86.0,0.0
SYN-20250325-0-02,2025-03-25,P010,1,279.0,83.0,0.0
SYN-20250325-0-03,2025-03-25,P011,1,199.0,61.0,0.0
SYN-20250325-0-04,2025-03-25,P012,1,359.0,137.0,0.0
SYN-20250325-0-05,2025-03-25,P001,1,299.0,94.0,0.0
SYN-20250325-0-06,2025-03-25,P002,1,89.0,24.0,0.0
SYN-20250325-0-07,2025-03-25,P003,1,179.0,49.0,17.9
SYN-20250325-0-08,2025-03-25,P004,1,249.0,71.0,0.0
SYN-20250325-0-09,2025-03-25,P005,1,219.0,67.0,0.0
SYN-20250325-0-10,2025-03-25,P006,1,139.0,35.0,13.9
SYN-20250325-0-11,2025-03-25,P007,1,189.0,55.0,18.9
SYN-20250325-0-12,2025-03-25,P008,1,329.0,121.0,0.0
SYN-20250325-0-13,2025-03-25,P009,1,159.0,43.0,0.0
SYN-20250325-0-14,2025-03-25,P010,1,279.0,83.0,0.0
SYN-20250325-0-15,2025-03-25,P011,1,199.0,61.0,0.0
SYN-20250325-0-16,2025-03-25,P012,1,359.0,137.0,35.9
SYN-20250325-0-17,2025-03-25,P001,1,299.0,94.0,0.0
SYN-20250325-0-18,2025-03-25,P002,1,89.0,24.0,0.0
SYN-20250325-1-00,2025-03-25,P011,1,199.0,61.0,0.0
SYN-20250325-1-01,2025-03-25,P012,1,359.0,137.0,0.0
SYN-20250325-1-02,2025-03-25,P001,1,299.0,94.0,0.0
SYN-20250325-1-03,2025-03-25,P002,2,178.0,48.0,17.8
SYN-20250325-1-04,2025-03-25,P003,1,179.0,49.0,0.0
SYN-20250325-1-05,2025-03-25,P004,1,249.0,71.0,24.9
SYN-20250325-1-06,2025-03-25,P005,1,219.0,67.0,0.0
SYN-20250325-1-07,2025-03-25,P006,1,139.0,35.0,0.0
SYN-20250325-1-08,2025-03-25,P007,1,189.0,55.0,0.0
SYN-20250325-1-09,2025-03-25,P008,1,329.0,121.0,32.9
SYN-20250325-1-10,2025-03-25,P009,1,159.0,43.0,0.0
SYN-20250325-2-00,2025-03-25,P002,1,89.0,24.0,0.0
SYN-20250325-2-01,2025-03-25,P003,1,179.0,49.0,17.9
SYN-20250325-2-02,2025-03-25,P004,1,249.0,71.0,0.0
SYN-20250325-2-03,2025-03-25,P005,1,219.0,67.0,0.0
SYN-20250325-2-04,2025-03-25,P006,1,139.0,35.0,0.0
SYN-20250325-2-05,2025-03-25,P007,1,189.0,55.0,0.0
SYN-20250325-2-06,2025-03-25,P008,1,329.0,121.0,0.0
SYN-20250325-2-07,2025-03-25,P009,1,159.0,43.0,0.0
SYN-20250325-2-08,2025-03-25,P010,1,279.0,83.0,0.0
SYN-20250326-0-00,2025-03-26,P001,1,299.0,94.0,0.0
SYN-20250326-0-01,2025-03-26,P002,1,89.0,24.0,0.0
SYN-20250326-0-02,2025-03-26,P003,1,179.0,49.0,0.0
SYN-20250326-0-03,2025-03-26,P004,1,249.0,71.0,0.0
SYN-20250326-0-04,2025-03-26,P005,1,219.0,67.0,0.0
SYN-20250326-0-05,2025-03-26,P006,1,139.0,35.0,13.9
SYN-20250326-0-06,2025-03-26,P007,1,189.0,55.0,0.0
SYN-20250326-0-07,2025-03-26,P008,1,329.0,121.0,0.0
SYN-20250326-0-08,2025-03-26,P009,1,159.0,43.0,0.0
SYN-20250326-1-00,2025-03-26,P004,1,249.0,71.0,24.9
SYN-20250326-1-01,2025-03-26,P005,1,219.0,67.0,0.0
SYN-20250326-1-02,2025-03-26,P006,1,139.0,35.0,0.0
SYN-20250326-1-03,2025-03-26,P007,1,189.0,55.0,0.0
SYN-20250326-1-04,2025-03-26,P008,1,329.0,121.0,0.0
SYN-20250326-1-05,2025-03-26,P009,1,159.0,43.0,0.0
SYN-20250326-1-06,2025-03-26,P010,2,558.0,166.0,0.0
SYN-20250326-1-07,2025-03-26,P011,1,199.0,61.0,0.0
SYN-20250326-1-08,2025-03-26,P012,1,359.0,137.0,35.9
SYN-20250326-1-09,2025-03-26,P001,1,299.0,94.0,29.9
SYN-20250326-1-10,2025-03-26,P002,1,89.0,24.0,8.9
SYN-20250326-1-11,2025-03-26,P003,1,179.0,49.0,0.0
SYN-20250326-1-12,2025-03-26,P004,1,249.0,71.0,0.0
SYN-20250326-1-13,2025-03-26,P005,1,219.0,67.0,0.0
SYN-20250326-1-14,2025-03-26,P006,1,139.0,35.0,13.9
SYN-20250326-2-00,2025-03-26,P007,1,189.0,55.0,0.0
SYN-20250326-2-01,2025-03-26,P008,1,329.0,121.0,0.0
SYN-20250326-2-02,2025-03-26,P009,1,159.0,43.0,15.9
SYN-20250326-2-03,2025-03-26,P010,1,279.0,83.0,0.0
SYN-20250326-2-04,2025-03-26,P011,1,199.0,61.0,19.9
SYN-20250326-2-05,2025-03-26,P012,1,359.0,137.0,0.0
SYN-20250326-2-06,2025-03-26,P001,1,299.0,94.0,0.0
SYN-20250326-2-07,2025-03-26,P002,1,89.0,24.0,0.0
SYN-20250326-2-08,2025-03-26,P003,2,358.0,98.0,0.0
SYN-20250326-2-09,2025-03-26,P004,1,249.0,71.0,0.0
SYN-20250326-2-10,2025-03-26,P005,1,219.0,67.0,21.9
SYN-20250327-0-00,2025-03-27,P006,1,139.0,35.0,0.0
SYN-20250327-0-01,2025-03-27,P007,1,189.0,55.0,0.0
SYN-20250327-0-02,2025-03-27,P008,1,329.0,121.0,0.0
SYN-20250327-0-03,2025-03-27,P009,1,159.0,43.0,0.0
SYN-20250327-0-04,2025-03-27,P010,1,279.0,83.0,0.0
SYN-20250327-0-05,2025-03-27,P011,2,398.0,122.0,0.0
SYN-20250327-0-06,2025-03-27,P012,1,359.0,137.0,35.9
SYN-20250327-0-07,2025-03-27,P001,1,299.0,94.0,29.9
SYN-20250327-1-00,2025-03-27,P009,1,159.0,43.0,0.0
SYN-20250327-1-01,2025-03-27,P010,1,279.0,83.0,0.0
SYN-20250327-1-02,2025-03-27,P011,1,199.0,61.0,0.0
SYN-20250327-1-03,2025-03-27,P012,1,359.0,137.0,35.9
SYN-20250327-1-04,2025-03-27,P001,1,299.0,94.0,29.9
SYN-20250327-1-05,2025-03-27,P002,1,89.0,24.0,0.0
SYN-20250327-1-06,2025-03-27,P003,1,179.0,49.0,0.0
SYN-20250327-2-00,2025-03-27,P012,1,359.0,137.0,0.0
SYN-20250327-2-01,2025-03-27,P001,1,299.0,94.0,0.0
SYN-20250327-2-02,2025-03-27,P002,1,89.0,24.0,0.0
SYN-20250327-2-03,2025-03-27,P003,1,179.0,49.0,17.9
SYN-20250327-2-04,2025-03-27,P004,1,249.0,71.0,0.0
SYN-20250327-2-05,2025-03-27,P005,2,438.0,134.0,0.0
SYN-20250327-2-06,2025-03-27,P006,2,278.0,70.0,27.8
SYN-20250327-2-07,2025-03-27,P007,1,189.0,55.0,18.9
SYN-20250327-2-08,2025-03-27,P008,1,329.0,121.0,0.0
SYN-20250327-2-09,2025-03-27,P009,1,159.0,43.0,0.0
SYN-20250328-0-00,2025-03-28,P011,1,199.0,61.0,0.0
SYN-20250328-0-01,2025-03-28,P012,1,359.0,137.0,0.0
SYN-20250328-0-02,2025-03-28,P001,1,299.0,94.0,0.0
SYN-20250328-0-03,2025-03-28,P002,1,89.0,24.0,8.9
SYN-20250328-0-04,2025-03-28,P003,1,179.0,49.0,17.9
SYN-20250328-0-05,2025-03-28,P004,1,249.0,71.0,0.0
SYN-20250328-0-06,2025-03-28,P005,1,219.0,67.0,0.0
SYN-20250328-0-07,2025-03-28,P006,1,139.0,35.0,0.0
SYN-20250328-0-08,2025-03-28,P007,1,189.0,55.0,0.0
SYN-20250328-0-09,2025-03-28,P008,1,329.0,121.0,0.0
SYN-20250328-0-10,2025-03-28,P009,1,159.0,43.0,15.9
SYN-20250328-0-11,2025-03-28,P010,2,558.0,166.0,0.0
SYN-20250328-0-12,2025-03-28,P011,1,199.0,61.0,0.0
SYN-20250328-0-13,2025-03-28,P012,1,359.0,137.0,0.0
SYN-20250328-1-00,2025-03-28,P002,1,89.0,24.0,8.9
SYN-20250328-1-01,2025-03-28,P003,1,179.0,49.0,0.0
SYN-20250328-1-02,2025-03-28,P004,1,249.0,71.0,0.0
SYN-20250328-1-03,2025-03-28,P005,1,219.0,67.0,0.0
SYN-20250328-1-04,2025-03-28,P006,1,139.0,35.0,13.9
SYN-20250328-1-05,2025-03-28,P007,1,189.0,55.0,18.9
SYN-20250328-1-06,2025-03-28,P008,1,329.0,121.0,0.0
SYN-20250328-1-07,2025-03-28,P009,1,159.0,43.0,0.0
SYN-20250328-2-00,2025-03-28,P005,1,219.0,67.0,0.0
SYN-20250328-2-01,2025-03-28,P006,1,139.0,35.0,0.0
SYN-20250328-2-02,2025-03-28,P007,1,189.0,55.0,0.0
SYN-20250328-2-03,2025-03-28,P008,1,329.0,121.0,32.9
SYN-20250328-2-04,2025-03-28,P009,1,159.0,43.0,0.0
SYN-20250328-2-05,2025-03-28,P010,1,279.0,83.0,0.0
SYN-20250328-2-06,2025-03-28,P011,1,199.0,61.0,0.0
SYN-20250328-2-07,2025-03-28,P012,1,359.0,137.0,35.9
SYN-20250328-2-08,2025-03-28,P001,1,299.0,94.0,0.0
SYN-20250328-2-09,2025-03-28,P002,1,89.0,24.0,0.0
SYN-20250328-2-10,2025-03-28,P003,1,179.0,49.0,0.0
SYN-20250329-0-00,2025-03-29,P004,1,249.0,71.0,24.9
SYN-20250329-0-01,2025-03-29,P005,1,219.0,67.0,0.0
SYN-20250329-0-02,2025-03-29,P006,1,139.0,35.0,0.0
SYN-20250329-0-03,2025-03-29,P007,1,189.0,55.0,0.0
SYN-20250329-0-04,2025-03-29,P008,1,329.0,121.0,0.0
SYN-20250329-0-05,2025-03-29,P009,2,318.0,86.0,0.0
SYN-20250329-0-06,2025-03-29,P010,1,279.0,83.0,27.9
SYN-20250329-0-07,2025-03-29,P011,1,199.0,61.0,19.9
SYN-20250329-0-08,2025-03-29,P012,1,359.0,137.0,0.0
SYN-20250329-0-09,2025-03-29,P001,1,299.0,94.0,0.0
SYN-20250329-0-10,2025-03-29,P002,1,89.0,24.0,0.0
SYN-20250329-0-11,2025-03-29,P003,1,179.0,49.0,0.0
SYN-20250329-0-12,2025-03-29,P004,1,249.0,71.0,0.0
SYN-20250329-0-13,2025-03-29,P005,1,219.0,67.0,0.0
SYN-20250329-0-14,2025-03-29,P006,1,139.0,35.0,0.0
SYN-20250329-0-15,2025-03-29,P007,1,189.0,55.0,0.0
SYN-20250329-0-16,2025-03-29,P008,2,658.0,242.0,0.0
SYN-20250329-1-00,2025-03-29,P007,1,189.0,55.0,0.0
SYN-20250329-1-01,2025-03-29,P008,2,658.0,242.0,0.0
SYN-20250329-1-02,2025-03-29,P009,1,159.0,43.0,0.0
SYN-20250329-1-03,2025-03-29,P010,1,279.0,83.0,0.0
SYN-20250329-1-04,2025-03-29,P011,1,199.0,61.0,19.9
SYN-20250329-1-05,2025-03-29,P012,1,359.0,137.0,35.9
SYN-20250329-1-06,2025-03-29,P001,1,299.0,94.0,0.0
SYN-20250329-2-00,2025-03-29,P010,1,279.0,83.0,0.0
SYN-20250329-2-01,2025-03-29,P011,1,199.0,61.0,0.0
SYN-20250329-2-02,2025-03-29,P012,1,359.0,137.0,0.0
SYN-20250329-2-03,2025-03-29,P001,1,299.0,94.0,29.9
SYN-20250329-2-04,2025-03-29,P002,1,89.0,24.0,0.0
SYN-20250329-2-05,2025-03-29,P003,1,179.0,49.0,0.0
SYN-20250329-2-06,2025-03-29,P004,1,249.0,71.0,0.0
SYN-20250329-2-07,2025-03-29,P005,1,219.0,67.0,21.9
SYN-20250329-2-08,2025-03-29,P006,1,139.0,35.0,0.0
SYN-20250330-0-00,2025-03-30,P009,1,159.0,43.0,0.0
SYN-20250330-0-01,2025-03-30,P010,1,279.0,83.0,0.0
SYN-20250330-0-02,2025-03-30,P011,1,199.0,61.0,0.0
SYN-20250330-0-03,2025-03-30,P012,1,359.0,137.0,35.9
SYN-20250330-0-04,2025-03-30,P001,1,299.0,94.0,0.0
SYN-20250330-0-05,2025-03-30,P002,1,89.0,24.0,0.0
SYN-20250330-0-06,2025-03-30,P003,1,179.0,49.0,0.0
SYN-20250330-0-07,2025-03-30,P004,1,249.0,71.0,0.0
SYN-20250330-0-08,2025-03-30,P005,1,219.0,67.0,0.0
SYN-20250330-0-09,2025-03-30,P006,1,139.0,35.0,13.9
SYN-20250330-0-10,2025-03-30,P007,1,189.0,55.0,0.0
SYN-20250330-0-11,2025-03-30,P008,1,329.0,121.0,32.9
SYN-20250330-1-00,2025-03-30,P012,1,359.0,137.0,0.0
SYN-20250330-1-01,2025-03-30,P001,1,299.0,94.0,29.9
SYN-20250330-1-02,2025-03-30,P002,1,89.0,24.0,8.9
SYN-20250330-1-03,2025-03-30,P003,1,179.0,49.0,0.0
SYN-20250330-1-04,2025-03-30,P004,1,249.0,71.0,0.0
SYN-20250330-1-05,2025-03-30,P005,1,219.0,67.0,0.0
SYN-20250330-1-06,2025-03-30,P006,1,139.0,35.0,0.0
SYN-20250330-1-07,2025-03-30,P007,1,189.0,55.0,0.0
SYN-20250330-1-08,2025-03-30,P008,1,329.0,121.0,0.0
SYN-20250330-1-09,2025-03-30,P009,1,159.0,43.0,0.0
SYN-20250330-2-00,2025-03-30,P003,1,179.0,49.0,0.0
SYN-20250330-2-01,2025-03-30,P004,1,249.0,71.0,0.0
SYN-20250330-2-02,2025-03-30,P005,1,219.0,67.0,21.9
SYN-20250330-2-03,2025-03-30,P006,1,139.0,35.0,0.0
SYN-20250330-2-04,2025-03-30,P007,1,189.0,55.0,0.0
SYN-20250330-2-05,2025-03-30,P008,1,329.0,121.0,32.9
SYN-20250330-2-06,2025-03-30,P009,1,159.0,43.0,0.0
SYN-20250330-2-07,2025-03-30,P010,2,558.0,166.0,55.8
SYN-20250330-2-08,2025-03-30,P011,1,199.0,61.0,0.0
SYN-20250330-2-09,2025-03-30,P012,2,718.0,274.0,0.0
SYN-20250331-0-00,2025-03-31,P002,1,89.0,24.0,0.0
SYN-20250331-0-01,2025-03-31,P003,1,179.0,49.0,0.0
SYN-20250331-0-02,2025-03-31,P004,1,249.0,71.0,0.0
SYN-20250331-0-03,2025-03-31,P005,1,219.0,67.0,0.0
SYN-20250331-0-04,2025-03-31,P006,1,139.0,35.0,0.0
SYN-20250331-0-05,2025-03-31,P007,1,189.0,55.0,0.0
SYN-20250331-0-06,2025-03-31,P008,1,329.0,121.0,0.0
SYN-20250331-0-07,2025-03-31,P009,1,159.0,43.0,0.0
SYN-20250331-0-08,2025-03-31,P010,1,279.0,83.0,0.0
SYN-20250331-1-00,2025-03-31,P005,1,219.0,67.0,0.0
SYN-20250331-1-01,2025-03-31,P006,1,139.0,35.0,0.0
SYN-20250331-1-02,2025-03-31,P007,1,189.0,55.0,0.0
SYN-20250331-1-03,2025-03-31,P008,1,329.0,121.0,0.0
SYN-20250331-1-04,2025-03-31,P009,1,159.0,43.0,0.0
SYN-20250331-1-05,2025-03-31,P010,2,558.0,166.0,0.0
SYN-20250331-2-00,2025-03-31,P008,1,329.0,121.0,0.0
SYN-20250331-2-01,2025-03-31,P009,1,159.0,43.0,0.0
SYN-20250331-2-02,2025-03-31,P010,1,279.0,83.0,27.9
SYN-20250331-2-03,2025-03-31,P011,1,199.0,61.0,19.9
SYN-20250331-2-04,2025-03-31,P012,1,359.0,137.0,0.0
SYN-20250331-2-05,2025-03-31,P001,1,299.0,94.0,0.0
SYN-20250331-2-06,2025-03-31,P002,1,89.0,24.0,0.0
SYN-20250331-2-07,2025-03-31,P003,1,179.0,49.0,0.0
SYN-20250331-2-08,2025-03-31,P004,1,249.0,71.0,0.0
SYN-20250331-2-09,2025-03-31,P005,1,219.0,67.0,0.0
SYN-20250401-0-00,2025-04-01,P007,1,189.0,55.0,0.0
SYN-20250401-0-01,2025-04-01,P008,1,329.0,121.0,0.0
SYN-20250401-0-02,2025-04-01,P009,1,159.0,43.0,15.9
SYN-20250401-0-03,2025-04-01,P010,1,279.0,83.0,27.9
SYN-20250401-0-04,2025-04-01,P011,1,199.0,61.0,0.0
SYN-20250401-0-05,2025-04-01,P012,1,359.0,137.0,35.9
SYN-20250401-0-06,2025-04-01,P001,2,598.0,188.0,0.0
SYN-20250401-0-07,2025-04-01,P002,1,89.0,24.0,0.0
SYN-20250401-0-08,2025-04-01,P003,1,179.0,49.0,0.0
SYN-20250401-1-00,2025-04-01,P010,1,279.0,83.0,0.0
SYN-20250401-1-01,2025-04-01,P011,1,199.0,61.0,19.9
SYN-20250401-1-02,2025-04-01,P012,1,359.0,137.0,0.0
SYN-20250401-1-03,2025-04-01,P001,1,299.0,94.0,0.0
SYN-20250401-1-04,2025-04-01,P002,1,89.0,24.0,8.9
SYN-20250401-1-05,2025-04-01,P003,1,179.0,49.0,17.9
SYN-20250401-1-06,2025-04-01,P004,1,249.0,71.0,0.0
SYN-20250401-1-07,2025-04-01,P005,1,219.0,67.0,21.9
SYN-20250401-1-08,2025-04-01,P006,1,139.0,35.0,0.0
SYN-20250401-2-00,2025-04-01,P001,1,299.0,94.0,29.9
SYN-20250401-2-01,2025-04-01,P002,1,89.0,24.0,0.0
SYN-20250401-2-02,2025-04-01,P003,1,179.0,49.0,17.9
SYN-20250401-2-03,2025-04-01,P004,1,249.0,71.0,0.0
SYN-20250401-2-04,2025-04-01,P005,2,438.0,134.0,0.0
SYN-20250401-2-05,2025-04-01,P006,1,139.0,35.0,0.0
SYN-20250401-2-06,2025-04-01,P007,1,189.0,55.0,18.9
SYN-20250401-2-07,2025-04-01,P008,1,329.0,121.0,0.0
SYN-20250401-2-08,2025-04-01,P009,1,159.0,43.0,0.0
SYN-20250401-2-09,2025-04-01,P010,1,279.0,83.0,0.0
SYN-20250401-2-10,2025-04-01,P011,1,199.0,61.0,19.9
SYN-20250401-2-11,2025-04-01,P012,1,359.0,137.0,0.0
SYN-20250401-2-12,2025-04-01,P001,1,299.0,94.0,0.0
SYN-20250402-0-00,2025-04-02,P012,1,359.0,137.0,0.0
SYN-20250402-0-01,2025-04-02,P001,1,299.0,94.0,0.0
SYN-20250402-0-02,2025-04-02,P002,1,89.0,24.0,8.9
SYN-20250402-0-03,2025-04-02,P003,1,179.0,49.0,0.0
SYN-20250402-0-04,2025-04-02,P004,1,249.0,71.0,24.9
SYN-20250402-0-05,2025-04-02,P005,1,219.0,67.0,0.0
SYN-20250402-1-00,2025-04-02,P003,1,179.0,49.0,0.0
SYN-20250402-1-01,2025-04-02,P004,1,249.0,71.0,24.9
SYN-20250402-1-02,2025-04-02,P005,1,219.0,67.0,0.0
SYN-20250402-1-03,2025-04-02,P006,1,139.0,35.0,0.0
SYN-20250402-2-00,2025-04-02,P006,1,139.0,35.0,13.9
SYN-20250402-2-01,2025-04-02,P007,2,378.0,110.0,37.8
SYN-20250402-2-02,2025-04-02,P008,2,658.0,242.0,0.0
SYN-20250402-2-03,2025-04-02,P009,1,159.0,43.0,0.0
SYN-20250403-0-00,2025-04-03,P005,1,219.0,67.0,0.0
SYN-20250403-0-01,2025-04-03,P006,1,139.0,35.0,0.0
SYN-20250403-0-02,2025-04-03,P007,1,189.0,55.0,0.0
SYN-20250403-0-03,2025-04-03,P008,1,329.0,121.0,32.9
SYN-20250403-0-04,2025-04-03,P009,1,159.0,43.0,0.0
SYN-20250403-0-05,2025-04-03,P010,1,279.0,83.0,0.0
SYN-20250403-0-06,2025-04-03,P011,1,199.0,61.0,0.0
SYN-20250403-1-00,2025-04-03,P008,1,329.0,121.0,32.9
SYN-20250403-1-01,2025-04-03,P009,1,159.0,43.0,0.0
SYN-20250403-1-02,2025-04-03,P010,1,279.0,83.0,0.0
SYN-20250403-1-03,2025-04-03,P011,1,199.0,61.0,0.0
SYN-20250403-1-04,2025-04-03,P012,1,359.0,137.0,0.0
SYN-20250403-2-00,2025-04-03,P011,1,199.0,61.0,0.0
SYN-20250403-2-01,2025-04-03,P012,1,359.0,137.0,35.9
SYN-20250403-2-02,2025-04-03,P001,1,299.0,94.0,0.0
SYN-20250403-2-03,2025-04-03,P002,1,89.0,24.0,0.0
SYN-20250403-2-04,2025-04-03,P003,1,179.0,49.0,0.0
SYN-20250403-2-05,2025-04-03,P004,1,249.0,71.0,0.0
SYN-20250403-2-06,2025-04-03,P005,1,219.0,67.0,0.0
SYN-20250403-2-07,2025-04-03,P006,1,139.0,35.0,13.9
SYN-20250403-2-08,2025-04-03,P007,2,378.0,110.0,0.0
SYN-20250403-2-09,2025-04-03,P008,1,329.0,121.0,0.0
SYN-20250403-2-10,2025-04-03,P009,1,159.0,43.0,0.0
SYN-20250404-0-00,2025-04-04,P010,1,279.0,83.0,0.0
SYN-20250404-0-01,2025-04-04,P011,1,199.0,61.0,0.0
SYN-20250404-0-02,2025-04-04,P012,1,359.0,137.0,35.9
SYN-20250404-0-03,2025-04-04,P001,1,299.0,94.0,29.9
SYN-20250404-0-04,2025-04-04,P002,1,89.0,24.0,0.0
SYN-20250404-0-05,2025-04-04,P003,1,179.0,49.0,17.9
SYN-20250404-0-06,2025-04-04,P004,1,249.0,71.0,24.9
SYN-20250404-1-00,2025-04-04,P001,1,299.0,94.0,0.0
SYN-20250404-1-01,2025-04-04,P002,1,89.0,24.0,0.0
SYN-20250404-1-02,2025-04-04,P003,1,179.0,49.0,17.9
SYN-20250404-1-03,2025-04-04,P004,1,249.0,71.0,0.0
SYN-20250404-1-04,2025-04-04,P005,1,219.0,67.0,21.9
SYN-20250404-1-05,2025-04-04,P006,1,139.0,35.0,0.0
SYN-20250404-1-06,2025-04-04,P007,2,378.0,110.0,0.0
SYN-20250404-1-07,2025-04-04,P008,1,329.0,121.0,0.0
SYN-20250404-1-08,2025-04-04,P009,1,159.0,43.0,0.0
SYN-20250404-1-09,2025-04-04,P010,1,279.0,83.0,0.0
SYN-20250404-1-10,2025-04-04,P011,1,199.0,61.0,0.0
SYN-20250404-2-00,2025-04-04,P004,1,249.0,71.0,0.0
SYN-20250404-2-01,2025-04-04,P005,1,219.0,67.0,0.0
SYN-20250404-2-02,2025-04-04,P006,1,139.0,35.0,0.0
SYN-20250404-2-03,2025-04-04,P007,1,189.0,55.0,0.0
SYN-20250404-2-04,2025-04-04,P008,1,329.0,121.0,32.9
SYN-20250404-2-05,2025-04-04,P009,1,159.0,43.0,0.0
SYN-20250404-2-06,2025-04-04,P010,1,279.0,83.0,27.9
SYN-20250404-2-07,2025-04-04,P011,1,199.0,61.0,19.9
SYN-20250404-2-08,2025-04-04,P012,1,359.0,137.0,0.0
SYN-20250405-0-00,2025-04-05,P003,1,179.0,49.0,0.0
SYN-20250405-0-01,2025-04-05,P004,1,249.0,71.0,0.0
SYN-20250405-0-02,2025-04-05,P005,1,219.0,67.0,21.9
SYN-20250405-0-03,2025-04-05,P006,2,278.0,70.0,0.0
SYN-20250405-0-04,2025-04-05,P007,1,189.0,55.0,0.0
SYN-20250405-0-05,2025-04-05,P008,1,329.0,121.0,0.0
SYN-20250405-0-06,2025-04-05,P009,1,159.0,43.0,0.0
SYN-20250405-0-07,2025-04-05,P010,1,279.0,83.0,27.9
SYN-20250405-0-08,2025-04-05,P011,1,199.0,61.0,19.9
SYN-20250405-1-00,2025-04-05,P006,1,139.0,35.0,13.9
SYN-20250405-1-01,2025-04-05,P007,1,189.0,55.0,0.0
SYN-20250405-1-02,2025-04-05,P008,1,329.0,121.0,0.0
SYN-20250405-1-03,2025-04-05,P009,1,159.0,43.0,15.9
SYN-20250405-1-04,2025-04-05,P010,1,279.0,83.0,27.9
SYN-20250405-1-05,2025-04-05,P011,1,199.0,61.0,0.0
SYN-20250405-1-06,2025-04-05,P012,1,359.0,137.0,0.0
SYN-20250405-1-07,2025-04-05,P001,1,299.0,94.0,0.0
SYN-20250405-1-08,2025-04-05,P002,1,89.0,24.0,0.0
SYN-20250405-1-09,2025-04-05,P003,2,358.0,98.0,35.8
SYN-20250405-1-10,2025-04-05,P004,1,249.0,71.0,0.0
SYN-20250405-1-11,2025-04-05,P005,1,219.0,67.0,0.0
SYN-20250405-1-12,2025-04-05,P006,1,139.0,35.0,0.0
SYN-20250405-1-13,2025-04-05,P007,1,189.0,55.0,0.0
SYN-20250405-2-00,2025-04-05,P009,1,159.0,43.0,15.9
SYN-20250405-2-01,2025-04-05,P010,1,279.0,83.0,0.0
SYN-20250405-2-02,2025-04-05,P011,1,199.0,61.0,19.9
SYN-20250405-2-03,2025-04-05,P012,1,359.0,137.0,0.0
SYN-20250406-0-00,2025-04-06,P008,1,329.0,121.0,32.9
SYN-20250406-0-01,2025-04-06,P009,1,159.0,43.0,15.9
SYN-20250406-0-02,2025-04-06,P010,2,558.0,166.0,55.8
SYN-20250406-1-00,2025-04-06,P011,1,199.0,61.0,19.9
SYN-20250406-1-01,2025-04-06,P012,1,359.0,137.0,35.9
SYN-20250406-1-02,2025-04-06,P001,1,299.0,94.0,0.0
SYN-20250406-1-03,2025-04-06,P002,1,89.0,24.0,0.0
SYN-20250406-1-04,2025-04-06,P003,1,179.0,49.0,0.0
SYN-20250406-1-05,2025-04-06,P004,2,498.0,142.0,0.0
SYN-20250406-1-06,2025-04-06,P005,1,219.0,67.0,0.0
SYN-20250406-1-07,2025-04-06,P006,1,139.0,35.0,0.0
SYN-20250406-1-08,2025-04-06,P007,1,189.0,55.0,18.9
SYN-20250406-1-09,2025-04-06,P008,1,329.0,121.0,32.9
SYN-20250406-1-10,2025-04-06,P009,1,159.0,43.0,0.0
SYN-20250406-2-00,2025-04-06,P002,2,178.0,48.0,0.0
SYN-20250406-2-01,2025-04-06,P003,1,179.0,49.0,0.0
SYN-20250406-2-02,2025-04-06,P004,1,249.0,71.0,0.0
SYN-20250406-2-03,2025-04-06,P005,1,219.0,67.0,0.0
SYN-20250407-0-00,2025-04-07,P001,1,299.0,94.0,0.0
SYN-20250407-0-01,2025-04-07,P002,1,89.0,24.0,0.0
SYN-20250407-0-02,2025-04-07,P003,1,179.0,49.0,17.9
SYN-20250407-0-03,2025-04-07,P004,1,249.0,71.0,0.0
SYN-20250407-0-04,2025-04-07,P005,1,219.0,67.0,0.0
SYN-20250407-1-00,2025-04-07,P004,1,249.0,71.0,0.0
SYN-20250407-1-01,2025-04-07,P005,1,219.0,67.0,0.0
SYN-20250407-1-02,2025-04-07,P006,1,139.0,35.0,0.0
SYN-20250407-1-03,2025-04-07,P007,1,189.0,55.0,0.0
SYN-20250407-1-04,2025-04-07,P008,1,329.0,121.0,32.9
SYN-20250407-1-05,2025-04-07,P009,1,159.0,43.0,0.0
SYN-20250407-1-06,2025-04-07,P010,2,558.0,166.0,55.8
SYN-20250407-1-07,2025-04-07,P011,1,199.0,61.0,0.0
SYN-20250407-1-08,2025-04-07,P012,1,359.0,137.0,0.0
SYN-20250407-1-09,2025-04-07,P001,1,299.0,94.0,29.9
SYN-20250407-1-10,2025-04-07,P002,1,89.0,24.0,0.0
SYN-20250407-1-11,2025-04-07,P003,1,179.0,49.0,17.9
SYN-20250407-2-00,2025-04-07,P007,1,189.0,55.0,0.0
SYN-20250407-2-01,2025-04-07,P008,1,329.0,121.0,0.0
SYN-20250407-2-02,2025-04-07,P009,1,159.0,43.0,0.0
SYN-20250407-2-03,2025-04-07,P010,1,279.0,83.0,0.0
SYN-20250407-2-04,2025-04-07,P011,1,199.0,61.0,0.0
SYN-20250408-0-00,2025-04-08,P006,1,139.0,35.0,0.0
SYN-20250408-0-01,2025-04-08,P007,2,378.0,110.0,0.0
SYN-20250408-0-02,2025-04-08,P008,1,329.0,121.0,0.0
SYN-20250408-0-03,2025-04-08,P009,1,159.0,43.0,0.0
SYN-20250408-0-04,2025-04-08,P010,1,279.0,83.0,0.0
SYN-20250408-0-05,2025-04-08,P011,1,199.0,61.0,19.9
SYN-20250408-0-06,2025-04-08,P012,1,359.0,137.0,0.0
SYN-20250408-0-07,2025-04-08,P001,1,299.0,94.0,0.0
SYN-20250408-0-08,2025-04-08,P002,1,89.0,24.0,0.0
SYN-20250408-1-00,2025-04-08,P009,1,159.0,43.0,0.0
SYN-20250408-1-01,2025-04-08,P010,1,279.0,83.0,0.0
SYN-20250408-1-02,2025-04-08,P011,1,199.0,61.0,0.0
SYN-20250408-1-03,2025-04-08,P012,1,359.0,137.0,0.0
SYN-20250408-1-04,2025-04-08,P001,1,299.0,94.0,0.0
SYN-20250408-1-05,2025-04-08,P002,1,89.0,24.0,0.0
SYN-20250408-1-06,2025-04-08,P003,1,179.0,49.0,17.9
SYN-20250408-1-07,2025-04-08,P004,1,249.0,71.0,24.9
SYN-20250408-1-08,2025-04-08,P005,1,219.0,67.0,21.9
SYN-20250408-1-09,2025-04-08,P006,1,139.0,35.0,0.0
SYN-20250408-2-00,2025-04-08,P012,1,359.0,137.0,35.9
SYN-20250408-2-01,2025-04-08,P001,1,299.0,94.0,0.0
SYN-20250408-2-02,2025-04-08,P002,1,89.0,24.0,0.0
SYN-20250408-2-03,2025-04-08,P003,2,358.0,98.0,35.8
SYN-20250408-2-04,2025-04-08,P004,1,249.0,71.0,0.0
SYN-20250408-2-05,2025-04-08,P005,1,219.0,67.0,21.9
SYN-20250408-2-06,2025-04-08,P006,1,139.0,35.0,0.0
SYN-20250408-2-07,2025-04-08,P007,1,189.0,55.0,0.0
SYN-20250408-2-08,2025-04-08,P008,1,329.0,121.0,0.0
SYN-20250408-2-09,2025-04-08,P009,1,159.0,43.0,0.0
SYN-20250408-2-10,2025-04-08,P010,1,279.0,83.0,0.0
SYN-20250408-2-11,2025-04-08,P011,2,398.0,122.0,0.0
SYN-20250408-2-12,2025-04-08,P012,1,359.0,137.0,0.0
SYN-20250408-2-13,2025-04-08,P001,1,299.0,94.0,0.0
SYN-20250408-2-14,2025-04-08,P002,1,89.0,24.0,0.0
SYN-20250409-0-00,2025-04-09,P011,1,199.0,61.0,0.0
SYN-20250409-0-01,2025-04-09,P012,1,359.0,137.0,0.0
SYN-20250409-0-02,2025-04-09,P001,1,299.0,94.0,0.0
SYN-20250409-0-03,2025-04-09,P002,1,89.0,24.0,0.0
SYN-20250409-1-00,2025-04-09,P002,1,89.0,24.0,0.0
SYN-20250409-1-01,2025-04-09,P003,1,179.0,49.0,0.0
SYN-20250409-1-02,2025-04-09,P004,1,249.0,71.0,0.0
SYN-20250409-1-03,2025-04-09,P005,1,219.0,67.0,0.0
SYN-20250409-1-04,2025-04-09,P006,1,139.0,35.0,0.0
SYN-20250409-1-05,2025-04-09,P007,1,189.0,55.0,0.0
SYN-20250409-1-06,2025-04-09,P008,1,329.0,121.0,32.9
SYN-20250409-1-07,2025-04-09,P009,1,159.0,43.0,15.9
SYN-20250409-2-00,2025-04-09,P005,1,219.0,67.0,0.0
SYN-20250409-2-01,2025-04-09,P006,1,139.0,35.0,13.9
SYN-20250409-2-02,2025-04-09,P007,1,189.0,55.0,0.0
SYN-20250409-2-03,2025-04-09,P008,1,329.0,121.0,32.9
SYN-20250409-2-04,2025-04-09,P009,1,159.0,43.0,0.0
SYN-20250409-2-05,2025-04-09,P010,1,279.0,83.0,0.0
SYN-20250409-2-06,2025-04-09,P011,1,199.0,61.0,0.0
SYN-20250409-2-07,2025-04-09,P012,1,359.0,137.0,0.0
SYN-20250410-0-00,2025-04-10,P004,2,498.0,142.0,49.8
SYN-20250410-0-01,2025-04-10,P005,1,219.0,67.0,0.0
SYN-20250410-0-02,2025-04-10,P006,1,139.0,35.0,0.0
SYN-20250410-0-03,2025-04-10,P007,1,189.0,55.0,18.9
SYN-20250410-0-04,2025-04-10,P008,1,329.0,121.0,0.0
SYN-20250410-0-05,2025-04-10,P009,1,159.0,43.0,0.0
SYN-20250410-0-06,2025-04-10,P010,1,279.0,83.0,0.0
SYN-20250410-0-07,2025-04-10,P011,2,398.0,122.0,0.0
SYN-20250410-0-08,2025-04-10,P012,1,359.0,137.0,0.0
SYN-20250410-0-09,2025-04-10,P001,1,299.0,94.0,0.0
SYN-20250410-1-00,2025-04-10,P007,1,189.0,55.0,0.0
SYN-20250410-1-01,2025-04-10,P008,1,329.0,121.0,0.0
SYN-20250410-1-02,2025-04-10,P009,1,159.0,43.0,0.0
SYN-20250410-1-03,2025-04-10,P010,1,279.0,83.0,0.0
SYN-20250410-1-04,2025-04-10,P011,1,199.0,61.0,0.0
SYN-20250410-1-05,2025-04-10,P012,1,359.0,137.0,0.0
SYN-20250410-1-06,2025-04-10,P001,1,299.0,94.0,0.0
SYN-20250410-1-07,2025-04-10,P002,1,89.0,24.0,0.0
SYN-20250410-1-08,2025-04-10,P003,1,179.0,49.0,17.9
SYN-20250410-1-09,2025-04-10,P004,1,249.0,71.0,0.0
SYN-20250410-2-00,2025-04-10,P010,1,279.0,83.0,27.9
SYN-20250410-2-01,2025-04-10,P011,1,199.0,61.0,19.9
SYN-20250410-2-02,2025-04-10,P012,1,359.0,137.0,35.9
SYN-20250410-2-03,2025-04-10,P001,1,299.0,94.0,29.9
SYN-20250410-2-04,2025-04-10,P002,1,89.0,24.0,0.0
SYN-20250410-2-05,2025-04-10,P003,1,179.0,49.0,17.9
SYN-20250410-2-06,2025-04-10,P004,1,249.0,71.0,24.9
SYN-20250411-0-00,2025-04-11,P009,1,159.0,43.0,0.0
SYN-20250411-0-01,2025-04-11,P010,1,279.0,83.0,27.9
SYN-20250411-0-02,2025-04-11,P011,1,199.0,61.0,0.0
SYN-20250411-0-03,2025-04-11,P012,1,359.0,137.0,0.0
SYN-20250411-0-04,2025-04-11,P001,1,299.0,94.0,0.0
SYN-20250411-1-00,2025-04-11,P012,1,359.0,137.0,0.0
SYN-20250411-1-01,2025-04-11,P001,1,299.0,94.0,0.0
SYN-20250411-1-02,2025-04-11,P002,1,89.0,24.0,8.9
SYN-20250411-1-03,2025-04-11,P003,1,179.0,49.0,0.0
SYN-20250411-1-04,2025-04-11,P004,1,249.0,71.0,0.0
SYN-20250411-1-05,2025-04-11,P005,1,219.0,67.0,21.9
SYN-20250411-1-06,2025-04-11,P006,1,139.0,35.0,0.0
SYN-20250411-1-07,2025-04-11,P007,1,189.0,55.0,18.9
SYN-20250411-1-08,2025-04-11,P008,1,329.0,121.0,0.0
SYN-20250411-1-09,2025-04-11,P009,1,159.0,43.0,0.0
SYN-20250411-1-10,2025-04-11,P010,1,279.0,83.0,0.0
SYN-20250411-1-11,2025-04-11,P011,2,398.0,122.0,0.0
SYN-20250411-2-00,2025-04-11,P003,2,358.0,98.0,0.0
SYN-20250411-2-01,2025-04-11,P004,1,249.0,71.0,0.0
SYN-20250411-2-02,2025-04-11,P005,1,219.0,67.0,0.0
SYN-20250411-2-03,2025-04-11,P006,1,139.0,35.0,0.0
SYN-20250411-2-04,2025-04-11,P007,1,189.0,55.0,0.0
SYN-20250411-2-05,2025-04-11,P008,1,329.0,121.0,0.0
SYN-20250411-2-06,2025-04-11,P009,1,159.0,43.0,0.0
SYN-20250412-0-00,2025-04-12,P002,1,89.0,24.0,0.0
SYN-20250412-0-01,2025-04-12,P003,1,179.0,49.0,17.9
SYN-20250412-0-02,2025-04-12,P004,1,249.0,71.0,0.0
SYN-20250412-0-03,2025-04-12,P005,1,219.0,67.0,0.0
SYN-20250412-0-04,2025-04-12,P006,1,139.0,35.0,13.9
SYN-20250412-0-05,2025-04-12,P007,1,189.0,55.0,18.9
SYN-20250412-0-06,2025-04-12,P008,1,329.0,121.0,0.0
SYN-20250412-1-00,2025-04-12,P005,1,219.0,67.0,0.0
SYN-20250412-1-01,2025-04-12,P006,1,139.0,35.0,13.9
SYN-20250412-1-02,2025-04-12,P007,1,189.0,55.0,18.9
SYN-20250412-1-03,2025-04-12,P008,1,329.0,121.0,0.0
SYN-20250412-1-04,2025-04-12,P009,1,159.0,43.0,0.0
SYN-20250412-2-00,2025-04-12,P008,1,329.0,121.0,32.9
SYN-20250412-2-01,2025-04-12,P009,1,159.0,43.0,0.0
SYN-20250412-2-02,2025-04-12,P010,1,279.0,83.0,0.0
SYN-20250412-2-03,2025-04-12,P011,1,199.0,61.0,0.0
SYN-20250413-0-00,2025-04-13,P007,1,189.0,55.0,18.9
SYN-20250413-0-01,2025-04-13,P008,1,329.0,121.0,32.9
SYN-20250413-0-02,2025-04-13,P009,1,159.0,43.0,0.0
SYN-20250413-0-03,2025-04-13,P010,1,279.0,83.0,0.0
SYN-20250413-1-00,2025-04-13,P010,1,279.0,83.0,0.0
SYN-20250413-1-01,2025-04-13,P011,1,199.0,61.0,0.0
SYN-20250413-1-02,2025-04-13,P012,1,359.0,137.0,0.0
SYN-20250413-1-03,2025-04-13,P001,1,299.0,94.0,0.0
SYN-20250413-1-04,2025-04-13,P002,1,89.0,24.0,0.0
SYN-20250413-1-05,2025-04-13,P003,1,179.0,49.0,0.0
SYN-20250413-2-00,2025-04-13,P001,1,299.0,94.0,0.0
SYN-20250413-2-01,2025-04-13,P002,1,89.0,24.0,0.0
SYN-20250413-2-02,2025-04-13,P003,1,179.0,49.0,0.0
SYN-20250413-2-03,2025-04-13,P004,1,249.0,71.0,0.0
SYN-20250413-2-04,2025-04-13,P005,1,219.0,67.0,0.0
SYN-20250413-2-05,2025-04-13,P006,1,139.0,35.0,0.0
SYN-20250413-2-06,2025-04-13,P007,1,189.0,55.0,0.0
SYN-20250413-2-07,2025-04-13,P008,1,329.0,121.0,32.9
SYN-20250413-2-08,2025-04-13,P009,1,159.0,43.0,0.0
SYN-20250414-0-00,2025-04-14,P012,1,359.0,137.0,0.0
SYN-20250414-0-01,2025-04-14,P001,1,299.0,94.0,0.0
SYN-20250414-0-02,2025-04-14,P002,1,89.0,24.0,8.9
SYN-20250414-0-03,2025-04-14,P003,1,179.0,49.0,17.9
SYN-20250414-0-04,2025-04-14,P004,1,249.0,71.0,0.0
SYN-20250414-0-05,2025-04-14,P005,1,219.0,67.0,0.0
SYN-20250414-0-06,2025-04-14,P006,1,139.0,35.0,13.9
SYN-20250414-0-07,2025-04-14,P007,1,189.0,55.0,0.0
SYN-20250414-0-08,2025-04-14,P008,1,329.0,121.0,0.0
SYN-20250414-0-09,2025-04-14,P009,1,159.0,43.0,0.0
SYN-20250414-0-10,2025-04-14,P010,1,279.0,83.0,0.0
SYN-20250414-0-11,2025-04-14,P011,1,199.0,61.0,0.0
SYN-20250414-0-12,2025-04-14,P012,1,359.0,137.0,0.0
SYN-20250414-0-13,2025-04-14,P001,1,299.0,94.0,0.0
SYN-20250414-0-14,2025-04-14,P002,1,89.0,24.0,0.0
SYN-20250414-1-00,2025-04-14,P003,1,179.0,49.0,0.0
SYN-20250414-1-01,2025-04-14,P004,1,249.0,71.0,0.0
SYN-20250414-1-02,2025-04-14,P005,1,219.0,67.0,0.0
SYN-20250414-1-03,2025-04-14,P006,1,139.0,35.0,0.0
SYN-20250414-1-04,2025-04-14,P007,1,189.0,55.0,0.0
SYN-20250414-1-05,2025-04-14,P008,1,329.0,121.0,32.9
SYN-20250414-1-06,2025-04-14,P009,1,159.0,43.0,0.0
SYN-20250414-2-00,2025-04-14,P006,1,139.0,35.0,0.0
SYN-20250414-2-01,2025-04-14,P007,1,189.0,55.0,18.9
SYN-20250414-2-02,2025-04-14,P008,1,329.0,121.0,0.0
SYN-20250414-2-03,2025-04-14,P009,1,159.0,43.0,15.9
SYN-20250414-2-04,2025-04-14,P010,1,279.0,83.0,0.0
SYN-20250414-2-05,2025-04-14,P011,2,398.0,122.0,0.0
SYN-20250414-2-06,2025-04-14,P012,1,359.0,137.0,0.0
SYN-20250414-2-07,2025-04-14,P001,1,299.0,94.0,0.0
SYN-20250414-2-08,2025-04-14,P002,1,89.0,24.0,0.0
SYN-20250415-0-00,2025-04-15,P005,1,219.0,67.0,0.0
SYN-20250415-0-01,2025-04-15,P006,1,139.0,35.0,0.0
SYN-20250415-0-02,2025-04-15,P007,1,189.0,55.0,0.0
SYN-20250415-0-03,2025-04-15,P008,1,329.0,121.0,0.0
SYN-20250415-0-04,2025-04-15,P009,1,159.0,43.0,0.0
SYN-20250415-1-00,2025-04-15,P008,1,329.0,121.0,32.9
SYN-20250415-1-01,2025-04-15,P009,1,159.0,43.0,15.9
SYN-20250415-1-02,2025-04-15,P010,1,279.0,83.0,27.9
SYN-20250415-2-00,2025-04-15,P011,1,199.0,61.0,0.0
SYN-20250415-2-01,2025-04-15,P012,1,359.0,137.0,35.9
SYN-20250415-2-02,2025-04-15,P001,1,299.0,94.0,29.9
SYN-20250415-2-03,2025-04-15,P002,1,89.0,24.0,8.9
SYN-20250415-2-04,2025-04-15,P003,1,179.0,49.0,0.0
SYN-20250415-2-05,2025-04-15,P004,2,498.0,142.0,0.0
SYN-20250415-2-06,2025-04-15,P005,1,219.0,67.0,21.9
SYN-20250416-0-00,2025-04-16,P010,1,279.0,83.0,0.0
SYN-20250416-0-01,2025-04-16,P011,1,199.0,61.0,0.0
SYN-20250416-0-02,2025-04-16,P012,1,359.0,137.0,0.0
SYN-20250416-0-03,2025-04-16,P001,1,299.0,94.0,0.0
SYN-20250416-0-04,2025-04-16,P002,1,89.0,24.0,8.9
SYN-20250416-0-05,2025-04-16,P003,1,179.0,49.0,0.0
SYN-20250416-0-06,2025-04-16,P004,1,249.0,71.0,0.0
SYN-20250416-1-00,2025-04-16,P001,1,299.0,94.0,0.0
SYN-20250416-1-01,2025-04-16,P002,1,89.0,24.0,8.9
SYN-20250416-1-02,2025-04-16,P003,1,179.0,49.0,17.9
SYN-20250416-1-03,2025-04-16,P004,2,498.0,142.0,0.0
SYN-20250416-2-00,2025-04-16,P004,1,249.0,71.0,0.0
SYN-20250416-2-01,2025-04-16,P005,1,219.0,67.0,21.9
SYN-20250416-2-02,2025-04-16,P006,1,139.0,35.0,0.0
SYN-20250416-2-03,2025-04-16,P007,1,189.0,55.0,18.9
SYN-20250416-2-04,2025-04-16,P008,1,329.0,121.0,0.0
SYN-20250416-2-05,2025-04-16,P009,1,159.0,43.0,0.0
SYN-20250417-0-00,2025-04-17,P003,1,179.0,49.0,0.0
SYN-20250417-0-01,2025-04-17,P004,1,249.0,71.0,0.0
SYN-20250417-0-02,2025-04-17,P005,1,219.0,67.0,0.0
SYN-20250417-0-03,2025-04-17,P006,1,139.0,35.0,0.0
SYN-20250417-0-04,2025-04-17,P007,1,189.0,55.0,18.9
SYN-20250417-0-05,2025-04-17,P008,1,329.0,121.0,0.0
SYN-20250417-0-06,2025-04-17,P009,1,159.0,43.0,0.0
SYN-20250417-0-07,2025-04-17,P010,1,279.0,83.0,0.0
SYN-20250417-1-00,2025-04-17,P006,1,139.0,35.0,0.0
SYN-20250417-1-01,2025-04-17,P007,1,189.0,55.0,0.0
SYN-20250417-1-02,2025-04-17,P008,1,329.0,121.0,0.0
SYN-20250417-1-03,2025-04-17,P009,1,159.0,43.0,0.0
SYN-20250417-1-04,2025-04-17,P010,1,279.0,83.0,27.9
SYN-20250417-2-00,2025-04-17,P009,1,159.0,43.0,0.0
SYN-20250417-2-01,2025-04-17,P010,1,279.0,83.0,0.0
SYN-20250417-2-02,2025-04-17,P011,1,199.0,61.0,0.0
SYN-20250417-2-03,2025-04-17,P012,1,359.0,137.0,35.9
SYN-20250417-2-04,2025-04-17,P001,2,598.0,188.0,0.0
SYN-20250417-2-05,2025-04-17,P002,1,89.0,24.0,0.0
SYN-20250417-2-06,2025-04-17,P003,1,179.0,49.0,0.0
SYN-20250417-2-07,2025-04-17,P004,1,249.0,71.0,0.0
SYN-20250417-2-08,2025-04-17,P005,1,219.0,67.0,21.9
SYN-20250417-2-09,2025-04-17,P006,1,139.0,35.0,0.0
SYN-20250417-2-10,2025-04-17,P007,1,189.0,55.0,18.9
SYN-20250418-0-00,2025-04-18,P008,1,329.0,121.0,0.0
SYN-20250418-0-01,2025-04-18,P009,1,159.0,43.0,0.0
SYN-20250418-0-02,2025-04-18,P010,1,279.0,83.0,0.0
SYN-20250418-0-03,2025-04-18,P011,1,199.0,61.0,0.0
SYN-20250418-0-04,2025-04-18,P012,1,359.0,137.0,0.0
SYN-20250418-1-00,2025-04-18,P011,1,199.0,61.0,0.0
SYN-20250418-1-01,2025-04-18,P012,1,359.0,137.0,35.9
SYN-20250418-1-02,2025-04-18,P001,1,299.0,94.0,0.0
SYN-20250418-1-03,2025-04-18,P002,1,89.0,24.0,0.0
SYN-20250418-1-04,2025-04-18,P003,1,179.0,49.0,17.9
SYN-20250418-1-05,2025-04-18,P004,1,249.0,71.0,0.0
SYN-20250418-1-06,2025-04-18,P005,1,219.0,67.0,0.0
SYN-20250418-1-07,2025-04-18,P006,1,139.0,35.0,0.0
SYN-20250418-2-00,2025-04-18,P002,1,89.0,24.0,0.0
SYN-20250418-2-01,2025-04-18,P003,1,179.0,49.0,0.0
SYN-20250418-2-02,2025-04-18,P004,1,249.0,71.0,24.9
SYN-20250418-2-03,2025-04-18,P005,1,219.0,67.0,0.0
SYN-20250418-2-04,2025-04-18,P006,1,139.0,35.0,0.0
SYN-20250418-2-05,2025-04-18,P007,1,189.0,55.0,0.0
SYN-20250418-2-06,2025-04-18,P008,1,329.0,121.0,32.9
SYN-20250418-2-07,2025-04-18,P009,1,159.0,43.0,0.0
SYN-20250418-2-08,2025-04-18,P010,1,279.0,83.0,0.0
SYN-20250418-2-09,2025-04-18,P011,1,199.0,61.0,19.9
SYN-20250418-2-10,2025-04-18,P012,1,359.0,137.0,0.0
SYN-20250419-0-00,2025-04-19,P001,2,598.0,188.0,0.0
SYN-20250419-0-01,2025-04-19,P002,1,89.0,24.0,0.0
SYN-20250419-0-02,2025-04-19,P003,1,179.0,49.0,0.0
SYN-20250419-0-03,2025-04-19,P004,1,249.0,71.0,24.9
SYN-20250419-0-04,2025-04-19,P005,1,219.0,67.0,0.0
SYN-20250419-1-00,2025-04-19,P004,1,249.0,71.0,0.0
SYN-20250419-1-01,2025-04-19,P005,1,219.0,67.0,21.9
SYN-20250419-1-02,2025-04-19,P006,1,139.0,35.0,0.0
SYN-20250419-1-03,2025-04-19,P007,1,189.0,55.0,0.0
SYN-20250419-1-04,2025-04-19,P008,1,329.0,121.0,0.0
SYN-20250419-1-05,2025-04-19,P009,1,159.0,43.0,0.0
SYN-20250419-1-06,2025-04-19,P010,1,279.0,83.0,27.9
SYN-20250419-1-07,2025-04-19,P011,1,199.0,61.0,0.0
SYN-20250419-2-00,2025-04-19,P007,1,189.0,55.0,0.0
SYN-20250419-2-01,2025-04-19,P008,1,329.0,121.0,0.0
SYN-20250419-2-02,2025-04-19,P009,1,159.0,43.0,0.0
SYN-20250419-2-03,2025-04-19,P010,1,279.0,83.0,0.0
SYN-20250419-2-04,2025-04-19,P011,1,199.0,61.0,0.0
SYN-20250419-2-05,2025-04-19,P012,1,359.0,137.0,0.0
SYN-20250420-0-00,2025-04-20,P006,1,139.0,35.0,0.0
SYN-20250420-0-01,2025-04-20,P007,1,189.0,55.0,18.9
SYN-20250420-0-02,2025-04-20,P008,1,329.0,121.0,0.0
SYN-20250420-0-03,2025-04-20,P009,1,159.0,43.0,0.0
SYN-20250420-0-04,2025-04-20,P010,1,279.0,83.0,0.0
SYN-20250420-0-05,2025-04-20,P011,1,199.0,61.0,0.0
SYN-20250420-0-06,2025-04-20,P012,1,359.0,137.0,0.0
SYN-20250420-0-07,2025-04-20,P001,1,299.0,94.0,0.0
SYN-20250420-0-08,2025-04-20,P002,1,89.0,24.0,8.9
SYN-20250420-0-09,2025-04-20,P003,1,179.0,49.0,17.9
SYN-20250420-0-10,2025-04-20,P004,1,249.0,71.0,24.9
SYN-20250420-0-11,2025-04-20,P005,1,219.0,67.0,0.0
SYN-20250420-1-00,2025-04-20,P009,1,159.0,43.0,0.0
SYN-20250420-1-01,2025-04-20,P010,1,279.0,83.0,0.0
SYN-20250420-1-02,2025-04-20,P011,1,199.0,61.0,0.0
SYN-20250420-1-03,2025-04-20,P012,1,359.0,137.0,0.0
SYN-20250420-1-04,2025-04-20,P001,1,299.0,94.0,29.9
SYN-20250420-1-05,2025-04-20,P002,2,178.0,48.0,0.0
SYN-20250420-1-06,2025-04-20,P003,1,179.0,49.0,0.0
SYN-20250420-2-00,2025-04-20,P012,2,718.0,274.0,0.0
SYN-20250420-2-01,2025-04-20,P001,1,299.0,94.0,0.0
SYN-20250420-2-02,2025-04-20,P002,1,89.0,24.0,0.0
SYN-20250420-2-03,2025-04-20,P003,1,179.0,49.0,17.9
SYN-20250420-2-04,2025-04-20,P004,1,249.0,71.0,24.9
SYN-20250420-2-05,2025-04-20,P005,1,219.0,67.0,0.0
SYN-20250420-2-06,2025-04-20,P006,1,139.0,35.0,0.0
SYN-20250420-2-07,2025-04-20,P007,1,189.0,55.0,0.0
SYN-20250421-0-00,2025-04-21,P011,1,199.0,61.0,0.0
SYN-20250421-0-01,2025-04-21,P012,1,359.0,137.0,35.9
SYN-20250421-0-02,2025-04-21,P001,1,299.0,94.0,29.9
SYN-20250421-0-03,2025-04-21,P002,1,89.0,24.0,0.0
SYN-20250421-0-04,2025-04-21,P003,1,179.0,49.0,0.0
SYN-20250421-0-05,2025-04-21,P004,1,249.0,71.0,0.0
SYN-20250421-0-06,2025-04-21,P005,1,219.0,67.0,21.9
SYN-20250421-0-07,2025-04-21,P006,1,139.0,35.0,0.0
SYN-20250421-0-08,2025-04-21,P007,1,189.0,55.0,0.0
SYN-20250421-0-09,2025-04-21,P008,1,329.0,121.0,0.0
SYN-20250421-1-00,2025-04-21,P002,1,89.0,24.0,8.9
SYN-20250421-1-01,2025-04-21,P003,1,179.0,49.0,17.9
SYN-20250421-1-02,2025-04-21,P004,1,249.0,71.0,0.0
SYN-20250421-1-03,2025-04-21,P005,1,219.0,67.0,0.0
SYN-20250421-1-04,2025-04-21,P006,1,139.0,35.0,0.0
SYN-20250421-1-05,2025-04-21,P007,1,189.0,55.0,0.0
SYN-20250421-2-00,2025-04-21,P005,1,219.0,67.0,0.0
SYN-20250421-2-01,2025-04-21,P006,1,139.0,35.0,0.0
SYN-20250421-2-02,2025-04-21,P007,1,189.0,55.0,0.0
SYN-20250421-2-03,2025-04-21,P008,1,329.0,121.0,0.0
SYN-20250421-2-04,2025-04-21,P009,1,159.0,43.0,0.0
SYN-20250421-2-05,2025-04-21,P010,1,279.0,83.0,0.0
SYN-20250421-2-06,2025-04-21,P011,1,199.0,61.0,0.0
SYN-20250421-2-07,2025-04-21,P012,1,359.0,137.0,0.0
SYN-20250422-0-00,2025-04-22,P004,2,498.0,142.0,49.8
SYN-20250422-0-01,2025-04-22,P005,1,219.0,67.0,0.0
SYN-20250422-0-02,2025-04-22,P006,1,139.0,35.0,0.0
SYN-20250422-0-03,2025-04-22,P007,1,189.0,55.0,18.9
SYN-20250422-0-04,2025-04-22,P008,1,329.0,121.0,0.0
SYN-20250422-1-00,2025-04-22,P007,1,189.0,55.0,0.0
SYN-20250422-1-01,2025-04-22,P008,1,329.0,121.0,32.9
SYN-20250422-1-02,2025-04-22,P009,1,159.0,43.0,0.0
SYN-20250422-1-03,2025-04-22,P010,1,279.0,83.0,0.0
SYN-20250422-2-00,2025-04-22,P010,1,279.0,83.0,0.0
SYN-20250422-2-01,2025-04-22,P011,1,199.0,61.0,0.0
SYN-20250422-2-02,2025-04-22,P012,1,359.0,137.0,35.9
SYN-20250422-2-03,2025-04-22,P001,1,299.0,94.0,0.0
SYN-20250422-2-04,2025-04-22,P002,1,89.0,24.0,0.0
SYN-20250422-2-05,2025-04-22,P003,1,179.0,49.0,17.9
SYN-20250422-2-06,2025-04-22,P004,2,498.0,142.0,49.8
SYN-20250422-2-07,2025-04-22,P005,1,219.0,67.0,0.0
SYN-20250422-2-08,2025-04-22,P006,2,278.0,70.0,0.0
SYN-20250422-2-09,2025-04-22,P007,1,189.0,55.0,0.0
SYN-20250422-2-10,2025-04-22,P008,1,329.0,121.0,32.9
SYN-20250423-0-00,2025-04-23,P009,1,159.0,43.0,15.9
SYN-20250423-0-01,2025-04-23,P010,1,279.0,83.0,27.9
SYN-20250423-0-02,2025-04-23,P011,1,199.0,61.0,0.0
SYN-20250423-0-03,2025-04-23,P012,1,359.0,137.0,0.0
SYN-20250423-0-04,2025-04-23,P001,1,299.0,94.0,0.0
SYN-20250423-1-00,2025-04-23,P012,1,359.0,137.0,0.0
SYN-20250423-1-01,2025-04-23,P001,1,299.0,94.0,0.0
SYN-20250423-1-02,2025-04-23,P002,2,178.0,48.0,0.0
SYN-20250423-1-03,2025-04-23,P003,2,358.0,98.0,0.0
SYN-20250423-1-04,2025-04-23,P004,1,249.0,71.0,0.0
SYN-20250423-1-05,2025-04-23,P005,1,219.0,67.0,0.0
SYN-20250423-1-06,2025-04-23,P006,1,139.0,35.0,0.0
SYN-20250423-1-07,2025-04-23,P007,1,189.0,55.0,0.0
SYN-20250423-2-00,2025-04-23,P003,1,179.0,49.0,17.9
SYN-20250423-2-01,2025-04-23,P004,1,249.0,71.0,0.0
SYN-20250423-2-02,2025-04-23,P005,1,219.0,67.0,21.9
SYN-20250423-2-03,2025-04-23,P006,1,139.0,35.0,0.0
SYN-20250423-2-04,2025-04-23,P007,1,189.0,55.0,0.0
SYN-20250423-2-05,2025-04-23,P008,1,329.0,121.0,0.0
SYN-20250423-2-06,2025-04-23,P009,1,159.0,43.0,0.0
SYN-20250423-2-07,2025-04-23,P010,1,279.0,83.0,0.0
SYN-20250423-2-08,2025-04-23,P011,1,199.0,61.0,0.0
SYN-20250423-2-09,2025-04-23,P012,1,359.0,137.0,0.0
SYN-20250423-2-10,2025-04-23,P001,1,299.0,94.0,0.0
SYN-20250423-2-11,2025-04-23,P002,1,89.0,24.0,0.0
SYN-20250423-2-12,2025-04-23,P003,1,179.0,49.0,0.0
SYN-20250424-0-00,2025-04-24,P002,1,89.0,24.0,0.0
SYN-20250424-0-01,2025-04-24,P003,1,179.0,49.0,0.0
SYN-20250424-0-02,2025-04-24,P004,1,249.0,71.0,24.9
SYN-20250424-0-03,2025-04-24,P005,1,219.0,67.0,21.9
SYN-20250424-0-04,2025-04-24,P006,1,139.0,35.0,0.0
SYN-20250424-0-05,2025-04-24,P007,1,189.0,55.0,0.0
SYN-20250424-0-06,2025-04-24,P008,2,658.0,242.0,0.0
SYN-20250424-0-07,2025-04-24,P009,1,159.0,43.0,0.0
SYN-20250424-0-08,2025-04-24,P010,1,279.0,83.0,0.0
SYN-20250424-0-09,2025-04-24,P011,1,199.0,61.0,0.0
SYN-20250424-1-00,2025-04-24,P005,1,219.0,67.0,0.0
SYN-20250424-1-01,2025-04-24,P006,1,139.0,35.0,0.0
SYN-20250424-1-02,2025-04-24,P007,1,189.0,55.0,0.0
SYN-20250424-1-03,2025-04-24,P008,1,329.0,121.0,32.9
SYN-20250424-1-04,2025-04-24,P009,1,159.0,43.0,0.0
SYN-20250424-1-05,2025-04-24,P010,1,279.0,83.0,0.0
SYN-20250424-1-06,2025-04-24,P011,1,199.0,61.0,0.0
SYN-20250424-1-07,2025-04-24,P012,1,359.0,137.0,0.0
SYN-20250424-1-08,2025-04-24,P001,1,299.0,94.0,0.0
SYN-20250424-1-09,2025-04-24,P002,1,89.0,24.0,8.9
SYN-20250424-1-10,2025-04-24,P003,1,179.0,49.0,0.0
SYN-20250424-1-11,2025-04-24,P004,1,249.0,71.0,0.0
SYN-20250424-2-00,2025-04-24,P008,1,329.0,121.0,0.0
SYN-20250424-2-01,2025-04-24,P009,1,159.0,43.0,15.9
SYN-20250424-2-02,2025-04-24,P010,1,279.0,83.0,0.0
SYN-20250424-2-03,2025-04-24,P011,1,199.0,61.0,0.0
SYN-20250424-2-04,2025-04-24,P012,1,359.0,137.0,0.0
SYN-20250424-2-05,2025-04-24,P001,1,299.0,94.0,0.0
SYN-20250424-2-06,2025-04-24,P002,1,89.0,24.0,0.0
SYN-20250424-2-07,2025-04-24,P003,1,179.0,49.0,17.9
SYN-20250424-2-08,2025-04-24,P004,1,249.0,71.0,0.0
SYN-20250424-2-09,2025-04-24,P005,1,219.0,67.0,21.9
SYN-20250424-2-10,2025-04-24,P006,2,278.0,70.0,27.8
SYN-20250424-2-11,2025-04-24,P007,1,189.0,55.0,0.0
SYN-20250424-2-12,2025-04-24,P008,1,329.0,121.0,0.0
SYN-20250424-2-13,2025-04-24,P009,1,159.0,43.0,0.0
SYN-20250424-2-14,2025-04-24,P010,1,279.0,83.0,0.0
SYN-20250425-0-00,2025-04-25,P007,1,189.0,55.0,0.0
SYN-20250425-0-01,2025-04-25,P008,1,329.0,121.0,0.0
SYN-20250425-0-02,2025-04-25,P009,1,159.0,43.0,0.0
SYN-20250425-0-03,2025-04-25,P010,1,279.0,83.0,0.0
SYN-20250425-0-04,2025-04-25,P011,1,199.0,61.0,0.0
SYN-20250425-0-05,2025-04-25,P012,2,718.0,274.0,0.0
SYN-20250425-0-06,2025-04-25,P001,1,299.0,94.0,0.0
SYN-20250425-0-07,2025-04-25,P002,1,89.0,24.0,0.0
SYN-20250425-0-08,2025-04-25,P003,1,179.0,49.0,0.0
SYN-20250425-1-00,2025-04-25,P010,1,279.0,83.0,0.0
SYN-20250425-1-01,2025-04-25,P011,1,199.0,61.0,0.0
SYN-20250425-1-02,2025-04-25,P012,1,359.0,137.0,0.0
SYN-20250425-1-03,2025-04-25,P001,1,299.0,94.0,0.0
SYN-20250425-1-04,2025-04-25,P002,1,89.0,24.0,0.0
SYN-20250425-1-05,2025-04-25,P003,1,179.0,49.0,0.0
SYN-20250425-1-06,2025-04-25,P004,1,249.0,71.0,0.0
SYN-20250425-1-07,2025-04-25,P005,1,219.0,67.0,0.0
SYN-20250425-1-08,2025-04-25,P006,1,139.0,35.0,0.0
SYN-20250425-1-09,2025-04-25,P007,1,189.0,55.0,0.0
SYN-20250425-1-10,2025-04-25,P008,1,329.0,121.0,32.9
SYN-20250425-1-11,2025-04-25,P009,1,159.0,43.0,0.0
SYN-20250425-1-12,2025-04-25,P010,1,279.0,83.0,0.0
SYN-20250425-1-13,2025-04-25,P011,1,199.0,61.0,0.0
SYN-20250425-1-14,2025-04-25,P012,1,359.0,137.0,0.0
SYN-20250425-1-15,2025-04-25,P001,1,299.0,94.0,0.0
SYN-20250425-1-16,2025-04-25,P002,1,89.0,24.0,8.9
SYN-20250425-2-00,2025-04-25,P001,1,299.0,94.0,0.0
SYN-20250425-2-01,2025-04-25,P002,1,89.0,24.0,0.0
SYN-20250425-2-02,2025-04-25,P003,1,179.0,49.0,17.9
SYN-20250425-2-03,2025-04-25,P004,1,249.0,71.0,0.0
SYN-20250425-2-04,2025-04-25,P005,1,219.0,67.0,0.0
SYN-20250425-2-05,2025-04-25,P006,1,139.0,35.0,0.0
SYN-20250425-2-06,2025-04-25,P007,1,189.0,55.0,0.0
SYN-20250426-0-00,2025-04-26,P012,1,359.0,137.0,0.0
SYN-20250426-0-01,2025-04-26,P001,1,299.0,94.0,29.9
SYN-20250426-0-02,2025-04-26,P002,1,89.0,24.0,8.9
SYN-20250426-0-03,2025-04-26,P003,1,179.0,49.0,0.0
SYN-20250426-0-04,2025-04-26,P004,1,249.0,71.0,0.0
SYN-20250426-0-05,2025-04-26,P005,1,219.0,67.0,0.0
SYN-20250426-1-00,2025-04-26,P003,1,179.0,49.0,0.0
SYN-20250426-1-01,2025-04-26,P004,1,249.0,71.0,0.0
SYN-20250426-1-02,2025-04-26,P005,1,219.0,67.0,0.0
SYN-20250426-1-03,2025-04-26,P006,1,139.0,35.0,0.0
SYN-20250426-2-00,2025-04-26,P006,1,139.0,35.0,0.0
SYN-20250426-2-01,2025-04-26,P007,1,189.0,55.0,0.0
SYN-20250426-2-02,2025-04-26,P008,1,329.0,121.0,0.0
SYN-20250426-2-03,2025-04-26,P009,1,159.0,43.0,0.0
SYN-20250426-2-04,2025-04-26,P010,1,279.0,83.0,0.0
SYN-20250426-2-05,2025-04-26,P011,1,199.0,61.0,0.0
SYN-20250426-2-06,2025-04-26,P012,1,359.0,137.0,35.9
SYN-20250427-0-00,2025-04-27,P005,1,219.0,67.0,0.0
SYN-20250427-0-01,2025-04-27,P006,1,139.0,35.0,0.0
SYN-20250427-0-02,2025-04-27,P007,1,189.0,55.0,0.0
SYN-20250427-0-03,2025-04-27,P008,1,329.0,121.0,0.0
SYN-20250427-0-04,2025-04-27,P009,1,159.0,43.0,0.0
SYN-20250427-0-05,2025-04-27,P010,1,279.0,83.0,0.0
SYN-20250427-1-00,2025-04-27,P008,1,329.0,121.0,0.0
SYN-20250427-1-01,2025-04-27,P009,1,159.0,43.0,0.0
SYN-20250427-1-02,2025-04-27,P010,1,279.0,83.0,0.0
SYN-20250427-1-03,2025-04-27,P011,1,199.0,61.0,0.0
SYN-20250427-1-04,2025-04-27,P012,1,359.0,137.0,0.0
SYN-20250427-1-05,2025-04-27,P001,1,299.0,94.0,0.0
SYN-20250427-1-06,2025-04-27,P002,1,89.0,24.0,0.0
SYN-20250427-1-07,2025-04-27,P003,1,179.0,49.0,0.0
SYN-20250427-1-08,2025-04-27,P004,1,249.0,71.0,0.0
SYN-20250427-2-00,2025-04-27,P011,1,199.0,61.0,0.0
SYN-20250427-2-01,2025-04-27,P012,1,359.0,137.0,0.0
SYN-20250427-2-02,2025-04-27,P001,1,299.0,94.0,0.0
SYN-20250427-2-03,2025-04-27,P002,1,89.0,24.0,0.0
SYN-20250428-0-00,2025-04-28,P010,1,279.0,83.0,27.9
SYN-20250428-0-01,2025-04-28,P011,1,199.0,61.0,0.0
SYN-20250428-0-02,2025-04-28,P012,1,359.0,137.0,0.0
SYN-20250428-0-03,2025-04-28,P001,1,299.0,94.0,0.0
SYN-20250428-0-04,2025-04-28,P002,1,89.0,24.0,0.0
SYN-20250428-1-00,2025-04-28,P001,1,299.0,94.0,0.0
SYN-20250428-1-01,2025-04-28,P002,1,89.0,24.0,0.0
SYN-20250428-1-02,2025-04-28,P003,1,179.0,49.0,0.0
SYN-20250428-1-03,2025-04-28,P004,1,249.0,71.0,24.9
SYN-20250428-2-00,2025-04-28,P004,1,249.0,71.0,0.0
SYN-20250428-2-01,2025-04-28,P005,1,219.0,67.0,0.0
SYN-20250428-2-02,2025-04-28,P006,1,139.0,35.0,0.0
SYN-20250428-2-03,2025-04-28,P007,1,189.0,55.0,0.0
SYN-20250428-2-04,2025-04-28,P008,1,329.0,121.0,0.0
SYN-20250429-0-00,2025-04-29,P003,1,179.0,49.0,17.9
SYN-20250429-0-01,2025-04-29,P004,1,249.0,71.0,0.0
SYN-20250429-0-02,2025-04-29,P005,1,219.0,67.0,0.0
SYN-20250429-0-03,2025-04-29,P006,1,139.0,35.0,0.0
SYN-20250429-1-00,2025-04-29,P006,1,139.0,35.0,13.9
SYN-20250429-1-01,2025-04-29,P007,1,189.0,55.0,0.0
SYN-20250429-1-02,2025-04-29,P008,1,329.0,121.0,0.0
SYN-20250429-1-03,2025-04-29,P009,1,159.0,43.0,0.0
SYN-20250429-1-04,2025-04-29,P010,1,279.0,83.0,0.0
SYN-20250429-2-00,2025-04-29,P009,1,159.0,43.0,0.0
SYN-20250429-2-01,2025-04-29,P010,1,279.0,83.0,0.0
SYN-20250429-2-02,2025-04-29,P011,1,199.0,61.0,0.0
SYN-20250429-2-03,2025-04-29,P012,1,359.0,137.0,0.0
SYN-20250429-2-04,2025-04-29,P001,1,299.0,94.0,0.0
SYN-20250430-0-00,2025-04-30,P008,1,329.0,121.0,0.0
SYN-20250430-0-01,2025-04-30,P009,1,159.0,43.0,0.0
SYN-20250430-0-02,2025-04-30,P010,1,279.0,83.0,27.9
SYN-20250430-0-03,2025-04-30,P011,1,199.0,61.0,19.9
SYN-20250430-0-04,2025-04-30,P012,1,359.0,137.0,0.0
SYN-20250430-0-05,2025-04-30,P001,1,299.0,94.0,0.0
SYN-20250430-0-06,2025-04-30,P002,2,178.0,48.0,0.0
SYN-20250430-0-07,2025-04-30,P003,1,179.0,49.0,0.0
SYN-20250430-0-08,2025-04-30,P004,2,498.0,142.0,49.8
SYN-20250430-0-09,2025-04-30,P005,1,219.0,67.0,0.0
SYN-20250430-0-10,2025-04-30,P006,1,139.0,35.0,0.0
SYN-20250430-1-00,2025-04-30,P011,1,199.0,61.0,19.9
SYN-20250430-1-01,2025-04-30,P012,1,359.0,137.0,0.0
SYN-20250430-1-02,2025-04-30,P001,1,299.0,94.0,0.0
SYN-20250430-1-03,2025-04-30,P002,2,178.0,48.0,0.0
SYN-20250430-1-04,2025-04-30,P003,2,358.0,98.0,0.0
SYN-20250430-1-05,2025-04-30,P004,2,498.0,142.0,0.0
SYN-20250430-1-06,2025-04-30,P005,1,219.0,67.0,0.0
SYN-20250430-2-00,2025-04-30,P002,1,89.0,24.0,8.9
SYN-20250430-2-01,2025-04-30,P003,1,179.0,49.0,0.0
SYN-20250430-2-02,2025-04-30,P004,1,249.0,71.0,0.0
SYN-20250430-2-03,2025-04-30,P005,2,438.0,134.0,0.0
SYN-20250501-0-00,2025-05-01,P001,1,299.0,94.0,0.0
SYN-20250501-0-01,2025-05-01,P002,2,178.0,48.0,0.0
SYN-20250501-0-02,2025-05-01,P003,1,179.0,49.0,0.0
SYN-20250501-0-03,2025-05-01,P004,2,498.0,142.0,0.0
SYN-20250501-0-04,2025-05-01,P005,1,219.0,67.0,21.9
SYN-20250501-0-05,2025-05-01,P006,1,139.0,35.0,0.0
SYN-20250501-0-06,2025-05-01,P007,1,189.0,55.0,18.9
SYN-20250501-0-07,2025-05-01,P008,1,329.0,121.0,32.9
SYN-20250501-0-08,2025-05-01,P009,1,159.0,43.0,0.0
SYN-20250501-0-09,2025-05-01,P010,1,279.0,83.0,0.0
SYN-20250501-0-10,2025-05-01,P011,1,199.0,61.0,0.0
SYN-20250501-1-00,2025-05-01,P004,1,249.0,71.0,24.9
SYN-20250501-1-01,2025-05-01,P005,1,219.0,67.0,0.0
SYN-20250501-1-02,2025-05-01,P006,1,139.0,35.0,0.0
SYN-20250501-1-03,2025-05-01,P007,1,189.0,55.0,0.0
SYN-20250501-1-04,2025-05-01,P008,1,329.0,121.0,0.0
SYN-20250501-1-05,2025-05-01,P009,1,159.0,43.0,0.0
SYN-20250501-2-00,2025-05-01,P007,1,189.0,55.0,0.0
SYN-20250501-2-01,2025-05-01,P008,1,329.0,121.0,32.9
SYN-20250501-2-02,2025-05-01,P009,1,159.0,43.0,0.0
SYN-20250501-2-03,2025-05-01,P010,1,279.0,83.0,0.0
SYN-20250501-2-04,2025-05-01,P011,1,199.0,61.0,19.9
SYN-20250501-2-05,2025-05-01,P012,1,359.0,137.0,0.0
SYN-20250501-2-06,2025-05-01,P001,1,299.0,94.0,0.0
SYN-20250501-2-07,2025-05-01,P002,1,89.0,24.0,0.0
SYN-20250501-2-08,2025-05-01,P003,1,179.0,49.0,17.9
SYN-20250501-2-09,2025-05-01,P004,1,249.0,71.0,24.9
SYN-20250502-0-00,2025-05-02,P006,1,139.0,35.0,0.0
SYN-20250502-0-01,2025-05-02,P007,1,189.0,55.0,0.0
SYN-20250502-0-02,2025-05-02,P008,1,329.0,121.0,32.9
SYN-20250502-0-03,2025-05-02,P009,1,159.0,43.0,0.0
SYN-20250502-0-04,2025-05-02,P010,1,279.0,83.0,0.0
SYN-20250502-0-05,2025-05-02,P011,1,199.0,61.0,19.9
SYN-20250502-0-06,2025-05-02,P012,1,359.0,137.0,35.9
SYN-20250502-0-07,2025-05-02,P001,1,299.0,94.0,0.0
SYN-20250502-1-00,2025-05-02,P009,1,159.0,43.0,0.0
SYN-20250502-1-01,2025-05-02,P010,1,279.0,83.0,0.0
SYN-20250502-1-02,2025-05-02,P011,1,199.0,61.0,19.9
SYN-20250502-1-03,2025-05-02,P012,1,359.0,137.0,0.0
SYN-20250502-1-04,2025-05-02,P001,1,299.0,94.0,0.0
SYN-20250502-2-00,2025-05-02,P012,1,359.0,137.0,35.9
SYN-20250502-2-01,2025-05-02,P001,1,299.0,94.0,0.0
SYN-20250502-2-02,2025-05-02,P002,1,89.0,24.0,0.0
SYN-20250502-2-03,2025-05-02,P003,1,179.0,49.0,0.0
SYN-20250502-2-04,2025-05-02,P004,1,249.0,71.0,0.0
SYN-20250502-2-05,2025-05-02,P005,1,219.0,67.0,21.9
SYN-20250502-2-06,2025-05-02,P006,1,139.0,35.0,13.9
SYN-20250502-2-07,2025-05-02,P007,2,378.0,110.0,0.0
SYN-20250503-0-00,2025-05-03,P011,1,199.0,61.0,0.0
SYN-20250503-0-01,2025-05-03,P012,1,359.0,137.0,0.0
SYN-20250503-0-02,2025-05-03,P001,1,299.0,94.0,0.0
SYN-20250503-0-03,2025-05-03,P002,2,178.0,48.0,0.0
SYN-20250503-0-04,2025-05-03,P003,1,179.0,49.0,0.0
SYN-20250503-0-05,2025-05-03,P004,1,249.0,71.0,0.0
SYN-20250503-0-06,2025-05-03,P005,1,219.0,67.0,0.0
SYN-20250503-0-07,2025-05-03,P006,1,139.0,35.0,0.0
SYN-20250503-0-08,2025-05-03,P007,1,189.0,55.0,0.0
SYN-20250503-0-09,2025-05-03,P008,1,329.0,121.0,0.0
SYN-20250503-1-00,2025-05-03,P002,1,89.0,24.0,0.0
SYN-20250503-1-01,2025-05-03,P003,1,179.0,49.0,0.0
SYN-20250503-1-02,2025-05-03,P004,1,249.0,71.0,0.0
SYN-20250503-1-03,2025-05-03,P005,1,219.0,67.0,21.9
SYN-20250503-1-04,2025-05-03,P006,1,139.0,35.0,13.9
SYN-20250503-1-05,2025-05-03,P007,1,189.0,55.0,0.0
SYN-20250503-1-06,2025-05-03,P008,1,329.0,121.0,0.0
SYN-20250503-1-07,2025-05-03,P009,1,159.0,43.0,0.0
SYN-20250503-2-00,2025-05-03,P005,1,219.0,67.0,0.0
SYN-20250503-2-01,2025-05-03,P006,1,139.0,35.0,13.9
SYN-20250503-2-02,2025-05-03,P007,1,189.0,55.0,18.9
SYN-20250503-2-03,2025-05-03,P008,1,329.0,121.0,32.9
SYN-20250503-2-04,2025-05-03,P009,1,159.0,43.0,0.0
SYN-20250503-2-05,2025-05-03,P010,1,279.0,83.0,0.0
SYN-20250503-2-06,2025-05-03,P011,1,199.0,61.0,0.0
SYN-20250503-2-07,2025-05-03,P012,1,359.0,137.0,35.9
SYN-20250503-2-08,2025-05-03,P001,1,299.0,94.0,0.0
SYN-20250504-0-00,2025-05-04,P004,1,249.0,71.0,0.0
SYN-20250504-0-01,2025-05-04,P005,1,219.0,67.0,0.0
SYN-20250504-0-02,2025-05-04,P006,1,139.0,35.0,0.0
SYN-20250504-1-00,2025-05-04,P007,1,189.0,55.0,0.0
SYN-20250504-1-01,2025-05-04,P008,1,329.0,121.0,0.0
SYN-20250504-1-02,2025-05-04,P009,1,159.0,43.0,0.0
SYN-20250504-1-03,2025-05-04,P010,1,279.0,83.0,27.9
SYN-20250504-1-04,2025-05-04,P011,1,199.0,61.0,0.0
SYN-20250504-1-05,2025-05-04,P012,1,359.0,137.0,0.0
SYN-20250504-1-06,2025-05-04,P001,1,299.0,94.0,0.0
SYN-20250504-1-07,2025-05-04,P002,1,89.0,24.0,0.0
SYN-20250504-1-08,2025-05-04,P003,1,179.0,49.0,0.0
SYN-20250504-1-09,2025-05-04,P004,1,249.0,71.0,0.0
SYN-20250504-1-10,2025-05-04,P005,1,219.0,67.0,0.0
SYN-20250504-1-11,2025-05-04,P006,1,139.0,35.0,0.0
SYN-20250504-2-00,2025-05-04,P010,1,279.0,83.0,0.0
SYN-20250504-2-01,2025-05-04,P011,1,199.0,61.0,0.0
SYN-20250504-2-02,2025-05-04,P012,1,359.0,137.0,0.0
SYN-20250504-2-03,2025-05-04,P001,1,299.0,94.0,0.0
SYN-20250504-2-04,2025-05-04,P002,1,89.0,24.0,8.9
SYN-20250504-2-05,2025-05-04,P003,1,179.0,49.0,17.9
SYN-20250504-2-06,2025-05-04,P004,1,249.0,71.0,0.0
SYN-20250504-2-07,2025-05-04,P005,1,219.0,67.0,21.9
SYN-20250504-2-08,2025-05-04,P006,1,139.0,35.0,0.0
SYN-20250504-2-09,2025-05-04,P007,1,189.0,55.0,18.9
SYN-20250504-2-10,2025-05-04,P008,1,329.0,121.0,0.0
SYN-20250504-2-11,2025-05-04,P009,1,159.0,43.0,15.9
SYN-20250505-0-00,2025-05-05,P009,2,318.0,86.0,0.0
SYN-20250505-0-01,2025-05-05,P010,1,279.0,83.0,27.9
SYN-20250505-0-02,2025-05-05,P011,1,199.0,61.0,0.0
SYN-20250505-0-03,2025-05-05,P012,1,359.0,137.0,0.0
SYN-20250505-1-00,2025-05-05,P012,1,359.0,137.0,0.0
SYN-20250505-1-01,2025-05-05,P001,1,299.0,94.0,0.0
SYN-20250505-1-02,2025-05-05,P002,1,89.0,24.0,0.0
SYN-20250505-1-03,2025-05-05,P003,1,179.0,49.0,17.9
SYN-20250505-2-00,2025-05-05,P003,1,179.0,49.0,0.0
SYN-20250505-2-01,2025-05-05,P004,1,249.0,71.0,0.0
SYN-20250505-2-02,2025-05-05,P005,1,219.0,67.0,21.9
SYN-20250505-2-03,2025-05-05,P006,1,139.0,35.0,13.9
SYN-20250505-2-04,2025-05-05,P007,1,189.0,55.0,0.0
SYN-20250505-2-05,2025-05-05,P008,1,329.0,121.0,0.0
SYN-20250505-2-06,2025-05-05,P009,1,159.0,43.0,0.0
SYN-20250505-2-07,2025-05-05,P010,1,279.0,83.0,0.0
SYN-20250506-0-00,2025-05-06,P002,1,89.0,24.0,0.0
SYN-20250506-0-01,2025-05-06,P003,1,179.0,49.0,17.9
SYN-20250506-0-02,2025-05-06,P004,1,249.0,71.0,0.0
SYN-20250506-0-03,2025-05-06,P005,1,219.0,67.0,21.9
SYN-20250506-0-04,2025-05-06,P006,1,139.0,35.0,0.0
SYN-20250506-0-05,2025-05-06,P007,1,189.0,55.0,18.9
SYN-20250506-1-00,2025-05-06,P005,1,219.0,67.0,21.9
SYN-20250506-1-01,2025-05-06,P006,1,139.0,35.0,0.0
SYN-20250506-1-02,2025-05-06,P007,2,378.0,110.0,0.0
SYN-20250506-1-03,2025-05-06,P008,2,658.0,242.0,0.0
SYN-20250506-1-04,2025-05-06,P009,1,159.0,43.0,0.0
SYN-20250506-1-05,2025-05-06,P010,1,279.0,83.0,0.0
SYN-20250506-1-06,2025-05-06,P011,1,199.0,61.0,0.0
SYN-20250506-1-07,2025-05-06,P012,1,359.0,137.0,35.9
SYN-20250506-2-00,2025-05-06,P008,1,329.0,121.0,32.9
SYN-20250506-2-01,2025-05-06,P009,1,159.0,43.0,0.0
SYN-20250506-2-02,2025-05-06,P010,2,558.0,166.0,55.8
SYN-20250506-2-03,2025-05-06,P011,1,199.0,61.0,0.0
SYN-20250506-2-04,2025-05-06,P012,2,718.0,274.0,71.8
SYN-20250507-0-00,2025-05-07,P007,1,189.0,55.0,0.0
SYN-20250507-0-01,2025-05-07,P008,1,329.0,121.0,0.0
SYN-20250507-0-02,2025-05-07,P009,1,159.0,43.0,0.0
SYN-20250507-0-03,2025-05-07,P010,1,279.0,83.0,27.9
SYN-20250507-0-04,2025-05-07,P011,2,398.0,122.0,0.0
SYN-20250507-0-05,2025-05-07,P012,1,359.0,137.0,0.0
SYN-20250507-0-06,2025-05-07,P001,1,299.0,94.0,29.9
SYN-20250507-1-00,2025-05-07,P010,1,279.0,83.0,0.0
SYN-20250507-1-01,2025-05-07,P011,1,199.0,61.0,0.0
SYN-20250507-1-02,2025-05-07,P012,1,359.0,137.0,0.0
SYN-20250507-1-03,2025-05-07,P001,1,299.0,94.0,0.0
SYN-20250507-1-04,2025-05-07,P002,1,89.0,24.0,0.0
SYN-20250507-2-00,2025-05-07,P001,1,299.0,94.0,29.9
SYN-20250507-2-01,2025-05-07,P002,1,89.0,24.0,0.0
SYN-20250507-2-02,2025-05-07,P003,2,358.0,98.0,35.8
SYN-20250507-2-03,2025-05-07,P004,1,249.0,71.0,24.9
SYN-20250507-2-04,2025-05-07,P005,1,219.0,67.0,0.0
SYN-20250507-2-05,2025-05-07,P006,1,139.0,35.0,0.0
SYN-20250507-2-06,2025-05-07,P007,1,189.0,55.0,0.0
SYN-20250508-0-00,2025-05-08,P012,1,359.0,137.0,0.0
SYN-20250508-0-01,2025-05-08,P001,1,299.0,94.0,0.0
SYN-20250508-0-02,2025-05-08,P002,1,89.0,24.0,0.0
SYN-20250508-0-03,2025-05-08,P003,1,179.0,49.0,0.0
SYN-20250508-1-00,2025-05-08,P003,1,179.0,49.0,17.9
SYN-20250508-1-01,2025-05-08,P004,2,498.0,142.0,0.0
SYN-20250508-1-02,2025-05-08,P005,1,219.0,67.0,21.9
SYN-20250508-1-03,2025-05-08,P006,1,139.0,35.0,0.0
SYN-20250508-1-04,2025-05-08,P007,1,189.0,55.0,0.0
SYN-20250508-1-05,2025-05-08,P008,1,329.0,121.0,0.0
SYN-20250508-2-00,2025-05-08,P006,1,139.0,35.0,0.0
SYN-20250508-2-01,2025-05-08,P007,1,189.0,55.0,0.0
SYN-20250508-2-02,2025-05-08,P008,1,329.0,121.0,32.9
SYN-20250508-2-03,2025-05-08,P009,1,159.0,43.0,0.0
SYN-20250508-2-04,2025-05-08,P010,1,279.0,83.0,0.0
SYN-20250508-2-05,2025-05-08,P011,1,199.0,61.0,0.0
SYN-20250508-2-06,2025-05-08,P012,1,359.0,137.0,0.0
SYN-20250508-2-07,2025-05-08,P001,1,299.0,94.0,0.0
SYN-20250509-0-00,2025-05-09,P005,1,219.0,67.0,21.9
SYN-20250509-0-01,2025-05-09,P006,1,139.0,35.0,13.9
SYN-20250509-0-02,2025-05-09,P007,1,189.0,55.0,0.0
SYN-20250509-0-03,2025-05-09,P008,1,329.0,121.0,0.0
SYN-20250509-0-04,2025-05-09,P009,1,159.0,43.0,0.0
SYN-20250509-0-05,2025-05-09,P010,1,279.0,83.0,0.0
SYN-20250509-1-00,2025-05-09,P008,1,329.0,121.0,32.9
SYN-20250509-1-01,2025-05-09,P009,1,159.0,43.0,15.9
SYN-20250509-1-02,2025-05-09,P010,1,279.0,83.0,0.0
SYN-20250509-1-03,2025-05-09,P011,1,199.0,61.0,0.0
SYN-20250509-1-04,2025-05-09,P012,1,359.0,137.0,0.0
SYN-20250509-1-05,2025-05-09,P001,1,299.0,94.0,29.9
SYN-20250509-1-06,2025-05-09,P002,1,89.0,24.0,8.9
SYN-20250509-2-00,2025-05-09,P011,1,199.0,61.0,19.9
SYN-20250509-2-01,2025-05-09,P012,2,718.0,274.0,0.0
SYN-20250509-2-02,2025-05-09,P001,2,598.0,188.0,0.0
SYN-20250509-2-03,2025-05-09,P002,2,178.0,48.0,17.8
SYN-20250509-2-04,2025-05-09,P003,1,179.0,49.0,0.0
SYN-20250509-2-05,2025-05-09,P004,1,249.0,71.0,24.9
SYN-20250509-2-06,2025-05-09,P005,1,219.0,67.0,0.0
SYN-20250509-2-07,2025-05-09,P006,1,139.0,35.0,0.0
SYN-20250510-0-00,2025-05-10,P010,1,279.0,83.0,0.0
SYN-20250510-0-01,2025-05-10,P011,1,199.0,61.0,0.0
SYN-20250510-0-02,2025-05-10,P012,1,359.0,137.0,0.0
SYN-20250510-0-03,2025-05-10,P001,1,299.0,94.0,0.0
SYN-20250510-0-04,2025-05-10,P002,1,89.0,24.0,0.0
SYN-20250510-0-05,2025-05-10,P003,1,179.0,49.0,0.0
SYN-20250510-0-06,2025-05-10,P004,2,498.0,142.0,0.0
SYN-20250510-0-07,2025-05-10,P005,2,438.0,134.0,0.0
SYN-20250510-0-08,2025-05-10,P006,1,139.0,35.0,13.9
SYN-20250510-1-00,2025-05-10,P001,2,598.0,188.0,59.8
SYN-20250510-1-01,2025-05-10,P002,1,89.0,24.0,0.0
SYN-20250510-1-02,2025-05-10,P003,1,179.0,49.0,0.0
SYN-20250510-1-03,2025-05-10,P004,2,498.0,142.0,0.0
SYN-20250510-1-04,2025-05-10,P005,1,219.0,67.0,0.0
SYN-20250510-2-00,2025-05-10,P004,1,249.0,71.0,0.0
SYN-20250510-2-01,2025-05-10,P005,1,219.0,67.0,21.9
SYN-20250510-2-02,2025-05-10,P006,1,139.0,35.0,13.9
SYN-20250510-2-03,2025-05-10,P007,1,189.0,55.0,0.0
SYN-20250511-0-00,2025-05-11,P003,1,179.0,49.0,0.0
SYN-20250511-0-01,2025-05-11,P004,1,249.0,71.0,0.0
SYN-20250511-0-02,2025-05-11,P005,1,219.0,67.0,0.0
SYN-20250511-0-03,2025-05-11,P006,1,139.0,35.0,0.0
SYN-20250511-1-00,2025-05-11,P006,1,139.0,35.0,0.0
SYN-20250511-1-01,2025-05-11,P007,1,189.0,55.0,0.0
SYN-20250511-1-02,2025-05-11,P008,1,329.0,121.0,0.0
SYN-20250511-1-03,2025-05-11,P009,1,159.0,43.0,0.0
SYN-20250511-1-04,2025-05-11,P010,1,279.0,83.0,0.0
SYN-20250511-1-05,2025-05-11,P011,1,199.0,61.0,0.0
SYN-20250511-1-06,2025-05-11,P012,1,359.0,137.0,0.0
SYN-20250511-1-07,2025-05-11,P001,1,299.0,94.0,0.0
SYN-20250511-1-08,2025-05-11,P002,1,89.0,24.0,0.0
SYN-20250511-1-09,2025-05-11,P003,1,179.0,49.0,17.9
SYN-20250511-1-10,2025-05-11,P004,1,249.0,71.0,0.0
SYN-20250511-1-11,2025-05-11,P005,1,219.0,67.0,0.0
SYN-20250511-1-12,2025-05-11,P006,1,139.0,35.0,0.0
SYN-20250511-1-13,2025-05-11,P007,1,189.0,55.0,18.9
SYN-20250511-1-14,2025-05-11,P008,1,329.0,121.0,0.0
SYN-20250511-2-00,2025-05-11,P009,1,159.0,43.0,15.9
SYN-20250511-2-01,2025-05-11,P010,1,279.0,83.0,0.0
SYN-20250511-2-02,2025-05-11,P011,1,199.0,61.0,0.0
SYN-20250511-2-03,2025-05-11,P012,1,359.0,137.0,0.0
SYN-20250511-2-04,2025-05-11,P001,1,299.0,94.0,0.0
SYN-20250512-0-00,2025-05-12,P008,1,329.0,121.0,0.0
SYN-20250512-0-01,2025-05-12,P009,1,159.0,43.0,0.0
SYN-20250512-0-02,2025-05-12,P010,1,279.0,83.0,0.0
SYN-20250512-0-03,2025-05-12,P011,1,199.0,61.0,0.0
SYN-20250512-0-04,2025-05-12,P012,2,718.0,274.0,0.0
SYN-20250512-0-05,2025-05-12,P001,1,299.0,94.0,0.0
SYN-20250512-0-06,2025-05-12,P002,1,89.0,24.0,0.0
SYN-20250512-0-07,2025-05-12,P003,1,179.0,49.0,0.0
SYN-20250512-0-08,2025-05-12,P004,1,249.0,71.0,24.9
SYN-20250512-0-09,2025-05-12,P005,1,219.0,67.0,0.0
SYN-20250512-0-10,2025-05-12,P006,1,139.0,35.0,0.0
SYN-20250512-0-11,2025-05-12,P007,1,189.0,55.0,0.0
SYN-20250512-1-00,2025-05-12,P011,1,199.0,61.0,0.0
SYN-20250512-1-01,2025-05-12,P012,1,359.0,137.0,0.0
SYN-20250512-1-02,2025-05-12,P001,1,299.0,94.0,0.0
SYN-20250512-1-03,2025-05-12,P002,1,89.0,24.0,0.0
SYN-20250512-1-04,2025-05-12,P003,1,179.0,49.0,0.0
SYN-20250512-1-05,2025-05-12,P004,1,249.0,71.0,24.9
SYN-20250512-1-06,2025-05-12,P005,1,219.0,67.0,0.0
SYN-20250512-1-07,2025-05-12,P006,1,139.0,35.0,0.0
SYN-20250512-1-08,2025-05-12,P007,1,189.0,55.0,0.0
SYN-20250512-2-00,2025-05-12,P002,1,89.0,24.0,0.0
SYN-20250512-2-01,2025-05-12,P003,1,179.0,49.0,0.0
SYN-20250512-2-02,2025-05-12,P004,1,249.0,71.0,0.0
SYN-20250512-2-03,2025-05-12,P005,2,438.0,134.0,43.8
SYN-20250512-2-04,2025-05-12,P006,2,278.0,70.0,0.0
SYN-20250512-2-05,2025-05-12,P007,1,189.0,55.0,0.0
SYN-20250513-0-00,2025-05-13,P001,1,299.0,94.0,0.0
SYN-20250513-0-01,2025-05-13,P002,1,89.0,24.0,0.0
SYN-20250513-0-02,2025-05-13,P003,1,179.0,49.0,0.0
SYN-20250513-0-03,2025-05-13,P004,1,249.0,71.0,0.0
SYN-20250513-0-04,2025-05-13,P005,1,219.0,67.0,21.9
SYN-20250513-0-05,2025-05-13,P006,1,139.0,35.0,13.9
SYN-20250513-1-00,2025-05-13,P004,1,249.0,71.0,0.0
SYN-20250513-1-01,2025-05-13,P005,1,219.0,67.0,0.0
SYN-20250513-1-02,2025-05-13,P006,1,139.0,35.0,0.0
SYN-20250513-1-03,2025-05-13,P007,1,189.0,55.0,0.0
SYN-20250513-1-04,2025-05-13,P008,1,329.0,121.0,0.0
SYN-20250513-1-05,2025-05-13,P009,1,159.0,43.0,0.0
SYN-20250513-1-06,2025-05-13,P010,1,279.0,83.0,0.0
SYN-20250513-1-07,2025-05-13,P011,1,199.0,61.0,0.0
SYN-20250513-1-08,2025-05-13,P012,1,359.0,137.0,0.0
SYN-20250513-1-09,2025-05-13,P001,1,299.0,94.0,29.9
SYN-20250513-1-10,2025-05-13,P002,1,89.0,24.0,0.0
SYN-20250513-1-11,2025-05-13,P003,1,179.0,49.0,0.0
SYN-20250513-2-00,2025-05-13,P007,1,189.0,55.0,0.0
SYN-20250513-2-01,2025-05-13,P008,1,329.0,121.0,0.0
SYN-20250513-2-02,2025-05-13,P009,1,159.0,43.0,0.0
SYN-20250513-2-03,2025-05-13,P010,1,279.0,83.0,0.0
SYN-20250513-2-04,2025-05-13,P011,1,199.0,61.0,0.0
SYN-20250513-2-05,2025-05-13,P012,1,359.0,137.0,35.9
SYN-20250513-2-06,2025-05-13,P001,1,299.0,94.0,0.0
SYN-20250513-2-07,2025-05-13,P002,1,89.0,24.0,0.0
SYN-20250513-2-08,2025-05-13,P003,1,179.0,49.0,0.0
SYN-20250514-0-00,2025-05-14,P006,1,139.0,35.0,0.0
SYN-20250514-0-01,2025-05-14,P007,1,189.0,55.0,0.0
SYN-20250514-0-02,2025-05-14,P008,1,329.0,121.0,0.0
SYN-20250514-0-03,2025-05-14,P009,1,159.0,43.0,0.0
SYN-20250514-0-04,2025-05-14,P010,1,279.0,83.0,27.9
SYN-20250514-0-05,2025-05-14,P011,1,199.0,61.0,0.0
SYN-20250514-0-06,2025-05-14,P012,1,359.0,137.0,0.0
SYN-20250514-0-07,2025-05-14,P001,1,299.0,94.0,0.0
SYN-20250514-0-08,2025-05-14,P002,1,89.0,24.0,0.0
SYN-20250514-0-09,2025-05-14,P003,1,179.0,49.0,0.0
SYN-20250514-1-00,2025-05-14,P009,1,159.0,43.0,0.0
SYN-20250514-1-01,2025-05-14,P010,1,279.0,83.0,0.0
SYN-20250514-1-02,2025-05-14,P011,2,398.0,122.0,0.0
SYN-20250514-1-03,2025-05-14,P012,1,359.0,137.0,35.9
SYN-20250514-1-04,2025-05-14,P001,1,299.0,94.0,29.9
SYN-20250514-1-05,2025-05-14,P002,2,178.0,48.0,0.0
SYN-20250514-1-06,2025-05-14,P003,2,358.0,98.0,35.8
SYN-20250514-2-00,2025-05-14,P012,1,359.0,137.0,0.0
SYN-20250514-2-01,2025-05-14,P001,1,299.0,94.0,0.0
SYN-20250514-2-02,2025-05-14,P002,1,89.0,24.0,0.0
SYN-20250514-2-03,2025-05-14,P003,2,358.0,98.0,35.8
SYN-20250514-2-04,2025-05-14,P004,1,249.0,71.0,0.0
SYN-20250515-0-00,2025-05-15,P011,1,199.0,61.0,0.0
SYN-20250515-0-01,2025-05-15,P012,1,359.0,137.0,0.0
SYN-20250515-0-02,2025-05-15,P001,1,299.0,94.0,29.9
SYN-20250515-0-03,2025-05-15,P002,1,89.0,24.0,0.0
SYN-20250515-0-04,2025-05-15,P003,1,179.0,49.0,17.9
SYN-20250515-0-05,2025-05-15,P004,1,249.0,71.0,0.0
SYN-20250515-0-06,2025-05-15,P005,1,219.0,67.0,0.0
SYN-20250515-0-07,2025-05-15,P006,1,139.0,35.0,0.0
SYN-20250515-0-08,2025-05-15,P007,1,189.0,55.0,18.9
SYN-20250515-1-00,2025-05-15,P002,1,89.0,24.0,0.0
SYN-20250515-1-01,2025-05-15,P003,1,179.0,49.0,0.0
SYN-20250515-1-02,2025-05-15,P004,1,249.0,71.0,24.9
SYN-20250515-1-03,2025-05-15,P005,1,219.0,67.0,0.0
SYN-20250515-1-04,2025-05-15,P006,1,139.0,35.0,0.0
SYN-20250515-1-05,2025-05-15,P007,1,189.0,55.0,18.9
SYN-20250515-2-00,2025-05-15,P005,1,219.0,67.0,0.0
SYN-20250515-2-01,2025-05-15,P006,1,139.0,35.0,0.0
SYN-20250515-2-02,2025-05-15,P007,1,189.0,55.0,0.0
SYN-20250515-2-03,2025-05-15,P008,1,329.0,121.0,0.0
SYN-20250515-2-04,2025-05-15,P009,1,159.0,43.0,0.0
SYN-20250515-2-05,2025-05-15,P010,1,279.0,83.0,0.0
SYN-20250515-2-06,2025-05-15,P011,1,199.0,61.0,19.9
SYN-20250515-2-07,2025-05-15,P012,1,359.0,137.0,0.0
SYN-20250515-2-08,2025-05-15,P001,1,299.0,94.0,0.0
SYN-20250515-2-09,2025-05-15,P002,1,89.0,24.0,0.0
SYN-20250516-0-00,2025-05-16,P004,1,249.0,71.0,24.9
SYN-20250516-0-01,2025-05-16,P005,1,219.0,67.0,0.0
SYN-20250516-0-02,2025-05-16,P006,1,139.0,35.0,13.9
SYN-20250516-0-03,2025-05-16,P007,1,189.0,55.0,0.0
SYN-20250516-0-04,2025-05-16,P008,2,658.0,242.0,0.0
SYN-20250516-0-05,2025-05-16,P009,2,318.0,86.0,0.0
SYN-20250516-0-06,2025-05-16,P010,1,279.0,83.0,0.0
SYN-20250516-0-07,2025-05-16,P011,1,199.0,61.0,0.0
SYN-20250516-0-08,2025-05-16,P012,1,359.0,137.0,35.9
SYN-20250516-0-09,2025-05-16,P001,1,299.0,94.0,0.0
SYN-20250516-0-10,2025-05-16,P002,1,89.0,24.0,0.0
SYN-20250516-0-11,2025-05-16,P003,1,179.0,49.0,0.0
SYN-20250516-0-12,2025-05-16,P004,1,249.0,71.0,0.0
SYN-20250516-0-13,2025-05-16,P005,2,438.0,134.0,0.0
SYN-20250516-0-14,2025-05-16,P006,1,139.0,35.0,0.0
SYN-20250516-0-15,2025-05-16,P007,1,189.0,55.0,0.0
SYN-20250516-1-00,2025-05-16,P007,1,189.0,55.0,18.9
SYN-20250516-1-01,2025-05-16,P008,1,329.0,121.0,0.0
SYN-20250516-1-02,2025-05-16,P009,1,159.0,43.0,0.0
SYN-20250516-1-03,2025-05-16,P010,1,279.0,83.0,0.0
SYN-20250516-1-04,2025-05-16,P011,1,199.0,61.0,0.0
SYN-20250516-1-05,2025-05-16,P012,2,718.0,274.0,0.0
SYN-20250516-1-06,2025-05-16,P001,2,598.0,188.0,0.0
SYN-20250516-1-07,2025-05-16,P002,1,89.0,24.0,0.0
SYN-20250516-1-08,2025-05-16,P003,1,179.0,49.0,0.0
SYN-20250516-1-09,2025-05-16,P004,1,249.0,71.0,0.0
SYN-20250516-1-10,2025-05-16,P005,1,219.0,67.0,0.0
SYN-20250516-1-11,2025-05-16,P006,1,139.0,35.0,0.0
SYN-20250516-2-00,2025-05-16,P010,1,279.0,83.0,0.0
SYN-20250516-2-01,2025-05-16,P011,1,199.0,61.0,19.9
SYN-20250516-2-02,2025-05-16,P012,1,359.0,137.0,35.9
SYN-20250516-2-03,2025-05-16,P001,1,299.0,94.0,0.0
SYN-20250517-0-00,2025-05-17,P009,1,159.0,43.0,0.0
SYN-20250517-0-01,2025-05-17,P010,1,279.0,83.0,0.0
SYN-20250517-0-02,2025-05-17,P011,1,199.0,61.0,0.0
SYN-20250517-0-03,2025-05-17,P012,1,359.0,137.0,0.0
SYN-20250517-0-04,2025-05-17,P001,1,299.0,94.0,0.0
SYN-20250517-0-05,2025-05-17,P002,1,89.0,24.0,0.0
SYN-20250517-0-06,2025-05-17,P003,1,179.0,49.0,0.0
SYN-20250517-1-00,2025-05-17,P012,1,359.0,137.0,0.0
SYN-20250517-1-01,2025-05-17,P001,1,299.0,94.0,0.0
SYN-20250517-1-02,2025-05-17,P002,1,89.0,24.0,0.0
SYN-20250517-1-03,2025-05-17,P003,1,179.0,49.0,17.9
SYN-20250517-1-04,2025-05-17,P004,1,249.0,71.0,0.0
SYN-20250517-2-00,2025-05-17,P003,1,179.0,49.0,17.9
SYN-20250517-2-01,2025-05-17,P004,1,249.0,71.0,0.0
SYN-20250517-2-02,2025-05-17,P005,1,219.0,67.0,21.9
SYN-20250517-2-03,2025-05-17,P006,1,139.0,35.0,0.0
SYN-20250517-2-04,2025-05-17,P007,1,189.0,55.0,0.0
SYN-20250517-2-05,2025-05-17,P008,1,329.0,121.0,0.0
SYN-20250517-2-06,2025-05-17,P009,1,159.0,43.0,0.0
SYN-20250517-2-07,2025-05-17,P010,1,279.0,83.0,0.0
SYN-20250517-2-08,2025-05-17,P011,1,199.0,61.0,19.9
SYN-20250517-2-09,2025-05-17,P012,1,359.0,137.0,0.0
SYN-20250517-2-10,2025-05-17,P001,1,299.0,94.0,0.0
SYN-20250518-0-00,2025-05-18,P002,1,89.0,24.0,0.0
SYN-20250518-0-01,2025-05-18,P003,1,179.0,49.0,0.0
SYN-20250518-0-02,2025-05-18,P004,1,249.0,71.0,0.0
SYN-20250518-0-03,2025-05-18,P005,2,438.0,134.0,0.0
SYN-20250518-0-04,2025-05-18,P006,1,139.0,35.0,0.0
SYN-20250518-0-05,2025-05-18,P007,1,189.0,55.0,0.0
SYN-20250518-0-06,2025-05-18,P008,1,329.0,121.0,0.0
SYN-20250518-0-07,2025-05-18,P009,1,159.0,43.0,0.0
SYN-20250518-0-08,2025-05-18,P010,1,279.0,83.0,0.0
SYN-20250518-0-09,2025-05-18,P011,1,199.0,61.0,0.0
SYN-20250518-1-00,2025-05-18,P005,1,219.0,67.0,0.0
SYN-20250518-1-01,2025-05-18,P006,1,139.0,35.0,13.9
SYN-20250518-1-02,2025-05-18,P007,1,189.0,55.0,0.0
SYN-20250518-1-03,2025-05-18,P008,1,329.0,121.0,32.9
SYN-20250518-1-04,2025-05-18,P009,1,159.0,43.0,0.0
SYN-20250518-2-00,2025-05-18,P008,1,329.0,121.0,0.0
SYN-20250518-2-01,2025-05-18,P009,1,159.0,43.0,15.9
SYN-20250518-2-02,2025-05-18,P010,1,279.0,83.0,0.0
SYN-20250518-2-03,2025-05-18,P011,2,398.0,122.0,0.0
SYN-20250518-2-04,2025-05-18,P012,1,359.0,137.0,0.0
SYN-20250518-2-05,2025-05-18,P001,1,299.0,94.0,29.9
SYN-20250518-2-06,2025-05-18,P002,1,89.0,24.0,0.0
SYN-20250518-2-07,2025-05-18,P003,1,179.0,49.0,17.9
SYN-20250518-2-08,2025-05-18,P004,1,249.0,71.0,0.0
SYN-20250519-0-00,2025-05-19,P007,2,378.0,110.0,0.0
SYN-20250519-0-01,2025-05-19,P008,1,329.0,121.0,32.9
SYN-20250519-0-02,2025-05-19,P009,1,159.0,43.0,15.9
SYN-20250519-0-03,2025-05-19,P010,1,279.0,83.0,0.0
SYN-20250519-0-04,2025-05-19,P011,1,199.0,61.0,0.0
SYN-20250519-0-05,2025-05-19,P012,1,359.0,137.0,0.0
SYN-20250519-0-06,2025-05-19,P001,1,299.0,94.0,0.0
SYN-20250519-0-07,2025-05-19,P002,1,89.0,24.0,0.0
SYN-20250519-0-08,2025-05-19,P003,1,179.0,49.0,0.0
SYN-20250519-0-09,2025-05-19,P004,1,249.0,71.0,0.0
SYN-20250519-1-00,2025-05-19,P010,1,279.0,83.0,0.0
SYN-20250519-1-01,2025-05-19,P011,1,199.0,61.0,0.0
SYN-20250519-1-02,2025-05-19,P012,1,359.0,137.0,35.9
SYN-20250519-1-03,2025-05-19,P001,1,299.0,94.0,29.9
SYN-20250519-1-04,2025-05-19,P002,1,89.0,24.0,0.0
SYN-20250519-1-05,2025-05-19,P003,1,179.0,49.0,0.0
SYN-20250519-1-06,2025-05-19,P004,1,249.0,71.0,24.9
SYN-20250519-1-07,2025-05-19,P005,1,219.0,67.0,0.0
SYN-20250519-1-08,2025-05-19,P006,1,139.0,35.0,0.0
SYN-20250519-1-09,2025-05-19,P007,1,189.0,55.0,0.0
SYN-20250519-1-10,2025-05-19,P008,1,329.0,121.0,0.0
SYN-20250519-1-11,2025-05-19,P009,1,159.0,43.0,0.0
SYN-20250519-2-00,2025-05-19,P001,1,299.0,94.0,0.0
SYN-20250519-2-01,2025-05-19,P002,1,89.0,24.0,0.0
SYN-20250519-2-02,2025-05-19,P003,1,179.0,49.0,0.0
SYN-20250519-2-03,2025-05-19,P004,1,249.0,71.0,24.9
SYN-20250519-2-04,2025-05-19,P005,1,219.0,67.0,0.0
SYN-20250519-2-05,2025-05-19,P006,1,139.0,35.0,13.9
SYN-20250520-0-00,2025-05-20,P012,1,359.0,137.0,0.0
SYN-20250520-0-01,2025-05-20,P001,1,299.0,94.0,0.0
SYN-20250520-0-02,2025-05-20,P002,1,89.0,24.0,0.0
SYN-20250520-0-03,2025-05-20,P003,1,179.0,49.0,17.9
SYN-20250520-0-04,2025-05-20,P004,1,249.0,71.0,24.9
SYN-20250520-0-05,2025-05-20,P005,1,219.0,67.0,0.0
SYN-20250520-1-00,2025-05-20,P003,1,179.0,49.0,0.0
SYN-20250520-1-01,2025-05-20,P004,1,249.0,71.0,0.0
SYN-20250520-1-02,2025-05-20,P005,1,219.0,67.0,0.0
SYN-20250520-1-03,2025-05-20,P006,1,139.0,35.0,0.0
SYN-20250520-1-04,2025-05-20,P007,1,189.0,55.0,0.0
SYN-20250520-1-05,2025-05-20,P008,1,329.0,121.0,0.0
SYN-20250520-1-06,2025-05-20,P009,1,159.0,43.0,0.0
SYN-20250520-1-07,2025-05-20,P010,1,279.0,83.0,0.0
SYN-20250520-2-00,2025-05-20,P006,2,278.0,70.0,0.0
SYN-20250520-2-01,2025-05-20,P007,1,189.0,55.0,0.0
SYN-20250520-2-02,2025-05-20,P008,1,329.0,121.0,32.9
SYN-20250520-2-03,2025-05-20,P009,1,159.0,43.0,0.0
SYN-20250520-2-04,2025-05-20,P010,1,279.0,83.0,0.0
SYN-20250521-0-00,2025-05-21,P005,1,219.0,67.0,0.0
SYN-20250521-0-01,2025-05-21,P006,1,139.0,35.0,0.0
SYN-20250521-0-02,2025-05-21,P007,1,189.0,55.0,0.0
SYN-20250521-0-03,2025-05-21,P008,1,329.0,121.0,0.0
SYN-20250521-1-00,2025-05-21,P008,1,329.0,121.0,0.0
SYN-20250521-1-01,2025-05-21,P009,1,159.0,43.0,0.0
SYN-20250521-1-02,2025-05-21,P010,1,279.0,83.0,0.0
SYN-20250521-1-03,2025-05-21,P011,1,199.0,61.0,0.0
SYN-20250521-1-04,2025-05-21,P012,1,359.0,137.0,35.9
SYN-20250521-1-05,2025-05-21,P001,1,299.0,94.0,0.0
SYN-20250521-2-00,2025-05-21,P011,1,199.0,61.0,0.0
SYN-20250521-2-01,2025-05-21,P012,1,359.0,137.0,0.0
SYN-20250521-2-02,2025-05-21,P001,1,299.0,94.0,0.0
SYN-20250521-2-03,2025-05-21,P002,1,89.0,24.0,8.9
SYN-20250521-2-04,2025-05-21,P003,1,179.0,49.0,0.0
SYN-20250521-2-05,2025-05-21,P004,1,249.0,71.0,0.0
SYN-20250521-2-06,2025-05-21,P005,1,219.0,67.0,0.0
SYN-20250522-0-00,2025-05-22,P010,1,279.0,83.0,0.0
SYN-20250522-0-01,2025-05-22,P011,1,199.0,61.0,0.0
SYN-20250522-0-02,2025-05-22,P012,1,359.0,137.0,0.0
SYN-20250522-0-03,2025-05-22,P001,1,299.0,94.0,0.0
SYN-20250522-1-00,2025-05-22,P001,1,299.0,94.0,0.0
SYN-20250522-1-01,2025-05-22,P002,1,89.0,24.0,0.0
SYN-20250522-1-02,2025-05-22,P003,1,179.0,49.0,0.0
SYN-20250522-1-03,2025-05-22,P004,1,249.0,71.0,0.0
SYN-20250522-1-04,2025-05-22,P005,1,219.0,67.0,21.9
SYN-20250522-1-05,2025-05-22,P006,1,139.0,35.0,0.0
SYN-20250522-1-06,2025-05-22,P007,1,189.0,55.0,0.0
SYN-20250522-1-07,2025-05-22,P008,1,329.0,121.0,0.0
SYN-20250522-1-08,2025-05-22,P009,2,318.0,86.0,0.0
SYN-20250522-2-00,2025-05-22,P004,1,249.0,71.0,0.0
SYN-20250522-2-01,2025-05-22,P005,1,219.0,67.0,0.0
SYN-20250522-2-02,2025-05-22,P006,1,139.0,35.0,0.0
SYN-20250522-2-03,2025-05-22,P007,1,189.0,55.0,0.0
SYN-20250522-2-04,2025-05-22,P008,1,329.0,121.0,0.0
SYN-20250522-2-05,2025-05-22,P009,1,159.0,43.0,0.0
SYN-20250522-2-06,2025-05-22,P010,1,279.0,83.0,0.0
SYN-20250522-2-07,2025-05-22,P011,1,199.0,61.0,0.0
SYN-20250523-0-00,2025-05-23,P003,1,179.0,49.0,17.9
SYN-20250523-0-01,2025-05-23,P004,1,249.0,71.0,24.9
SYN-20250523-0-02,2025-05-23,P005,1,219.0,67.0,21.9
SYN-20250523-0-03,2025-05-23,P006,1,139.0,35.0,0.0
SYN-20250523-0-04,2025-05-23,P007,1,189.0,55.0,0.0
SYN-20250523-0-05,2025-05-23,P008,1,329.0,121.0,32.9
SYN-20250523-0-06,2025-05-23,P009,1,159.0,43.0,0.0
SYN-20250523-0-07,2025-05-23,P010,1,279.0,83.0,0.0
SYN-20250523-0-08,2025-05-23,P011,1,199.0,61.0,0.0
SYN-20250523-0-09,2025-05-23,P012,1,359.0,137.0,0.0
SYN-20250523-1-00,2025-05-23,P006,1,139.0,35.0,0.0
SYN-20250523-1-01,2025-05-23,P007,1,189.0,55.0,18.9
SYN-20250523-1-02,2025-05-23,P008,1,329.0,121.0,0.0
SYN-20250523-1-03,2025-05-23,P009,1,159.0,43.0,0.0
SYN-20250523-1-04,2025-05-23,P010,1,279.0,83.0,0.0
SYN-20250523-2-00,2025-05-23,P009,1,159.0,43.0,15.9
SYN-20250523-2-01,2025-05-23,P010,1,279.0,83.0,0.0
SYN-20250523-2-02,2025-05-23,P011,1,199.0,61.0,0.0
SYN-20250523-2-03,2025-05-23,P012,1,359.0,137.0,35.9
SYN-20250523-2-04,2025-05-23,P001,1,299.0,94.0,0.0
SYN-20250523-2-05,2025-05-23,P002,1,89.0,24.0,8.9
SYN-20250524-0-00,2025-05-24,P008,1,329.0,121.0,0.0
SYN-20250524-0-01,2025-05-24,P009,1,159.0,43.0,0.0
SYN-20250524-0-02,2025-05-24,P010,1,279.0,83.0,0.0
SYN-20250524-0-03,2025-05-24,P011,1,199.0,61.0,0.0
SYN-20250524-0-04,2025-05-24,P012,1,359.0,137.0,0.0
SYN-20250524-0-05,2025-05-24,P001,1,299.0,94.0,0.0
SYN-20250524-1-00,2025-05-24,P011,1,199.0,61.0,0.0
SYN-20250524-1-01,2025-05-24,P012,1,359.0,137.0,0.0
SYN-20250524-1-02,2025-05-24,P001,1,299.0,94.0,0.0
SYN-20250524-1-03,2025-05-24,P002,1,89.0,24.0,0.0
SYN-20250524-1-04,2025-05-24,P003,1,179.0,49.0,0.0
SYN-20250524-1-05,2025-05-24,P004,1,249.0,71.0,0.0
SYN-20250524-2-00,2025-05-24,P002,1,89.0,24.0,0.0
SYN-20250524-2-01,2025-05-24,P003,1,179.0,49.0,17.9
SYN-20250524-2-02,2025-05-24,P004,1,249.0,71.0,0.0
SYN-20250524-2-03,2025-05-24,P005,1,219.0,67.0,0.0
SYN-20250524-2-04,2025-05-24,P006,1,139.0,35.0,0.0
SYN-20250525-0-00,2025-05-25,P001,1,299.0,94.0,0.0
SYN-20250525-0-01,2025-05-25,P002,1,89.0,24.0,0.0
SYN-20250525-0-02,2025-05-25,P003,2,358.0,98.0,0.0
SYN-20250525-0-03,2025-05-25,P004,1,249.0,71.0,0.0
SYN-20250525-0-04,2025-05-25,P005,1,219.0,67.0,0.0
SYN-20250525-0-05,2025-05-25,P006,1,139.0,35.0,13.9
SYN-20250525-1-00,2025-05-25,P004,1,249.0,71.0,0.0
SYN-20250525-1-01,2025-05-25,P005,1,219.0,67.0,0.0
SYN-20250525-1-02,2025-05-25,P006,2,278.0,70.0,0.0
SYN-20250525-1-03,2025-05-25,P007,2,378.0,110.0,0.0
SYN-20250525-2-00,2025-05-25,P007,1,189.0,55.0,0.0
SYN-20250525-2-01,2025-05-25,P008,2,658.0,242.0,65.8
SYN-20250525-2-02,2025-05-25,P009,2,318.0,86.0,0.0
SYN-20250525-2-03,2025-05-25,P010,1,279.0,83.0,27.9
SYN-20250525-2-04,2025-05-25,P011,1,199.0,61.0,0.0
SYN-20250525-2-05,2025-05-25,P012,1,359.0,137.0,35.9
SYN-20250525-2-06,2025-05-25,P001,1,299.0,94.0,29.9
SYN-20250525-2-07,2025-05-25,P002,1,89.0,24.0,0.0
SYN-20250525-2-08,2025-05-25,P003,1,179.0,49.0,0.0
SYN-20250526-0-00,2025-05-26,P006,2,278.0,70.0,0.0
SYN-20250526-0-01,2025-05-26,P007,1,189.0,55.0,0.0
SYN-20250526-0-02,2025-05-26,P008,1,329.0,121.0,32.9
SYN-20250526-0-03,2025-05-26,P009,1,159.0,43.0,15.9
SYN-20250526-0-04,2025-05-26,P010,1,279.0,83.0,0.0
SYN-20250526-0-05,2025-05-26,P011,1,199.0,61.0,0.0
SYN-20250526-0-06,2025-05-26,P012,1,359.0,137.0,0.0
SYN-20250526-0-07,2025-05-26,P001,1,299.0,94.0,0.0
SYN-20250526-0-08,2025-05-26,P002,1,89.0,24.0,0.0
SYN-20250526-0-09,2025-05-26,P003,1,179.0,49.0,0.0
SYN-20250526-1-00,2025-05-26,P009,1,159.0,43.0,0.0
SYN-20250526-1-01,2025-05-26,P010,1,279.0,83.0,0.0
SYN-20250526-1-02,2025-05-26,P011,1,199.0,61.0,0.0
SYN-20250526-1-03,2025-05-26,P012,1,359.0,137.0,0.0
SYN-20250526-1-04,2025-05-26,P001,1,299.0,94.0,0.0
SYN-20250526-1-05,2025-05-26,P002,1,89.0,24.0,0.0
SYN-20250526-1-06,2025-05-26,P003,1,179.0,49.0,0.0
SYN-20250526-1-07,2025-05-26,P004,1,249.0,71.0,0.0
SYN-20250526-2-00,2025-05-26,P012,1,359.0,137.0,35.9
SYN-20250526-2-01,2025-05-26,P001,1,299.0,94.0,0.0
SYN-20250526-2-02,2025-05-26,P002,2,178.0,48.0,0.0
SYN-20250526-2-03,2025-05-26,P003,1,179.0,49.0,17.9
SYN-20250526-2-04,2025-05-26,P004,1,249.0,71.0,0.0
SYN-20250527-0-00,2025-05-27,P011,1,199.0,61.0,0.0
SYN-20250527-0-01,2025-05-27,P012,1,359.0,137.0,0.0
SYN-20250527-0-02,2025-05-27,P001,1,299.0,94.0,29.9
SYN-20250527-0-03,2025-05-27,P002,2,178.0,48.0,0.0
SYN-20250527-0-04,2025-05-27,P003,1,179.0,49.0,0.0
SYN-20250527-0-05,2025-05-27,P004,1,249.0,71.0,0.0
SYN-20250527-0-06,2025-05-27,P005,1,219.0,67.0,0.0
SYN-20250527-0-07,2025-05-27,P006,1,139.0,35.0,0.0
SYN-20250527-0-08,2025-05-27,P007,1,189.0,55.0,0.0
SYN-20250527-0-09,2025-05-27,P008,1,329.0,121.0,0.0
SYN-20250527-0-10,2025-05-27,P009,1,159.0,43.0,15.9
SYN-20250527-0-11,2025-05-27,P010,1,279.0,83.0,0.0
SYN-20250527-1-00,2025-05-27,P002,1,89.0,24.0,0.0
SYN-20250527-1-01,2025-05-27,P003,1,179.0,49.0,0.0
SYN-20250527-1-02,2025-05-27,P004,1,249.0,71.0,0.0
SYN-20250527-1-03,2025-05-27,P005,1,219.0,67.0,0.0
SYN-20250527-1-04,2025-05-27,P006,1,139.0,35.0,0.0
SYN-20250527-1-05,2025-05-27,P007,1,189.0,55.0,18.9
SYN-20250527-1-06,2025-05-27,P008,1,329.0,121.0,0.0
SYN-20250527-1-07,2025-05-27,P009,1,159.0,43.0,0.0
SYN-20250527-2-00,2025-05-27,P005,1,219.0,67.0,0.0
SYN-20250527-2-01,2025-05-27,P006,1,139.0,35.0,0.0
SYN-20250527-2-02,2025-05-27,P007,1,189.0,55.0,0.0
SYN-20250527-2-03,2025-05-27,P008,1,329.0,121.0,0.0
SYN-20250527-2-04,2025-05-27,P009,1,159.0,43.0,15.9
SYN-20250527-2-05,2025-05-27,P010,1,279.0,83.0,0.0
SYN-20250527-2-06,2025-05-27,P011,1,199.0,61.0,19.9
SYN-20250527-2-07,2025-05-27,P012,1,359.0,137.0,35.9
SYN-20250527-2-08,2025-05-27,P001,1,299.0,94.0,29.9
SYN-20250527-2-09,2025-05-27,P002,1,89.0,24.0,0.0
SYN-20250528-0-00,2025-05-28,P004,1,249.0,71.0,24.9
SYN-20250528-0-01,2025-05-28,P005,1,219.0,67.0,0.0
SYN-20250528-0-02,2025-05-28,P006,1,139.0,35.0,0.0
SYN-20250528-0-03,2025-05-28,P007,1,189.0,55.0,0.0
SYN-20250528-0-04,2025-05-28,P008,2,658.0,242.0,0.0
SYN-20250528-1-00,2025-05-28,P007,1,189.0,55.0,0.0
SYN-20250528-1-01,2025-05-28,P008,1,329.0,121.0,0.0
SYN-20250528-1-02,2025-05-28,P009,1,159.0,43.0,15.9
SYN-20250528-1-03,2025-05-28,P010,1,279.0,83.0,0.0
SYN-20250528-1-04,2025-05-28,P011,1,199.0,61.0,0.0
SYN-20250528-1-05,2025-05-28,P012,1,359.0,137.0,35.9
SYN-20250528-1-06,2025-05-28,P001,1,299.0,94.0,0.0
SYN-20250528-1-07,2025-05-28,P002,1,89.0,24.0,0.0
SYN-20250528-1-08,2025-05-28,P003,1,179.0,49.0,0.0
SYN-20250528-1-09,2025-05-28,P004,1,249.0,71.0,0.0
SYN-20250528-2-00,2025-05-28,P010,1,279.0,83.0,0.0
SYN-20250528-2-01,2025-05-28,P011,1,199.0,61.0,0.0
SYN-20250528-2-02,2025-05-28,P012,1,359.0,137.0,0.0
SYN-20250528-2-03,2025-05-28,P001,1,299.0,94.0,29.9
SYN-20250528-2-04,2025-05-28,P002,1,89.0,24.0,0.0
SYN-20250528-2-05,2025-05-28,P003,1,179.0,49.0,0.0
SYN-20250528-2-06,2025-05-28,P004,1,249.0,71.0,0.0
SYN-20250528-2-07,2025-05-28,P005,2,438.0,134.0,0.0
SYN-20250529-0-00,2025-05-29,P009,1,159.0,43.0,0.0
SYN-20250529-0-01,2025-05-29,P010,1,279.0,83.0,27.9
SYN-20250529-0-02,2025-05-29,P011,1,199.0,61.0,0.0
SYN-20250529-0-03,2025-05-29,P012,1,359.0,137.0,0.0
SYN-20250529-0-04,2025-05-29,P001,1,299.0,94.0,0.0
SYN-20250529-1-00,2025-05-29,P012,1,359.0,137.0,35.9
SYN-20250529-1-01,2025-05-29,P001,1,299.0,94.0,29.9
SYN-20250529-1-02,2025-05-29,P002,1,89.0,24.0,8.9
SYN-20250529-1-03,2025-05-29,P003,2,358.0,98.0,0.0
SYN-20250529-1-04,2025-05-29,P004,1,249.0,71.0,0.0
SYN-20250529-1-05,2025-05-29,P005,1,219.0,67.0,0.0
SYN-20250529-1-06,2025-05-29,P006,1,139.0,35.0,0.0
SYN-20250529-2-00,2025-05-29,P003,1,179.0,49.0,17.9
SYN-20250529-2-01,2025-05-29,P004,2,498.0,142.0,0.0
SYN-20250529-2-02,2025-05-29,P005,1,219.0,67.0,0.0
SYN-20250529-2-03,2025-05-29,P006,1,139.0,35.0,0.0
SYN-20250529-2-04,2025-05-29,P007,1,189.0,55.0,0.0
SYN-20250529-2-05,2025-05-29,P008,1,329.0,121.0,0.0
SYN-20250529-2-06,2025-05-29,P009,1,159.0,43.0,0.0
SYN-20250530-0-00,2025-05-30,P002,1,89.0,24.0,8.9
SYN-20250530-0-01,2025-05-30,P003,1,179.0,49.0,0.0
SYN-20250530-0-02,2025-05-30,P004,1,249.0,71.0,0.0
SYN-20250530-0-03,2025-05-30,P005,2,438.0,134.0,0.0
SYN-20250530-0-04,2025-05-30,P006,1,139.0,35.0,0.0
SYN-20250530-0-05,2025-05-30,P007,2,378.0,110.0,0.0
SYN-20250530-0-06,2025-05-30,P008,1,329.0,121.0,0.0
SYN-20250530-0-07,2025-05-30,P009,1,159.0,43.0,0.0
SYN-20250530-0-08,2025-05-30,P010,1,279.0,83.0,0.0
SYN-20250530-0-09,2025-05-30,P011,1,199.0,61.0,0.0
SYN-20250530-0-10,2025-05-30,P012,1,359.0,137.0,0.0
SYN-20250530-0-11,2025-05-30,P001,1,299.0,94.0,0.0
SYN-20250530-1-00,2025-05-30,P005,1,219.0,67.0,0.0
SYN-20250530-1-01,2025-05-30,P006,1,139.0,35.0,0.0
SYN-20250530-1-02,2025-05-30,P007,1,189.0,55.0,0.0
SYN-20250530-1-03,2025-05-30,P008,1,329.0,121.0,0.0
SYN-20250530-1-04,2025-05-30,P009,1,159.0,43.0,15.9
SYN-20250530-1-05,2025-05-30,P010,1,279.0,83.0,0.0
SYN-20250530-2-00,2025-05-30,P008,1,329.0,121.0,0.0
SYN-20250530-2-01,2025-05-30,P009,1,159.0,43.0,15.9
SYN-20250530-2-02,2025-05-30,P010,1,279.0,83.0,0.0
SYN-20250530-2-03,2025-05-30,P011,1,199.0,61.0,0.0
SYN-20250530-2-04,2025-05-30,P012,1,359.0,137.0,0.0
SYN-20250530-2-05,2025-05-30,P001,1,299.0,94.0,0.0
SYN-20250530-2-06,2025-05-30,P002,1,89.0,24.0,0.0
SYN-20250530-2-07,2025-05-30,P003,1,179.0,49.0,0.0
SYN-20250530-2-08,2025-05-30,P004,1,249.0,71.0,0.0
SYN-20250530-2-09,2025-05-30,P005,2,438.0,134.0,0.0
SYN-20250530-2-10,2025-05-30,P006,1,139.0,35.0,0.0
SYN-20250530-2-11,2025-05-30,P007,1,189.0,55.0,0.0
SYN-20250531-0-00,2025-05-31,P007,1,189.0,55.0,18.9
SYN-20250531-0-01,2025-05-31,P008,1,329.0,121.0,0.0
SYN-20250531-0-02,2025-05-31,P009,1,159.0,43.0,0.0
SYN-20250531-0-03,2025-05-31,P010,1,279.0,83.0,27.9
SYN-20250531-0-04,2025-05-31,P011,1,199.0,61.0,0.0
SYN-20250531-0-05,2025-05-31,P012,1,359.0,137.0,35.9
SYN-20250531-0-06,2025-05-31,P001,1,299.0,94.0,29.9
SYN-20250531-0-07,2025-05-31,P002,2,178.0,48.0,0.0
SYN-20250531-0-08,2025-05-31,P003,1,179.0,49.0,0.0
SYN-20250531-1-00,2025-05-31,P010,1,279.0,83.0,0.0
SYN-20250531-1-01,2025-05-31,P011,1,199.0,61.0,19.9
SYN-20250531-1-02,2025-05-31,P012,1,359.0,137.0,35.9
SYN-20250531-1-03,2025-05-31,P001,1,299.0,94.0,29.9
SYN-20250531-1-04,2025-05-31,P002,1,89.0,24.0,0.0
SYN-20250531-1-05,2025-05-31,P003,1,179.0,49.0,17.9
SYN-20250531-2-00,2025-05-31,P001,1,299.0,94.0,0.0
SYN-20250531-2-01,2025-05-31,P002,1,89.0,24.0,0.0
SYN-20250531-2-02,2025-05-31,P003,1,179.0,49.0,0.0
SYN-20250531-2-03,2025-05-31,P004,1,249.0,71.0,0.0
SYN-20250531-2-04,2025-05-31,P005,1,219.0,67.0,21.9
SYN-20250531-2-05,2025-05-31,P006,1,139.0,35.0,0.0
SYN-20250531-2-06,2025-05-31,P007,1,189.0,55.0,0.0
SYN-20250531-2-07,2025-05-31,P008,1,329.0,121.0,32.9
SYN-20250601-0-00,2025-06-01,P012,1,359.0,137.0,0.0
SYN-20250601-0-01,2025-06-01,P001,1,299.0,94.0,29.9
SYN-20250601-0-02,2025-06-01,P002,1,89.0,24.0,0.0
SYN-20250601-0-03,2025-06-01,P003,1,179.0,49.0,0.0
SYN-20250601-0-04,2025-06-01,P004,1,249.0,71.0,24.9
SYN-20250601-0-05,2025-06-01,P005,1,219.0,67.0,0.0
SYN-20250601-0-06,2025-06-01,P006,2,278.0,70.0,0.0
SYN-20250601-0-07,2025-06-01,P007,1,189.0,55.0,18.9
SYN-20250601-0-08,2025-06-01,P008,1,329.0,121.0,32.9
SYN-20250601-1-00,2025-06-01,P003,1,179.0,49.0,0.0
SYN-20250601-1-01,2025-06-01,P004,1,249.0,71.0,0.0
SYN-20250601-1-02,2025-06-01,P005,1,219.0,67.0,0.0
SYN-20250601-1-03,2025-06-01,P006,1,139.0,35.0,0.0
SYN-20250601-1-04,2025-06-01,P007,2,378.0,110.0,0.0
SYN-20250601-1-05,2025-06-01,P008,1,329.0,121.0,0.0
SYN-20250601-1-06,2025-06-01,P009,1,159.0,43.0,0.0
SYN-20250601-1-07,2025-06-01,P010,1,279.0,83.0,0.0
SYN-20250601-1-08,2025-06-01,P011,1,199.0,61.0,0.0
SYN-20250601-1-09,2025-06-01,P012,2,718.0,274.0,0.0
SYN-20250601-1-10,2025-06-01,P001,1,299.0,94.0,29.9
SYN-20250601-1-11,2025-06-01,P002,1,89.0,24.0,0.0
SYN-20250601-1-12,2025-06-01,P003,1,179.0,49.0,0.0
SYN-20250601-2-00,2025-06-01,P006,1,139.0,35.0,13.9
SYN-20250601-2-01,2025-06-01,P007,1,189.0,55.0,18.9
SYN-20250601-2-02,2025-06-01,P008,2,658.0,242.0,65.8
SYN-20250601-2-03,2025-06-01,P009,1,159.0,43.0,0.0
SYN-20250601-2-04,2025-06-01,P010,1,279.0,83.0,0.0
SYN-20250601-2-05,2025-06-01,P011,2,398.0,122.0,39.8
SYN-20250601-2-06,2025-06-01,P012,1,359.0,137.0,35.9
SYN-20250601-2-07,2025-06-01,P001,1,299.0,94.0,0.0
SYN-20250601-2-08,2025-06-01,P002,1,89.0,24.0,8.9
SYN-20250601-2-09,2025-06-01,P003,1,179.0,49.0,17.9
SYN-20250601-2-10,2025-06-01,P004,2,498.0,142.0,0.0
SYN-20250601-2-11,2025-06-01,P005,1,219.0,67.0,21.9
SYN-20250601-2-12,2025-06-01,P006,1,139.0,35.0,13.9
SYN-20250602-0-00,2025-06-02,P005,1,219.0,67.0,0.0
SYN-20250602-0-01,2025-06-02,P006,1,139.0,35.0,13.9
SYN-20250602-0-02,2025-06-02,P007,1,189.0,55.0,0.0
SYN-20250602-0-03,2025-06-02,P008,1,329.0,121.0,0.0
SYN-20250602-0-04,2025-06-02,P009,1,159.0,43.0,0.0
SYN-20250602-0-05,2025-06-02,P010,1,279.0,83.0,0.0
SYN-20250602-0-06,2025-06-02,P011,2,398.0,122.0,0.0
SYN-20250602-0-07,2025-06-02,P012,1,359.0,137.0,0.0
SYN-20250602-0-08,2025-06-02,P001,1,299.0,94.0,0.0
SYN-20250602-1-00,2025-06-02,P008,1,329.0,121.0,0.0
SYN-20250602-1-01,2025-06-02,P009,1,159.0,43.0,15.9
SYN-20250602-1-02,2025-06-02,P010,2,558.0,166.0,0.0
SYN-20250602-1-03,2025-06-02,P011,1,199.0,61.0,0.0
SYN-20250602-1-04,2025-06-02,P012,1,359.0,137.0,0.0
SYN-20250602-1-05,2025-06-02,P001,2,598.0,188.0,0.0
SYN-20250602-1-06,2025-06-02,P002,1,89.0,24.0,0.0
SYN-20250602-2-00,2025-06-02,P011,1,199.0,61.0,0.0
SYN-20250602-2-01,2025-06-02,P012,1,359.0,137.0,0.0
SYN-20250602-2-02,2025-06-02,P001,1,299.0,94.0,0.0
SYN-20250602-2-03,2025-06-02,P002,1,89.0,24.0,8.9
SYN-20250602-2-04,2025-06-02,P003,1,179.0,49.0,0.0
SYN-20250602-2-05,2025-06-02,P004,1,249.0,71.0,0.0
SYN-20250603-0-00,2025-06-03,P010,1,279.0,83.0,27.9
SYN-20250603-0-01,2025-06-03,P011,1,199.0,61.0,0.0
SYN-20250603-0-02,2025-06-03,P012,1,359.0,137.0,35.9
SYN-20250603-0-03,2025-06-03,P001,1,299.0,94.0,0.0
SYN-20250603-0-04,2025-06-03,P002,1,89.0,24.0,8.9
SYN-20250603-0-05,2025-06-03,P003,1,179.0,49.0,0.0
SYN-20250603-0-06,2025-06-03,P004,2,498.0,142.0,0.0
SYN-20250603-0-07,2025-06-03,P005,1,219.0,67.0,0.0
SYN-20250603-0-08,2025-06-03,P006,1,139.0,35.0,0.0
SYN-20250603-0-09,2025-06-03,P007,1,189.0,55.0,18.9
SYN-20250603-0-10,2025-06-03,P008,1,329.0,121.0,32.9
SYN-20250603-1-00,2025-06-03,P001,1,299.0,94.0,0.0
SYN-20250603-1-01,2025-06-03,P002,1,89.0,24.0,8.9
SYN-20250603-1-02,2025-06-03,P003,1,179.0,49.0,0.0
SYN-20250603-1-03,2025-06-03,P004,1,249.0,71.0,0.0
SYN-20250603-1-04,2025-06-03,P005,1,219.0,67.0,21.9
SYN-20250603-1-05,2025-06-03,P006,1,139.0,35.0,0.0
SYN-20250603-1-06,2025-06-03,P007,1,189.0,55.0,18.9
SYN-20250603-1-07,2025-06-03,P008,2,658.0,242.0,0.0
SYN-20250603-2-00,2025-06-03,P004,1,249.0,71.0,0.0
SYN-20250603-2-01,2025-06-03,P005,1,219.0,67.0,0.0
SYN-20250603-2-02,2025-06-03,P006,1,139.0,35.0,0.0
SYN-20250603-2-03,2025-06-03,P007,1,189.0,55.0,0.0
SYN-20250603-2-04,2025-06-03,P008,1,329.0,121.0,0.0
SYN-20250603-2-05,2025-06-03,P009,1,159.0,43.0,0.0
SYN-20250603-2-06,2025-06-03,P010,1,279.0,83.0,27.9
SYN-20250603-2-07,2025-06-03,P011,1,199.0,61.0,0.0
SYN-20250603-2-08,2025-06-03,P012,1,359.0,137.0,0.0
SYN-20250603-2-09,2025-06-03,P001,1,299.0,94.0,0.0
SYN-20250603-2-10,2025-06-03,P002,1,89.0,24.0,0.0
SYN-20250603-2-11,2025-06-03,P003,1,179.0,49.0,17.9
SYN-20250603-2-12,2025-06-03,P004,1,249.0,71.0,0.0
SYN-20250603-2-13,2025-06-03,P005,1,219.0,67.0,21.9
SYN-20250603-2-14,2025-06-03,P006,1,139.0,35.0,13.9
SYN-20250603-2-15,2025-06-03,P007,1,189.0,55.0,18.9
SYN-20250603-2-16,2025-06-03,P008,1,329.0,121.0,0.0
SYN-20250604-0-00,2025-06-04,P003,1,179.0,49.0,17.9
SYN-20250604-0-01,2025-06-04,P004,1,249.0,71.0,0.0
SYN-20250604-0-02,2025-06-04,P005,1,219.0,67.0,0.0
SYN-20250604-0-03,2025-06-04,P006,1,139.0,35.0,0.0
SYN-20250604-0-04,2025-06-04,P007,1,189.0,55.0,0.0
SYN-20250604-0-05,2025-06-04,P008,1,329.0,121.0,32.9
SYN-20250604-0-06,2025-06-04,P009,1,159.0,43.0,0.0
SYN-20250604-0-07,2025-06-04,P010,1,279.0,83.0,0.0
SYN-20250604-0-08,2025-06-04,P011,1,199.0,61.0,0.0
SYN-20250604-0-09,2025-06-04,P012,2,718.0,274.0,0.0
SYN-20250604-1-00,2025-06-04,P006,1,139.0,35.0,0.0
SYN-20250604-1-01,2025-06-04,P007,1,189.0,55.0,0.0
SYN-20250604-1-02,2025-06-04,P008,1,329.0,121.0,0.0
SYN-20250604-1-03,2025-06-04,P009,1,159.0,43.0,0.0
SYN-20250604-1-04,2025-06-04,P010,1,279.0,83.0,0.0
SYN-20250604-1-05,2025-06-04,P011,1,199.0,61.0,19.9
SYN-20250604-1-06,2025-06-04,P012,1,359.0,137.0,0.0
SYN-20250604-1-07,2025-06-04,P001,1,299.0,94.0,29.9
SYN-20250604-1-08,2025-06-04,P002,1,89.0,24.0,8.9
SYN-20250604-1-09,2025-06-04,P003,1,179.0,49.0,0.0
SYN-20250604-1-10,2025-06-04,P004,1,249.0,71.0,0.0
SYN-20250604-1-11,2025-06-04,P005,1,219.0,67.0,0.0
SYN-20250604-2-00,2025-06-04,P009,1,159.0,43.0,15.9
SYN-20250604-2-01,2025-06-04,P010,1,279.0,83.0,0.0
SYN-20250604-2-02,2025-06-04,P011,2,398.0,122.0,0.0
SYN-20250604-2-03,2025-06-04,P012,1,359.0,137.0,0.0
SYN-20250604-2-04,2025-06-04,P001,2,598.0,188.0,59.8
SYN-20250605-0-00,2025-06-05,P008,1,329.0,121.0,0.0
SYN-20250605-0-01,2025-06-05,P009,1,159.0,43.0,0.0
SYN-20250605-0-02,2025-06-05,P010,1,279.0,83.0,0.0
SYN-20250605-0-03,2025-06-05,P011,1,199.0,61.0,0.0
SYN-20250605-0-04,2025-06-05,P012,1,359.0,137.0,0.0
SYN-20250605-0-05,2025-06-05,P001,2,598.0,188.0,0.0
SYN-20250605-0-06,2025-06-05,P002,1,89.0,24.0,8.9
SYN-20250605-0-07,2025-06-05,P003,1,179.0,49.0,0.0
SYN-20250605-0-08,2025-06-05,P004,1,249.0,71.0,0.0
SYN-20250605-0-09,2025-06-05,P005,1,219.0,67.0,21.9
SYN-20250605-0-10,2025-06-05,P006,2,278.0,70.0,0.0
SYN-20250605-1-00,2025-06-05,P011,2,398.0,122.0,0.0
SYN-20250605-1-01,2025-06-05,P012,1,359.0,137.0,0.0
SYN-20250605-1-02,2025-06-05,P001,1,299.0,94.0,29.9
SYN-20250605-1-03,2025-06-05,P002,1,89.0,24.0,0.0
SYN-20250605-1-04,2025-06-05,P003,1,179.0,49.0,0.0
SYN-20250605-1-05,2025-06-05,P004,1,249.0,71.0,0.0
SYN-20250605-1-06,2025-06-05,P005,1,219.0,67.0,0.0
SYN-20250605-1-07,2025-06-05,P006,2,278.0,70.0,0.0
SYN-20250605-2-00,2025-06-05,P002,1,89.0,24.0,8.9
SYN-20250605-2-01,2025-06-05,P003,1,179.0,49.0,0.0
SYN-20250605-2-02,2025-06-05,P004,1,249.0,71.0,0.0
SYN-20250605-2-03,2025-06-05,P005,1,219.0,67.0,0.0
SYN-20250605-2-04,2025-06-05,P006,1,139.0,35.0,0.0
SYN-20250605-2-05,2025-06-05,P007,1,189.0,55.0,0.0
SYN-20250605-2-06,2025-06-05,P008,1,329.0,121.0,0.0
SYN-20250605-2-07,2025-06-05,P009,1,159.0,43.0,0.0
SYN-20250605-2-08,2025-06-05,P010,1,279.0,83.0,0.0
SYN-20250605-2-09,2025-06-05,P011,2,398.0,122.0,39.8
SYN-20250605-2-10,2025-06-05,P012,1,359.0,137.0,35.9
SYN-20250605-2-11,2025-06-05,P001,1,299.0,94.0,29.9
SYN-20250606-0-00,2025-06-06,P001,1,299.0,94.0,0.0
SYN-20250606-0-01,2025-06-06,P002,1,89.0,24.0,0.0
SYN-20250606-0-02,2025-06-06,P003,1,179.0,49.0,17.9
SYN-20250606-0-03,2025-06-06,P004,1,249.0,71.0,0.0
SYN-20250606-0-04,2025-06-06,P005,1,219.0,67.0,21.9
SYN-20250606-1-00,2025-06-06,P004,1,249.0,71.0,0.0
SYN-20250606-1-01,2025-06-06,P005,1,219.0,67.0,0.0
SYN-20250606-1-02,2025-06-06,P006,1,139.0,35.0,0.0
SYN-20250606-1-03,2025-06-06,P007,1,189.0,55.0,0.0
SYN-20250606-1-04,2025-06-06,P008,1,329.0,121.0,0.0
SYN-20250606-1-05,2025-06-06,P009,1,159.0,43.0,15.9
SYN-20250606-1-06,2025-06-06,P010,1,279.0,83.0,0.0
SYN-20250606-1-07,2025-06-06,P011,2,398.0,122.0,39.8
SYN-20250606-2-00,2025-06-06,P007,1,189.0,55.0,18.9
SYN-20250606-2-01,2025-06-06,P008,1,329.0,121.0,0.0
SYN-20250606-2-02,2025-06-06,P009,1,159.0,43.0,0.0
SYN-20250606-2-03,2025-06-06,P010,1,279.0,83.0,0.0
SYN-20250606-2-04,2025-06-06,P011,1,199.0,61.0,0.0
SYN-20250607-0-00,2025-06-07,P006,1,139.0,35.0,13.9
SYN-20250607-0-01,2025-06-07,P007,1,189.0,55.0,0.0
SYN-20250607-0-02,2025-06-07,P008,1,329.0,121.0,0.0
SYN-20250607-0-03,2025-06-07,P009,1,159.0,43.0,0.0
SYN-20250607-0-04,2025-06-07,P010,1,279.0,83.0,0.0
SYN-20250607-0-05,2025-06-07,P011,1,199.0,61.0,0.0
SYN-20250607-0-06,2025-06-07,P012,1,359.0,137.0,35.9
SYN-20250607-0-07,2025-06-07,P001,1,299.0,94.0,0.0
SYN-20250607-0-08,2025-06-07,P002,1,89.0,24.0,0.0
SYN-20250607-0-09,2025-06-07,P003,1,179.0,49.0,0.0
SYN-20250607-0-10,2025-06-07,P004,1,249.0,71.0,0.0
SYN-20250607-0-11,2025-06-07,P005,1,219.0,67.0,21.9
SYN-20250607-1-00,2025-06-07,P009,1,159.0,43.0,0.0
SYN-20250607-1-01,2025-06-07,P010,1,279.0,83.0,27.9
SYN-20250607-1-02,2025-06-07,P011,1,199.0,61.0,0.0
SYN-20250607-1-03,2025-06-07,P012,1,359.0,137.0,35.9
SYN-20250607-1-04,2025-06-07,P001,1,299.0,94.0,0.0
SYN-20250607-1-05,2025-06-07,P002,1,89.0,24.0,0.0
SYN-20250607-1-06,2025-06-07,P003,1,179.0,49.0,0.0
SYN-20250607-2-00,2025-06-07,P012,1,359.0,137.0,0.0
SYN-20250607-2-01,2025-06-07,P001,1,299.0,94.0,29.9
SYN-20250607-2-02,2025-06-07,P002,1,89.0,24.0,0.0
SYN-20250607-2-03,2025-06-07,P003,1,179.0,49.0,0.0
SYN-20250607-2-04,2025-06-07,P004,1,249.0,71.0,0.0
SYN-20250607-2-05,2025-06-07,P005,1,219.0,67.0,0.0
SYN-20250607-2-06,2025-06-07,P006,1,139.0,35.0,0.0
SYN-20250607-2-07,2025-06-07,P007,1,189.0,55.0,18.9
SYN-20250607-2-08,2025-06-07,P008,1,329.0,121.0,0.0
SYN-20250608-0-00,2025-06-08,P011,1,199.0,61.0,0.0
SYN-20250608-0-01,2025-06-08,P012,1,359.0,137.0,0.0
SYN-20250608-0-02,2025-06-08,P001,2,598.0,188.0,0.0
SYN-20250608-0-03,2025-06-08,P002,1,89.0,24.0,0.0
SYN-20250608-0-04,2025-06-08,P003,1,179.0,49.0,0.0
SYN-20250608-0-05,2025-06-08,P004,1,249.0,71.0,24.9
SYN-20250608-1-00,2025-06-08,P002,1,89.0,24.0,0.0
SYN-20250608-1-01,2025-06-08,P003,1,179.0,49.0,17.9
SYN-20250608-1-02,2025-06-08,P004,1,249.0,71.0,0.0
SYN-20250608-1-03,2025-06-08,P005,1,219.0,67.0,21.9
SYN-20250608-1-04,2025-06-08,P006,1,139.0,35.0,0.0
SYN-20250608-2-00,2025-06-08,P005,1,219.0,67.0,0.0
SYN-20250608-2-01,2025-06-08,P006,1,139.0,35.0,0.0
SYN-20250608-2-02,2025-06-08,P007,1,189.0,55.0,0.0
SYN-20250608-2-03,2025-06-08,P008,1,329.0,121.0,0.0
SYN-20250608-2-04,2025-06-08,P009,1,159.0,43.0,0.0
SYN-20250608-2-05,2025-06-08,P010,2,558.0,166.0,0.0
SYN-20250609-0-00,2025-06-09,P004,1,249.0,71.0,0.0
SYN-20250609-0-01,2025-06-09,P005,1,219.0,67.0,0.0
SYN-20250609-0-02,2025-06-09,P006,1,139.0,35.0,0.0
SYN-20250609-0-03,2025-06-09,P007,1,189.0,55.0,0.0
SYN-20250609-0-04,2025-06-09,P008,1,329.0,121.0,0.0
SYN-20250609-1-00,2025-06-09,P007,1,189.0,55.0,0.0
SYN-20250609-1-01,2025-06-09,P008,1,329.0,121.0,0.0
SYN-20250609-1-02,2025-06-09,P009,1,159.0,43.0,0.0
SYN-20250609-1-03,2025-06-09,P010,1,279.0,83.0,27.9
SYN-20250609-1-04,2025-06-09,P011,2,398.0,122.0,0.0
SYN-20250609-1-05,2025-06-09,P012,1,359.0,137.0,0.0
SYN-20250609-1-06,2025-06-09,P001,1,299.0,94.0,29.9
SYN-20250609-1-07,2025-06-09,P002,1,89.0,24.0,8.9
SYN-20250609-2-00,2025-06-09,P010,1,279.0,83.0,0.0
SYN-20250609-2-01,2025-06-09,P011,1,199.0,61.0,0.0
SYN-20250609-2-02,2025-06-09,P012,1,359.0,137.0,0.0
SYN-20250610-0-00,2025-06-10,P009,1,159.0,43.0,0.0
SYN-20250610-0-01,2025-06-10,P010,1,279.0,83.0,0.0
SYN-20250610-0-02,2025-06-10,P011,1,199.0,61.0,0.0
SYN-20250610-0-03,2025-06-10,P012,1,359.0,137.0,0.0
SYN-20250610-0-04,2025-06-10,P001,1,299.0,94.0,29.9
SYN-20250610-0-05,2025-06-10,P002,1,89.0,24.0,0.0
SYN-20250610-0-06,2025-06-10,P003,1,179.0,49.0,0.0
SYN-20250610-1-00,2025-06-10,P012,1,359.0,137.0,0.0
SYN-20250610-1-01,2025-06-10,P001,1,299.0,94.0,29.9
SYN-20250610-1-02,2025-06-10,P002,1,89.0,24.0,0.0
SYN-20250610-1-03,2025-06-10,P003,1,179.0,49.0,0.0
SYN-20250610-1-04,2025-06-10,P004,1,249.0,71.0,0.0
SYN-20250610-2-00,2025-06-10,P003,1,179.0,49.0,0.0
SYN-20250610-2-01,2025-06-10,P004,1,249.0,71.0,0.0
SYN-20250610-2-02,2025-06-10,P005,1,219.0,67.0,0.0
SYN-20250610-2-03,2025-06-10,P006,1,139.0,35.0,0.0
SYN-20250610-2-04,2025-06-10,P007,1,189.0,55.0,18.9
SYN-20250610-2-05,2025-06-10,P008,1,329.0,121.0,32.9
SYN-20250610-2-06,2025-06-10,P009,1,159.0,43.0,0.0
SYN-20250610-2-07,2025-06-10,P010,2,558.0,166.0,0.0
SYN-20250610-2-08,2025-06-10,P011,1,199.0,61.0,0.0
SYN-20250611-0-00,2025-06-11,P002,1,89.0,24.0,0.0
SYN-20250611-0-01,2025-06-11,P003,1,179.0,49.0,0.0
SYN-20250611-0-02,2025-06-11,P004,1,249.0,71.0,0.0
SYN-20250611-0-03,2025-06-11,P005,1,219.0,67.0,0.0
SYN-20250611-0-04,2025-06-11,P006,1,139.0,35.0,0.0
SYN-20250611-0-05,2025-06-11,P007,1,189.0,55.0,0.0
SYN-20250611-0-06,2025-06-11,P008,1,329.0,121.0,0.0
SYN-20250611-1-00,2025-06-11,P005,1,219.0,67.0,0.0
SYN-20250611-1-01,2025-06-11,P006,1,139.0,35.0,0.0
SYN-20250611-1-02,2025-06-11,P007,1,189.0,55.0,18.9
SYN-20250611-1-03,2025-06-11,P008,1,329.0,121.0,0.0
SYN-20250611-2-00,2025-06-11,P008,1,329.0,121.0,0.0
SYN-20250611-2-01,2025-06-11,P009,1,159.0,43.0,0.0
SYN-20250611-2-02,2025-06-11,P010,1,279.0,83.0,27.9
SYN-20250612-0-00,2025-06-12,P007,1,189.0,55.0,18.9
SYN-20250612-0-01,2025-06-12,P008,1,329.0,121.0,0.0
SYN-20250612-0-02,2025-06-12,P009,2,318.0,86.0,0.0
SYN-20250612-0-03,2025-06-12,P010,1,279.0,83.0,0.0
SYN-20250612-0-04,2025-06-12,P011,1,199.0,61.0,0.0
SYN-20250612-0-05,2025-06-12,P012,1,359.0,137.0,0.0
SYN-20250612-0-06,2025-06-12,P001,2,598.0,188.0,59.8
SYN-20250612-0-07,2025-06-12,P002,1,89.0,24.0,0.0
SYN-20250612-0-08,2025-06-12,P003,1,179.0,49.0,0.0
SYN-20250612-0-09,2025-06-12,P004,1,249.0,71.0,0.0
SYN-20250612-0-10,2025-06-12,P005,1,219.0,67.0,0.0
SYN-20250612-1-00,2025-06-12,P010,1,279.0,83.0,0.0
SYN-20250612-1-01,2025-06-12,P011,2,398.0,122.0,39.8
SYN-20250612-1-02,2025-06-12,P012,1,359.0,137.0,0.0
SYN-20250612-1-03,2025-06-12,P001,1,299.0,94.0,0.0
SYN-20250612-1-04,2025-06-12,P002,1,89.0,24.0,0.0
SYN-20250612-1-05,2025-06-12,P003,1,179.0,49.0,0.0
SYN-20250612-1-06,2025-06-12,P004,1,249.0,71.0,0.0
SYN-20250612-1-07,2025-06-12,P005,1,219.0,67.0,21.9
SYN-20250612-1-08,2025-06-12,P006,1,139.0,35.0,0.0
SYN-20250612-1-09,2025-06-12,P007,1,189.0,55.0,0.0
SYN-20250612-2-00,2025-06-12,P001,1,299.0,94.0,0.0
SYN-20250612-2-01,2025-06-12,P002,1,89.0,24.0,0.0
SYN-20250612-2-02,2025-06-12,P003,2,358.0,98.0,0.0
SYN-20250612-2-03,2025-06-12,P004,1,249.0,71.0,0.0
SYN-20250612-2-04,2025-06-12,P005,1,219.0,67.0,0.0
SYN-20250612-2-05,2025-06-12,P006,1,139.0,35.0,0.0
SYN-20250612-2-06,2025-06-12,P007,1,189.0,55.0,0.0
SYN-20250613-0-00,2025-06-13,P012,2,718.0,274.0,0.0
SYN-20250613-0-01,2025-06-13,P001,1,299.0,94.0,0.0
SYN-20250613-0-02,2025-06-13,P002,1,89.0,24.0,8.9
SYN-20250613-0-03,2025-06-13,P003,1,179.0,49.0,0.0
SYN-20250613-0-04,2025-06-13,P004,1,249.0,71.0,24.9
SYN-20250613-0-05,2025-06-13,P005,1,219.0,67.0,21.9
SYN-20250613-0-06,2025-06-13,P006,1,139.0,35.0,0.0
SYN-20250613-0-07,2025-06-13,P007,1,189.0,55.0,0.0
SYN-20250613-0-08,2025-06-13,P008,1,329.0,121.0,32.9
SYN-20250613-0-09,2025-06-13,P009,1,159.0,43.0,15.9
SYN-20250613-1-00,2025-06-13,P003,1,179.0,49.0,0.0
SYN-20250613-1-01,2025-06-13,P004,1,249.0,71.0,0.0
SYN-20250613-1-02,2025-06-13,P005,1,219.0,67.0,0.0
SYN-20250613-1-03,2025-06-13,P006,2,278.0,70.0,0.0
SYN-20250613-1-04,2025-06-13,P007,1,189.0,55.0,18.9
SYN-20250613-1-05,2025-06-13,P008,1,329.0,121.0,0.0
SYN-20250613-1-06,2025-06-13,P009,1,159.0,43.0,0.0
SYN-20250613-1-07,2025-06-13,P010,1,279.0,83.0,27.9
SYN-20250613-1-08,2025-06-13,P011,1,199.0,61.0,0.0
SYN-20250613-1-09,2025-06-13,P012,1,359.0,137.0,0.0
SYN-20250613-2-00,2025-06-13,P006,1,139.0,35.0,0.0
SYN-20250613-2-01,2025-06-13,P007,1,189.0,55.0,0.0
SYN-20250613-2-02,2025-06-13,P008,1,329.0,121.0,0.0
SYN-20250613-2-03,2025-06-13,P009,1,159.0,43.0,0.0
SYN-20250613-2-04,2025-06-13,P010,2,558.0,166.0,0.0
SYN-20250613-2-05,2025-06-13,P011,1,199.0,61.0,0.0
SYN-20250613-2-06,2025-06-13,P012,1,359.0,137.0,0.0
SYN-20250613-2-07,2025-06-13,P001,1,299.0,94.0,0.0
SYN-20250613-2-08,2025-06-13,P002,1,89.0,24.0,0.0
SYN-20250613-2-09,2025-06-13,P003,1,179.0,49.0,17.9
SYN-20250613-2-10,2025-06-13,P004,1,249.0,71.0,24.9
SYN-20250613-2-11,2025-06-13,P005,1,219.0,67.0,0.0
SYN-20250613-2-12,2025-06-13,P006,1,139.0,35.0,13.9
SYN-20250613-2-13,2025-06-13,P007,1,189.0,55.0,0.0
SYN-20250613-2-14,2025-06-13,P008,1,329.0,121.0,32.9
SYN-20250613-2-15,2025-06-13,P009,1,159.0,43.0,0.0
SYN-20250613-2-16,2025-06-13,P010,1,279.0,83.0,27.9
SYN-20250613-2-17,2025-06-13,P011,1,199.0,61.0,0.0
SYN-20250613-2-18,2025-06-13,P012,1,359.0,137.0,35.9
SYN-20250614-0-00,2025-06-14,P005,1,219.0,67.0,21.9
SYN-20250614-0-01,2025-06-14,P006,1,139.0,35.0,13.9
SYN-20250614-0-02,2025-06-14,P007,1,189.0,55.0,18.9
SYN-20250614-0-03,2025-06-14,P008,1,329.0,121.0,0.0
SYN-20250614-0-04,2025-06-14,P009,1,159.0,43.0,15.9
SYN-20250614-1-00,2025-06-14,P008,1,329.0,121.0,0.0
SYN-20250614-1-01,2025-06-14,P009,1,159.0,43.0,15.9
SYN-20250614-1-02,2025-06-14,P010,1,279.0,83.0,0.0
SYN-20250614-1-03,2025-06-14,P011,1,199.0,61.0,0.0
SYN-20250614-1-04,2025-06-14,P012,1,359.0,137.0,0.0
SYN-20250614-1-05,2025-06-14,P001,1,299.0,94.0,0.0
SYN-20250614-1-06,2025-06-14,P002,1,89.0,24.0,0.0
SYN-20250614-1-07,2025-06-14,P003,1,179.0,49.0,0.0
SYN-20250614-2-00,2025-06-14,P011,1,199.0,61.0,0.0
SYN-20250614-2-01,2025-06-14,P012,1,359.0,137.0,35.9
SYN-20250614-2-02,2025-06-14,P001,2,598.0,188.0,0.0
SYN-20250614-2-03,2025-06-14,P002,1,89.0,24.0,0.0
SYN-20250614-2-04,2025-06-14,P003,1,179.0,49.0,0.0
SYN-20250614-2-05,2025-06-14,P004,1,249.0,71.0,24.9
SYN-20250614-2-06,2025-06-14,P005,1,219.0,67.0,0.0
SYN-20250614-2-07,2025-06-14,P006,1,139.0,35.0,0.0
SYN-20250614-2-08,2025-06-14,P007,1,189.0,55.0,18.9
SYN-20250614-2-09,2025-06-14,P008,1,329.0,121.0,32.9
SYN-20250614-2-10,2025-06-14,P009,1,159.0,43.0,0.0
SYN-20250614-2-11,2025-06-14,P010,1,279.0,83.0,0.0
SYN-20250614-2-12,2025-06-14,P011,2,398.0,122.0,39.8
SYN-20250615-0-00,2025-06-15,P010,1,279.0,83.0,27.9
SYN-20250615-0-01,2025-06-15,P011,1,199.0,61.0,19.9
SYN-20250615-0-02,2025-06-15,P012,2,718.0,274.0,0.0
SYN-20250615-0-03,2025-06-15,P001,1,299.0,94.0,0.0
SYN-20250615-0-04,2025-06-15,P002,1,89.0,24.0,0.0
SYN-20250615-0-05,2025-06-15,P003,1,179.0,49.0,0.0
SYN-20250615-0-06,2025-06-15,P004,1,249.0,71.0,0.0
SYN-20250615-0-07,2025-06-15,P005,1,219.0,67.0,0.0
SYN-20250615-0-08,2025-06-15,P006,1,139.0,35.0,0.0
SYN-20250615-0-09,2025-06-15,P007,1,189.0,55.0,0.0
SYN-20250615-0-10,2025-06-15,P008,1,329.0,121.0,32.9
SYN-20250615-0-11,2025-06-15,P009,1,159.0,43.0,0.0
SYN-20250615-0-12,2025-06-15,P010,1,279.0,83.0,0.0
SYN-20250615-0-13,2025-06-15,P011,1,199.0,61.0,0.0
SYN-20250615-1-00,2025-06-15,P001,2,598.0,188.0,0.0
SYN-20250615-1-01,2025-06-15,P002,1,89.0,24.0,8.9
SYN-20250615-1-02,2025-06-15,P003,1,179.0,49.0,0.0
SYN-20250615-1-03,2025-06-15,P004,1,249.0,71.0,0.0
SYN-20250615-1-04,2025-06-15,P005,1,219.0,67.0,0.0
SYN-20250615-1-05,2025-06-15,P006,2,278.0,70.0,0.0
SYN-20250615-1-06,2025-06-15,P007,1,189.0,55.0,0.0
SYN-20250615-1-07,2025-06-15,P008,1,329.0,121.0,0.0
SYN-20250615-1-08,2025-06-15,P009,1,159.0,43.0,15.9
SYN-20250615-1-09,2025-06-15,P010,1,279.0,83.0,0.0
SYN-20250615-1-10,2025-06-15,P011,1,199.0,61.0,19.9
SYN-20250615-2-00,2025-06-15,P004,1,249.0,71.0,24.9
SYN-20250615-2-01,2025-06-15,P005,1,219.0,67.0,21.9
SYN-20250615-2-02,2025-06-15,P006,1,139.0,35.0,0.0
SYN-20250615-2-03,2025-06-15,P007,1,189.0,55.0,18.9
SYN-20250615-2-04,2025-06-15,P008,1,329.0,121.0,0.0
SYN-20250615-2-05,2025-06-15,P009,2,318.0,86.0,0.0
SYN-20250615-2-06,2025-06-15,P010,1,279.0,83.0,0.0
SYN-20250615-2-07,2025-06-15,P011,1,199.0,61.0,0.0
SYN-20250615-2-08,2025-06-15,P012,1,359.0,137.0,0.0
SYN-20250616-0-00,2025-06-16,P003,1,179.0,49.0,0.0
SYN-20250616-0-01,2025-06-16,P004,1,249.0,71.0,0.0
SYN-20250616-0-02,2025-06-16,P005,1,219.0,67.0,0.0
SYN-20250616-0-03,2025-06-16,P006,1,139.0,35.0,0.0
SYN-20250616-0-04,2025-06-16,P007,1,189.0,55.0,0.0
SYN-20250616-0-05,2025-06-16,P008,1,329.0,121.0,32.9
SYN-20250616-0-06,2025-06-16,P009,1,159.0,43.0,0.0
SYN-20250616-0-07,2025-06-16,P010,1,279.0,83.0,0.0
SYN-20250616-1-00,2025-06-16,P006,1,139.0,35.0,0.0
SYN-20250616-1-01,2025-06-16,P007,2,378.0,110.0,0.0
SYN-20250616-1-02,2025-06-16,P008,1,329.0,121.0,0.0
SYN-20250616-1-03,2025-06-16,P009,1,159.0,43.0,15.9
SYN-20250616-1-04,2025-06-16,P010,1,279.0,83.0,0.0
SYN-20250616-2-00,2025-06-16,P009,1,159.0,43.0,15.9
SYN-20250616-2-01,2025-06-16,P010,1,279.0,83.0,0.0
SYN-20250616-2-02,2025-06-16,P011,1,199.0,61.0,0.0
SYN-20250617-0-00,2025-06-17,P008,1,329.0,121.0,0.0
SYN-20250617-0-01,2025-06-17,P009,1,159.0,43.0,0.0
SYN-20250617-0-02,2025-06-17,P010,1,279.0,83.0,0.0
SYN-20250617-0-03,2025-06-17,P011,1,199.0,61.0,19.9
SYN-20250617-0-04,2025-06-17,P012,1,359.0,137.0,35.9
SYN-20250617-0-05,2025-06-17,P001,1,299.0,94.0,29.9
SYN-20250617-0-06,2025-06-17,P002,1,89.0,24.0,8.9
SYN-20250617-0-07,2025-06-17,P003,2,358.0,98.0,0.0
SYN-20250617-0-08,2025-06-17,P004,1,249.0,71.0,0.0
SYN-20250617-0-09,2025-06-17,P005,1,219.0,67.0,21.9
SYN-20250617-0-10,2025-06-17,P006,1,139.0,35.0,0.0
SYN-20250617-0-11,2025-06-17,P007,1,189.0,55.0,0.0
SYN-20250617-1-00,2025-06-17,P011,1,199.0,61.0,0.0
SYN-20250617-1-01,2025-06-17,P012,1,359.0,137.0,0.0
SYN-20250617-1-02,2025-06-17,P001,1,299.0,94.0,29.9
SYN-20250617-1-03,2025-06-17,P002,1,89.0,24.0,0.0
SYN-20250617-1-04,2025-06-17,P003,1,179.0,49.0,17.9
SYN-20250617-2-00,2025-06-17,P002,1,89.0,24.0,0.0
SYN-20250617-2-01,2025-06-17,P003,1,179.0,49.0,0.0
SYN-20250617-2-02,2025-06-17,P004,1,249.0,71.0,24.9
SYN-20250617-2-03,2025-06-17,P005,1,219.0,67.0,0.0
SYN-20250617-2-04,2025-06-17,P006,1,139.0,35.0,0.0
SYN-20250618-0-00,2025-06-18,P001,1,299.0,94.0,29.9
SYN-20250618-0-01,2025-06-18,P002,1,89.0,24.0,0.0
SYN-20250618-0-02,2025-06-18,P003,2,358.0,98.0,0.0
SYN-20250618-0-03,2025-06-18,P004,2,498.0,142.0,0.0
SYN-20250618-0-04,2025-06-18,P005,1,219.0,67.0,0.0
SYN-20250618-0-05,2025-06-18,P006,1,139.0,35.0,0.0
SYN-20250618-0-06,2025-06-18,P007,1,189.0,55.0,18.9
SYN-20250618-0-07,2025-06-18,P008,1,329.0,121.0,0.0
SYN-20250618-0-08,2025-06-18,P009,1,159.0,43.0,0.0
SYN-20250618-1-00,2025-06-18,P004,1,249.0,71.0,0.0
SYN-20250618-1-01,2025-06-18,P005,1,219.0,67.0,21.9
SYN-20250618-1-02,2025-06-18,P006,1,139.0,35.0,0.0
SYN-20250618-1-03,2025-06-18,P007,1,189.0,55.0,0.0
SYN-20250618-1-04,2025-06-18,P008,1,329.0,121.0,0.0
SYN-20250618-1-05,2025-06-18,P009,1,159.0,43.0,15.9
SYN-20250618-1-06,2025-06-18,P010,1,279.0,83.0,0.0
SYN-20250618-1-07,2025-06-18,P011,1,199.0,61.0,0.0
SYN-20250618-2-00,2025-06-18,P007,1,189.0,55.0,0.0
SYN-20250618-2-01,2025-06-18,P008,1,329.0,121.0,0.0
SYN-20250618-2-02,2025-06-18,P009,1,159.0,43.0,0.0
SYN-20250618-2-03,2025-06-18,P010,1,279.0,83.0,0.0
SYN-20250618-2-04,2025-06-18,P011,1,199.0,61.0,19.9
SYN-20250618-2-05,2025-06-18,P012,1,359.0,137.0,0.0
SYN-20250618-2-06,2025-06-18,P001,1,299.0,94.0,0.0
SYN-20250619-0-00,2025-06-19,P006,1,139.0,35.0,0.0
SYN-20250619-0-01,2025-06-19,P007,1,189.0,55.0,0.0
SYN-20250619-0-02,2025-06-19,P008,1,329.0,121.0,32.9
SYN-20250619-0-03,2025-06-19,P009,1,159.0,43.0,0.0
SYN-20250619-0-04,2025-06-19,P010,2,558.0,166.0,0.0
SYN-20250619-0-05,2025-06-19,P011,1,199.0,61.0,19.9
SYN-20250619-1-00,2025-06-19,P009,1,159.0,43.0,15.9
SYN-20250619-1-01,2025-06-19,P010,1,279.0,83.0,0.0
SYN-20250619-1-02,2025-06-19,P011,1,199.0,61.0,19.9
SYN-20250619-1-03,2025-06-19,P012,1,359.0,137.0,0.0
SYN-20250619-1-04,2025-06-19,P001,1,299.0,94.0,0.0
SYN-20250619-1-05,2025-06-19,P002,1,89.0,24.0,0.0
SYN-20250619-1-06,2025-06-19,P003,1,179.0,49.0,0.0
SYN-20250619-2-00,2025-06-19,P012,1,359.0,137.0,0.0
SYN-20250619-2-01,2025-06-19,P001,1,299.0,94.0,0.0
SYN-20250619-2-02,2025-06-19,P002,1,89.0,24.0,0.0
SYN-20250619-2-03,2025-06-19,P003,1,179.0,49.0,0.0
SYN-20250619-2-04,2025-06-19,P004,1,249.0,71.0,24.9
SYN-20250619-2-05,2025-06-19,P005,2,438.0,134.0,43.8
SYN-20250619-2-06,2025-06-19,P006,1,139.0,35.0,13.9
SYN-20250620-0-00,2025-06-20,P011,1,199.0,61.0,0.0
SYN-20250620-0-01,2025-06-20,P012,1,359.0,137.0,0.0
SYN-20250620-0-02,2025-06-20,P001,1,299.0,94.0,0.0
SYN-20250620-0-03,2025-06-20,P002,1,89.0,24.0,0.0
SYN-20250620-0-04,2025-06-20,P003,1,179.0,49.0,0.0
SYN-20250620-0-05,2025-06-20,P004,1,249.0,71.0,0.0
SYN-20250620-0-06,2025-06-20,P005,1,219.0,67.0,0.0
SYN-20250620-0-07,2025-06-20,P006,1,139.0,35.0,0.0
SYN-20250620-0-08,2025-06-20,P007,1,189.0,55.0,0.0
SYN-20250620-0-09,2025-06-20,P008,1,329.0,121.0,0.0
SYN-20250620-0-10,2025-06-20,P009,1,159.0,43.0,15.9
SYN-20250620-0-11,2025-06-20,P010,1,279.0,83.0,0.0
SYN-20250620-0-12,2025-06-20,P011,1,199.0,61.0,0.0
SYN-20250620-0-13,2025-06-20,P012,1,359.0,137.0,0.0
SYN-20250620-0-14,2025-06-20,P001,1,299.0,94.0,0.0
SYN-20250620-0-15,2025-06-20,P002,1,89.0,24.0,8.9
SYN-20250620-1-00,2025-06-20,P002,1,89.0,24.0,8.9
SYN-20250620-1-01,2025-06-20,P003,1,179.0,49.0,0.0
SYN-20250620-1-02,2025-06-20,P004,1,249.0,71.0,24.9
SYN-20250620-1-03,2025-06-20,P005,1,219.0,67.0,0.0
SYN-20250620-1-04,2025-06-20,P006,1,139.0,35.0,13.9
SYN-20250620-1-05,2025-06-20,P007,1,189.0,55.0,0.0
SYN-20250620-1-06,2025-06-20,P008,1,329.0,121.0,0.0
SYN-20250620-2-00,2025-06-20,P005,1,219.0,67.0,0.0
SYN-20250620-2-01,2025-06-20,P006,1,139.0,35.0,0.0
SYN-20250620-2-02,2025-06-20,P007,1,189.0,55.0,18.9
SYN-20250620-2-03,2025-06-20,P008,1,329.0,121.0,0.0
SYN-20250620-2-04,2025-06-20,P009,1,159.0,43.0,0.0
SYN-20250620-2-05,2025-06-20,P010,1,279.0,83.0,0.0
SYN-20250620-2-06,2025-06-20,P011,1,199.0,61.0,0.0
SYN-20250620-2-07,2025-06-20,P012,1,359.0,137.0,0.0
SYN-20250620-2-08,2025-06-20,P001,1,299.0,94.0,0.0
SYN-20250620-2-09,2025-06-20,P002,2,178.0,48.0,17.8
SYN-20250620-2-10,2025-06-20,P003,1,179.0,49.0,17.9
SYN-20250620-2-11,2025-06-20,P004,1,249.0,71.0,0.0
SYN-20250620-2-12,2025-06-20,P005,1,219.0,67.0,0.0
SYN-20250621-0-00,2025-06-21,P004,1,249.0,71.0,0.0
SYN-20250621-0-01,2025-06-21,P005,1,219.0,67.0,0.0
SYN-20250621-0-02,2025-06-21,P006,1,139.0,35.0,0.0
SYN-20250621-0-03,2025-06-21,P007,2,378.0,110.0,0.0
SYN-20250621-1-00,2025-06-21,P007,1,189.0,55.0,0.0
SYN-20250621-1-01,2025-06-21,P008,1,329.0,121.0,0.0
SYN-20250621-1-02,2025-06-21,P009,1,159.0,43.0,0.0
SYN-20250621-1-03,2025-06-21,P010,1,279.0,83.0,0.0
SYN-20250621-1-04,2025-06-21,P011,1,199.0,61.0,0.0
SYN-20250621-1-05,2025-06-21,P012,2,718.0,274.0,0.0
SYN-20250621-1-06,2025-06-21,P001,1,299.0,94.0,0.0
SYN-20250621-1-07,2025-06-21,P002,2,178.0,48.0,0.0
SYN-20250621-2-00,2025-06-21,P010,1,279.0,83.0,27.9
SYN-20250621-2-01,2025-06-21,P011,2,398.0,122.0,39.8
SYN-20250621-2-02,2025-06-21,P012,1,359.0,137.0,0.0
SYN-20250621-2-03,2025-06-21,P001,1,299.0,94.0,0.0
SYN-20250621-2-04,2025-06-21,P002,1,89.0,24.0,8.9
SYN-20250621-2-05,2025-06-21,P003,2,358.0,98.0,0.0
SYN-20250621-2-06,2025-06-21,P004,1,249.0,71.0,24.9
SYN-20250621-2-07,2025-06-21,P005,1,219.0,67.0,0.0
SYN-20250621-2-08,2025-06-21,P006,1,139.0,35.0,0.0
SYN-20250622-0-00,2025-06-22,P009,1,159.0,43.0,0.0
SYN-20250622-0-01,2025-06-22,P010,1,279.0,83.0,0.0
SYN-20250622-0-02,2025-06-22,P011,1,199.0,61.0,0.0
SYN-20250622-0-03,2025-06-22,P012,1,359.0,137.0,0.0
SYN-20250622-0-04,2025-06-22,P001,2,598.0,188.0,0.0
SYN-20250622-0-05,2025-06-22,P002,1,89.0,24.0,0.0
SYN-20250622-0-06,2025-06-22,P003,1,179.0,49.0,17.9
SYN-20250622-0-07,2025-06-22,P004,1,249.0,71.0,0.0
SYN-20250622-1-00,2025-06-22,P012,1,359.0,137.0,0.0
SYN-20250622-1-01,2025-06-22,P001,1,299.0,94.0,0.0
SYN-20250622-1-02,2025-06-22,P002,2,178.0,48.0,0.0
SYN-20250622-1-03,2025-06-22,P003,1,179.0,49.0,0.0
SYN-20250622-1-04,2025-06-22,P004,1,249.0,71.0,24.9
SYN-20250622-1-05,2025-06-22,P005,1,219.0,67.0,0.0
SYN-20250622-2-00,2025-06-22,P003,1,179.0,49.0,17.9
SYN-20250622-2-01,2025-06-22,P004,1,249.0,71.0,0.0
SYN-20250622-2-02,2025-06-22,P005,2,438.0,134.0,0.0
SYN-20250622-2-03,2025-06-22,P006,1,139.0,35.0,0.0
SYN-20250622-2-04,2025-06-22,P007,1,189.0,55.0,18.9
SYN-20250622-2-05,2025-06-22,P008,1,329.0,121.0,0.0
SYN-20250623-0-00,2025-06-23,P002,1,89.0,24.0,8.9
SYN-20250623-0-01,2025-06-23,P003,1,179.0,49.0,0.0
SYN-20250623-0-02,2025-06-23,P004,1,249.0,71.0,0.0
SYN-20250623-0-03,2025-06-23,P005,1,219.0,67.0,0.0
SYN-20250623-0-04,2025-06-23,P006,1,139.0,35.0,0.0
SYN-20250623-0-05,2025-06-23,P007,1,189.0,55.0,18.9
SYN-20250623-1-00,2025-06-23,P005,1,219.0,67.0,21.9
SYN-20250623-1-01,2025-06-23,P006,1,139.0,35.0,0.0
SYN-20250623-1-02,2025-06-23,P007,1,189.0,55.0,0.0
SYN-20250623-1-03,2025-06-23,P008,1,329.0,121.0,0.0
SYN-20250623-1-04,2025-06-23,P009,1,159.0,43.0,0.0
SYN-20250623-1-05,2025-06-23,P010,1,279.0,83.0,27.9
SYN-20250623-1-06,2025-06-23,P011,1,199.0,61.0,19.9
SYN-20250623-1-07,2025-06-23,P012,1,359.0,137.0,0.0
SYN-20250623-1-08,2025-06-23,P001,1,299.0,94.0,29.9
SYN-20250623-1-09,2025-06-23,P002,1,89.0,24.0,0.0
SYN-20250623-2-00,2025-06-23,P008,1,329.0,121.0,0.0
SYN-20250623-2-01,2025-06-23,P009,2,318.0,86.0,0.0
SYN-20250623-2-02,2025-06-23,P010,1,279.0,83.0,0.0
SYN-20250623-2-03,2025-06-23,P011,1,199.0,61.0,0.0
SYN-20250623-2-04,2025-06-23,P012,2,718.0,274.0,71.8
SYN-20250623-2-05,2025-06-23,P001,1,299.0,94.0,29.9
SYN-20250623-2-06,2025-06-23,P002,1,89.0,24.0,0.0
SYN-20250624-0-00,2025-06-24,P007,1,189.0,55.0,0.0
SYN-20250624-0-01,2025-06-24,P008,1,329.0,121.0,32.9
SYN-20250624-0-02,2025-06-24,P009,1,159.0,43.0,0.0
SYN-20250624-0-03,2025-06-24,P010,1,279.0,83.0,0.0
SYN-20250624-0-04,2025-06-24,P011,1,199.0,61.0,0.0
SYN-20250624-0-05,2025-06-24,P012,1,359.0,137.0,35.9
SYN-20250624-1-00,2025-06-24,P010,2,558.0,166.0,0.0
SYN-20250624-1-01,2025-06-24,P011,1,199.0,61.0,0.0
SYN-20250624-1-02,2025-06-24,P012,1,359.0,137.0,0.0
SYN-20250624-1-03,2025-06-24,P001,1,299.0,94.0,0.0
SYN-20250624-1-04,2025-06-24,P002,1,89.0,24.0,0.0
SYN-20250624-1-05,2025-06-24,P003,1,179.0,49.0,0.0
SYN-20250624-2-00,2025-06-24,P001,1,299.0,94.0,0.0
SYN-20250624-2-01,2025-06-24,P002,1,89.0,24.0,8.9
SYN-20250624-2-02,2025-06-24,P003,1,179.0,49.0,17.9
SYN-20250624-2-03,2025-06-24,P004,1,249.0,71.0,0.0
SYN-20250624-2-04,2025-06-24,P005,1,219.0,67.0,0.0
SYN-20250624-2-05,2025-06-24,P006,1,139.0,35.0,0.0
SYN-20250624-2-06,2025-06-24,P007,1,189.0,55.0,18.9
SYN-20250624-2-07,2025-06-24,P008,1,329.0,121.0,0.0
SYN-20250624-2-08,2025-06-24,P009,1,159.0,43.0,0.0
SYN-20250624-2-09,2025-06-24,P010,1,279.0,83.0,0.0
SYN-20250625-0-00,2025-06-25,P012,1,359.0,137.0,0.0
SYN-20250625-0-01,2025-06-25,P001,1,299.0,94.0,0.0
SYN-20250625-0-02,2025-06-25,P002,1,89.0,24.0,8.9
SYN-20250625-0-03,2025-06-25,P003,1,179.0,49.0,0.0
SYN-20250625-0-04,2025-06-25,P004,1,249.0,71.0,0.0
SYN-20250625-0-05,2025-06-25,P005,1,219.0,67.0,0.0
SYN-20250625-0-06,2025-06-25,P006,1,139.0,35.0,0.0
SYN-20250625-0-07,2025-06-25,P007,1,189.0,55.0,0.0
SYN-20250625-1-00,2025-06-25,P003,1,179.0,49.0,0.0
SYN-20250625-1-01,2025-06-25,P004,1,249.0,71.0,24.9
SYN-20250625-1-02,2025-06-25,P005,1,219.0,67.0,21.9
SYN-20250625-1-03,2025-06-25,P006,1,139.0,35.0,0.0
SYN-20250625-1-04,2025-06-25,P007,1,189.0,55.0,0.0
SYN-20250625-1-05,2025-06-25,P008,1,329.0,121.0,0.0
SYN-20250625-1-06,2025-06-25,P009,1,159.0,43.0,0.0
SYN-20250625-1-07,2025-06-25,P010,1,279.0,83.0,0.0
SYN-20250625-1-08,2025-06-25,P011,1,199.0,61.0,0.0
SYN-20250625-1-09,2025-06-25,P012,1,359.0,137.0,0.0
SYN-20250625-1-10,2025-06-25,P001,1,299.0,94.0,29.9
SYN-20250625-2-00,2025-06-25,P006,1,139.0,35.0,0.0
SYN-20250625-2-01,2025-06-25,P007,1,189.0,55.0,18.9
SYN-20250625-2-02,2025-06-25,P008,1,329.0,121.0,0.0
SYN-20250625-2-03,2025-06-25,P009,1,159.0,43.0,0.0
SYN-20250625-2-04,2025-06-25,P010,1,279.0,83.0,0.0
SYN-20250625-2-05,2025-06-25,P011,2,398.0,122.0,0.0
SYN-20250625-2-06,2025-06-25,P012,1,359.0,137.0,35.9
SYN-20250625-2-07,2025-06-25,P001,1,299.0,94.0,0.0
SYN-20250625-2-08,2025-06-25,P002,1,89.0,24.0,0.0
SYN-20250625-2-09,2025-06-25,P003,1,179.0,49.0,0.0
SYN-20250625-2-10,2025-06-25,P004,1,249.0,71.0,0.0
SYN-20250625-2-11,2025-06-25,P005,1,219.0,67.0,21.9
SYN-20250625-2-12,2025-06-25,P006,1,139.0,35.0,13.9
SYN-20250625-2-13,2025-06-25,P007,1,189.0,55.0,18.9
SYN-20250626-0-00,2025-06-26,P005,1,219.0,67.0,0.0
SYN-20250626-0-01,2025-06-26,P006,1,139.0,35.0,0.0
SYN-20250626-0-02,2025-06-26,P007,1,189.0,55.0,18.9
SYN-20250626-0-03,2025-06-26,P008,1,329.0,121.0,32.9
SYN-20250626-0-04,2025-06-26,P009,2,318.0,86.0,0.0
SYN-20250626-0-05,2025-06-26,P010,1,279.0,83.0,27.9
SYN-20250626-0-06,2025-06-26,P011,1,199.0,61.0,19.9
SYN-20250626-1-00,2025-06-26,P008,1,329.0,121.0,32.9
SYN-20250626-1-01,2025-06-26,P009,1,159.0,43.0,0.0
SYN-20250626-1-02,2025-06-26,P010,1,279.0,83.0,0.0
SYN-20250626-1-03,2025-06-26,P011,1,199.0,61.0,0.0
SYN-20250626-1-04,2025-06-26,P012,1,359.0,137.0,0.0
SYN-20250626-1-05,2025-06-26,P001,1,299.0,94.0,0.0
SYN-20250626-2-00,2025-06-26,P011,1,199.0,61.0,0.0
SYN-20250626-2-01,2025-06-26,P012,1,359.0,137.0,0.0
SYN-20250626-2-02,2025-06-26,P001,1,299.0,94.0,29.9
SYN-20250626-2-03,2025-06-26,P002,1,89.0,24.0,0.0
SYN-20250626-2-04,2025-06-26,P003,1,179.0,49.0,0.0
SYN-20250627-0-00,2025-06-27,P010,1,279.0,83.0,0.0
SYN-20250627-0-01,2025-06-27,P011,1,199.0,61.0,0.0
SYN-20250627-0-02,2025-06-27,P012,1,359.0,137.0,0.0
SYN-20250627-0-03,2025-06-27,P001,1,299.0,94.0,0.0
SYN-20250627-1-00,2025-06-27,P001,1,299.0,94.0,0.0
SYN-20250627-1-01,2025-06-27,P002,2,178.0,48.0,0.0
SYN-20250627-1-02,2025-06-27,P003,1,179.0,49.0,0.0
SYN-20250627-1-03,2025-06-27,P004,1,249.0,71.0,0.0
SYN-20250627-1-04,2025-06-27,P005,1,219.0,67.0,0.0
SYN-20250627-1-05,2025-06-27,P006,1,139.0,35.0,0.0
SYN-20250627-2-00,2025-06-27,P004,1,249.0,71.0,24.9
SYN-20250627-2-01,2025-06-27,P005,1,219.0,67.0,0.0
SYN-20250627-2-02,2025-06-27,P006,2,278.0,70.0,0.0
SYN-20250627-2-03,2025-06-27,P007,1,189.0,55.0,0.0
SYN-20250627-2-04,2025-06-27,P008,1,329.0,121.0,32.9
SYN-20250627-2-05,2025-06-27,P009,1,159.0,43.0,0.0
SYN-20250627-2-06,2025-06-27,P010,1,279.0,83.0,0.0
SYN-20250628-0-00,2025-06-28,P003,1,179.0,49.0,0.0
SYN-20250628-0-01,2025-06-28,P004,1,249.0,71.0,0.0
SYN-20250628-0-02,2025-06-28,P005,1,219.0,67.0,21.9
SYN-20250628-0-03,2025-06-28,P006,1,139.0,35.0,0.0
SYN-20250628-0-04,2025-06-28,P007,1,189.0,55.0,0.0
SYN-20250628-0-05,2025-06-28,P008,1,329.0,121.0,0.0
SYN-20250628-0-06,2025-06-28,P009,1,159.0,43.0,0.0
SYN-20250628-0-07,2025-06-28,P010,1,279.0,83.0,0.0
SYN-20250628-0-08,2025-06-28,P011,1,199.0,61.0,0.0
SYN-20250628-1-00,2025-06-28,P006,1,139.0,35.0,0.0
SYN-20250628-1-01,2025-06-28,P007,1,189.0,55.0,0.0
SYN-20250628-1-02,2025-06-28,P008,1,329.0,121.0,32.9
SYN-20250628-1-03,2025-06-28,P009,2,318.0,86.0,31.8
SYN-20250628-1-04,2025-06-28,P010,2,558.0,166.0,55.8
SYN-20250628-1-05,2025-06-28,P011,1,199.0,61.0,0.0
SYN-20250628-1-06,2025-06-28,P012,1,359.0,137.0,0.0
SYN-20250628-1-07,2025-06-28,P001,1,299.0,94.0,0.0
SYN-20250628-1-08,2025-06-28,P002,1,89.0,24.0,0.0
SYN-20250628-1-09,2025-06-28,P003,1,179.0,49.0,0.0
SYN-20250628-1-10,2025-06-28,P004,2,498.0,142.0,0.0
SYN-20250628-1-11,2025-06-28,P005,2,438.0,134.0,43.8
SYN-20250628-2-00,2025-06-28,P009,1,159.0,43.0,0.0
SYN-20250628-2-01,2025-06-28,P010,2,558.0,166.0,0.0
SYN-20250628-2-02,2025-06-28,P011,1,199.0,61.0,0.0
SYN-20250628-2-03,2025-06-28,P012,1,359.0,137.0,35.9
SYN-20250629-0-00,2025-06-29,P008,1,329.0,121.0,32.9
SYN-20250629-0-01,2025-06-29,P009,2,318.0,86.0,31.8
SYN-20250629-0-02,2025-06-29,P010,1,279.0,83.0,0.0
SYN-20250629-0-03,2025-06-29,P011,1,199.0,61.0,0.0
SYN-20250629-0-04,2025-06-29,P012,2,718.0,274.0,0.0
SYN-20250629-0-05,2025-06-29,P001,1,299.0,94.0,29.9
SYN-20250629-1-00,2025-06-29,P011,2,398.0,122.0,0.0
SYN-20250629-1-01,2025-06-29,P012,1,359.0,137.0,0.0
SYN-20250629-1-02,2025-06-29,P001,1,299.0,94.0,0.0
SYN-20250629-1-03,2025-06-29,P002,1,89.0,24.0,0.0
SYN-20250629-1-04,2025-06-29,P003,1,179.0,49.0,0.0
SYN-20250629-1-05,2025-06-29,P004,1,249.0,71.0,0.0
SYN-20250629-2-00,2025-06-29,P002,1,89.0,24.0,8.9
SYN-20250629-2-01,2025-06-29,P003,1,179.0,49.0,0.0
SYN-20250629-2-02,2025-06-29,P004,1,249.0,71.0,0.0
SYN-20250629-2-03,2025-06-29,P005,2,438.0,134.0,0.0
SYN-20250629-2-04,2025-06-29,P006,1,139.0,35.0,0.0
SYN-20250629-2-05,2025-06-29,P007,1,189.0,55.0,18.9
SYN-20250629-2-06,2025-06-29,P008,1,329.0,121.0,0.0
SYN-20250629-2-07,2025-06-29,P009,1,159.0,43.0,0.0
SYN-20250630-0-00,2025-06-30,P001,1,299.0,94.0,0.0
SYN-20250630-0-01,2025-06-30,P002,1,89.0,24.0,8.9
SYN-20250630-0-02,2025-06-30,P003,1,179.0,49.0,0.0
SYN-20250630-0-03,2025-06-30,P004,1,249.0,71.0,0.0
SYN-20250630-0-04,2025-06-30,P005,1,219.0,67.0,0.0
SYN-20250630-0-05,2025-06-30,P006,1,139.0,35.0,0.0
SYN-20250630-0-06,2025-06-30,P007,1,189.0,55.0,0.0
SYN-20250630-0-07,2025-06-30,P008,2,658.0,242.0,0.0
SYN-20250630-0-08,2025-06-30,P009,2,318.0,86.0,0.0
SYN-20250630-1-00,2025-06-30,P004,1,249.0,71.0,0.0
SYN-20250630-1-01,2025-06-30,P005,1,219.0,67.0,21.9
SYN-20250630-1-02,2025-06-30,P006,1,139.0,35.0,0.0
SYN-20250630-1-03,2025-06-30,P007,1,189.0,55.0,0.0
SYN-20250630-1-04,2025-06-30,P008,1,329.0,121.0,0.0
SYN-20250630-1-05,2025-06-30,P009,1,159.0,43.0,0.0
SYN-20250630-1-06,2025-06-30,P010,1,279.0,83.0,0.0
SYN-20250630-1-07,2025-06-30,P011,1,199.0,61.0,19.9
SYN-20250630-1-08,2025-06-30,P012,1,359.0,137.0,0.0
SYN-20250630-1-09,2025-06-30,P001,1,299.0,94.0,29.9
SYN-20250630-1-10,2025-06-30,P002,1,89.0,24.0,0.0
SYN-20250630-2-00,2025-06-30,P007,1,189.0,55.0,0.0
SYN-20250630-2-01,2025-06-30,P008,1,329.0,121.0,0.0
SYN-20250630-2-02,2025-06-30,P009,2,318.0,86.0,0.0
SYN-20250630-2-03,2025-06-30,P010,1,279.0,83.0,0.0
SYN-20250630-2-04,2025-06-30,P011,1,199.0,61.0,0.0
SYN-20250630-2-05,2025-06-30,P012,1,359.0,137.0,0.0
SYN-20250701-0-00,2025-07-01,P006,1,139.0,35.0,0.0
SYN-20250701-0-01,2025-07-01,P007,1,189.0,55.0,0.0
SYN-20250701-0-02,2025-07-01,P008,2,658.0,242.0,65.8
SYN-20250701-0-03,2025-07-01,P009,1,159.0,43.0,0.0
SYN-20250701-0-04,2025-07-01,P010,1,279.0,83.0,27.9
SYN-20250701-0-05,2025-07-01,P011,1,199.0,61.0,19.9
SYN-20250701-0-06,2025-07-01,P012,1,359.0,137.0,35.9
SYN-20250701-0-07,2025-07-01,P001,1,299.0,94.0,0.0
SYN-20250701-0-08,2025-07-01,P002,1,89.0,24.0,0.0
SYN-20250701-1-00,2025-07-01,P009,1,159.0,43.0,0.0
SYN-20250701-1-01,2025-07-01,P010,1,279.0,83.0,27.9
SYN-20250701-1-02,2025-07-01,P011,1,199.0,61.0,19.9
SYN-20250701-1-03,2025-07-01,P012,2,718.0,274.0,0.0
SYN-20250701-1-04,2025-07-01,P001,1,299.0,94.0,29.9
SYN-20250701-1-05,2025-07-01,P002,1,89.0,24.0,0.0
SYN-20250701-1-06,2025-07-01,P003,1,179.0,49.0,0.0
SYN-20250701-1-07,2025-07-01,P004,1,249.0,71.0,0.0
SYN-20250701-2-00,2025-07-01,P012,1,359.0,137.0,0.0
SYN-20250701-2-01,2025-07-01,P001,1,299.0,94.0,0.0
SYN-20250701-2-02,2025-07-01,P002,1,89.0,24.0,8.9
SYN-20250701-2-03,2025-07-01,P003,1,179.0,49.0,0.0
SYN-20250701-2-04,2025-07-01,P004,1,249.0,71.0,0.0
SYN-20250701-2-05,2025-07-01,P005,1,219.0,67.0,0.0
SYN-20250701-2-06,2025-07-01,P006,1,139.0,35.0,0.0
SYN-20250701-2-07,2025-07-01,P007,1,189.0,55.0,0.0
SYN-20250702-0-00,2025-07-02,P011,1,199.0,61.0,0.0
SYN-20250702-0-01,2025-07-02,P012,1,359.0,137.0,35.9
SYN-20250702-0-02,2025-07-02,P001,1,299.0,94.0,0.0
SYN-20250702-0-03,2025-07-02,P002,1,89.0,24.0,0.0
SYN-20250702-0-04,2025-07-02,P003,1,179.0,49.0,0.0
SYN-20250702-0-05,2025-07-02,P004,1,249.0,71.0,0.0
SYN-20250702-0-06,2025-07-02,P005,1,219.0,67.0,21.9
SYN-20250702-0-07,2025-07-02,P006,1,139.0,35.0,0.0
SYN-20250702-0-08,2025-07-02,P007,1,189.0,55.0,0.0
SYN-20250702-0-09,2025-07-02,P008,1,329.0,121.0,0.0
SYN-20250702-0-10,2025-07-02,P009,1,159.0,43.0,0.0
SYN-20250702-0-11,2025-07-02,P010,1,279.0,83.0,27.9
SYN-20250702-0-12,2025-07-02,P011,1,199.0,61.0,0.0
SYN-20250702-0-13,2025-07-02,P012,1,359.0,137.0,0.0
SYN-20250702-1-00,2025-07-02,P002,1,89.0,24.0,0.0
SYN-20250702-1-01,2025-07-02,P003,1,179.0,49.0,0.0
SYN-20250702-1-02,2025-07-02,P004,1,249.0,71.0,24.9
SYN-20250702-1-03,2025-07-02,P005,1,219.0,67.0,0.0
SYN-20250702-1-04,2025-07-02,P006,1,139.0,35.0,0.0
SYN-20250702-1-05,2025-07-02,P007,2,378.0,110.0,0.0
SYN-20250702-1-06,2025-07-02,P008,1,329.0,121.0,0.0
SYN-20250702-1-07,2025-07-02,P009,1,159.0,43.0,0.0
SYN-20250702-1-08,2025-07-02,P010,1,279.0,83.0,0.0
SYN-20250702-2-00,2025-07-02,P005,1,219.0,67.0,0.0
SYN-20250702-2-01,2025-07-02,P006,1,139.0,35.0,0.0
SYN-20250702-2-02,2025-07-02,P007,1,189.0,55.0,0.0
SYN-20250702-2-03,2025-07-02,P008,1,329.0,121.0,0.0
SYN-20250702-2-04,2025-07-02,P009,1,159.0,43.0,0.0
SYN-20250702-2-05,2025-07-02,P010,2,558.0,166.0,0.0
SYN-20250703-0-00,2025-07-03,P004,1,249.0,71.0,24.9
SYN-20250703-0-01,2025-07-03,P005,2,438.0,134.0,0.0
SYN-20250703-0-02,2025-07-03,P006,1,139.0,35.0,0.0
SYN-20250703-0-03,2025-07-03,P007,1,189.0,55.0,18.9
SYN-20250703-1-00,2025-07-03,P007,1,189.0,55.0,0.0
SYN-20250703-1-01,2025-07-03,P008,1,329.0,121.0,0.0
SYN-20250703-1-02,2025-07-03,P009,1,159.0,43.0,0.0
SYN-20250703-1-03,2025-07-03,P010,1,279.0,83.0,0.0
SYN-20250703-1-04,2025-07-03,P011,1,199.0,61.0,19.9
SYN-20250703-1-05,2025-07-03,P012,1,359.0,137.0,0.0
SYN-20250703-1-06,2025-07-03,P001,1,299.0,94.0,0.0
SYN-20250703-1-07,2025-07-03,P002,2,178.0,48.0,17.8
SYN-20250703-1-08,2025-07-03,P003,1,179.0,49.0,17.9
SYN-20250703-2-00,2025-07-03,P010,1,279.0,83.0,27.9
SYN-20250703-2-01,2025-07-03,P011,2,398.0,122.0,39.8
SYN-20250703-2-02,2025-07-03,P012,2,718.0,274.0,0.0
SYN-20250703-2-03,2025-07-03,P001,1,299.0,94.0,29.9
SYN-20250703-2-04,2025-07-03,P002,1,89.0,24.0,0.0
SYN-20250703-2-05,2025-07-03,P003,1,179.0,49.0,17.9
SYN-20250703-2-06,2025-07-03,P004,1,249.0,71.0,0.0
SYN-20250703-2-07,2025-07-03,P005,1,219.0,67.0,0.0
SYN-20250703-2-08,2025-07-03,P006,1,139.0,35.0,0.0
SYN-20250703-2-09,2025-07-03,P007,1,189.0,55.0,18.9
SYN-20250704-0-00,2025-07-04,P009,1,159.0,43.0,0.0
SYN-20250704-0-01,2025-07-04,P010,1,279.0,83.0,0.0
SYN-20250704-0-02,2025-07-04,P011,1,199.0,61.0,0.0
SYN-20250704-0-03,2025-07-04,P012,1,359.0,137.0,0.0
SYN-20250704-0-04,2025-07-04,P001,1,299.0,94.0,29.9
SYN-20250704-0-05,2025-07-04,P002,1,89.0,24.0,0.0
SYN-20250704-0-06,2025-07-04,P003,1,179.0,49.0,0.0
SYN-20250704-0-07,2025-07-04,P004,1,249.0,71.0,0.0
SYN-20250704-1-00,2025-07-04,P012,1,359.0,137.0,0.0
SYN-20250704-1-01,2025-07-04,P001,1,299.0,94.0,0.0
SYN-20250704-1-02,2025-07-04,P002,1,89.0,24.0,8.9
SYN-20250704-1-03,2025-07-04,P003,1,179.0,49.0,0.0
SYN-20250704-1-04,2025-07-04,P004,1,249.0,71.0,0.0
SYN-20250704-1-05,2025-07-04,P005,1,219.0,67.0,0.0
SYN-20250704-1-06,2025-07-04,P006,1,139.0,35.0,13.9
SYN-20250704-2-00,2025-07-04,P003,1,179.0,49.0,0.0
SYN-20250704-2-01,2025-07-04,P004,1,249.0,71.0,0.0
SYN-20250704-2-02,2025-07-04,P005,1,219.0,67.0,0.0
SYN-20250704-2-03,2025-07-04,P006,1,139.0,35.0,0.0
SYN-20250704-2-04,2025-07-04,P007,1,189.0,55.0,18.9
SYN-20250704-2-05,2025-07-04,P008,1,329.0,121.0,0.0
SYN-20250704-2-06,2025-07-04,P009,1,159.0,43.0,0.0
SYN-20250704-2-07,2025-07-04,P010,1,279.0,83.0,0.0
SYN-20250704-2-08,2025-07-04,P011,1,199.0,61.0,19.9
SYN-20250704-2-09,2025-07-04,P012,1,359.0,137.0,35.9
SYN-20250704-2-10,2025-07-04,P001,1,299.0,94.0,0.0
SYN-20250704-2-11,2025-07-04,P002,1,89.0,24.0,0.0
SYN-20250704-2-12,2025-07-04,P003,1,179.0,49.0,0.0
SYN-20250704-2-13,2025-07-04,P004,1,249.0,71.0,0.0
SYN-20250704-2-14,2025-07-04,P005,1,219.0,67.0,0.0
SYN-20250705-0-00,2025-07-05,P002,1,89.0,24.0,8.9
SYN-20250705-0-01,2025-07-05,P003,1,179.0,49.0,0.0
SYN-20250705-0-02,2025-07-05,P004,1,249.0,71.0,24.9
SYN-20250705-0-03,2025-07-05,P005,1,219.0,67.0,0.0
SYN-20250705-0-04,2025-07-05,P006,1,139.0,35.0,0.0
SYN-20250705-0-05,2025-07-05,P007,1,189.0,55.0,0.0
SYN-20250705-0-06,2025-07-05,P008,1,329.0,121.0,0.0
SYN-20250705-0-07,2025-07-05,P009,1,159.0,43.0,0.0
SYN-20250705-0-08,2025-07-05,P010,1,279.0,83.0,0.0
SYN-20250705-0-09,2025-07-05,P011,1,199.0,61.0,19.9
SYN-20250705-0-10,2025-07-05,P012,1,359.0,137.0,0.0
SYN-20250705-1-00,2025-07-05,P005,1,219.0,67.0,0.0
SYN-20250705-1-01,2025-07-05,P006,1,139.0,35.0,0.0
SYN-20250705-1-02,2025-07-05,P007,1,189.0,55.0,18.9
SYN-20250705-1-03,2025-07-05,P008,2,658.0,242.0,0.0
SYN-20250705-1-04,2025-07-05,P009,1,159.0,43.0,0.0
SYN-20250705-1-05,2025-07-05,P010,1,279.0,83.0,0.0
SYN-20250705-1-06,2025-07-05,P011,1,199.0,61.0,0.0
SYN-20250705-1-07,2025-07-05,P012,2,718.0,274.0,0.0
SYN-20250705-1-08,2025-07-05,P001,1,299.0,94.0,0.0
SYN-20250705-1-09,2025-07-05,P002,1,89.0,24.0,0.0
SYN-20250705-2-00,2025-07-05,P008,2,658.0,242.0,0.0
SYN-20250705-2-01,2025-07-05,P009,1,159.0,43.0,15.9
SYN-20250705-2-02,2025-07-05,P010,1,279.0,83.0,0.0
SYN-20250705-2-03,2025-07-05,P011,1,199.0,61.0,0.0
SYN-20250705-2-04,2025-07-05,P012,1,359.0,137.0,35.9
SYN-20250705-2-05,2025-07-05,P001,1,299.0,94.0,29.9
SYN-20250705-2-06,2025-07-05,P002,1,89.0,24.0,0.0
SYN-20250705-2-07,2025-07-05,P003,1,179.0,49.0,0.0
SYN-20250705-2-08,2025-07-05,P004,1,249.0,71.0,0.0
SYN-20250706-0-00,2025-07-06,P007,1,189.0,55.0,18.9
SYN-20250706-0-01,2025-07-06,P008,1,329.0,121.0,0.0
SYN-20250706-0-02,2025-07-06,P009,1,159.0,43.0,15.9
SYN-20250706-0-03,2025-07-06,P010,1,279.0,83.0,0.0
SYN-20250706-0-04,2025-07-06,P011,1,199.0,61.0,0.0
SYN-20250706-0-05,2025-07-06,P012,2,718.0,274.0,0.0
SYN-20250706-0-06,2025-07-06,P001,1,299.0,94.0,29.9
SYN-20250706-1-00,2025-07-06,P010,2,558.0,166.0,0.0
SYN-20250706-1-01,2025-07-06,P011,1,199.0,61.0,0.0
SYN-20250706-1-02,2025-07-06,P012,1,359.0,137.0,35.9
SYN-20250706-1-03,2025-07-06,P001,1,299.0,94.0,0.0
SYN-20250706-2-00,2025-07-06,P001,1,299.0,94.0,0.0
SYN-20250706-2-01,2025-07-06,P002,1,89.0,24.0,0.0
SYN-20250706-2-02,2025-07-06,P003,1,179.0,49.0,17.9
SYN-20250706-2-03,2025-07-06,P004,1,249.0,71.0,24.9
SYN-20250706-2-04,2025-07-06,P005,1,219.0,67.0,0.0
SYN-20250707-0-00,2025-07-07,P012,1,359.0,137.0,35.9
SYN-20250707-0-01,2025-07-07,P001,1,299.0,94.0,0.0
SYN-20250707-0-02,2025-07-07,P002,1,89.0,24.0,0.0
SYN-20250707-0-03,2025-07-07,P003,1,179.0,49.0,0.0
SYN-20250707-0-04,2025-07-07,P004,1,249.0,71.0,0.0
SYN-20250707-0-05,2025-07-07,P005,1,219.0,67.0,0.0
SYN-20250707-0-06,2025-07-07,P006,1,139.0,35.0,0.0
SYN-20250707-0-07,2025-07-07,P007,1,189.0,55.0,18.9
SYN-20250707-0-08,2025-07-07,P008,1,329.0,121.0,0.0
SYN-20250707-0-09,2025-07-07,P009,1,159.0,43.0,0.0
SYN-20250707-1-00,2025-07-07,P003,1,179.0,49.0,0.0
SYN-20250707-1-01,2025-07-07,P004,1,249.0,71.0,0.0
SYN-20250707-1-02,2025-07-07,P005,1,219.0,67.0,0.0
SYN-20250707-1-03,2025-07-07,P006,1,139.0,35.0,0.0
SYN-20250707-1-04,2025-07-07,P007,1,189.0,55.0,0.0
SYN-20250707-1-05,2025-07-07,P008,1,329.0,121.0,0.0
SYN-20250707-1-06,2025-07-07,P009,1,159.0,43.0,0.0
SYN-20250707-1-07,2025-07-07,P010,1,279.0,83.0,0.0
SYN-20250707-1-08,2025-07-07,P011,1,199.0,61.0,19.9
SYN-20250707-1-09,2025-07-07,P012,1,359.0,137.0,0.0
SYN-20250707-1-10,2025-07-07,P001,1,299.0,94.0,0.0
SYN-20250707-1-11,2025-07-07,P002,1,89.0,24.0,0.0
SYN-20250707-2-00,2025-07-07,P006,1,139.0,35.0,0.0
SYN-20250707-2-01,2025-07-07,P007,1,189.0,55.0,0.0
SYN-20250707-2-02,2025-07-07,P008,1,329.0,121.0,0.0
SYN-20250707-2-03,2025-07-07,P009,1,159.0,43.0,0.0
SYN-20250707-2-04,2025-07-07,P010,1,279.0,83.0,0.0
SYN-20250707-2-05,2025-07-07,P011,1,199.0,61.0,0.0
SYN-20250707-2-06,2025-07-07,P012,1,359.0,137.0,0.0
SYN-20250707-2-07,2025-07-07,P001,1,299.0,94.0,0.0
SYN-20250707-2-08,2025-07-07,P002,1,89.0,24.0,8.9
SYN-20250707-2-09,2025-07-07,P003,1,179.0,49.0,0.0
SYN-20250708-0-00,2025-07-08,P005,1,219.0,67.0,21.9
SYN-20250708-0-01,2025-07-08,P006,2,278.0,70.0,27.8
SYN-20250708-0-02,2025-07-08,P007,1,189.0,55.0,0.0
SYN-20250708-0-03,2025-07-08,P008,1,329.0,121.0,0.0
SYN-20250708-0-04,2025-07-08,P009,1,159.0,43.0,0.0
SYN-20250708-0-05,2025-07-08,P010,1,279.0,83.0,0.0
SYN-20250708-1-00,2025-07-08,P008,1,329.0,121.0,32.9
SYN-20250708-1-01,2025-07-08,P009,1,159.0,43.0,0.0
SYN-20250708-1-02,2025-07-08,P010,1,279.0,83.0,0.0
SYN-20250708-1-03,2025-07-08,P011,1,199.0,61.0,0.0
SYN-20250708-1-04,2025-07-08,P012,1,359.0,137.0,0.0
SYN-20250708-1-05,2025-07-08,P001,1,299.0,94.0,0.0
SYN-20250708-1-06,2025-07-08,P002,1,89.0,24.0,0.0
SYN-20250708-1-07,2025-07-08,P003,1,179.0,49.0,0.0
SYN-20250708-1-08,2025-07-08,P004,1,249.0,71.0,0.0
SYN-20250708-2-00,2025-07-08,P011,1,199.0,61.0,0.0
SYN-20250708-2-01,2025-07-08,P012,1,359.0,137.0,0.0
SYN-20250708-2-02,2025-07-08,P001,1,299.0,94.0,0.0
SYN-20250708-2-03,2025-07-08,P002,1,89.0,24.0,0.0
SYN-20250708-2-04,2025-07-08,P003,1,179.0,49.0,0.0
SYN-20250709-0-00,2025-07-09,P010,1,279.0,83.0,0.0
SYN-20250709-0-01,2025-07-09,P011,1,199.0,61.0,19.9
SYN-20250709-0-02,2025-07-09,P012,1,359.0,137.0,0.0
SYN-20250709-0-03,2025-07-09,P001,2,598.0,188.0,0.0
SYN-20250709-0-04,2025-07-09,P002,1,89.0,24.0,0.0
SYN-20250709-0-05,2025-07-09,P003,1,179.0,49.0,0.0
SYN-20250709-0-06,2025-07-09,P004,1,249.0,71.0,0.0
SYN-20250709-0-07,2025-07-09,P005,1,219.0,67.0,0.0
SYN-20250709-1-00,2025-07-09,P001,1,299.0,94.0,0.0
SYN-20250709-1-01,2025-07-09,P002,1,89.0,24.0,0.0
SYN-20250709-1-02,2025-07-09,P003,1,179.0,49.0,0.0
SYN-20250709-1-03,2025-07-09,P004,1,249.0,71.0,0.0
SYN-20250709-1-04,2025-07-09,P005,1,219.0,67.0,0.0
SYN-20250709-2-00,2025-07-09,P004,1,249.0,71.0,0.0
SYN-20250709-2-01,2025-07-09,P005,1,219.0,67.0,21.9
SYN-20250709-2-02,2025-07-09,P006,1,139.0,35.0,0.0
SYN-20250709-2-03,2025-07-09,P007,1,189.0,55.0,0.0
SYN-20250709-2-04,2025-07-09,P008,1,329.0,121.0,0.0
SYN-20250709-2-05,2025-07-09,P009,1,159.0,43.0,0.0
SYN-20250709-2-06,2025-07-09,P010,1,279.0,83.0,0.0
SYN-20250709-2-07,2025-07-09,P011,1,199.0,61.0,0.0
SYN-20250709-2-08,2025-07-09,P012,2,718.0,274.0,0.0
SYN-20250709-2-09,2025-07-09,P001,1,299.0,94.0,0.0
SYN-20250709-2-10,2025-07-09,P002,1,89.0,24.0,0.0
SYN-20250710-0-00,2025-07-10,P003,1,179.0,49.0,0.0
SYN-20250710-0-01,2025-07-10,P004,1,249.0,71.0,0.0
SYN-20250710-0-02,2025-07-10,P005,2,438.0,134.0,0.0
SYN-20250710-0-03,2025-07-10,P006,1,139.0,35.0,0.0
SYN-20250710-0-04,2025-07-10,P007,1,189.0,55.0,0.0
SYN-20250710-0-05,2025-07-10,P008,1,329.0,121.0,0.0
SYN-20250710-1-00,2025-07-10,P006,1,139.0,35.0,0.0
SYN-20250710-1-01,2025-07-10,P007,1,189.0,55.0,0.0
SYN-20250710-1-02,2025-07-10,P008,1,329.0,121.0,0.0
SYN-20250710-1-03,2025-07-10,P009,1,159.0,43.0,0.0
SYN-20250710-1-04,2025-07-10,P010,2,558.0,166.0,0.0
SYN-20250710-2-00,2025-07-10,P009,1,159.0,43.0,0.0
SYN-20250710-2-01,2025-07-10,P010,1,279.0,83.0,0.0
SYN-20250710-2-02,2025-07-10,P011,1,199.0,61.0,19.9
SYN-20250710-2-03,2025-07-10,P012,1,359.0,137.0,0.0
SYN-20250710-2-04,2025-07-10,P001,1,299.0,94.0,0.0
SYN-20250710-2-05,2025-07-10,P002,1,89.0,24.0,0.0
SYN-20250711-0-00,2025-07-11,P008,1,329.0,121.0,0.0
SYN-20250711-0-01,2025-07-11,P009,1,159.0,43.0,0.0
SYN-20250711-0-02,2025-07-11,P010,1,279.0,83.0,0.0
SYN-20250711-0-03,2025-07-11,P011,1,199.0,61.0,0.0
SYN-20250711-0-04,2025-07-11,P012,1,359.0,137.0,0.0
SYN-20250711-0-05,2025-07-11,P001,1,299.0,94.0,0.0
SYN-20250711-0-06,2025-07-11,P002,1,89.0,24.0,0.0
SYN-20250711-0-07,2025-07-11,P003,1,179.0,49.0,17.9
SYN-20250711-0-08,2025-07-11,P004,1,249.0,71.0,0.0
SYN-20250711-0-09,2025-07-11,P005,1,219.0,67.0,0.0
SYN-20250711-1-00,2025-07-11,UNMAPPED-001,1,199.0,61.0,0.0
SYN-20250711-1-01,2025-07-11,P012,1,359.0,137.0,35.9
SYN-20250711-1-02,2025-07-11,P001,1,299.0,94.0,0.0
SYN-20250711-1-03,2025-07-11,P002,1,89.0,24.0,0.0
SYN-20250711-1-04,2025-07-11,P003,1,179.0,49.0,0.0
SYN-20250711-1-05,2025-07-11,P004,2,498.0,142.0,0.0
SYN-20250711-1-06,2025-07-11,P005,1,219.0,67.0,21.9
SYN-20250711-1-07,2025-07-11,P006,1,139.0,35.0,0.0
SYN-20250711-1-08,2025-07-11,P007,1,189.0,55.0,0.0
SYN-20250711-1-09,2025-07-11,P008,1,329.0,121.0,0.0
SYN-20250711-2-00,2025-07-11,P002,1,89.0,24.0,0.0
SYN-20250711-2-01,2025-07-11,P003,2,358.0,98.0,0.0
SYN-20250711-2-02,2025-07-11,P004,1,249.0,71.0,0.0
SYN-20250712-0-00,2025-07-12,P001,1,299.0,94.0,0.0
SYN-20250712-0-01,2025-07-12,P002,1,89.0,24.0,0.0
SYN-20250712-0-02,2025-07-12,P003,1,179.0,49.0,0.0
SYN-20250712-0-03,2025-07-12,P004,1,249.0,71.0,0.0
SYN-20250712-0-04,2025-07-12,P005,1,219.0,67.0,0.0
SYN-20250712-0-05,2025-07-12,P006,1,139.0,35.0,0.0
SYN-20250712-0-06,2025-07-12,P007,1,189.0,55.0,0.0
SYN-20250712-0-07,2025-07-12,P008,1,329.0,121.0,0.0
SYN-20250712-0-08,2025-07-12,P009,1,159.0,43.0,0.0
SYN-20250712-0-09,2025-07-12,P010,2,558.0,166.0,55.8
SYN-20250712-0-10,2025-07-12,P011,2,398.0,122.0,0.0
SYN-20250712-0-11,2025-07-12,P012,1,359.0,137.0,0.0
SYN-20250712-0-12,2025-07-12,P001,1,299.0,94.0,0.0
SYN-20250712-1-00,2025-07-12,P004,1,249.0,71.0,0.0
SYN-20250712-1-01,2025-07-12,P005,1,219.0,67.0,21.9
SYN-20250712-1-02,2025-07-12,P006,1,139.0,35.0,0.0
SYN-20250712-1-03,2025-07-12,P007,1,189.0,55.0,0.0
SYN-20250712-1-04,2025-07-12,P008,1,329.0,121.0,0.0
SYN-20250712-1-05,2025-07-12,P009,1,159.0,43.0,15.9
SYN-20250712-2-00,2025-07-12,P007,2,378.0,110.0,37.8
SYN-20250712-2-01,2025-07-12,P008,1,329.0,121.0,32.9
SYN-20250712-2-02,2025-07-12,P009,1,159.0,43.0,0.0
SYN-20250712-2-03,2025-07-12,P010,1,279.0,83.0,0.0
SYN-20250712-2-04,2025-07-12,P011,1,199.0,61.0,0.0
SYN-20250712-2-05,2025-07-12,P012,1,359.0,137.0,0.0
SYN-20250712-2-06,2025-07-12,P001,1,299.0,94.0,0.0
SYN-20250713-0-00,2025-07-13,P006,1,139.0,35.0,13.9
SYN-20250713-0-01,2025-07-13,P007,1,189.0,55.0,0.0
SYN-20250713-0-02,2025-07-13,P008,2,658.0,242.0,0.0
SYN-20250713-0-03,2025-07-13,P009,1,159.0,43.0,15.9
SYN-20250713-0-04,2025-07-13,P010,1,279.0,83.0,0.0
SYN-20250713-0-05,2025-07-13,P011,2,398.0,122.0,0.0
SYN-20250713-0-06,2025-07-13,P012,1,359.0,137.0,0.0
SYN-20250713-0-07,2025-07-13,P001,1,299.0,94.0,0.0
SYN-20250713-0-08,2025-07-13,P002,1,89.0,24.0,0.0
SYN-20250713-1-00,2025-07-13,P009,1,159.0,43.0,0.0
SYN-20250713-1-01,2025-07-13,P010,1,279.0,83.0,0.0
SYN-20250713-1-02,2025-07-13,P011,1,199.0,61.0,0.0
SYN-20250713-1-03,2025-07-13,P012,1,359.0,137.0,0.0
SYN-20250713-2-00,2025-07-13,P012,1,359.0,137.0,0.0
SYN-20250713-2-01,2025-07-13,P001,1,299.0,94.0,0.0
SYN-20250713-2-02,2025-07-13,P002,1,89.0,24.0,0.0
SYN-20250713-2-03,2025-07-13,P003,1,179.0,49.0,0.0
SYN-20250713-2-04,2025-07-13,P004,1,249.0,71.0,0.0
SYN-20250713-2-05,2025-07-13,P005,1,219.0,67.0,0.0
SYN-20250714-0-00,2025-07-14,P011,1,199.0,61.0,19.9
SYN-20250714-0-01,2025-07-14,P012,1,359.0,137.0,0.0
SYN-20250714-0-02,2025-07-14,P001,1,299.0,94.0,0.0
SYN-20250714-0-03,2025-07-14,P002,1,89.0,24.0,0.0
SYN-20250714-0-04,2025-07-14,P003,1,179.0,49.0,0.0
SYN-20250714-0-05,2025-07-14,P004,1,249.0,71.0,24.9
SYN-20250714-0-06,2025-07-14,P005,1,219.0,67.0,0.0
SYN-20250714-0-07,2025-07-14,P006,1,139.0,35.0,13.9
SYN-20250714-0-08,2025-07-14,P007,1,189.0,55.0,0.0
SYN-20250714-0-09,2025-07-14,P008,1,329.0,121.0,0.0
SYN-20250714-1-00,2025-07-14,P002,1,89.0,24.0,0.0
SYN-20250714-1-01,2025-07-14,P003,1,179.0,49.0,0.0
SYN-20250714-1-02,2025-07-14,P004,1,249.0,71.0,0.0
SYN-20250714-1-03,2025-07-14,P005,1,219.0,67.0,0.0
SYN-20250714-2-00,2025-07-14,P005,1,219.0,67.0,0.0
SYN-20250714-2-01,2025-07-14,P006,1,139.0,35.0,0.0
SYN-20250714-2-02,2025-07-14,P007,1,189.0,55.0,0.0
SYN-20250714-2-03,2025-07-14,P008,1,329.0,121.0,0.0
SYN-20250714-2-04,2025-07-14,P009,1,159.0,43.0,0.0
SYN-20250714-2-05,2025-07-14,P010,1,279.0,83.0,0.0
SYN-20250714-2-06,2025-07-14,P011,1,199.0,61.0,0.0
SYN-20250714-2-07,2025-07-14,P012,1,359.0,137.0,0.0
SYN-20250715-0-00,2025-07-15,P004,2,498.0,142.0,0.0
SYN-20250715-0-01,2025-07-15,P005,1,219.0,67.0,21.9
SYN-20250715-0-02,2025-07-15,P006,2,278.0,70.0,0.0
SYN-20250715-0-03,2025-07-15,P007,1,189.0,55.0,0.0
SYN-20250715-1-00,2025-07-15,P007,1,189.0,55.0,0.0
SYN-20250715-1-01,2025-07-15,P008,1,329.0,121.0,0.0
SYN-20250715-1-02,2025-07-15,P009,1,159.0,43.0,0.0
SYN-20250715-1-03,2025-07-15,P010,1,279.0,83.0,0.0
SYN-20250715-1-04,2025-07-15,P011,1,199.0,61.0,0.0
SYN-20250715-1-05,2025-07-15,P012,1,359.0,137.0,0.0
SYN-20250715-1-06,2025-07-15,P001,1,299.0,94.0,0.0
SYN-20250715-2-00,2025-07-15,P010,1,279.0,83.0,27.9
SYN-20250715-2-01,2025-07-15,P011,1,199.0,61.0,0.0
SYN-20250715-2-02,2025-07-15,P012,1,359.0,137.0,0.0
SYN-20250715-2-03,2025-07-15,P001,1,299.0,94.0,29.9
SYN-20250715-2-04,2025-07-15,P002,1,89.0,24.0,0.0
SYN-20250715-2-05,2025-07-15,P003,1,179.0,49.0,0.0
SYN-20250715-2-06,2025-07-15,P004,1,249.0,71.0,0.0
SYN-20250715-2-07,2025-07-15,P005,1,219.0,67.0,0.0
SYN-20250715-2-08,2025-07-15,P006,1,139.0,35.0,0.0
SYN-20250716-0-00,2025-07-16,P009,1,159.0,43.0,0.0
SYN-20250716-0-01,2025-07-16,P010,1,279.0,83.0,0.0
SYN-20250716-0-02,2025-07-16,P011,2,398.0,122.0,0.0
SYN-20250716-0-03,2025-07-16,P012,1,359.0,137.0,0.0
SYN-20250716-0-04,2025-07-16,P001,1,299.0,94.0,0.0
SYN-20250716-1-00,2025-07-16,P012,1,359.0,137.0,0.0
SYN-20250716-1-01,2025-07-16,P001,1,299.0,94.0,0.0
SYN-20250716-1-02,2025-07-16,P002,1,89.0,24.0,0.0
SYN-20250716-1-03,2025-07-16,P003,1,179.0,49.0,0.0
SYN-20250716-1-04,2025-07-16,P004,1,249.0,71.0,0.0
SYN-20250716-1-05,2025-07-16,P005,1,219.0,67.0,0.0
SYN-20250716-2-00,2025-07-16,P003,1,179.0,49.0,17.9
SYN-20250716-2-01,2025-07-16,P004,1,249.0,71.0,24.9
SYN-20250716-2-02,2025-07-16,P005,1,219.0,67.0,0.0
SYN-20250716-2-03,2025-07-16,P006,1,139.0,35.0,0.0
SYN-20250716-2-04,2025-07-16,P007,2,378.0,110.0,0.0
SYN-20250716-2-05,2025-07-16,P008,1,329.0,121.0,0.0
SYN-20250716-2-06,2025-07-16,P009,1,159.0,43.0,0.0
SYN-20250716-2-07,2025-07-16,P010,1,279.0,83.0,0.0
SYN-20250716-2-08,2025-07-16,P011,1,199.0,61.0,0.0
SYN-20250716-2-09,2025-07-16,P012,1,359.0,137.0,0.0
SYN-20250716-2-10,2025-07-16,P001,1,299.0,94.0,29.9
SYN-20250716-2-11,2025-07-16,P002,1,89.0,24.0,0.0
SYN-20250717-0-00,2025-07-17,P002,1,89.0,24.0,0.0
SYN-20250717-0-01,2025-07-17,P003,1,179.0,49.0,0.0
SYN-20250717-0-02,2025-07-17,P004,1,249.0,71.0,24.9
SYN-20250717-0-03,2025-07-17,P005,1,219.0,67.0,0.0
SYN-20250717-0-04,2025-07-17,P006,1,139.0,35.0,13.9
SYN-20250717-0-05,2025-07-17,P007,1,189.0,55.0,0.0
SYN-20250717-0-06,2025-07-17,P008,1,329.0,121.0,0.0
SYN-20250717-0-07,2025-07-17,P009,1,159.0,43.0,0.0
SYN-20250717-1-00,2025-07-17,P005,1,219.0,67.0,0.0
SYN-20250717-1-01,2025-07-17,P006,1,139.0,35.0,13.9
SYN-20250717-1-02,2025-07-17,P007,1,189.0,55.0,0.0
SYN-20250717-1-03,2025-07-17,P008,1,329.0,121.0,0.0
SYN-20250717-1-04,2025-07-17,P009,1,159.0,43.0,0.0
SYN-20250717-1-05,2025-07-17,P010,1,279.0,83.0,0.0
SYN-20250717-1-06,2025-07-17,P011,1,199.0,61.0,19.9
SYN-20250717-1-07,2025-07-17,P012,1,359.0,137.0,35.9
SYN-20250717-1-08,2025-07-17,P001,1,299.0,94.0,0.0
SYN-20250717-2-00,2025-07-17,P008,1,329.0,121.0,0.0
SYN-20250717-2-01,2025-07-17,P009,1,159.0,43.0,0.0
SYN-20250717-2-02,2025-07-17,P010,1,279.0,83.0,27.9
SYN-20250717-2-03,2025-07-17,P011,2,398.0,122.0,0.0
SYN-20250717-2-04,2025-07-17,P012,1,359.0,137.0,0.0
SYN-20250717-2-05,2025-07-17,P001,1,299.0,94.0,0.0
SYN-20250717-2-06,2025-07-17,P002,1,89.0,24.0,0.0
SYN-20250717-2-07,2025-07-17,P003,1,179.0,49.0,0.0
SYN-20250717-2-08,2025-07-17,P004,1,249.0,71.0,0.0
SYN-20250718-0-00,2025-07-18,P007,2,378.0,110.0,0.0
SYN-20250718-0-01,2025-07-18,P008,1,329.0,121.0,0.0
SYN-20250718-0-02,2025-07-18,P009,1,159.0,43.0,0.0
SYN-20250718-0-03,2025-07-18,P010,1,279.0,83.0,0.0
SYN-20250718-0-04,2025-07-18,P011,1,199.0,61.0,0.0
SYN-20250718-0-05,2025-07-18,P012,1,359.0,137.0,35.9
SYN-20250718-0-06,2025-07-18,P001,1,299.0,94.0,0.0
SYN-20250718-0-07,2025-07-18,P002,2,178.0,48.0,0.0
SYN-20250718-0-08,2025-07-18,P003,1,179.0,49.0,0.0
SYN-20250718-0-09,2025-07-18,P004,1,249.0,71.0,0.0
SYN-20250718-0-10,2025-07-18,P005,1,219.0,67.0,0.0
SYN-20250718-0-11,2025-07-18,P006,1,139.0,35.0,0.0
SYN-20250718-1-00,2025-07-18,P010,1,279.0,83.0,0.0
SYN-20250718-1-01,2025-07-18,P011,2,398.0,122.0,0.0
SYN-20250718-1-02,2025-07-18,P012,1,359.0,137.0,0.0
SYN-20250718-1-03,2025-07-18,P001,1,299.0,94.0,0.0
SYN-20250718-1-04,2025-07-18,P002,1,89.0,24.0,0.0
SYN-20250718-1-05,2025-07-18,P003,1,179.0,49.0,0.0
SYN-20250718-1-06,2025-07-18,P004,2,498.0,142.0,0.0
SYN-20250718-1-07,2025-07-18,P005,1,219.0,67.0,0.0
SYN-20250718-1-08,2025-07-18,P006,1,139.0,35.0,0.0
SYN-20250718-1-09,2025-07-18,P007,1,189.0,55.0,18.9
SYN-20250718-1-10,2025-07-18,P008,1,329.0,121.0,0.0
SYN-20250718-1-11,2025-07-18,P009,2,318.0,86.0,0.0
SYN-20250718-1-12,2025-07-18,P010,1,279.0,83.0,0.0
SYN-20250718-2-00,2025-07-18,P001,1,299.0,94.0,0.0
SYN-20250718-2-01,2025-07-18,P002,1,89.0,24.0,0.0
SYN-20250718-2-02,2025-07-18,P003,1,179.0,49.0,17.9
SYN-20250718-2-03,2025-07-18,P004,1,249.0,71.0,24.9
SYN-20250718-2-04,2025-07-18,P005,1,219.0,67.0,0.0
SYN-20250719-0-00,2025-07-19,P012,2,718.0,274.0,71.8
SYN-20250719-0-01,2025-07-19,P001,1,299.0,94.0,0.0
SYN-20250719-0-02,2025-07-19,P002,1,89.0,24.0,0.0
SYN-20250719-0-03,2025-07-19,P003,1,179.0,49.0,0.0
SYN-20250719-0-04,2025-07-19,P004,1,249.0,71.0,0.0
SYN-20250719-0-05,2025-07-19,P005,1,219.0,67.0,0.0
SYN-20250719-0-06,2025-07-19,P006,1,139.0,35.0,0.0
SYN-20250719-0-07,2025-07-19,P007,1,189.0,55.0,18.9
SYN-20250719-0-08,2025-07-19,P008,1,329.0,121.0,0.0
SYN-20250719-1-00,2025-07-19,P003,1,179.0,49.0,0.0
SYN-20250719-1-01,2025-07-19,P004,1,249.0,71.0,0.0
SYN-20250719-1-02,2025-07-19,P005,1,219.0,67.0,0.0
SYN-20250719-1-03,2025-07-19,P006,1,139.0,35.0,0.0
SYN-20250719-1-04,2025-07-19,P007,1,189.0,55.0,18.9
SYN-20250719-1-05,2025-07-19,P008,1,329.0,121.0,0.0
SYN-20250719-2-00,2025-07-19,P006,1,139.0,35.0,0.0
SYN-20250719-2-01,2025-07-19,P007,1,189.0,55.0,0.0
SYN-20250719-2-02,2025-07-19,P008,1,329.0,121.0,0.0
SYN-20250719-2-03,2025-07-19,P009,1,159.0,43.0,0.0
SYN-20250719-2-04,2025-07-19,P010,1,279.0,83.0,27.9
SYN-20250720-0-00,2025-07-20,P005,1,219.0,67.0,0.0
SYN-20250720-0-01,2025-07-20,P006,1,139.0,35.0,0.0
SYN-20250720-0-02,2025-07-20,P007,1,189.0,55.0,0.0
SYN-20250720-0-03,2025-07-20,P008,1,329.0,121.0,32.9
SYN-20250720-0-04,2025-07-20,P009,1,159.0,43.0,15.9
SYN-20250720-0-05,2025-07-20,P010,1,279.0,83.0,0.0
SYN-20250720-0-06,2025-07-20,P011,1,199.0,61.0,19.9
SYN-20250720-0-07,2025-07-20,P012,1,359.0,137.0,0.0
SYN-20250720-1-00,2025-07-20,P008,1,329.0,121.0,0.0
SYN-20250720-1-01,2025-07-20,P009,1,159.0,43.0,0.0
SYN-20250720-1-02,2025-07-20,P010,1,279.0,83.0,0.0
SYN-20250720-1-03,2025-07-20,P011,1,199.0,61.0,0.0
SYN-20250720-1-04,2025-07-20,P012,1,359.0,137.0,0.0
SYN-20250720-1-05,2025-07-20,P001,1,299.0,94.0,0.0
SYN-20250720-2-00,2025-07-20,P011,1,199.0,61.0,0.0
SYN-20250720-2-01,2025-07-20,P012,1,359.0,137.0,35.9
SYN-20250720-2-02,2025-07-20,P001,1,299.0,94.0,0.0
SYN-20250720-2-03,2025-07-20,P002,1,89.0,24.0,0.0
SYN-20250720-2-04,2025-07-20,P003,1,179.0,49.0,17.9
SYN-20250720-2-05,2025-07-20,P004,1,249.0,71.0,0.0
SYN-20250721-0-00,2025-07-21,P010,1,279.0,83.0,0.0
SYN-20250721-0-01,2025-07-21,P011,2,398.0,122.0,0.0
SYN-20250721-0-02,2025-07-21,P012,1,359.0,137.0,35.9
SYN-20250721-0-03,2025-07-21,P001,1,299.0,94.0,0.0
SYN-20250721-0-04,2025-07-21,P002,1,89.0,24.0,0.0
SYN-20250721-0-05,2025-07-21,P003,1,179.0,49.0,0.0
SYN-20250721-1-00,2025-07-21,P001,2,598.0,188.0,0.0
SYN-20250721-1-01,2025-07-21,P002,1,89.0,24.0,0.0
SYN-20250721-1-02,2025-07-21,P003,1,179.0,49.0,0.0
SYN-20250721-1-03,2025-07-21,P004,1,249.0,71.0,0.0
SYN-20250721-1-04,2025-07-21,P005,1,219.0,67.0,0.0
SYN-20250721-1-05,2025-07-21,P006,1,139.0,35.0,0.0
SYN-20250721-1-06,2025-07-21,P007,1,189.0,55.0,0.0
SYN-20250721-1-07,2025-07-21,P008,1,329.0,121.0,32.9
SYN-20250721-1-08,2025-07-21,P009,1,159.0,43.0,15.9
SYN-20250721-2-00,2025-07-21,P004,1,249.0,71.0,0.0
SYN-20250721-2-01,2025-07-21,P005,1,219.0,67.0,0.0
SYN-20250721-2-02,2025-07-21,P006,1,139.0,35.0,0.0
SYN-20250721-2-03,2025-07-21,P007,1,189.0,55.0,18.9
SYN-20250721-2-04,2025-07-21,P008,1,329.0,121.0,0.0
SYN-20250722-0-00,2025-07-22,P003,1,179.0,49.0,0.0
SYN-20250722-0-01,2025-07-22,P004,2,498.0,142.0,0.0
SYN-20250722-0-02,2025-07-22,P005,1,219.0,67.0,0.0
SYN-20250722-0-03,2025-07-22,P006,1,139.0,35.0,0.0
SYN-20250722-0-04,2025-07-22,P007,1,189.0,55.0,0.0
SYN-20250722-0-05,2025-07-22,P008,1,329.0,121.0,0.0
SYN-20250722-0-06,2025-07-22,P009,1,159.0,43.0,15.9
SYN-20250722-0-07,2025-07-22,P010,1,279.0,83.0,0.0
SYN-20250722-0-08,2025-07-22,P011,1,199.0,61.0,0.0
SYN-20250722-0-09,2025-07-22,P012,2,718.0,274.0,71.8
SYN-20250722-0-10,2025-07-22,P001,1,299.0,94.0,0.0
SYN-20250722-0-11,2025-07-22,P002,1,89.0,24.0,0.0
SYN-20250722-0-12,2025-07-22,P003,1,179.0,49.0,0.0
SYN-20250722-1-00,2025-07-22,P006,1,139.0,35.0,0.0
SYN-20250722-1-01,2025-07-22,P007,1,189.0,55.0,18.9
SYN-20250722-1-02,2025-07-22,P008,1,329.0,121.0,0.0
SYN-20250722-1-03,2025-07-22,P009,1,159.0,43.0,0.0
SYN-20250722-1-04,2025-07-22,P010,1,279.0,83.0,27.9
SYN-20250722-1-05,2025-07-22,P011,1,199.0,61.0,19.9
SYN-20250722-1-06,2025-07-22,P012,1,359.0,137.0,35.9
SYN-20250722-1-07,2025-07-22,P001,1,299.0,94.0,29.9
SYN-20250722-1-08,2025-07-22,P002,1,89.0,24.0,0.0
SYN-20250722-2-00,2025-07-22,P009,1,159.0,43.0,0.0
SYN-20250722-2-01,2025-07-22,P010,1,279.0,83.0,27.9
SYN-20250722-2-02,2025-07-22,P011,1,199.0,61.0,0.0
SYN-20250722-2-03,2025-07-22,P012,1,359.0,137.0,0.0
SYN-20250722-2-04,2025-07-22,P001,1,299.0,94.0,0.0
SYN-20250722-2-05,2025-07-22,P002,1,89.0,24.0,8.9
SYN-20250722-2-06,2025-07-22,P003,1,179.0,49.0,0.0
SYN-20250723-0-00,2025-07-23,P008,1,329.0,121.0,32.9
SYN-20250723-0-01,2025-07-23,P009,1,159.0,43.0,0.0
SYN-20250723-0-02,2025-07-23,P010,1,279.0,83.0,0.0
SYN-20250723-0-03,2025-07-23,P011,1,199.0,61.0,19.9
SYN-20250723-0-04,2025-07-23,P012,1,359.0,137.0,0.0
SYN-20250723-0-05,2025-07-23,P001,1,299.0,94.0,29.9
SYN-20250723-0-06,2025-07-23,P002,1,89.0,24.0,0.0
SYN-20250723-0-07,2025-07-23,P003,1,179.0,49.0,0.0
SYN-20250723-0-08,2025-07-23,P004,1,249.0,71.0,0.0
SYN-20250723-0-09,2025-07-23,P005,1,219.0,67.0,0.0
SYN-20250723-1-00,2025-07-23,P011,1,199.0,61.0,0.0
SYN-20250723-1-01,2025-07-23,P012,1,359.0,137.0,35.9
SYN-20250723-1-02,2025-07-23,P001,1,299.0,94.0,0.0
SYN-20250723-1-03,2025-07-23,P002,1,89.0,24.0,8.9
SYN-20250723-1-04,2025-07-23,P003,1,179.0,49.0,0.0
SYN-20250723-1-05,2025-07-23,P004,1,249.0,71.0,0.0
SYN-20250723-1-06,2025-07-23,P005,1,219.0,67.0,0.0
SYN-20250723-1-07,2025-07-23,P006,1,139.0,35.0,13.9
SYN-20250723-1-08,2025-07-23,P007,1,189.0,55.0,0.0
SYN-20250723-2-00,2025-07-23,P002,1,89.0,24.0,8.9
SYN-20250723-2-01,2025-07-23,P003,1,179.0,49.0,17.9
SYN-20250723-2-02,2025-07-23,P004,1,249.0,71.0,0.0
SYN-20250723-2-03,2025-07-23,P005,1,219.0,67.0,0.0
SYN-20250723-2-04,2025-07-23,P006,1,139.0,35.0,0.0
SYN-20250724-0-00,2025-07-24,P001,2,598.0,188.0,0.0
SYN-20250724-0-01,2025-07-24,P002,1,89.0,24.0,0.0
SYN-20250724-0-02,2025-07-24,P003,2,358.0,98.0,0.0
SYN-20250724-0-03,2025-07-24,P004,1,249.0,71.0,0.0
SYN-20250724-0-04,2025-07-24,P005,1,219.0,67.0,0.0
SYN-20250724-0-05,2025-07-24,P006,1,139.0,35.0,0.0
SYN-20250724-0-06,2025-07-24,P007,1,189.0,55.0,0.0
SYN-20250724-1-00,2025-07-24,P004,2,498.0,142.0,0.0
SYN-20250724-1-01,2025-07-24,P005,1,219.0,67.0,0.0
SYN-20250724-1-02,2025-07-24,P006,1,139.0,35.0,0.0
SYN-20250724-1-03,2025-07-24,P007,1,189.0,55.0,0.0
SYN-20250724-1-04,2025-07-24,P008,1,329.0,121.0,0.0
SYN-20250724-1-05,2025-07-24,P009,1,159.0,43.0,0.0
SYN-20250724-1-06,2025-07-24,P010,1,279.0,83.0,27.9
SYN-20250724-1-07,2025-07-24,P011,1,199.0,61.0,0.0
SYN-20250724-1-08,2025-07-24,P012,1,359.0,137.0,0.0
SYN-20250724-1-09,2025-07-24,P001,1,299.0,94.0,0.0
SYN-20250724-2-00,2025-07-24,P007,1,189.0,55.0,0.0
SYN-20250724-2-01,2025-07-24,P008,1,329.0,121.0,0.0
SYN-20250724-2-02,2025-07-24,P009,1,159.0,43.0,0.0
SYN-20250724-2-03,2025-07-24,P010,1,279.0,83.0,0.0
SYN-20250724-2-04,2025-07-24,P011,1,199.0,61.0,0.0
SYN-20250724-2-05,2025-07-24,P012,1,359.0,137.0,0.0
SYN-20250725-0-00,2025-07-25,P006,1,139.0,35.0,0.0
SYN-20250725-0-01,2025-07-25,P007,1,189.0,55.0,0.0
SYN-20250725-0-02,2025-07-25,P008,1,329.0,121.0,32.9
SYN-20250725-0-03,2025-07-25,P009,1,159.0,43.0,0.0
SYN-20250725-0-04,2025-07-25,P010,1,279.0,83.0,27.9
SYN-20250725-0-05,2025-07-25,P011,2,398.0,122.0,0.0
SYN-20250725-1-00,2025-07-25,P009,2,318.0,86.0,0.0
SYN-20250725-1-01,2025-07-25,P010,1,279.0,83.0,27.9
SYN-20250725-1-02,2025-07-25,P011,1,199.0,61.0,0.0
SYN-20250725-1-03,2025-07-25,P012,1,359.0,137.0,35.9
SYN-20250725-1-04,2025-07-25,P001,1,299.0,94.0,0.0
SYN-20250725-1-05,2025-07-25,P002,1,89.0,24.0,8.9
SYN-20250725-1-06,2025-07-25,P003,1,179.0,49.0,0.0
SYN-20250725-1-07,2025-07-25,P004,1,249.0,71.0,0.0
SYN-20250725-1-08,2025-07-25,P005,1,219.0,67.0,21.9
SYN-20250725-1-09,2025-07-25,P006,1,139.0,35.0,13.9
SYN-20250725-1-10,2025-07-25,P007,1,189.0,55.0,0.0
SYN-20250725-1-11,2025-07-25,P008,1,329.0,121.0,0.0
SYN-20250725-2-00,2025-07-25,P012,1,359.0,137.0,35.9
SYN-20250725-2-01,2025-07-25,P001,1,299.0,94.0,0.0
SYN-20250725-2-02,2025-07-25,P002,1,89.0,24.0,8.9
SYN-20250725-2-03,2025-07-25,P003,1,179.0,49.0,0.0
SYN-20250725-2-04,2025-07-25,P004,1,249.0,71.0,0.0
SYN-20250725-2-05,2025-07-25,P005,2,438.0,134.0,0.0
SYN-20250725-2-06,2025-07-25,P006,1,139.0,35.0,0.0
SYN-20250725-2-07,2025-07-25,P007,1,189.0,55.0,18.9
SYN-20250726-0-00,2025-07-26,P011,1,199.0,61.0,19.9
SYN-20250726-0-01,2025-07-26,P012,1,359.0,137.0,0.0
SYN-20250726-0-02,2025-07-26,P001,1,299.0,94.0,0.0
SYN-20250726-0-03,2025-07-26,P002,1,89.0,24.0,0.0
SYN-20250726-0-04,2025-07-26,P003,1,179.0,49.0,0.0
SYN-20250726-0-05,2025-07-26,P004,1,249.0,71.0,0.0
SYN-20250726-0-06,2025-07-26,P005,2,438.0,134.0,0.0
SYN-20250726-0-07,2025-07-26,P006,1,139.0,35.0,0.0
SYN-20250726-0-08,2025-07-26,P007,1,189.0,55.0,0.0
SYN-20250726-0-09,2025-07-26,P008,1,329.0,121.0,0.0
SYN-20250726-0-10,2025-07-26,P009,1,159.0,43.0,0.0
SYN-20250726-1-00,2025-07-26,P002,2,178.0,48.0,0.0
SYN-20250726-1-01,2025-07-26,P003,1,179.0,49.0,0.0
SYN-20250726-1-02,2025-07-26,P004,1,249.0,71.0,0.0
SYN-20250726-1-03,2025-07-26,P005,1,219.0,67.0,0.0
SYN-20250726-1-04,2025-07-26,P006,1,139.0,35.0,0.0
SYN-20250726-1-05,2025-07-26,P007,1,189.0,55.0,18.9
SYN-20250726-1-06,2025-07-26,P008,1,329.0,121.0,0.0
SYN-20250726-1-07,2025-07-26,P009,1,159.0,43.0,0.0
SYN-20250726-1-08,2025-07-26,P010,1,279.0,83.0,27.9
SYN-20250726-1-09,2025-07-26,P011,1,199.0,61.0,19.9
SYN-20250726-1-10,2025-07-26,P012,1,359.0,137.0,0.0
SYN-20250726-1-11,2025-07-26,P001,1,299.0,94.0,0.0
SYN-20250726-1-12,2025-07-26,P002,1,89.0,24.0,8.9
SYN-20250726-1-13,2025-07-26,P003,1,179.0,49.0,0.0
SYN-20250726-2-00,2025-07-26,P005,1,219.0,67.0,0.0
SYN-20250726-2-01,2025-07-26,P006,1,139.0,35.0,0.0
SYN-20250726-2-02,2025-07-26,P007,1,189.0,55.0,0.0
SYN-20250726-2-03,2025-07-26,P008,1,329.0,121.0,0.0
SYN-20250726-2-04,2025-07-26,P009,1,159.0,43.0,0.0
SYN-20250726-2-05,2025-07-26,P010,1,279.0,83.0,0.0
SYN-20250726-2-06,2025-07-26,P011,2,398.0,122.0,39.8
SYN-20250726-2-07,2025-07-26,P012,1,359.0,137.0,0.0
SYN-20250726-2-08,2025-07-26,P001,1,299.0,94.0,0.0
SYN-20250727-0-00,2025-07-27,P004,1,249.0,71.0,0.0
SYN-20250727-0-01,2025-07-27,P005,1,219.0,67.0,21.9
SYN-20250727-0-02,2025-07-27,P006,2,278.0,70.0,0.0
SYN-20250727-0-03,2025-07-27,P007,2,378.0,110.0,37.8
SYN-20250727-0-04,2025-07-27,P008,1,329.0,121.0,0.0
SYN-20250727-0-05,2025-07-27,P009,2,318.0,86.0,0.0
SYN-20250727-1-00,2025-07-27,P007,1,189.0,55.0,0.0
SYN-20250727-1-01,2025-07-27,P008,1,329.0,121.0,32.9
SYN-20250727-1-02,2025-07-27,P009,1,159.0,43.0,15.9
SYN-20250727-1-03,2025-07-27,P010,1,279.0,83.0,27.9
SYN-20250727-1-04,2025-07-27,P011,1,199.0,61.0,0.0
SYN-20250727-1-05,2025-07-27,P012,1,359.0,137.0,35.9
SYN-20250727-1-06,2025-07-27,P001,1,299.0,94.0,0.0
SYN-20250727-2-00,2025-07-27,P010,1,279.0,83.0,0.0
SYN-20250727-2-01,2025-07-27,P011,1,199.0,61.0,0.0
SYN-20250727-2-02,2025-07-27,P012,1,359.0,137.0,35.9
SYN-20250727-2-03,2025-07-27,P001,1,299.0,94.0,29.9
SYN-20250727-2-04,2025-07-27,P002,1,89.0,24.0,0.0
SYN-20250727-2-05,2025-07-27,P003,1,179.0,49.0,0.0
SYN-20250727-2-06,2025-07-27,P004,1,249.0,71.0,24.9
SYN-20250727-2-07,2025-07-27,P005,2,438.0,134.0,43.8
SYN-20250727-2-08,2025-07-27,P006,1,139.0,35.0,0.0
SYN-20250728-0-00,2025-07-28,P009,2,318.0,86.0,0.0
SYN-20250728-0-01,2025-07-28,P010,2,558.0,166.0,0.0
SYN-20250728-0-02,2025-07-28,P011,1,199.0,61.0,0.0
SYN-20250728-0-03,2025-07-28,P012,1,359.0,137.0,0.0
SYN-20250728-0-04,2025-07-28,P001,1,299.0,94.0,0.0
SYN-20250728-0-05,2025-07-28,P002,1,89.0,24.0,0.0
SYN-20250728-0-06,2025-07-28,P003,1,179.0,49.0,0.0
SYN-20250728-0-07,2025-07-28,P004,2,498.0,142.0,49.8
SYN-20250728-0-08,2025-07-28,P005,1,219.0,67.0,0.0
SYN-20250728-0-09,2025-07-28,P006,1,139.0,35.0,0.0
SYN-20250728-0-10,2025-07-28,P007,1,189.0,55.0,0.0
SYN-20250728-0-11,2025-07-28,P008,1,329.0,121.0,0.0
SYN-20250728-0-12,2025-07-28,P009,1,159.0,43.0,0.0
SYN-20250728-0-13,2025-07-28,P010,1,279.0,83.0,0.0
SYN-20250728-1-00,2025-07-28,P012,1,359.0,137.0,0.0
SYN-20250728-1-01,2025-07-28,P001,1,299.0,94.0,0.0
SYN-20250728-1-02,2025-07-28,P002,1,89.0,24.0,8.9
SYN-20250728-1-03,2025-07-28,P003,1,179.0,49.0,17.9
SYN-20250728-1-04,2025-07-28,P004,1,249.0,71.0,0.0
SYN-20250728-1-05,2025-07-28,P005,1,219.0,67.0,21.9
SYN-20250728-1-06,2025-07-28,P006,1,139.0,35.0,0.0
SYN-20250728-1-07,2025-07-28,P007,1,189.0,55.0,18.9
SYN-20250728-1-08,2025-07-28,P008,1,329.0,121.0,32.9
SYN-20250728-1-09,2025-07-28,P009,1,159.0,43.0,15.9
SYN-20250728-2-00,2025-07-28,P003,1,179.0,49.0,0.0
SYN-20250728-2-01,2025-07-28,P004,1,249.0,71.0,24.9
SYN-20250728-2-02,2025-07-28,P005,1,219.0,67.0,21.9
SYN-20250728-2-03,2025-07-28,P006,1,139.0,35.0,13.9
SYN-20250728-2-04,2025-07-28,P007,1,189.0,55.0,0.0
SYN-20250729-0-00,2025-07-29,P002,1,89.0,24.0,0.0
SYN-20250729-0-01,2025-07-29,P003,1,179.0,49.0,0.0
SYN-20250729-0-02,2025-07-29,P004,1,249.0,71.0,0.0
SYN-20250729-0-03,2025-07-29,P005,1,219.0,67.0,0.0
SYN-20250729-0-04,2025-07-29,P006,1,139.0,35.0,0.0
SYN-20250729-0-05,2025-07-29,P007,1,189.0,55.0,18.9
SYN-20250729-0-06,2025-07-29,P008,1,329.0,121.0,0.0
SYN-20250729-1-00,2025-07-29,P005,1,219.0,67.0,0.0
SYN-20250729-1-01,2025-07-29,P006,2,278.0,70.0,0.0
SYN-20250729-1-02,2025-07-29,P007,1,189.0,55.0,0.0
SYN-20250729-1-03,2025-07-29,P008,1,329.0,121.0,32.9
SYN-20250729-1-04,2025-07-29,P009,1,159.0,43.0,0.0
SYN-20250729-1-05,2025-07-29,P010,1,279.0,83.0,0.0
SYN-20250729-1-06,2025-07-29,P011,1,199.0,61.0,0.0
SYN-20250729-1-07,2025-07-29,P012,1,359.0,137.0,0.0
SYN-20250729-1-08,2025-07-29,P001,1,299.0,94.0,29.9
SYN-20250729-2-00,2025-07-29,P008,1,329.0,121.0,32.9
SYN-20250729-2-01,2025-07-29,P009,1,159.0,43.0,0.0
SYN-20250729-2-02,2025-07-29,P010,1,279.0,83.0,0.0
SYN-20250729-2-03,2025-07-29,P011,1,199.0,61.0,0.0
SYN-20250729-2-04,2025-07-29,P012,1,359.0,137.0,0.0
SYN-20250730-0-00,2025-07-30,P007,1,189.0,55.0,0.0
SYN-20250730-0-01,2025-07-30,P008,1,329.0,121.0,32.9
SYN-20250730-0-02,2025-07-30,P009,1,159.0,43.0,15.9
SYN-20250730-0-03,2025-07-30,P010,2,558.0,166.0,0.0
SYN-20250730-0-04,2025-07-30,P011,1,199.0,61.0,0.0
SYN-20250730-0-05,2025-07-30,P012,1,359.0,137.0,0.0
SYN-20250730-0-06,2025-07-30,P001,1,299.0,94.0,0.0
SYN-20250730-0-07,2025-07-30,P002,1,89.0,24.0,0.0
SYN-20250730-0-08,2025-07-30,P003,1,179.0,49.0,0.0
SYN-20250730-1-00,2025-07-30,P010,1,279.0,83.0,27.9
SYN-20250730-1-01,2025-07-30,P011,1,199.0,61.0,0.0
SYN-20250730-1-02,2025-07-30,P012,1,359.0,137.0,0.0
SYN-20250730-1-03,2025-07-30,P001,1,299.0,94.0,0.0
SYN-20250730-1-04,2025-07-30,P002,1,89.0,24.0,0.0
SYN-20250730-1-05,2025-07-30,P003,1,179.0,49.0,0.0
SYN-20250730-1-06,2025-07-30,P004,1,249.0,71.0,0.0
SYN-20250730-1-07,2025-07-30,P005,1,219.0,67.0,21.9
SYN-20250730-2-00,2025-07-30,P001,2,598.0,188.0,0.0
SYN-20250730-2-01,2025-07-30,P002,1,89.0,24.0,0.0
SYN-20250730-2-02,2025-07-30,P003,1,179.0,49.0,0.0
SYN-20250730-2-03,2025-07-30,P004,1,249.0,71.0,0.0
SYN-20250730-2-04,2025-07-30,P005,1,219.0,67.0,0.0
SYN-20250730-2-05,2025-07-30,P006,1,139.0,35.0,0.0
SYN-20250730-2-06,2025-07-30,P007,1,189.0,55.0,18.9
SYN-20250730-2-07,2025-07-30,P008,1,329.0,121.0,0.0
SYN-20250730-2-08,2025-07-30,P009,1,159.0,43.0,0.0
SYN-20250730-2-09,2025-07-30,P010,1,279.0,83.0,27.9
SYN-20250730-2-10,2025-07-30,P011,2,398.0,122.0,0.0
SYN-20250730-2-11,2025-07-30,P012,1,359.0,137.0,0.0
SYN-20250730-2-12,2025-07-30,P001,1,299.0,94.0,0.0
SYN-20250730-2-13,2025-07-30,P002,1,89.0,24.0,0.0
SYN-20250731-0-00,2025-07-31,P012,2,718.0,274.0,0.0
SYN-20250731-0-01,2025-07-31,P001,1,299.0,94.0,0.0
SYN-20250731-0-02,2025-07-31,P002,1,89.0,24.0,8.9
SYN-20250731-0-03,2025-07-31,P003,1,179.0,49.0,0.0
SYN-20250731-0-04,2025-07-31,P004,2,498.0,142.0,0.0
SYN-20250731-0-05,2025-07-31,P005,1,219.0,67.0,0.0
SYN-20250731-0-06,2025-07-31,P006,1,139.0,35.0,13.9
SYN-20250731-0-07,2025-07-31,P007,1,189.0,55.0,18.9
SYN-20250731-0-08,2025-07-31,P008,1,329.0,121.0,0.0
SYN-20250731-0-09,2025-07-31,P009,1,159.0,43.0,15.9
SYN-20250731-0-10,2025-07-31,P010,1,279.0,83.0,27.9
SYN-20250731-0-11,2025-07-31,P011,1,199.0,61.0,0.0
SYN-20250731-0-12,2025-07-31,P012,1,359.0,137.0,0.0
SYN-20250731-0-13,2025-07-31,P001,2,598.0,188.0,0.0
SYN-20250731-0-14,2025-07-31,P002,1,89.0,24.0,0.0
SYN-20250731-0-15,2025-07-31,P003,1,179.0,49.0,17.9
SYN-20250731-1-00,2025-07-31,P003,1,179.0,49.0,0.0
SYN-20250731-1-01,2025-07-31,P004,1,249.0,71.0,0.0
SYN-20250731-1-02,2025-07-31,P005,1,219.0,67.0,0.0
SYN-20250731-1-03,2025-07-31,P006,1,139.0,35.0,0.0
SYN-20250731-1-04,2025-07-31,P007,1,189.0,55.0,0.0
SYN-20250731-1-05,2025-07-31,P008,1,329.0,121.0,0.0
SYN-20250731-1-06,2025-07-31,P009,1,159.0,43.0,0.0
SYN-20250731-1-07,2025-07-31,P010,1,279.0,83.0,0.0
SYN-20250731-1-08,2025-07-31,P011,1,199.0,61.0,0.0
SYN-20250731-1-09,2025-07-31,P012,1,359.0,137.0,0.0
SYN-20250731-1-10,2025-07-31,P001,1,299.0,94.0,0.0
SYN-20250731-2-00,2025-07-31,P006,1,139.0,35.0,0.0
SYN-20250731-2-01,2025-07-31,P007,1,189.0,55.0,18.9
SYN-20250731-2-02,2025-07-31,P008,1,329.0,121.0,0.0
SYN-20250731-2-03,2025-07-31,P009,1,159.0,43.0,0.0
SYN-20250731-2-04,2025-07-31,P010,1,279.0,83.0,0.0
SYN-20250731-2-05,2025-07-31,P011,1,199.0,61.0,0.0
SYN-20250801-0-00,2025-08-01,P005,1,219.0,67.0,0.0
SYN-20250801-0-01,2025-08-01,P006,1,139.0,35.0,0.0
SYN-20250801-0-02,2025-08-01,P007,1,189.0,55.0,0.0
SYN-20250801-0-03,2025-08-01,P008,1,329.0,121.0,32.9
SYN-20250801-0-04,2025-08-01,P009,1,159.0,43.0,0.0
SYN-20250801-0-05,2025-08-01,P010,1,279.0,83.0,27.9
SYN-20250801-0-06,2025-08-01,P011,1,199.0,61.0,0.0
SYN-20250801-0-07,2025-08-01,P012,1,359.0,137.0,0.0
SYN-20250801-0-08,2025-08-01,P001,1,299.0,94.0,0.0
SYN-20250801-0-09,2025-08-01,P002,1,89.0,24.0,0.0
SYN-20250801-0-10,2025-08-01,P003,1,179.0,49.0,0.0
SYN-20250801-0-11,2025-08-01,P004,1,249.0,71.0,0.0
SYN-20250801-1-00,2025-08-01,P008,1,329.0,121.0,0.0
SYN-20250801-1-01,2025-08-01,P009,1,159.0,43.0,0.0
SYN-20250801-1-02,2025-08-01,P010,2,558.0,166.0,0.0
SYN-20250801-1-03,2025-08-01,P011,1,199.0,61.0,0.0
SYN-20250801-1-04,2025-08-01,P012,1,359.0,137.0,0.0
SYN-20250801-1-05,2025-08-01,P001,1,299.0,94.0,0.0
SYN-20250801-1-06,2025-08-01,P002,1,89.0,24.0,8.9
SYN-20250801-1-07,2025-08-01,P003,1,179.0,49.0,17.9
SYN-20250801-1-08,2025-08-01,P004,1,249.0,71.0,0.0
SYN-20250801-1-09,2025-08-01,P005,1,219.0,67.0,0.0
SYN-20250801-1-10,2025-08-01,P006,1,139.0,35.0,0.0
SYN-20250801-1-11,2025-08-01,P007,1,189.0,55.0,0.0
SYN-20250801-2-00,2025-08-01,P011,1,199.0,61.0,19.9
SYN-20250801-2-01,2025-08-01,P012,1,359.0,137.0,0.0
SYN-20250801-2-02,2025-08-01,P001,1,299.0,94.0,29.9
SYN-20250801-2-03,2025-08-01,P002,1,89.0,24.0,0.0
SYN-20250801-2-04,2025-08-01,P003,1,179.0,49.0,17.9
SYN-20250801-2-05,2025-08-01,P004,2,498.0,142.0,0.0
SYN-20250801-2-06,2025-08-01,P005,1,219.0,67.0,0.0
SYN-20250802-0-00,2025-08-02,P010,1,279.0,83.0,0.0
SYN-20250802-0-01,2025-08-02,P011,1,199.0,61.0,19.9
SYN-20250802-0-02,2025-08-02,P012,1,359.0,137.0,0.0
SYN-20250802-0-03,2025-08-02,P001,1,299.0,94.0,0.0
SYN-20250802-0-04,2025-08-02,P002,1,89.0,24.0,8.9
SYN-20250802-0-05,2025-08-02,P003,1,179.0,49.0,0.0
SYN-20250802-0-06,2025-08-02,P004,1,249.0,71.0,0.0
SYN-20250802-0-07,2025-08-02,P005,1,219.0,67.0,0.0
SYN-20250802-1-00,2025-08-02,P001,1,299.0,94.0,0.0
SYN-20250802-1-01,2025-08-02,P002,1,89.0,24.0,0.0
SYN-20250802-1-02,2025-08-02,P003,1,179.0,49.0,17.9
SYN-20250802-1-03,2025-08-02,P004,1,249.0,71.0,0.0
SYN-20250802-1-04,2025-08-02,P005,1,219.0,67.0,0.0
SYN-20250802-1-05,2025-08-02,P006,1,139.0,35.0,0.0
SYN-20250802-1-06,2025-08-02,P007,1,189.0,55.0,0.0
SYN-20250802-1-07,2025-08-02,P008,2,658.0,242.0,0.0
SYN-20250802-1-08,2025-08-02,P009,1,159.0,43.0,0.0
SYN-20250802-1-09,2025-08-02,P010,1,279.0,83.0,0.0
SYN-20250802-1-10,2025-08-02,P011,1,199.0,61.0,19.9
SYN-20250802-1-11,2025-08-02,P012,1,359.0,137.0,0.0
SYN-20250802-1-12,2025-08-02,P001,1,299.0,94.0,0.0
SYN-20250802-2-00,2025-08-02,P004,1,249.0,71.0,0.0
SYN-20250802-2-01,2025-08-02,P005,1,219.0,67.0,0.0
SYN-20250802-2-02,2025-08-02,P006,1,139.0,35.0,0.0
SYN-20250802-2-03,2025-08-02,P007,1,189.0,55.0,18.9
SYN-20250802-2-04,2025-08-02,P008,1,329.0,121.0,0.0
SYN-20250802-2-05,2025-08-02,P009,1,159.0,43.0,15.9
SYN-20250802-2-06,2025-08-02,P010,1,279.0,83.0,27.9
SYN-20250802-2-07,2025-08-02,P011,1,199.0,61.0,0.0
SYN-20250802-2-08,2025-08-02,P012,1,359.0,137.0,0.0
SYN-20250802-2-09,2025-08-02,P001,1,299.0,94.0,0.0
SYN-20250803-0-00,2025-08-03,P003,2,358.0,98.0,0.0
SYN-20250803-0-01,2025-08-03,P004,1,249.0,71.0,0.0
SYN-20250803-0-02,2025-08-03,P005,1,219.0,67.0,0.0
SYN-20250803-0-03,2025-08-03,P006,1,139.0,35.0,0.0
SYN-20250803-0-04,2025-08-03,P007,1,189.0,55.0,18.9
SYN-20250803-0-05,2025-08-03,P008,1,329.0,121.0,0.0
SYN-20250803-0-06,2025-08-03,P009,1,159.0,43.0,0.0
SYN-20250803-0-07,2025-08-03,P010,1,279.0,83.0,0.0
SYN-20250803-0-08,2025-08-03,P011,1,199.0,61.0,0.0
SYN-20250803-0-09,2025-08-03,P012,1,359.0,137.0,35.9
SYN-20250803-1-00,2025-08-03,P006,1,139.0,35.0,13.9
SYN-20250803-1-01,2025-08-03,P007,2,378.0,110.0,37.8
SYN-20250803-1-02,2025-08-03,P008,1,329.0,121.0,0.0
SYN-20250803-1-03,2025-08-03,P009,1,159.0,43.0,0.0
SYN-20250803-1-04,2025-08-03,P010,1,279.0,83.0,0.0
SYN-20250803-1-05,2025-08-03,P011,1,199.0,61.0,19.9
SYN-20250803-2-00,2025-08-03,P009,1,159.0,43.0,0.0
SYN-20250803-2-01,2025-08-03,P010,1,279.0,83.0,0.0
SYN-20250803-2-02,2025-08-03,P011,1,199.0,61.0,0.0
SYN-20250803-2-03,2025-08-03,P012,1,359.0,137.0,35.9
SYN-20250804-0-00,2025-08-04,P008,1,329.0,121.0,0.0
SYN-20250804-0-01,2025-08-04,P009,1,159.0,43.0,0.0
SYN-20250804-0-02,2025-08-04,P010,1,279.0,83.0,27.9
SYN-20250804-0-03,2025-08-04,P011,1,199.0,61.0,0.0
SYN-20250804-0-04,2025-08-04,P012,1,359.0,137.0,35.9
SYN-20250804-0-05,2025-08-04,P001,1,299.0,94.0,0.0
SYN-20250804-1-00,2025-08-04,P011,2,398.0,122.0,0.0
SYN-20250804-1-01,2025-08-04,P012,1,359.0,137.0,0.0
SYN-20250804-1-02,2025-08-04,P001,1,299.0,94.0,29.9
SYN-20250804-1-03,2025-08-04,P002,1,89.0,24.0,0.0
SYN-20250804-2-00,2025-08-04,P002,1,89.0,24.0,0.0
SYN-20250804-2-01,2025-08-04,P003,1,179.0,49.0,17.9
SYN-20250804-2-02,2025-08-04,P004,1,249.0,71.0,0.0
SYN-20250804-2-03,2025-08-04,P005,1,219.0,67.0,0.0
SYN-20250804-2-04,2025-08-04,P006,1,139.0,35.0,0.0
SYN-20250804-2-05,2025-08-04,P007,1,189.0,55.0,0.0
SYN-20250804-2-06,2025-08-04,P008,1,329.0,121.0,32.9
SYN-20250804-2-07,2025-08-04,P009,1,159.0,43.0,0.0
SYN-20250804-2-08,2025-08-04,P010,2,558.0,166.0,0.0
SYN-20250804-2-09,2025-08-04,P011,1,199.0,61.0,19.9
SYN-20250804-2-10,2025-08-04,P012,1,359.0,137.0,35.9
SYN-20250804-2-11,2025-08-04,P001,1,299.0,94.0,29.9
SYN-20250805-0-00,2025-08-05,P001,1,299.0,94.0,0.0
SYN-20250805-0-01,2025-08-05,P002,1,89.0,24.0,8.9
SYN-20250805-0-02,2025-08-05,P003,1,179.0,49.0,0.0
SYN-20250805-0-03,2025-08-05,P004,1,249.0,71.0,0.0
SYN-20250805-0-04,2025-08-05,P005,1,219.0,67.0,0.0
SYN-20250805-0-05,2025-08-05,P006,1,139.0,35.0,0.0
SYN-20250805-0-06,2025-08-05,P007,1,189.0,55.0,18.9
SYN-20250805-0-07,2025-08-05,P008,1,329.0,121.0,0.0
SYN-20250805-1-00,2025-08-05,P004,1,249.0,71.0,0.0
SYN-20250805-1-01,2025-08-05,P005,2,438.0,134.0,0.0
SYN-20250805-1-02,2025-08-05,P006,1,139.0,35.0,0.0
SYN-20250805-1-03,2025-08-05,P007,2,378.0,110.0,0.0
SYN-20250805-1-04,2025-08-05,P008,1,329.0,121.0,0.0
SYN-20250805-1-05,2025-08-05,P009,1,159.0,43.0,0.0
SYN-20250805-1-06,2025-08-05,P010,1,279.0,83.0,0.0
SYN-20250805-1-07,2025-08-05,P011,1,199.0,61.0,0.0
SYN-20250805-1-08,2025-08-05,P012,1,359.0,137.0,0.0
SYN-20250805-1-09,2025-08-05,P001,1,299.0,94.0,0.0
SYN-20250805-2-00,2025-08-05,P007,1,189.0,55.0,0.0
SYN-20250805-2-01,2025-08-05,P008,1,329.0,121.0,0.0
SYN-20250805-2-02,2025-08-05,P009,1,159.0,43.0,0.0
SYN-20250805-2-03,2025-08-05,P010,2,558.0,166.0,0.0
SYN-20250805-2-04,2025-08-05,P011,1,199.0,61.0,19.9
SYN-20250805-2-05,2025-08-05,P012,1,359.0,137.0,0.0
SYN-20250805-2-06,2025-08-05,P001,1,299.0,94.0,29.9
SYN-20250806-0-00,2025-08-06,P006,1,139.0,35.0,0.0
SYN-20250806-0-01,2025-08-06,P007,2,378.0,110.0,0.0
SYN-20250806-0-02,2025-08-06,P008,1,329.0,121.0,32.9
SYN-20250806-0-03,2025-08-06,P009,1,159.0,43.0,0.0
SYN-20250806-0-04,2025-08-06,P010,1,279.0,83.0,0.0
SYN-20250806-0-05,2025-08-06,P011,2,398.0,122.0,39.8
SYN-20250806-0-06,2025-08-06,P012,1,359.0,137.0,0.0
SYN-20250806-0-07,2025-08-06,P001,1,299.0,94.0,0.0
SYN-20250806-0-08,2025-08-06,P002,1,89.0,24.0,8.9
SYN-20250806-1-00,2025-08-06,P009,2,318.0,86.0,0.0
SYN-20250806-1-01,2025-08-06,P010,1,279.0,83.0,0.0
SYN-20250806-1-02,2025-08-06,P011,2,398.0,122.0,0.0
SYN-20250806-1-03,2025-08-06,P012,1,359.0,137.0,0.0
SYN-20250806-1-04,2025-08-06,P001,1,299.0,94.0,0.0
SYN-20250806-1-05,2025-08-06,P002,1,89.0,24.0,0.0
SYN-20250806-1-06,2025-08-06,P003,1,179.0,49.0,0.0
SYN-20250806-2-00,2025-08-06,P012,1,359.0,137.0,0.0
SYN-20250806-2-01,2025-08-06,P001,1,299.0,94.0,0.0
SYN-20250806-2-02,2025-08-06,P002,2,178.0,48.0,0.0
SYN-20250806-2-03,2025-08-06,P003,1,179.0,49.0,0.0
SYN-20250806-2-04,2025-08-06,P004,1,249.0,71.0,0.0
SYN-20250806-2-05,2025-08-06,P005,1,219.0,67.0,0.0
SYN-20250806-2-06,2025-08-06,P006,2,278.0,70.0,0.0
SYN-20250806-2-07,2025-08-06,P007,1,189.0,55.0,0.0
SYN-20250807-0-00,2025-08-07,P011,1,199.0,61.0,0.0
SYN-20250807-0-01,2025-08-07,P012,1,359.0,137.0,0.0
SYN-20250807-0-02,2025-08-07,P001,1,299.0,94.0,0.0
SYN-20250807-0-03,2025-08-07,P002,1,89.0,24.0,0.0
SYN-20250807-0-04,2025-08-07,P003,2,358.0,98.0,0.0
SYN-20250807-0-05,2025-08-07,P004,1,249.0,71.0,24.9
SYN-20250807-0-06,2025-08-07,P005,2,438.0,134.0,0.0
SYN-20250807-1-00,2025-08-07,P002,2,178.0,48.0,0.0
SYN-20250807-1-01,2025-08-07,P003,1,179.0,49.0,0.0
SYN-20250807-1-02,2025-08-07,P004,1,249.0,71.0,0.0
SYN-20250807-1-03,2025-08-07,P005,1,219.0,67.0,0.0
SYN-20250807-1-04,2025-08-07,P006,1,139.0,35.0,0.0
SYN-20250807-1-05,2025-08-07,P007,1,189.0,55.0,0.0
SYN-20250807-2-00,2025-08-07,P005,1,219.0,67.0,0.0
SYN-20250807-2-01,2025-08-07,P006,1,139.0,35.0,0.0
SYN-20250807-2-02,2025-08-07,P007,1,189.0,55.0,0.0
SYN-20250807-2-03,2025-08-07,P008,2,658.0,242.0,65.8
SYN-20250808-0-00,2025-08-08,P004,1,249.0,71.0,0.0
SYN-20250808-0-01,2025-08-08,P005,1,219.0,67.0,0.0
SYN-20250808-0-02,2025-08-08,P006,1,139.0,35.0,0.0
SYN-20250808-0-03,2025-08-08,P007,1,189.0,55.0,18.9
SYN-20250808-0-04,2025-08-08,P008,1,329.0,121.0,0.0
SYN-20250808-0-05,2025-08-08,P009,1,159.0,43.0,0.0
SYN-20250808-0-06,2025-08-08,P010,1,279.0,83.0,0.0
SYN-20250808-0-07,2025-08-08,P011,1,199.0,61.0,19.9
SYN-20250808-0-08,2025-08-08,P012,1,359.0,137.0,35.9
SYN-20250808-0-09,2025-08-08,P001,1,299.0,94.0,0.0
SYN-20250808-0-10,2025-08-08,P002,1,89.0,24.0,0.0
SYN-20250808-0-11,2025-08-08,P003,1,179.0,49.0,0.0
SYN-20250808-0-12,2025-08-08,P004,1,249.0,71.0,0.0
SYN-20250808-1-00,2025-08-08,P007,1,189.0,55.0,0.0
SYN-20250808-1-01,2025-08-08,P008,1,329.0,121.0,0.0
SYN-20250808-1-02,2025-08-08,P009,1,159.0,43.0,0.0
SYN-20250808-1-03,2025-08-08,P010,1,279.0,83.0,27.9
SYN-20250808-1-04,2025-08-08,P011,1,199.0,61.0,0.0
SYN-20250808-2-00,2025-08-08,P010,1,279.0,83.0,27.9
SYN-20250808-2-01,2025-08-08,P011,1,199.0,61.0,0.0
SYN-20250808-2-02,2025-08-08,P012,1,359.0,137.0,0.0
SYN-20250808-2-03,2025-08-08,P001,2,598.0,188.0,0.0
SYN-20250808-2-04,2025-08-08,P002,1,89.0,24.0,0.0
SYN-20250808-2-05,2025-08-08,P003,1,179.0,49.0,0.0
SYN-20250808-2-06,2025-08-08,P004,1,249.0,71.0,0.0
SYN-20250808-2-07,2025-08-08,P005,1,219.0,67.0,0.0
SYN-20250808-2-08,2025-08-08,P006,1,139.0,35.0,0.0
SYN-20250808-2-09,2025-08-08,P007,1,189.0,55.0,0.0
SYN-20250808-2-10,2025-08-08,P008,1,329.0,121.0,0.0
SYN-20250808-2-11,2025-08-08,P009,1,159.0,43.0,0.0
SYN-20250808-2-12,2025-08-08,P010,2,558.0,166.0,55.8
SYN-20250808-2-13,2025-08-08,P011,1,199.0,61.0,0.0
SYN-20250809-0-00,2025-08-09,P009,1,159.0,43.0,0.0
SYN-20250809-0-01,2025-08-09,P010,1,279.0,83.0,0.0
SYN-20250809-0-02,2025-08-09,P011,1,199.0,61.0,0.0
SYN-20250809-0-03,2025-08-09,P012,1,359.0,137.0,0.0
SYN-20250809-0-04,2025-08-09,P001,1,299.0,94.0,0.0
SYN-20250809-0-05,2025-08-09,P002,1,89.0,24.0,0.0
SYN-20250809-0-06,2025-08-09,P003,1,179.0,49.0,0.0
SYN-20250809-0-07,2025-08-09,P004,1,249.0,71.0,0.0
SYN-20250809-0-08,2025-08-09,P005,1,219.0,67.0,0.0
SYN-20250809-0-09,2025-08-09,P006,1,139.0,35.0,13.9
SYN-20250809-0-10,2025-08-09,P007,1,189.0,55.0,0.0
SYN-20250809-0-11,2025-08-09,P008,1,329.0,121.0,0.0
SYN-20250809-0-12,2025-08-09,P009,1,159.0,43.0,0.0
SYN-20250809-1-00,2025-08-09,P012,1,359.0,137.0,0.0
SYN-20250809-1-01,2025-08-09,P001,1,299.0,94.0,0.0
SYN-20250809-1-02,2025-08-09,P002,1,89.0,24.0,0.0
SYN-20250809-1-03,2025-08-09,P003,1,179.0,49.0,17.9
SYN-20250809-1-04,2025-08-09,P004,1,249.0,71.0,0.0
SYN-20250809-1-05,2025-08-09,P005,1,219.0,67.0,21.9
SYN-20250809-1-06,2025-08-09,P006,1,139.0,35.0,0.0
SYN-20250809-1-07,2025-08-09,P007,1,189.0,55.0,0.0
SYN-20250809-1-08,2025-08-09,P008,1,329.0,121.0,0.0
SYN-20250809-1-09,2025-08-09,P009,1,159.0,43.0,15.9
SYN-20250809-1-10,2025-08-09,P010,1,279.0,83.0,27.9
SYN-20250809-2-00,2025-08-09,P003,1,179.0,49.0,17.9
SYN-20250809-2-01,2025-08-09,P004,1,249.0,71.0,0.0
SYN-20250809-2-02,2025-08-09,P005,1,219.0,67.0,0.0
SYN-20250809-2-03,2025-08-09,P006,1,139.0,35.0,13.9
SYN-20250809-2-04,2025-08-09,P007,1,189.0,55.0,0.0
SYN-20250809-2-05,2025-08-09,P008,1,329.0,121.0,0.0
SYN-20250809-2-06,2025-08-09,P009,1,159.0,43.0,0.0
SYN-20250809-2-07,2025-08-09,P010,1,279.0,83.0,0.0
SYN-20250809-2-08,2025-08-09,P011,1,199.0,61.0,0.0
SYN-20250809-2-09,2025-08-09,P012,1,359.0,137.0,0.0
SYN-20250810-0-00,2025-08-10,P002,1,89.0,24.0,0.0
SYN-20250810-0-01,2025-08-10,P003,1,179.0,49.0,0.0
SYN-20250810-0-02,2025-08-10,P004,1,249.0,71.0,0.0
SYN-20250810-0-03,2025-08-10,P005,1,219.0,67.0,0.0
SYN-20250810-0-04,2025-08-10,P006,1,139.0,35.0,13.9
SYN-20250810-0-05,2025-08-10,P007,1,189.0,55.0,18.9
SYN-20250810-0-06,2025-08-10,P008,1,329.0,121.0,0.0
SYN-20250810-0-07,2025-08-10,P009,1,159.0,43.0,0.0
SYN-20250810-0-08,2025-08-10,P010,1,279.0,83.0,27.9
SYN-20250810-0-09,2025-08-10,P011,1,199.0,61.0,0.0
SYN-20250810-0-10,2025-08-10,P012,1,359.0,137.0,0.0
SYN-20250810-1-00,2025-08-10,P005,2,438.0,134.0,0.0
SYN-20250810-1-01,2025-08-10,P006,1,139.0,35.0,0.0
SYN-20250810-1-02,2025-08-10,P007,1,189.0,55.0,18.9
SYN-20250810-1-03,2025-08-10,P008,1,329.0,121.0,0.0
SYN-20250810-1-04,2025-08-10,P009,1,159.0,43.0,0.0
SYN-20250810-1-05,2025-08-10,P010,1,279.0,83.0,0.0
SYN-20250810-1-06,2025-08-10,P011,2,398.0,122.0,0.0
SYN-20250810-1-07,2025-08-10,P012,1,359.0,137.0,0.0
SYN-20250810-1-08,2025-08-10,P001,1,299.0,94.0,0.0
SYN-20250810-1-09,2025-08-10,P002,1,89.0,24.0,0.0
SYN-20250810-1-10,2025-08-10,P003,1,179.0,49.0,17.9
SYN-20250810-1-11,2025-08-10,P004,1,249.0,71.0,0.0
SYN-20250810-2-00,2025-08-10,P008,1,329.0,121.0,0.0
SYN-20250810-2-01,2025-08-10,P009,1,159.0,43.0,0.0
SYN-20250810-2-02,2025-08-10,P010,2,558.0,166.0,0.0
SYN-20250810-2-03,2025-08-10,P011,1,199.0,61.0,19.9
SYN-20250810-2-04,2025-08-10,P012,1,359.0,137.0,0.0
SYN-20250810-2-05,2025-08-10,P001,1,299.0,94.0,0.0
SYN-20250810-2-06,2025-08-10,P002,1,89.0,24.0,0.0
SYN-20250810-2-07,2025-08-10,P003,1,179.0,49.0,0.0
SYN-20250810-2-08,2025-08-10,P004,1,249.0,71.0,0.0
SYN-20250810-2-09,2025-08-10,P005,1,219.0,67.0,0.0
SYN-20250810-2-10,2025-08-10,P006,1,139.0,35.0,13.9
SYN-20250810-2-11,2025-08-10,P007,2,378.0,110.0,37.8
SYN-20250810-2-12,2025-08-10,P008,1,329.0,121.0,0.0
SYN-20250810-2-13,2025-08-10,P009,1,159.0,43.0,0.0
SYN-20250811-0-00,2025-08-11,P007,1,189.0,55.0,18.9
SYN-20250811-0-01,2025-08-11,P008,1,329.0,121.0,0.0
SYN-20250811-0-02,2025-08-11,P009,1,159.0,43.0,0.0
SYN-20250811-0-03,2025-08-11,P010,1,279.0,83.0,27.9
SYN-20250811-0-04,2025-08-11,P011,1,199.0,61.0,0.0
SYN-20250811-0-05,2025-08-11,P012,1,359.0,137.0,0.0
SYN-20250811-0-06,2025-08-11,P001,1,299.0,94.0,0.0
SYN-20250811-0-07,2025-08-11,P002,1,89.0,24.0,0.0
SYN-20250811-0-08,2025-08-11,P003,1,179.0,49.0,0.0
SYN-20250811-0-09,2025-08-11,P004,1,249.0,71.0,0.0
SYN-20250811-0-10,2025-08-11,P005,1,219.0,67.0,0.0
SYN-20250811-0-11,2025-08-11,P006,1,139.0,35.0,0.0
SYN-20250811-0-12,2025-08-11,P007,1,189.0,55.0,0.0
SYN-20250811-1-00,2025-08-11,P010,2,558.0,166.0,55.8
SYN-20250811-1-01,2025-08-11,P011,1,199.0,61.0,0.0
SYN-20250811-1-02,2025-08-11,P012,1,359.0,137.0,35.9
SYN-20250811-1-03,2025-08-11,P001,1,299.0,94.0,0.0
SYN-20250811-1-04,2025-08-11,P002,1,89.0,24.0,0.0
SYN-20250811-1-05,2025-08-11,P003,1,179.0,49.0,0.0
SYN-20250811-1-06,2025-08-11,P004,1,249.0,71.0,0.0
SYN-20250811-1-07,2025-08-11,P005,2,438.0,134.0,0.0
SYN-20250811-1-08,2025-08-11,P006,1,139.0,35.0,13.9
SYN-20250811-2-00,2025-08-11,P001,1,299.0,94.0,0.0
SYN-20250811-2-01,2025-08-11,P002,1,89.0,24.0,0.0
SYN-20250811-2-02,2025-08-11,P003,1,179.0,49.0,17.9
SYN-20250811-2-03,2025-08-11,P004,1,249.0,71.0,0.0
SYN-20250811-2-04,2025-08-11,P005,1,219.0,67.0,0.0
SYN-20250811-2-05,2025-08-11,P006,1,139.0,35.0,0.0
SYN-20250811-2-06,2025-08-11,P007,1,189.0,55.0,0.0
SYN-20250811-2-07,2025-08-11,P008,1,329.0,121.0,32.9
SYN-20250811-2-08,2025-08-11,P009,1,159.0,43.0,0.0
SYN-20250811-2-09,2025-08-11,P010,1,279.0,83.0,27.9
SYN-20250811-2-10,2025-08-11,P011,1,199.0,61.0,0.0
SYN-20250812-0-00,2025-08-12,P012,1,359.0,137.0,35.9
SYN-20250812-0-01,2025-08-12,P001,1,299.0,94.0,0.0
SYN-20250812-0-02,2025-08-12,P002,1,89.0,24.0,0.0
SYN-20250812-0-03,2025-08-12,P003,1,179.0,49.0,0.0
SYN-20250812-0-04,2025-08-12,P004,1,249.0,71.0,24.9
SYN-20250812-0-05,2025-08-12,P005,1,219.0,67.0,21.9
SYN-20250812-0-06,2025-08-12,P006,1,139.0,35.0,13.9
SYN-20250812-0-07,2025-08-12,P007,1,189.0,55.0,0.0
SYN-20250812-0-08,2025-08-12,P008,2,658.0,242.0,65.8
SYN-20250812-1-00,2025-08-12,P003,1,179.0,49.0,0.0
SYN-20250812-1-01,2025-08-12,P004,1,249.0,71.0,24.9
SYN-20250812-1-02,2025-08-12,P005,1,219.0,67.0,21.9
SYN-20250812-1-03,2025-08-12,P006,1,139.0,35.0,0.0
SYN-20250812-1-04,2025-08-12,P007,1,189.0,55.0,0.0
SYN-20250812-1-05,2025-08-12,P008,1,329.0,121.0,0.0
SYN-20250812-1-06,2025-08-12,P009,1,159.0,43.0,0.0
SYN-20250812-1-07,2025-08-12,P010,2,558.0,166.0,55.8
SYN-20250812-1-08,2025-08-12,P011,1,199.0,61.0,0.0
SYN-20250812-1-09,2025-08-12,P012,1,359.0,137.0,0.0
SYN-20250812-1-10,2025-08-12,P001,1,299.0,94.0,0.0
SYN-20250812-1-11,2025-08-12,P002,1,89.0,24.0,0.0
SYN-20250812-1-12,2025-08-12,P003,1,179.0,49.0,17.9
SYN-20250812-1-13,2025-08-12,P004,1,249.0,71.0,0.0
SYN-20250812-1-14,2025-08-12,P005,2,438.0,134.0,0.0
SYN-20250812-1-15,2025-08-12,P006,1,139.0,35.0,0.0
SYN-20250812-1-16,2025-08-12,P007,1,189.0,55.0,0.0
SYN-20250812-2-00,2025-08-12,P006,1,139.0,35.0,0.0
SYN-20250812-2-01,2025-08-12,P007,1,189.0,55.0,0.0
SYN-20250812-2-02,2025-08-12,P008,1,329.0,121.0,0.0
SYN-20250812-2-03,2025-08-12,P009,1,159.0,43.0,0.0
SYN-20250812-2-04,2025-08-12,P010,1,279.0,83.0,0.0
SYN-20250812-2-05,2025-08-12,P011,1,199.0,61.0,19.9
SYN-20250812-2-06,2025-08-12,P012,1,359.0,137.0,0.0
SYN-20250812-2-07,2025-08-12,P001,1,299.0,94.0,0.0
SYN-20250812-2-08,2025-08-12,P002,1,89.0,24.0,0.0
SYN-20250813-0-00,2025-08-13,P005,1,219.0,67.0,0.0
SYN-20250813-0-01,2025-08-13,P006,1,139.0,35.0,0.0
SYN-20250813-0-02,2025-08-13,P007,1,189.0,55.0,0.0
SYN-20250813-0-03,2025-08-13,P008,1,329.0,121.0,0.0
SYN-20250813-0-04,2025-08-13,P009,1,159.0,43.0,0.0
SYN-20250813-0-05,2025-08-13,P010,1,279.0,83.0,27.9
SYN-20250813-0-06,2025-08-13,P011,1,199.0,61.0,0.0
SYN-20250813-0-07,2025-08-13,P012,1,359.0,137.0,0.0
SYN-20250813-0-08,2025-08-13,P001,1,299.0,94.0,0.0
SYN-20250813-1-00,2025-08-13,P008,1,329.0,121.0,0.0
SYN-20250813-1-01,2025-08-13,P009,1,159.0,43.0,15.9
SYN-20250813-1-02,2025-08-13,P010,1,279.0,83.0,0.0
SYN-20250813-1-03,2025-08-13,P011,1,199.0,61.0,0.0
SYN-20250813-1-04,2025-08-13,P012,1,359.0,137.0,35.9
SYN-20250813-1-05,2025-08-13,P001,1,299.0,94.0,0.0
SYN-20250813-1-06,2025-08-13,P002,1,89.0,24.0,0.0
SYN-20250813-1-07,2025-08-13,P003,1,179.0,49.0,0.0
SYN-20250813-1-08,2025-08-13,P004,1,249.0,71.0,24.9
SYN-20250813-1-09,2025-08-13,P005,1,219.0,67.0,0.0
SYN-20250813-2-00,2025-08-13,P011,1,199.0,61.0,0.0
SYN-20250813-2-01,2025-08-13,P012,1,359.0,137.0,0.0
SYN-20250813-2-02,2025-08-13,P001,1,299.0,94.0,0.0
SYN-20250813-2-03,2025-08-13,P002,1,89.0,24.0,0.0
SYN-20250813-2-04,2025-08-13,P003,1,179.0,49.0,17.9
SYN-20250813-2-05,2025-08-13,P004,1,249.0,71.0,0.0
SYN-20250813-2-06,2025-08-13,P005,1,219.0,67.0,0.0
SYN-20250813-2-07,2025-08-13,P006,1,139.0,35.0,0.0
SYN-20250813-2-08,2025-08-13,P007,1,189.0,55.0,0.0
SYN-20250813-2-09,2025-08-13,P008,2,658.0,242.0,0.0
SYN-20250813-2-10,2025-08-13,P009,1,159.0,43.0,0.0
SYN-20250814-0-00,2025-08-14,P010,1,279.0,83.0,0.0
SYN-20250814-0-01,2025-08-14,P011,1,199.0,61.0,19.9
SYN-20250814-0-02,2025-08-14,P012,1,359.0,137.0,0.0
SYN-20250814-0-03,2025-08-14,P001,1,299.0,94.0,29.9
SYN-20250814-0-04,2025-08-14,P002,1,89.0,24.0,0.0
SYN-20250814-0-05,2025-08-14,P003,1,179.0,49.0,0.0
SYN-20250814-0-06,2025-08-14,P004,1,249.0,71.0,0.0
SYN-20250814-0-07,2025-08-14,P005,2,438.0,134.0,0.0
SYN-20250814-1-00,2025-08-14,P001,1,299.0,94.0,29.9
SYN-20250814-1-01,2025-08-14,P002,2,178.0,48.0,0.0
SYN-20250814-1-02,2025-08-14,P003,1,179.0,49.0,0.0
SYN-20250814-1-03,2025-08-14,P004,1,249.0,71.0,0.0
SYN-20250814-1-04,2025-08-14,P005,1,219.0,67.0,21.9
SYN-20250814-2-00,2025-08-14,P004,2,498.0,142.0,0.0
SYN-20250814-2-01,2025-08-14,P005,1,219.0,67.0,0.0
SYN-20250814-2-02,2025-08-14,P006,1,139.0,35.0,0.0
SYN-20250814-2-03,2025-08-14,P007,1,189.0,55.0,0.0
SYN-20250814-2-04,2025-08-14,P008,1,329.0,121.0,0.0
SYN-20250814-2-05,2025-08-14,P009,2,318.0,86.0,0.0
SYN-20250814-2-06,2025-08-14,P010,1,279.0,83.0,0.0
SYN-20250814-2-07,2025-08-14,P011,1,199.0,61.0,0.0
SYN-20250814-2-08,2025-08-14,P012,1,359.0,137.0,0.0
SYN-20250814-2-09,2025-08-14,P001,1,299.0,94.0,0.0
SYN-20250814-2-10,2025-08-14,P002,2,178.0,48.0,0.0
SYN-20250814-2-11,2025-08-14,P003,1,179.0,49.0,0.0
SYN-20250814-2-12,2025-08-14,P004,1,249.0,71.0,0.0
SYN-20250814-2-13,2025-08-14,P005,1,219.0,67.0,0.0
SYN-20250814-2-14,2025-08-14,P006,1,139.0,35.0,0.0
SYN-20250815-0-00,2025-08-15,P003,1,179.0,49.0,0.0
SYN-20250815-0-01,2025-08-15,P004,2,498.0,142.0,0.0
SYN-20250815-0-02,2025-08-15,P005,1,219.0,67.0,0.0
SYN-20250815-0-03,2025-08-15,P006,2,278.0,70.0,0.0
SYN-20250815-0-04,2025-08-15,P007,2,378.0,110.0,0.0
SYN-20250815-0-05,2025-08-15,P008,1,329.0,121.0,32.9
SYN-20250815-0-06,2025-08-15,P009,1,159.0,43.0,0.0
SYN-20250815-1-00,2025-08-15,P006,1,139.0,35.0,0.0
SYN-20250815-1-01,2025-08-15,P007,1,189.0,55.0,0.0
SYN-20250815-1-02,2025-08-15,P008,1,329.0,121.0,0.0
SYN-20250815-1-03,2025-08-15,P009,2,318.0,86.0,0.0
SYN-20250815-1-04,2025-08-15,P010,1,279.0,83.0,27.9
SYN-20250815-1-05,2025-08-15,P011,1,199.0,61.0,0.0
SYN-20250815-1-06,2025-08-15,P012,1,359.0,137.0,0.0
SYN-20250815-2-00,2025-08-15,P009,1,159.0,43.0,15.9
SYN-20250815-2-01,2025-08-15,P010,1,279.0,83.0,0.0
SYN-20250815-2-02,2025-08-15,P011,1,199.0,61.0,0.0
SYN-20250815-2-03,2025-08-15,P012,1,359.0,137.0,0.0
SYN-20250816-0-00,2025-08-16,P008,1,329.0,121.0,0.0
SYN-20250816-0-01,2025-08-16,P009,1,159.0,43.0,15.9
SYN-20250816-0-02,2025-08-16,P010,1,279.0,83.0,0.0
SYN-20250816-0-03,2025-08-16,P011,1,199.0,61.0,0.0
SYN-20250816-0-04,2025-08-16,P012,1,359.0,137.0,0.0
SYN-20250816-0-05,2025-08-16,P001,1,299.0,94.0,29.9
SYN-20250816-0-06,2025-08-16,P002,1,89.0,24.0,0.0
SYN-20250816-0-07,2025-08-16,P003,1,179.0,49.0,0.0
SYN-20250816-0-08,2025-08-16,P004,1,249.0,71.0,0.0
SYN-20250816-0-09,2025-08-16,P005,1,219.0,67.0,0.0
SYN-20250816-1-00,2025-08-16,P011,1,199.0,61.0,19.9
SYN-20250816-1-01,2025-08-16,P012,1,359.0,137.0,0.0
SYN-20250816-1-02,2025-08-16,P001,2,598.0,188.0,0.0
SYN-20250816-1-03,2025-08-16,P002,1,89.0,24.0,0.0
SYN-20250816-1-04,2025-08-16,P003,1,179.0,49.0,0.0
SYN-20250816-2-00,2025-08-16,P002,1,89.0,24.0,8.9
SYN-20250816-2-01,2025-08-16,P003,1,179.0,49.0,0.0
SYN-20250816-2-02,2025-08-16,P004,1,249.0,71.0,0.0
SYN-20250816-2-03,2025-08-16,P005,1,219.0,67.0,0.0
SYN-20250816-2-04,2025-08-16,P006,1,139.0,35.0,0.0
SYN-20250816-2-05,2025-08-16,P007,1,189.0,55.0,0.0
SYN-20250816-2-06,2025-08-16,P008,1,329.0,121.0,32.9
SYN-20250817-0-00,2025-08-17,P001,1,299.0,94.0,29.9
SYN-20250817-0-01,2025-08-17,P002,1,89.0,24.0,0.0
SYN-20250817-0-02,2025-08-17,P003,1,179.0,49.0,0.0
SYN-20250817-0-03,2025-08-17,P004,1,249.0,71.0,0.0
SYN-20250817-0-04,2025-08-17,P005,1,219.0,67.0,0.0
SYN-20250817-0-05,2025-08-17,P006,1,139.0,35.0,13.9
SYN-20250817-0-06,2025-08-17,P007,1,189.0,55.0,18.9
SYN-20250817-0-07,2025-08-17,P008,1,329.0,121.0,32.9
SYN-20250817-0-08,2025-08-17,P009,1,159.0,43.0,15.9
SYN-20250817-0-09,2025-08-17,P010,1,279.0,83.0,0.0
SYN-20250817-1-00,2025-08-17,P004,1,249.0,71.0,0.0
SYN-20250817-1-01,2025-08-17,P005,1,219.0,67.0,0.0
SYN-20250817-1-02,2025-08-17,P006,1,139.0,35.0,0.0
SYN-20250817-1-03,2025-08-17,P007,1,189.0,55.0,0.0
SYN-20250817-1-04,2025-08-17,P008,1,329.0,121.0,0.0
SYN-20250817-2-00,2025-08-17,P007,1,189.0,55.0,0.0
SYN-20250817-2-01,2025-08-17,P008,1,329.0,121.0,0.0
SYN-20250817-2-02,2025-08-17,P009,1,159.0,43.0,0.0
SYN-20250817-2-03,2025-08-17,P010,1,279.0,83.0,0.0
SYN-20250817-2-04,2025-08-17,P011,1,199.0,61.0,0.0
SYN-20250817-2-05,2025-08-17,P012,1,359.0,137.0,0.0
SYN-20250817-2-06,2025-08-17,P001,1,299.0,94.0,0.0
SYN-20250818-0-00,2025-08-18,P006,1,139.0,35.0,0.0
SYN-20250818-0-01,2025-08-18,P007,1,189.0,55.0,0.0
SYN-20250818-0-02,2025-08-18,P008,1,329.0,121.0,0.0
SYN-20250818-0-03,2025-08-18,P009,1,159.0,43.0,15.9
SYN-20250818-0-04,2025-08-18,P010,1,279.0,83.0,27.9
SYN-20250818-0-05,2025-08-18,P011,1,199.0,61.0,0.0
SYN-20250818-0-06,2025-08-18,P012,1,359.0,137.0,0.0
SYN-20250818-0-07,2025-08-18,P001,1,299.0,94.0,0.0
SYN-20250818-0-08,2025-08-18,P002,2,178.0,48.0,17.8
SYN-20250818-0-09,2025-08-18,P003,1,179.0,49.0,0.0
SYN-20250818-0-10,2025-08-18,P004,2,498.0,142.0,0.0
SYN-20250818-1-00,2025-08-18,P009,1,159.0,43.0,15.9
SYN-20250818-1-01,2025-08-18,P010,2,558.0,166.0,55.8
SYN-20250818-1-02,2025-08-18,P011,2,398.0,122.0,0.0
SYN-20250818-1-03,2025-08-18,P012,1,359.0,137.0,0.0
SYN-20250818-1-04,2025-08-18,P001,1,299.0,94.0,29.9
SYN-20250818-2-00,2025-08-18,P012,1,359.0,137.0,35.9
SYN-20250818-2-01,2025-08-18,P001,1,299.0,94.0,0.0
SYN-20250818-2-02,2025-08-18,P002,2,178.0,48.0,17.8
SYN-20250818-2-03,2025-08-18,P003,1,179.0,49.0,0.0
SYN-20250818-2-04,2025-08-18,P004,1,249.0,71.0,0.0
SYN-20250818-2-05,2025-08-18,P005,1,219.0,67.0,0.0
SYN-20250818-2-06,2025-08-18,P006,1,139.0,35.0,0.0
SYN-20250818-2-07,2025-08-18,P007,1,189.0,55.0,0.0
SYN-20250818-2-08,2025-08-18,P008,1,329.0,121.0,32.9
SYN-20250818-2-09,2025-08-18,P009,1,159.0,43.0,0.0
SYN-20250818-2-10,2025-08-18,P010,1,279.0,83.0,0.0
SYN-20250818-2-11,2025-08-18,P011,1,199.0,61.0,0.0
SYN-20250818-2-12,2025-08-18,P012,1,359.0,137.0,0.0
SYN-20250818-2-13,2025-08-18,P001,1,299.0,94.0,0.0
SYN-20250819-0-00,2025-08-19,P011,1,199.0,61.0,19.9
SYN-20250819-0-01,2025-08-19,P012,1,359.0,137.0,0.0
SYN-20250819-0-02,2025-08-19,P001,1,299.0,94.0,0.0
SYN-20250819-0-03,2025-08-19,P002,2,178.0,48.0,17.8
SYN-20250819-0-04,2025-08-19,P003,1,179.0,49.0,17.9
SYN-20250819-0-05,2025-08-19,P004,1,249.0,71.0,0.0
SYN-20250819-0-06,2025-08-19,P005,1,219.0,67.0,21.9
SYN-20250819-0-07,2025-08-19,P006,1,139.0,35.0,13.9
SYN-20250819-0-08,2025-08-19,P007,1,189.0,55.0,0.0
SYN-20250819-0-09,2025-08-19,P008,1,329.0,121.0,32.9
SYN-20250819-0-10,2025-08-19,P009,1,159.0,43.0,15.9
SYN-20250819-0-11,2025-08-19,P010,1,279.0,83.0,27.9
SYN-20250819-0-12,2025-08-19,P011,2,398.0,122.0,0.0
SYN-20250819-1-00,2025-08-19,P002,1,89.0,24.0,0.0
SYN-20250819-1-01,2025-08-19,P003,1,179.0,49.0,17.9
SYN-20250819-1-02,2025-08-19,P004,1,249.0,71.0,0.0
SYN-20250819-1-03,2025-08-19,P005,1,219.0,67.0,0.0
SYN-20250819-1-04,2025-08-19,P006,1,139.0,35.0,0.0
SYN-20250819-1-05,2025-08-19,P007,1,189.0,55.0,0.0
SYN-20250819-1-06,2025-08-19,P008,1,329.0,121.0,0.0
SYN-20250819-1-07,2025-08-19,P009,1,159.0,43.0,0.0
SYN-20250819-1-08,2025-08-19,P010,1,279.0,83.0,0.0
SYN-20250819-1-09,2025-08-19,P011,1,199.0,61.0,0.0
SYN-20250819-1-10,2025-08-19,P012,1,359.0,137.0,0.0
SYN-20250819-1-11,2025-08-19,P001,1,299.0,94.0,0.0
SYN-20250819-2-00,2025-08-19,P005,1,219.0,67.0,21.9
SYN-20250819-2-01,2025-08-19,P006,1,139.0,35.0,0.0
SYN-20250819-2-02,2025-08-19,P007,1,189.0,55.0,0.0
SYN-20250819-2-03,2025-08-19,P008,1,329.0,121.0,0.0
SYN-20250819-2-04,2025-08-19,P009,1,159.0,43.0,15.9
SYN-20250820-0-00,2025-08-20,P004,1,249.0,71.0,0.0
SYN-20250820-0-01,2025-08-20,P005,1,219.0,67.0,0.0
SYN-20250820-0-02,2025-08-20,P006,1,139.0,35.0,0.0
SYN-20250820-0-03,2025-08-20,P007,1,189.0,55.0,0.0
SYN-20250820-0-04,2025-08-20,P008,1,329.0,121.0,32.9
SYN-20250820-0-05,2025-08-20,P009,1,159.0,43.0,0.0
SYN-20250820-0-06,2025-08-20,P010,1,279.0,83.0,0.0
SYN-20250820-0-07,2025-08-20,P011,2,398.0,122.0,0.0
SYN-20250820-0-08,2025-08-20,P012,1,359.0,137.0,0.0
SYN-20250820-0-09,2025-08-20,P001,1,299.0,94.0,0.0
SYN-20250820-0-10,2025-08-20,P002,1,89.0,24.0,0.0
SYN-20250820-0-11,2025-08-20,P003,1,179.0,49.0,0.0
SYN-20250820-0-12,2025-08-20,P004,1,249.0,71.0,0.0
SYN-20250820-0-13,2025-08-20,P005,1,219.0,67.0,0.0
SYN-20250820-0-14,2025-08-20,P006,1,139.0,35.0,0.0
SYN-20250820-0-15,2025-08-20,P007,1,189.0,55.0,0.0
SYN-20250820-1-00,2025-08-20,P007,1,189.0,55.0,0.0
SYN-20250820-1-01,2025-08-20,P008,1,329.0,121.0,0.0
SYN-20250820-1-02,2025-08-20,P009,1,159.0,43.0,0.0
SYN-20250820-1-03,2025-08-20,P010,1,279.0,83.0,0.0
SYN-20250820-1-04,2025-08-20,P011,1,199.0,61.0,19.9
SYN-20250820-1-05,2025-08-20,P012,1,359.0,137.0,35.9
SYN-20250820-1-06,2025-08-20,P001,1,299.0,94.0,0.0
SYN-20250820-1-07,2025-08-20,P002,1,89.0,24.0,8.9
SYN-20250820-1-08,2025-08-20,P003,1,179.0,49.0,0.0
SYN-20250820-1-09,2025-08-20,P004,1,249.0,71.0,0.0
SYN-20250820-1-10,2025-08-20,P005,1,219.0,67.0,0.0
SYN-20250820-2-00,2025-08-20,P010,1,279.0,83.0,0.0
SYN-20250820-2-01,2025-08-20,P011,1,199.0,61.0,0.0
SYN-20250820-2-02,2025-08-20,P012,1,359.0,137.0,0.0
SYN-20250820-2-03,2025-08-20,P001,1,299.0,94.0,29.9
SYN-20250820-2-04,2025-08-20,P002,1,89.0,24.0,0.0
SYN-20250820-2-05,2025-08-20,P003,1,179.0,49.0,17.9
SYN-20250820-2-06,2025-08-20,P004,1,249.0,71.0,0.0
SYN-20250820-2-07,2025-08-20,P005,1,219.0,67.0,21.9
SYN-20250820-2-08,2025-08-20,P006,1,139.0,35.0,0.0
SYN-20250820-2-09,2025-08-20,P007,1,189.0,55.0,0.0
SYN-20250821-0-00,2025-08-21,P009,1,159.0,43.0,0.0
SYN-20250821-0-01,2025-08-21,P010,1,279.0,83.0,0.0
SYN-20250821-0-02,2025-08-21,P011,1,199.0,61.0,0.0
SYN-20250821-0-03,2025-08-21,P012,1,359.0,137.0,0.0
SYN-20250821-0-04,2025-08-21,P001,1,299.0,94.0,29.9
SYN-20250821-1-00,2025-08-21,P012,1,359.0,137.0,0.0
SYN-20250821-1-01,2025-08-21,P001,1,299.0,94.0,0.0
SYN-20250821-1-02,2025-08-21,P002,1,89.0,24.0,0.0
SYN-20250821-1-03,2025-08-21,P003,1,179.0,49.0,0.0
SYN-20250821-1-04,2025-08-21,P004,1,249.0,71.0,0.0
SYN-20250821-1-05,2025-08-21,P005,1,219.0,67.0,0.0
SYN-20250821-1-06,2025-08-21,P006,1,139.0,35.0,0.0
SYN-20250821-1-07,2025-08-21,P007,2,378.0,110.0,0.0
SYN-20250821-1-08,2025-08-21,P008,1,329.0,121.0,0.0
SYN-20250821-2-00,2025-08-21,P003,1,179.0,49.0,0.0
SYN-20250821-2-01,2025-08-21,P004,1,249.0,71.0,0.0
SYN-20250821-2-02,2025-08-21,P005,1,219.0,67.0,0.0
SYN-20250821-2-03,2025-08-21,P006,1,139.0,35.0,13.9
SYN-20250821-2-04,2025-08-21,P007,1,189.0,55.0,0.0
SYN-20250821-2-05,2025-08-21,P008,1,329.0,121.0,0.0
SYN-20250821-2-06,2025-08-21,P009,1,159.0,43.0,15.9
SYN-20250821-2-07,2025-08-21,P010,1,279.0,83.0,0.0
SYN-20250821-2-08,2025-08-21,P011,1,199.0,61.0,0.0
SYN-20250821-2-09,2025-08-21,P012,1,359.0,137.0,35.9
SYN-20250821-2-10,2025-08-21,P001,1,299.0,94.0,29.9
SYN-20250821-2-11,2025-08-21,P002,1,89.0,24.0,0.0
SYN-20250821-2-12,2025-08-21,P003,1,179.0,49.0,17.9
SYN-20250821-2-13,2025-08-21,P004,1,249.0,71.0,0.0
SYN-20250821-2-14,2025-08-21,P005,1,219.0,67.0,21.9
SYN-20250821-2-15,2025-08-21,P006,1,139.0,35.0,0.0
SYN-20250821-2-16,2025-08-21,P007,1,189.0,55.0,0.0
SYN-20250821-2-17,2025-08-21,P008,1,329.0,121.0,32.9
SYN-20250822-0-00,2025-08-22,P002,1,89.0,24.0,0.0
SYN-20250822-0-01,2025-08-22,P003,1,179.0,49.0,17.9
SYN-20250822-0-02,2025-08-22,P004,1,249.0,71.0,0.0
SYN-20250822-0-03,2025-08-22,P005,1,219.0,67.0,0.0
SYN-20250822-0-04,2025-08-22,P006,1,139.0,35.0,0.0
SYN-20250822-0-05,2025-08-22,P007,1,189.0,55.0,0.0
SYN-20250822-0-06,2025-08-22,P008,1,329.0,121.0,0.0
SYN-20250822-0-07,2025-08-22,P009,1,159.0,43.0,15.9
SYN-20250822-0-08,2025-08-22,P010,1,279.0,83.0,0.0
SYN-20250822-0-09,2025-08-22,P011,1,199.0,61.0,0.0
SYN-20250822-1-00,2025-08-22,P005,1,219.0,67.0,21.9
SYN-20250822-1-01,2025-08-22,P006,1,139.0,35.0,0.0
SYN-20250822-1-02,2025-08-22,P007,1,189.0,55.0,18.9
SYN-20250822-1-03,2025-08-22,P008,1,329.0,121.0,0.0
SYN-20250822-1-04,2025-08-22,P009,1,159.0,43.0,15.9
SYN-20250822-1-05,2025-08-22,P010,1,279.0,83.0,0.0
SYN-20250822-1-06,2025-08-22,P011,1,199.0,61.0,0.0
SYN-20250822-1-07,2025-08-22,P012,1,359.0,137.0,0.0
SYN-20250822-1-08,2025-08-22,P001,1,299.0,94.0,0.0
SYN-20250822-1-09,2025-08-22,P002,1,89.0,24.0,0.0
SYN-20250822-2-00,2025-08-22,P008,1,329.0,121.0,0.0
SYN-20250822-2-01,2025-08-22,P009,1,159.0,43.0,0.0
SYN-20250822-2-02,2025-08-22,P010,1,279.0,83.0,0.0
SYN-20250822-2-03,2025-08-22,P011,2,398.0,122.0,0.0
SYN-20250822-2-04,2025-08-22,P012,1,359.0,137.0,0.0
SYN-20250823-0-00,2025-08-23,P007,1,189.0,55.0,0.0
SYN-20250823-0-01,2025-08-23,P008,1,329.0,121.0,0.0
SYN-20250823-0-02,2025-08-23,P009,1,159.0,43.0,0.0
SYN-20250823-0-03,2025-08-23,P010,1,279.0,83.0,27.9
SYN-20250823-0-04,2025-08-23,P011,1,199.0,61.0,0.0
SYN-20250823-0-05,2025-08-23,P012,2,718.0,274.0,0.0
SYN-20250823-0-06,2025-08-23,P001,1,299.0,94.0,0.0
SYN-20250823-1-00,2025-08-23,P010,1,279.0,83.0,0.0
SYN-20250823-1-01,2025-08-23,P011,1,199.0,61.0,0.0
SYN-20250823-1-02,2025-08-23,P012,1,359.0,137.0,0.0
SYN-20250823-1-03,2025-08-23,P001,1,299.0,94.0,0.0
SYN-20250823-1-04,2025-08-23,P002,1,89.0,24.0,8.9
SYN-20250823-2-00,2025-08-23,P001,1,299.0,94.0,0.0
SYN-20250823-2-01,2025-08-23,P002,2,178.0,48.0,0.0
SYN-20250823-2-02,2025-08-23,P003,1,179.0,49.0,0.0
SYN-20250823-2-03,2025-08-23,P004,1,249.0,71.0,0.0
SYN-20250823-2-04,2025-08-23,P005,1,219.0,67.0,21.9
SYN-20250823-2-05,2025-08-23,P006,1,139.0,35.0,13.9
SYN-20250824-0-00,2025-08-24,P012,2,718.0,274.0,0.0
SYN-20250824-0-01,2025-08-24,P001,1,299.0,94.0,0.0
SYN-20250824-0-02,2025-08-24,P002,1,89.0,24.0,0.0
SYN-20250824-0-03,2025-08-24,P003,2,358.0,98.0,0.0
SYN-20250824-0-04,2025-08-24,P004,1,249.0,71.0,24.9
SYN-20250824-0-05,2025-08-24,P005,1,219.0,67.0,0.0
SYN-20250824-0-06,2025-08-24,P006,1,139.0,35.0,0.0
SYN-20250824-0-07,2025-08-24,P007,1,189.0,55.0,0.0
SYN-20250824-0-08,2025-08-24,P008,1,329.0,121.0,0.0
SYN-20250824-1-00,2025-08-24,P003,1,179.0,49.0,0.0
SYN-20250824-1-01,2025-08-24,P004,1,249.0,71.0,0.0
SYN-20250824-1-02,2025-08-24,P005,1,219.0,67.0,0.0
SYN-20250824-1-03,2025-08-24,P006,1,139.0,35.0,0.0
SYN-20250824-1-04,2025-08-24,P007,1,189.0,55.0,0.0
SYN-20250824-2-00,2025-08-24,P006,1,139.0,35.0,0.0
SYN-20250824-2-01,2025-08-24,P007,1,189.0,55.0,0.0
SYN-20250824-2-02,2025-08-24,P008,2,658.0,242.0,0.0
SYN-20250824-2-03,2025-08-24,P009,1,159.0,43.0,0.0
SYN-20250824-2-04,2025-08-24,P010,2,558.0,166.0,0.0
SYN-20250824-2-05,2025-08-24,P011,1,199.0,61.0,0.0
SYN-20250825-0-00,2025-08-25,P005,1,219.0,67.0,21.9
SYN-20250825-0-01,2025-08-25,P006,1,139.0,35.0,0.0
SYN-20250825-0-02,2025-08-25,P007,1,189.0,55.0,18.9
SYN-20250825-0-03,2025-08-25,P008,1,329.0,121.0,0.0
SYN-20250825-0-04,2025-08-25,P009,2,318.0,86.0,0.0
SYN-20250825-0-05,2025-08-25,P010,1,279.0,83.0,0.0
SYN-20250825-0-06,2025-08-25,P011,2,398.0,122.0,0.0
SYN-20250825-0-07,2025-08-25,P012,1,359.0,137.0,0.0
SYN-20250825-1-00,2025-08-25,P008,1,329.0,121.0,32.9
SYN-20250825-1-01,2025-08-25,P009,2,318.0,86.0,0.0
SYN-20250825-1-02,2025-08-25,P010,1,279.0,83.0,0.0
SYN-20250825-1-03,2025-08-25,P011,1,199.0,61.0,0.0
SYN-20250825-1-04,2025-08-25,P012,1,359.0,137.0,35.9
SYN-20250825-1-05,2025-08-25,P001,1,299.0,94.0,29.9
SYN-20250825-2-00,2025-08-25,P011,1,199.0,61.0,0.0
SYN-20250825-2-01,2025-08-25,P012,1,359.0,137.0,35.9
SYN-20250825-2-02,2025-08-25,P001,1,299.0,94.0,29.9
SYN-20250825-2-03,2025-08-25,P002,1,89.0,24.0,0.0
SYN-20250825-2-04,2025-08-25,P003,1,179.0,49.0,17.9
SYN-20250825-2-05,2025-08-25,P004,1,249.0,71.0,24.9
SYN-20250825-2-06,2025-08-25,P005,1,219.0,67.0,0.0
SYN-20250825-2-07,2025-08-25,P006,1,139.0,35.0,0.0
SYN-20250825-2-08,2025-08-25,P007,1,189.0,55.0,0.0
SYN-20250826-0-00,2025-08-26,P010,1,279.0,83.0,0.0
SYN-20250826-0-01,2025-08-26,P011,1,199.0,61.0,0.0
SYN-20250826-0-02,2025-08-26,P012,1,359.0,137.0,0.0
SYN-20250826-0-03,2025-08-26,P001,1,299.0,94.0,0.0
SYN-20250826-0-04,2025-08-26,P002,2,178.0,48.0,0.0
SYN-20250826-1-00,2025-08-26,P001,1,299.0,94.0,0.0
SYN-20250826-1-01,2025-08-26,P002,1,89.0,24.0,0.0
SYN-20250826-1-02,2025-08-26,P003,1,179.0,49.0,17.9
SYN-20250826-1-03,2025-08-26,P004,1,249.0,71.0,24.9
SYN-20250826-1-04,2025-08-26,P005,1,219.0,67.0,0.0
SYN-20250826-1-05,2025-08-26,P006,2,278.0,70.0,0.0
SYN-20250826-2-00,2025-08-26,P004,2,498.0,142.0,49.8
SYN-20250826-2-01,2025-08-26,P005,1,219.0,67.0,0.0
SYN-20250826-2-02,2025-08-26,P006,2,278.0,70.0,0.0
SYN-20250826-2-03,2025-08-26,P007,1,189.0,55.0,0.0
SYN-20250826-2-04,2025-08-26,P008,1,329.0,121.0,0.0
SYN-20250826-2-05,2025-08-26,P009,1,159.0,43.0,0.0
SYN-20250826-2-06,2025-08-26,P010,1,279.0,83.0,27.9
SYN-20250826-2-07,2025-08-26,P011,1,199.0,61.0,0.0
SYN-20250826-2-08,2025-08-26,P012,1,359.0,137.0,0.0
SYN-20250826-2-09,2025-08-26,P001,1,299.0,94.0,29.9
SYN-20250826-2-10,2025-08-26,P002,1,89.0,24.0,8.9
SYN-20250826-2-11,2025-08-26,P003,1,179.0,49.0,0.0
SYN-20250826-2-12,2025-08-26,P004,1,249.0,71.0,0.0
SYN-20250826-2-13,2025-08-26,P005,1,219.0,67.0,21.9
SYN-20250826-2-14,2025-08-26,P006,1,139.0,35.0,13.9
SYN-20250827-0-00,2025-08-27,P003,1,179.0,49.0,0.0
SYN-20250827-0-01,2025-08-27,P004,1,249.0,71.0,0.0
SYN-20250827-0-02,2025-08-27,P005,1,219.0,67.0,21.9
SYN-20250827-0-03,2025-08-27,P006,1,139.0,35.0,0.0
SYN-20250827-0-04,2025-08-27,P007,1,189.0,55.0,0.0
SYN-20250827-1-00,2025-08-27,P006,1,139.0,35.0,0.0
SYN-20250827-1-01,2025-08-27,P007,1,189.0,55.0,18.9
SYN-20250827-1-02,2025-08-27,P008,1,329.0,121.0,0.0
SYN-20250827-1-03,2025-08-27,P009,1,159.0,43.0,15.9
SYN-20250827-1-04,2025-08-27,P010,1,279.0,83.0,0.0
SYN-20250827-1-05,2025-08-27,P011,1,199.0,61.0,0.0
SYN-20250827-1-06,2025-08-27,P012,1,359.0,137.0,35.9
SYN-20250827-1-07,2025-08-27,P001,1,299.0,94.0,0.0
SYN-20250827-1-08,2025-08-27,P002,1,89.0,24.0,0.0
SYN-20250827-1-09,2025-08-27,P003,1,179.0,49.0,0.0
SYN-20250827-2-00,2025-08-27,P009,1,159.0,43.0,0.0
SYN-20250827-2-01,2025-08-27,P010,1,279.0,83.0,0.0
SYN-20250827-2-02,2025-08-27,P011,2,398.0,122.0,0.0
SYN-20250827-2-03,2025-08-27,P012,1,359.0,137.0,0.0
SYN-20250828-0-00,2025-08-28,P008,1,329.0,121.0,0.0
SYN-20250828-0-01,2025-08-28,P009,1,159.0,43.0,15.9
SYN-20250828-0-02,2025-08-28,P010,1,279.0,83.0,27.9
SYN-20250828-0-03,2025-08-28,P011,2,398.0,122.0,0.0
SYN-20250828-0-04,2025-08-28,P012,2,718.0,274.0,71.8
SYN-20250828-0-05,2025-08-28,P001,1,299.0,94.0,29.9
SYN-20250828-0-06,2025-08-28,P002,1,89.0,24.0,8.9
SYN-20250828-0-07,2025-08-28,P003,1,179.0,49.0,17.9
SYN-20250828-0-08,2025-08-28,P004,1,249.0,71.0,0.0
SYN-20250828-1-00,2025-08-28,P011,2,398.0,122.0,39.8
SYN-20250828-1-01,2025-08-28,P012,1,359.0,137.0,35.9
SYN-20250828-1-02,2025-08-28,P001,1,299.0,94.0,0.0
SYN-20250828-1-03,2025-08-28,P002,1,89.0,24.0,0.0
SYN-20250828-1-04,2025-08-28,P003,1,179.0,49.0,0.0
SYN-20250828-1-05,2025-08-28,P004,1,249.0,71.0,24.9
SYN-20250828-1-06,2025-08-28,P005,1,219.0,67.0,0.0
SYN-20250828-1-07,2025-08-28,P006,1,139.0,35.0,0.0
SYN-20250828-1-08,2025-08-28,P007,2,378.0,110.0,0.0
SYN-20250828-1-09,2025-08-28,P008,1,329.0,121.0,32.9
SYN-20250828-2-00,2025-08-28,P002,1,89.0,24.0,0.0
SYN-20250828-2-01,2025-08-28,P003,1,179.0,49.0,17.9
SYN-20250828-2-02,2025-08-28,P004,1,249.0,71.0,24.9
SYN-20250828-2-03,2025-08-28,P005,1,219.0,67.0,0.0
SYN-20250828-2-04,2025-08-28,P006,1,139.0,35.0,13.9
SYN-20250828-2-05,2025-08-28,P007,1,189.0,55.0,0.0
SYN-20250828-2-06,2025-08-28,P008,1,329.0,121.0,0.0
SYN-20250828-2-07,2025-08-28,P009,1,159.0,43.0,0.0
SYN-20250828-2-08,2025-08-28,P010,1,279.0,83.0,0.0
SYN-20250828-2-09,2025-08-28,P011,1,199.0,61.0,19.9
SYN-20250829-0-00,2025-08-29,P001,1,299.0,94.0,0.0
SYN-20250829-0-01,2025-08-29,P002,1,89.0,24.0,0.0
SYN-20250829-0-02,2025-08-29,P003,1,179.0,49.0,0.0
SYN-20250829-0-03,2025-08-29,P004,2,498.0,142.0,0.0
SYN-20250829-0-04,2025-08-29,P005,1,219.0,67.0,0.0
SYN-20250829-0-05,2025-08-29,P006,2,278.0,70.0,0.0
SYN-20250829-0-06,2025-08-29,P007,1,189.0,55.0,0.0
SYN-20250829-0-07,2025-08-29,P008,1,329.0,121.0,32.9
SYN-20250829-1-00,2025-08-29,P004,2,498.0,142.0,0.0
SYN-20250829-1-01,2025-08-29,P005,1,219.0,67.0,0.0
SYN-20250829-1-02,2025-08-29,P006,2,278.0,70.0,0.0
SYN-20250829-1-03,2025-08-29,P007,1,189.0,55.0,18.9
SYN-20250829-1-04,2025-08-29,P008,1,329.0,121.0,32.9
SYN-20250829-1-05,2025-08-29,P009,1,159.0,43.0,15.9
SYN-20250829-1-06,2025-08-29,P010,2,558.0,166.0,0.0
SYN-20250829-1-07,2025-08-29,P011,1,199.0,61.0,0.0
SYN-20250829-1-08,2025-08-29,P012,1,359.0,137.0,0.0
SYN-20250829-1-09,2025-08-29,P001,1,299.0,94.0,0.0
SYN-20250829-1-10,2025-08-29,P002,1,89.0,24.0,0.0
SYN-20250829-1-11,2025-08-29,P003,1,179.0,49.0,0.0
SYN-20250829-1-12,2025-08-29,P004,1,249.0,71.0,24.9
SYN-20250829-2-00,2025-08-29,P007,1,189.0,55.0,0.0
SYN-20250829-2-01,2025-08-29,P008,1,329.0,121.0,0.0
SYN-20250829-2-02,2025-08-29,P009,1,159.0,43.0,0.0
SYN-20250829-2-03,2025-08-29,P010,1,279.0,83.0,0.0
SYN-20250829-2-04,2025-08-29,P011,1,199.0,61.0,0.0
SYN-20250829-2-05,2025-08-29,P012,1,359.0,137.0,35.9
SYN-20250829-2-06,2025-08-29,P001,1,299.0,94.0,0.0
SYN-20250829-2-07,2025-08-29,P002,1,89.0,24.0,8.9
SYN-20250829-2-08,2025-08-29,P003,1,179.0,49.0,0.0
SYN-20250829-2-09,2025-08-29,P004,1,249.0,71.0,0.0
SYN-20250829-2-10,2025-08-29,P005,2,438.0,134.0,43.8
SYN-20250829-2-11,2025-08-29,P006,1,139.0,35.0,0.0
SYN-20250830-0-00,2025-08-30,P006,1,139.0,35.0,0.0
SYN-20250830-0-01,2025-08-30,P007,1,189.0,55.0,0.0
SYN-20250830-0-02,2025-08-30,P008,1,329.0,121.0,32.9
SYN-20250830-0-03,2025-08-30,P009,1,159.0,43.0,0.0
SYN-20250830-0-04,2025-08-30,P010,1,279.0,83.0,0.0
SYN-20250830-0-05,2025-08-30,P011,1,199.0,61.0,0.0
SYN-20250830-0-06,2025-08-30,P012,1,359.0,137.0,35.9
SYN-20250830-0-07,2025-08-30,P001,1,299.0,94.0,0.0
SYN-20250830-0-08,2025-08-30,P002,1,89.0,24.0,0.0
SYN-20250830-0-09,2025-08-30,P003,1,179.0,49.0,17.9
SYN-20250830-0-10,2025-08-30,P004,1,249.0,71.0,0.0
SYN-20250830-0-11,2025-08-30,P005,1,219.0,67.0,0.0
SYN-20250830-0-12,2025-08-30,P006,1,139.0,35.0,0.0
SYN-20250830-0-13,2025-08-30,P007,1,189.0,55.0,0.0
SYN-20250830-0-14,2025-08-30,P008,1,329.0,121.0,32.9
SYN-20250830-0-15,2025-08-30,P009,1,159.0,43.0,0.0
SYN-20250830-1-00,2025-08-30,P009,1,159.0,43.0,15.9
SYN-20250830-1-01,2025-08-30,P010,1,279.0,83.0,0.0
SYN-20250830-1-02,2025-08-30,P011,1,199.0,61.0,0.0
SYN-20250830-1-03,2025-08-30,P012,1,359.0,137.0,35.9
SYN-20250830-1-04,2025-08-30,P001,1,299.0,94.0,29.9
SYN-20250830-1-05,2025-08-30,P002,1,89.0,24.0,0.0
SYN-20250830-1-06,2025-08-30,P003,2,358.0,98.0,0.0
SYN-20250830-1-07,2025-08-30,P004,1,249.0,71.0,0.0
SYN-20250830-1-08,2025-08-30,P005,1,219.0,67.0,0.0
SYN-20250830-2-00,2025-08-30,P012,1,359.0,137.0,0.0
SYN-20250830-2-01,2025-08-30,P001,1,299.0,94.0,0.0
SYN-20250830-2-02,2025-08-30,P002,1,89.0,24.0,0.0
SYN-20250830-2-03,2025-08-30,P003,1,179.0,49.0,17.9
SYN-20250830-2-04,2025-08-30,P004,1,249.0,71.0,24.9
SYN-20250830-2-05,2025-08-30,P005,1,219.0,67.0,0.0
SYN-20250830-2-06,2025-08-30,P006,1,139.0,35.0,0.0
SYN-20250830-2-07,2025-08-30,P007,1,189.0,55.0,0.0
SYN-20250830-2-08,2025-08-30,P008,1,329.0,121.0,32.9
SYN-20250830-2-09,2025-08-30,P009,1,159.0,43.0,0.0
SYN-20250830-2-10,2025-08-30,P010,2,558.0,166.0,0.0
SYN-20250831-0-00,2025-08-31,P011,1,199.0,61.0,0.0
SYN-20250831-0-01,2025-08-31,P012,1,359.0,137.0,0.0
SYN-20250831-0-02,2025-08-31,P001,1,299.0,94.0,0.0
SYN-20250831-0-03,2025-08-31,P002,1,89.0,24.0,0.0
SYN-20250831-0-04,2025-08-31,P003,1,179.0,49.0,0.0
SYN-20250831-0-05,2025-08-31,P004,1,249.0,71.0,0.0
SYN-20250831-0-06,2025-08-31,P005,1,219.0,67.0,0.0
SYN-20250831-0-07,2025-08-31,P006,1,139.0,35.0,13.9
SYN-20250831-0-08,2025-08-31,P007,1,189.0,55.0,0.0
SYN-20250831-0-09,2025-08-31,P008,1,329.0,121.0,0.0
SYN-20250831-0-10,2025-08-31,P009,1,159.0,43.0,0.0
SYN-20250831-0-11,2025-08-31,P010,1,279.0,83.0,0.0
SYN-20250831-1-00,2025-08-31,P002,1,89.0,24.0,8.9
SYN-20250831-1-01,2025-08-31,P003,1,179.0,49.0,0.0
SYN-20250831-1-02,2025-08-31,P004,1,249.0,71.0,0.0
SYN-20250831-1-03,2025-08-31,P005,1,219.0,67.0,0.0
SYN-20250831-1-04,2025-08-31,P006,1,139.0,35.0,0.0
SYN-20250831-1-05,2025-08-31,P007,1,189.0,55.0,0.0
SYN-20250831-2-00,2025-08-31,P005,1,219.0,67.0,0.0
SYN-20250831-2-01,2025-08-31,P006,1,139.0,35.0,0.0
SYN-20250831-2-02,2025-08-31,P007,1,189.0,55.0,0.0
SYN-20250831-2-03,2025-08-31,P008,1,329.0,121.0,0.0
SYN-20250831-2-04,2025-08-31,P009,1,159.0,43.0,15.9
SYN-20250831-2-05,2025-08-31,P010,1,279.0,83.0,0.0
SYN-20250831-2-06,2025-08-31,P011,1,199.0,61.0,19.9
SYN-20250831-2-07,2025-08-31,P012,1,359.0,137.0,0.0
SYN-20250831-2-08,2025-08-31,P001,1,299.0,94.0,0.0
SYN-20250831-2-09,2025-08-31,P002,1,89.0,24.0,8.9
SYN-20250831-2-10,2025-08-31,P003,1,179.0,49.0,0.0
SYN-20250831-2-11,2025-08-31,P004,1,249.0,71.0,0.0
SYN-20250831-2-12,2025-08-31,P005,1,219.0,67.0,0.0
SYN-20250831-2-13,2025-08-31,P006,2,278.0,70.0,0.0
SYN-20250831-2-14,2025-08-31,P007,1,189.0,55.0,18.9
SYN-20250831-2-15,2025-08-31,P008,1,329.0,121.0,0.0
SYN-20250901-0-00,2025-09-01,P004,2,498.0,142.0,0.0
SYN-20250901-0-01,2025-09-01,P005,1,219.0,67.0,0.0
SYN-20250901-0-02,2025-09-01,P006,1,139.0,35.0,0.0
SYN-20250901-0-03,2025-09-01,P007,1,189.0,55.0,0.0
SYN-20250901-0-04,2025-09-01,P008,1,329.0,121.0,0.0
SYN-20250901-0-05,2025-09-01,P009,1,159.0,43.0,0.0
SYN-20250901-0-06,2025-09-01,P010,1,279.0,83.0,0.0
SYN-20250901-1-00,2025-09-01,P007,1,189.0,55.0,0.0
SYN-20250901-1-01,2025-09-01,P008,1,329.0,121.0,32.9
SYN-20250901-1-02,2025-09-01,P009,1,159.0,43.0,0.0
SYN-20250901-1-03,2025-09-01,P010,1,279.0,83.0,0.0
SYN-20250901-1-04,2025-09-01,P011,1,199.0,61.0,0.0
SYN-20250901-2-00,2025-09-01,P010,1,279.0,83.0,0.0
SYN-20250901-2-01,2025-09-01,P011,1,199.0,61.0,0.0
SYN-20250901-2-02,2025-09-01,P012,1,359.0,137.0,0.0
SYN-20250901-2-03,2025-09-01,P001,1,299.0,94.0,29.9
SYN-20250901-2-04,2025-09-01,P002,1,89.0,24.0,0.0
SYN-20250901-2-05,2025-09-01,P003,1,179.0,49.0,0.0
SYN-20250901-2-06,2025-09-01,P004,1,249.0,71.0,0.0
SYN-20250901-2-07,2025-09-01,P005,1,219.0,67.0,0.0
SYN-20250901-2-08,2025-09-01,P006,1,139.0,35.0,0.0
SYN-20250902-0-00,2025-09-02,P009,1,159.0,43.0,15.9
SYN-20250902-0-01,2025-09-02,P010,2,558.0,166.0,0.0
SYN-20250902-0-02,2025-09-02,P011,1,199.0,61.0,0.0
SYN-20250902-0-03,2025-09-02,P012,1,359.0,137.0,0.0
SYN-20250902-1-00,2025-09-02,P012,1,359.0,137.0,0.0
SYN-20250902-1-01,2025-09-02,P001,1,299.0,94.0,29.9
SYN-20250902-1-02,2025-09-02,P002,1,89.0,24.0,8.9
SYN-20250902-1-03,2025-09-02,P003,1,179.0,49.0,0.0
SYN-20250902-1-04,2025-09-02,P004,1,249.0,71.0,0.0
SYN-20250902-1-05,2025-09-02,P005,2,438.0,134.0,43.8
SYN-20250902-1-06,2025-09-02,P006,1,139.0,35.0,13.9
SYN-20250902-1-07,2025-09-02,P007,2,378.0,110.0,0.0
SYN-20250902-1-08,2025-09-02,P008,1,329.0,121.0,0.0
SYN-20250902-1-09,2025-09-02,P009,1,159.0,43.0,0.0
SYN-20250902-1-10,2025-09-02,P010,1,279.0,83.0,27.9
SYN-20250902-1-11,2025-09-02,P011,1,199.0,61.0,0.0
SYN-20250902-2-00,2025-09-02,P003,1,179.0,49.0,17.9
SYN-20250902-2-01,2025-09-02,P004,1,249.0,71.0,24.9
SYN-20250902-2-02,2025-09-02,P005,1,219.0,67.0,0.0
SYN-20250902-2-03,2025-09-02,P006,1,139.0,35.0,0.0
SYN-20250902-2-04,2025-09-02,P007,1,189.0,55.0,0.0
SYN-20250902-2-05,2025-09-02,P008,1,329.0,121.0,0.0
SYN-20250902-2-06,2025-09-02,P009,2,318.0,86.0,0.0
SYN-20250902-2-07,2025-09-02,P010,1,279.0,83.0,0.0
SYN-20250903-0-00,2025-09-03,P002,1,89.0,24.0,0.0
SYN-20250903-0-01,2025-09-03,P003,1,179.0,49.0,0.0
SYN-20250903-0-02,2025-09-03,P004,1,249.0,71.0,24.9
SYN-20250903-0-03,2025-09-03,P005,1,219.0,67.0,0.0
SYN-20250903-0-04,2025-09-03,P006,1,139.0,35.0,0.0
SYN-20250903-0-05,2025-09-03,P007,1,189.0,55.0,18.9
SYN-20250903-1-00,2025-09-03,P005,1,219.0,67.0,0.0
SYN-20250903-1-01,2025-09-03,P006,2,278.0,70.0,0.0
SYN-20250903-1-02,2025-09-03,P007,2,378.0,110.0,0.0
SYN-20250903-1-03,2025-09-03,P008,1,329.0,121.0,32.9
SYN-20250903-1-04,2025-09-03,P009,1,159.0,43.0,0.0
SYN-20250903-1-05,2025-09-03,P010,1,279.0,83.0,0.0
SYN-20250903-1-06,2025-09-03,P011,1,199.0,61.0,0.0
SYN-20250903-1-07,2025-09-03,P012,1,359.0,137.0,0.0
SYN-20250903-1-08,2025-09-03,P001,1,299.0,94.0,0.0
SYN-20250903-2-00,2025-09-03,P008,1,329.0,121.0,0.0
SYN-20250903-2-01,2025-09-03,P009,1,159.0,43.0,0.0
SYN-20250903-2-02,2025-09-03,P010,1,279.0,83.0,0.0
SYN-20250903-2-03,2025-09-03,P011,1,199.0,61.0,0.0
SYN-20250903-2-04,2025-09-03,P012,1,359.0,137.0,0.0
SYN-20250903-2-05,2025-09-03,P001,1,299.0,94.0,0.0
SYN-20250903-2-06,2025-09-03,P002,1,89.0,24.0,8.9
SYN-20250903-2-07,2025-09-03,P003,1,179.0,49.0,17.9
SYN-20250903-2-08,2025-09-03,P004,1,249.0,71.0,0.0
SYN-20250903-2-09,2025-09-03,P005,1,219.0,67.0,0.0
SYN-20250904-0-00,2025-09-04,P007,1,189.0,55.0,0.0
SYN-20250904-0-01,2025-09-04,P008,1,329.0,121.0,0.0
SYN-20250904-0-02,2025-09-04,P009,1,159.0,43.0,15.9
SYN-20250904-0-03,2025-09-04,P010,1,279.0,83.0,0.0
SYN-20250904-0-04,2025-09-04,P011,1,199.0,61.0,0.0
SYN-20250904-0-05,2025-09-04,P012,1,359.0,137.0,0.0
SYN-20250904-0-06,2025-09-04,P001,1,299.0,94.0,29.9
SYN-20250904-0-07,2025-09-04,P002,1,89.0,24.0,8.9
SYN-20250904-1-00,2025-09-04,P010,1,279.0,83.0,27.9
SYN-20250904-1-01,2025-09-04,P011,1,199.0,61.0,0.0
SYN-20250904-1-02,2025-09-04,P012,1,359.0,137.0,35.9
SYN-20250904-1-03,2025-09-04,P001,1,299.0,94.0,0.0
SYN-20250904-1-04,2025-09-04,P002,1,89.0,24.0,8.9
SYN-20250904-1-05,2025-09-04,P003,1,179.0,49.0,17.9
SYN-20250904-1-06,2025-09-04,P004,1,249.0,71.0,0.0
SYN-20250904-1-07,2025-09-04,P005,1,219.0,67.0,0.0
SYN-20250904-1-08,2025-09-04,P006,1,139.0,35.0,13.9
SYN-20250904-1-09,2025-09-04,P007,1,189.0,55.0,18.9
SYN-20250904-1-10,2025-09-04,P008,1,329.0,121.0,0.0
SYN-20250904-2-00,2025-09-04,P001,1,299.0,94.0,0.0
SYN-20250904-2-01,2025-09-04,P002,1,89.0,24.0,0.0
SYN-20250904-2-02,2025-09-04,P003,1,179.0,49.0,0.0
SYN-20250904-2-03,2025-09-04,P004,1,249.0,71.0,0.0
SYN-20250904-2-04,2025-09-04,P005,1,219.0,67.0,0.0
SYN-20250904-2-05,2025-09-04,P006,1,139.0,35.0,0.0
SYN-20250904-2-06,2025-09-04,P007,1,189.0,55.0,0.0
SYN-20250904-2-07,2025-09-04,P008,1,329.0,121.0,0.0
SYN-20250904-2-08,2025-09-04,P009,1,159.0,43.0,15.9
SYN-20250904-2-09,2025-09-04,P010,1,279.0,83.0,27.9
SYN-20250904-2-10,2025-09-04,P011,1,199.0,61.0,19.9
SYN-20250904-2-11,2025-09-04,P012,1,359.0,137.0,0.0
SYN-20250904-2-12,2025-09-04,P001,1,299.0,94.0,0.0
SYN-20250904-2-13,2025-09-04,P002,1,89.0,24.0,0.0
SYN-20250905-0-00,2025-09-05,P012,1,359.0,137.0,0.0
SYN-20250905-0-01,2025-09-05,P001,1,299.0,94.0,0.0
SYN-20250905-0-02,2025-09-05,P002,1,89.0,24.0,8.9
SYN-20250905-0-03,2025-09-05,P003,1,179.0,49.0,0.0
SYN-20250905-0-04,2025-09-05,P004,1,249.0,71.0,24.9
SYN-20250905-0-05,2025-09-05,P005,1,219.0,67.0,21.9
SYN-20250905-0-06,2025-09-05,P006,1,139.0,35.0,0.0
SYN-20250905-0-07,2025-09-05,P007,1,189.0,55.0,0.0
SYN-20250905-0-08,2025-09-05,P008,1,329.0,121.0,0.0
SYN-20250905-1-00,2025-09-05,P003,1,179.0,49.0,0.0
SYN-20250905-1-01,2025-09-05,P004,1,249.0,71.0,0.0
SYN-20250905-1-02,2025-09-05,P005,1,219.0,67.0,0.0
SYN-20250905-1-03,2025-09-05,P006,1,139.0,35.0,13.9
SYN-20250905-1-04,2025-09-05,P007,2,378.0,110.0,0.0
SYN-20250905-1-05,2025-09-05,P008,1,329.0,121.0,32.9
SYN-20250905-1-06,2025-09-05,P009,1,159.0,43.0,0.0
SYN-20250905-1-07,2025-09-05,P010,1,279.0,83.0,27.9
SYN-20250905-1-08,2025-09-05,P011,1,199.0,61.0,0.0
SYN-20250905-1-09,2025-09-05,P012,1,359.0,137.0,0.0
SYN-20250905-1-10,2025-09-05,P001,1,299.0,94.0,0.0
SYN-20250905-1-11,2025-09-05,P002,1,89.0,24.0,0.0
SYN-20250905-1-12,2025-09-05,P003,1,179.0,49.0,0.0
SYN-20250905-1-13,2025-09-05,P004,1,249.0,71.0,0.0
SYN-20250905-1-14,2025-09-05,P005,1,219.0,67.0,0.0
SYN-20250905-1-15,2025-09-05,P006,1,139.0,35.0,13.9
SYN-20250905-1-16,2025-09-05,P007,1,189.0,55.0,0.0
SYN-20250905-1-17,2025-09-05,P008,1,329.0,121.0,32.9
SYN-20250905-1-18,2025-09-05,P009,1,159.0,43.0,15.9
SYN-20250905-2-00,2025-09-05,P006,1,139.0,35.0,13.9
SYN-20250905-2-01,2025-09-05,P007,1,189.0,55.0,0.0
SYN-20250905-2-02,2025-09-05,P008,1,329.0,121.0,0.0
SYN-20250905-2-03,2025-09-05,P009,1,159.0,43.0,0.0
SYN-20250905-2-04,2025-09-05,P010,1,279.0,83.0,0.0
SYN-20250905-2-05,2025-09-05,P011,1,199.0,61.0,0.0
SYN-20250905-2-06,2025-09-05,P012,1,359.0,137.0,0.0
SYN-20250905-2-07,2025-09-05,P001,1,299.0,94.0,0.0
SYN-20250905-2-08,2025-09-05,P002,1,89.0,24.0,0.0
SYN-20250906-0-00,2025-09-06,P005,1,219.0,67.0,0.0
SYN-20250906-0-01,2025-09-06,P006,1,139.0,35.0,13.9
SYN-20250906-0-02,2025-09-06,P007,1,189.0,55.0,0.0
SYN-20250906-0-03,2025-09-06,P008,1,329.0,121.0,0.0
SYN-20250906-0-04,2025-09-06,P009,1,159.0,43.0,0.0
SYN-20250906-0-05,2025-09-06,P010,1,279.0,83.0,0.0
SYN-20250906-1-00,2025-09-06,P008,2,658.0,242.0,65.8
SYN-20250906-1-01,2025-09-06,P009,1,159.0,43.0,0.0
SYN-20250906-1-02,2025-09-06,P010,1,279.0,83.0,27.9
SYN-20250906-1-03,2025-09-06,P011,1,199.0,61.0,0.0
SYN-20250906-1-04,2025-09-06,P012,1,359.0,137.0,0.0
SYN-20250906-1-05,2025-09-06,P001,1,299.0,94.0,0.0
SYN-20250906-1-06,2025-09-06,P002,1,89.0,24.0,0.0
SYN-20250906-1-07,2025-09-06,P003,1,179.0,49.0,0.0
SYN-20250906-2-00,2025-09-06,P011,1,199.0,61.0,0.0
SYN-20250906-2-01,2025-09-06,P012,1,359.0,137.0,0.0
SYN-20250906-2-02,2025-09-06,P001,1,299.0,94.0,0.0
SYN-20250906-2-03,2025-09-06,P002,1,89.0,24.0,0.0
SYN-20250906-2-04,2025-09-06,P003,1,179.0,49.0,0.0
SYN-20250906-2-05,2025-09-06,P004,1,249.0,71.0,24.9
SYN-20250906-2-06,2025-09-06,P005,1,219.0,67.0,0.0
SYN-20250906-2-07,2025-09-06,P006,1,139.0,35.0,0.0
SYN-20250906-2-08,2025-09-06,P007,1,189.0,55.0,0.0
SYN-20250907-0-00,2025-09-07,P010,1,279.0,83.0,27.9
SYN-20250907-0-01,2025-09-07,P011,1,199.0,61.0,0.0
SYN-20250907-0-02,2025-09-07,P012,1,359.0,137.0,35.9
SYN-20250907-0-03,2025-09-07,P001,2,598.0,188.0,0.0
SYN-20250907-0-04,2025-09-07,P002,1,89.0,24.0,8.9
SYN-20250907-0-05,2025-09-07,P003,1,179.0,49.0,0.0
SYN-20250907-0-06,2025-09-07,P004,1,249.0,71.0,0.0
SYN-20250907-0-07,2025-09-07,P005,1,219.0,67.0,0.0
SYN-20250907-0-08,2025-09-07,P006,2,278.0,70.0,27.8
SYN-20250907-0-09,2025-09-07,P007,1,189.0,55.0,0.0
SYN-20250907-0-10,2025-09-07,P008,1,329.0,121.0,32.9
SYN-20250907-1-00,2025-09-07,P001,1,299.0,94.0,0.0
SYN-20250907-1-01,2025-09-07,P002,1,89.0,24.0,0.0
SYN-20250907-1-02,2025-09-07,P003,1,179.0,49.0,0.0
SYN-20250907-1-03,2025-09-07,P004,1,249.0,71.0,0.0
SYN-20250907-1-04,2025-09-07,P005,1,219.0,67.0,0.0
SYN-20250907-1-05,2025-09-07,P006,1,139.0,35.0,13.9
SYN-20250907-1-06,2025-09-07,P007,1,189.0,55.0,0.0
SYN-20250907-1-07,2025-09-07,P008,1,329.0,121.0,32.9
SYN-20250907-2-00,2025-09-07,P004,1,249.0,71.0,0.0
SYN-20250907-2-01,2025-09-07,P005,1,219.0,67.0,0.0
SYN-20250907-2-02,2025-09-07,P006,1,139.0,35.0,13.9
SYN-20250907-2-03,2025-09-07,P007,1,189.0,55.0,18.9
SYN-20250907-2-04,2025-09-07,P008,1,329.0,121.0,0.0
SYN-20250907-2-05,2025-09-07,P009,1,159.0,43.0,0.0
SYN-20250907-2-06,2025-09-07,P010,1,279.0,83.0,0.0
SYN-20250908-0-00,2025-09-08,P003,1,179.0,49.0,0.0
SYN-20250908-0-01,2025-09-08,P004,1,249.0,71.0,0.0
SYN-20250908-0-02,2025-09-08,P005,1,219.0,67.0,0.0
SYN-20250908-0-03,2025-09-08,P006,1,139.0,35.0,13.9
SYN-20250908-0-04,2025-09-08,P007,1,189.0,55.0,0.0
SYN-20250908-0-05,2025-09-08,P008,1,329.0,121.0,0.0
SYN-20250908-0-06,2025-09-08,P009,1,159.0,43.0,0.0
SYN-20250908-0-07,2025-09-08,P010,1,279.0,83.0,0.0
SYN-20250908-0-08,2025-09-08,P011,2,398.0,122.0,0.0
SYN-20250908-1-00,2025-09-08,P006,1,139.0,35.0,0.0
SYN-20250908-1-01,2025-09-08,P007,1,189.0,55.0,0.0
SYN-20250908-1-02,2025-09-08,P008,1,329.0,121.0,32.9
SYN-20250908-1-03,2025-09-08,P009,2,318.0,86.0,0.0
SYN-20250908-1-04,2025-09-08,P010,1,279.0,83.0,0.0
SYN-20250908-1-05,2025-09-08,P011,1,199.0,61.0,0.0
SYN-20250908-1-06,2025-09-08,P012,1,359.0,137.0,35.9
SYN-20250908-2-00,2025-09-08,P009,2,318.0,86.0,31.8
SYN-20250908-2-01,2025-09-08,P010,1,279.0,83.0,0.0
SYN-20250908-2-02,2025-09-08,P011,1,199.0,61.0,0.0
SYN-20250908-2-03,2025-09-08,P012,1,359.0,137.0,0.0
SYN-20250908-2-04,2025-09-08,P001,1,299.0,94.0,0.0
SYN-20250909-0-00,2025-09-09,P008,1,329.0,121.0,0.0
SYN-20250909-0-01,2025-09-09,P009,1,159.0,43.0,0.0
SYN-20250909-0-02,2025-09-09,P010,1,279.0,83.0,0.0
SYN-20250909-0-03,2025-09-09,P011,1,199.0,61.0,0.0
SYN-20250909-0-04,2025-09-09,P012,1,359.0,137.0,0.0
SYN-20250909-1-00,2025-09-09,P011,1,199.0,61.0,0.0
SYN-20250909-1-01,2025-09-09,P012,1,359.0,137.0,0.0
SYN-20250909-1-02,2025-09-09,P001,1,299.0,94.0,0.0
SYN-20250909-1-03,2025-09-09,P002,1,89.0,24.0,8.9
SYN-20250909-1-04,2025-09-09,P003,1,179.0,49.0,0.0
SYN-20250909-1-05,2025-09-09,P004,1,249.0,71.0,0.0
SYN-20250909-2-00,2025-09-09,P002,1,89.0,24.0,0.0
SYN-20250909-2-01,2025-09-09,P003,1,179.0,49.0,0.0
SYN-20250909-2-02,2025-09-09,P004,1,249.0,71.0,0.0
SYN-20250909-2-03,2025-09-09,P005,1,219.0,67.0,21.9
SYN-20250909-2-04,2025-09-09,P006,1,139.0,35.0,0.0
SYN-20250910-0-00,2025-09-10,P001,1,299.0,94.0,0.0
SYN-20250910-0-01,2025-09-10,P002,1,89.0,24.0,0.0
SYN-20250910-0-02,2025-09-10,P003,1,179.0,49.0,0.0
SYN-20250910-0-03,2025-09-10,P004,1,249.0,71.0,24.9
SYN-20250910-0-04,2025-09-10,P005,2,438.0,134.0,0.0
SYN-20250910-0-05,2025-09-10,P006,1,139.0,35.0,0.0
SYN-20250910-0-06,2025-09-10,P007,1,189.0,55.0,18.9
SYN-20250910-0-07,2025-09-10,P008,1,329.0,121.0,0.0
SYN-20250910-0-08,2025-09-10,P009,1,159.0,43.0,0.0
SYN-20250910-1-00,2025-09-10,P004,1,249.0,71.0,0.0
SYN-20250910-1-01,2025-09-10,P005,1,219.0,67.0,0.0
SYN-20250910-1-02,2025-09-10,P006,1,139.0,35.0,0.0
SYN-20250910-1-03,2025-09-10,P007,1,189.0,55.0,0.0
SYN-20250910-1-04,2025-09-10,P008,2,658.0,242.0,65.8
SYN-20250910-1-05,2025-09-10,P009,1,159.0,43.0,0.0
SYN-20250910-2-00,2025-09-10,P007,1,189.0,55.0,0.0
SYN-20250910-2-01,2025-09-10,P008,1,329.0,121.0,0.0
SYN-20250910-2-02,2025-09-10,P009,1,159.0,43.0,0.0
SYN-20250910-2-03,2025-09-10,P010,1,279.0,83.0,0.0
SYN-20250910-2-04,2025-09-10,P011,1,199.0,61.0,0.0
SYN-20250910-2-05,2025-09-10,P012,1,359.0,137.0,35.9
SYN-20250910-2-06,2025-09-10,P001,1,299.0,94.0,0.0
SYN-20250910-2-07,2025-09-10,P002,1,89.0,24.0,0.0
SYN-20250911-0-00,2025-09-11,P006,1,139.0,35.0,0.0
SYN-20250911-0-01,2025-09-11,P007,1,189.0,55.0,0.0
SYN-20250911-0-02,2025-09-11,P008,1,329.0,121.0,0.0
SYN-20250911-0-03,2025-09-11,P009,1,159.0,43.0,0.0
SYN-20250911-0-04,2025-09-11,P010,1,279.0,83.0,0.0
SYN-20250911-0-05,2025-09-11,P011,1,199.0,61.0,0.0
SYN-20250911-0-06,2025-09-11,P012,1,359.0,137.0,0.0
SYN-20250911-0-07,2025-09-11,P001,1,299.0,94.0,29.9
SYN-20250911-0-08,2025-09-11,P002,1,89.0,24.0,0.0
SYN-20250911-0-09,2025-09-11,P003,1,179.0,49.0,0.0
SYN-20250911-0-10,2025-09-11,P004,1,249.0,71.0,24.9
SYN-20250911-1-00,2025-09-11,P009,1,159.0,43.0,0.0
SYN-20250911-1-01,2025-09-11,P010,1,279.0,83.0,0.0
SYN-20250911-1-02,2025-09-11,P011,1,199.0,61.0,0.0
SYN-20250911-1-03,2025-09-11,P012,1,359.0,137.0,0.0
SYN-20250911-1-04,2025-09-11,P001,1,299.0,94.0,0.0
SYN-20250911-1-05,2025-09-11,P002,1,89.0,24.0,8.9
SYN-20250911-1-06,2025-09-11,P003,1,179.0,49.0,17.9
SYN-20250911-1-07,2025-09-11,P004,1,249.0,71.0,0.0
SYN-20250911-1-08,2025-09-11,P005,1,219.0,67.0,21.9
SYN-20250911-1-09,2025-09-11,P006,1,139.0,35.0,0.0
SYN-20250911-1-10,2025-09-11,P007,2,378.0,110.0,0.0
SYN-20250911-1-11,2025-09-11,P008,1,329.0,121.0,0.0
SYN-20250911-1-12,2025-09-11,P009,1,159.0,43.0,0.0
SYN-20250911-1-13,2025-09-11,P010,1,279.0,83.0,0.0
SYN-20250911-2-00,2025-09-11,P012,1,359.0,137.0,0.0
SYN-20250911-2-01,2025-09-11,P001,1,299.0,94.0,29.9
SYN-20250911-2-02,2025-09-11,P002,2,178.0,48.0,17.8
SYN-20250911-2-03,2025-09-11,P003,1,179.0,49.0,0.0
SYN-20250911-2-04,2025-09-11,P004,1,249.0,71.0,0.0
SYN-20250911-2-05,2025-09-11,P005,1,219.0,67.0,21.9
SYN-20250911-2-06,2025-09-11,P006,2,278.0,70.0,0.0
SYN-20250912-0-00,2025-09-12,P011,1,199.0,61.0,19.9
SYN-20250912-0-01,2025-09-12,P012,1,359.0,137.0,0.0
SYN-20250912-0-02,2025-09-12,P001,1,299.0,94.0,0.0
SYN-20250912-0-03,2025-09-12,P002,1,89.0,24.0,0.0
SYN-20250912-0-04,2025-09-12,P003,1,179.0,49.0,0.0
SYN-20250912-0-05,2025-09-12,P004,2,498.0,142.0,0.0
SYN-20250912-0-06,2025-09-12,P005,1,219.0,67.0,0.0
SYN-20250912-0-07,2025-09-12,P006,1,139.0,35.0,0.0
SYN-20250912-0-08,2025-09-12,P007,1,189.0,55.0,18.9
SYN-20250912-0-09,2025-09-12,P008,1,329.0,121.0,0.0
SYN-20250912-0-10,2025-09-12,P009,2,318.0,86.0,31.8
SYN-20250912-0-11,2025-09-12,P010,1,279.0,83.0,0.0
SYN-20250912-0-12,2025-09-12,P011,2,398.0,122.0,0.0
SYN-20250912-0-13,2025-09-12,P012,1,359.0,137.0,0.0
SYN-20250912-0-14,2025-09-12,P001,1,299.0,94.0,0.0
SYN-20250912-1-00,2025-09-12,P002,1,89.0,24.0,8.9
SYN-20250912-1-01,2025-09-12,P003,1,179.0,49.0,0.0
SYN-20250912-1-02,2025-09-12,P004,1,249.0,71.0,0.0
SYN-20250912-1-03,2025-09-12,P005,1,219.0,67.0,0.0
SYN-20250912-1-04,2025-09-12,P006,1,139.0,35.0,0.0
SYN-20250912-1-05,2025-09-12,P007,1,189.0,55.0,18.9
SYN-20250912-1-06,2025-09-12,P008,1,329.0,121.0,0.0
SYN-20250912-1-07,2025-09-12,P009,1,159.0,43.0,0.0
SYN-20250912-1-08,2025-09-12,P010,1,279.0,83.0,27.9
SYN-20250912-1-09,2025-09-12,P011,1,199.0,61.0,19.9
SYN-20250912-1-10,2025-09-12,P012,1,359.0,137.0,0.0
SYN-20250912-1-11,2025-09-12,P001,1,299.0,94.0,0.0
SYN-20250912-1-12,2025-09-12,P002,1,89.0,24.0,0.0
SYN-20250912-1-13,2025-09-12,P003,1,179.0,49.0,17.9
SYN-20250912-1-14,2025-09-12,P004,1,249.0,71.0,0.0
SYN-20250912-1-15,2025-09-12,P005,1,219.0,67.0,21.9
SYN-20250912-1-16,2025-09-12,P006,1,139.0,35.0,13.9
SYN-20250912-2-00,2025-09-12,P005,1,219.0,67.0,0.0
SYN-20250912-2-01,2025-09-12,P006,1,139.0,35.0,0.0
SYN-20250912-2-02,2025-09-12,P007,1,189.0,55.0,18.9
SYN-20250912-2-03,2025-09-12,P008,1,329.0,121.0,32.9
SYN-20250912-2-04,2025-09-12,P009,1,159.0,43.0,0.0
SYN-20250912-2-05,2025-09-12,P010,1,279.0,83.0,0.0
SYN-20250912-2-06,2025-09-12,P011,1,199.0,61.0,0.0
SYN-20250912-2-07,2025-09-12,P012,1,359.0,137.0,0.0
SYN-20250912-2-08,2025-09-12,P001,1,299.0,94.0,0.0
SYN-20250912-2-09,2025-09-12,P002,1,89.0,24.0,0.0
SYN-20250912-2-10,2025-09-12,P003,1,179.0,49.0,17.9
SYN-20250912-2-11,2025-09-12,P004,1,249.0,71.0,0.0
SYN-20250913-0-00,2025-09-13,P004,1,249.0,71.0,0.0
SYN-20250913-0-01,2025-09-13,P005,1,219.0,67.0,0.0
SYN-20250913-0-02,2025-09-13,P006,1,139.0,35.0,0.0
SYN-20250913-1-00,2025-09-13,P007,2,378.0,110.0,0.0
SYN-20250913-1-01,2025-09-13,P008,1,329.0,121.0,0.0
SYN-20250913-1-02,2025-09-13,P009,1,159.0,43.0,15.9
SYN-20250913-1-03,2025-09-13,P010,1,279.0,83.0,27.9
SYN-20250913-1-04,2025-09-13,P011,1,199.0,61.0,0.0
SYN-20250913-1-05,2025-09-13,P012,1,359.0,137.0,0.0
SYN-20250913-1-06,2025-09-13,P001,1,299.0,94.0,0.0
SYN-20250913-1-07,2025-09-13,P002,1,89.0,24.0,0.0
SYN-20250913-2-00,2025-09-13,P010,1,279.0,83.0,27.9
SYN-20250913-2-01,2025-09-13,P011,1,199.0,61.0,0.0
SYN-20250913-2-02,2025-09-13,P012,1,359.0,137.0,0.0
SYN-20250913-2-03,2025-09-13,P001,1,299.0,94.0,29.9
SYN-20250913-2-04,2025-09-13,P002,1,89.0,24.0,0.0
SYN-20250913-2-05,2025-09-13,P003,1,179.0,49.0,0.0
SYN-20250913-2-06,2025-09-13,P004,1,249.0,71.0,0.0
SYN-20250913-2-07,2025-09-13,P005,1,219.0,67.0,0.0
SYN-20250913-2-08,2025-09-13,P006,1,139.0,35.0,0.0
SYN-20250914-0-00,2025-09-14,P009,1,159.0,43.0,0.0
SYN-20250914-0-01,2025-09-14,P010,1,279.0,83.0,0.0
SYN-20250914-0-02,2025-09-14,P011,1,199.0,61.0,0.0
SYN-20250914-0-03,2025-09-14,P012,1,359.0,137.0,0.0
SYN-20250914-0-04,2025-09-14,P001,1,299.0,94.0,0.0
SYN-20250914-0-05,2025-09-14,P002,1,89.0,24.0,0.0
SYN-20250914-0-06,2025-09-14,P003,1,179.0,49.0,0.0
SYN-20250914-0-07,2025-09-14,P004,1,249.0,71.0,0.0
SYN-20250914-0-08,2025-09-14,P005,1,219.0,67.0,0.0
SYN-20250914-0-09,2025-09-14,P006,1,139.0,35.0,13.9
SYN-20250914-0-10,2025-09-14,P007,1,189.0,55.0,0.0
SYN-20250914-0-11,2025-09-14,P008,1,329.0,121.0,0.0
SYN-20250914-1-00,2025-09-14,P012,1,359.0,137.0,0.0
SYN-20250914-1-01,2025-09-14,P001,1,299.0,94.0,29.9
SYN-20250914-1-02,2025-09-14,P002,1,89.0,24.0,8.9
SYN-20250914-1-03,2025-09-14,P003,1,179.0,49.0,0.0
SYN-20250914-1-04,2025-09-14,P004,1,249.0,71.0,0.0
SYN-20250914-1-05,2025-09-14,P005,1,219.0,67.0,21.9
SYN-20250914-1-06,2025-09-14,P006,2,278.0,70.0,27.8
SYN-20250914-1-07,2025-09-14,P007,1,189.0,55.0,0.0
SYN-20250914-1-08,2025-09-14,P008,1,329.0,121.0,0.0
SYN-20250914-1-09,2025-09-14,P009,1,159.0,43.0,15.9
SYN-20250914-2-00,2025-09-14,P003,1,179.0,49.0,0.0
SYN-20250914-2-01,2025-09-14,P004,1,249.0,71.0,0.0
SYN-20250914-2-02,2025-09-14,P005,1,219.0,67.0,21.9
SYN-20250914-2-03,2025-09-14,P006,1,139.0,35.0,0.0
SYN-20250914-2-04,2025-09-14,P007,1,189.0,55.0,0.0
SYN-20250914-2-05,2025-09-14,P008,1,329.0,121.0,0.0
SYN-20250915-0-00,2025-09-15,P002,1,89.0,24.0,0.0
SYN-20250915-0-01,2025-09-15,P003,1,179.0,49.0,0.0
SYN-20250915-0-02,2025-09-15,P004,1,249.0,71.0,0.0
SYN-20250915-0-03,2025-09-15,P005,1,219.0,67.0,21.9
SYN-20250915-0-04,2025-09-15,P006,1,139.0,35.0,0.0
SYN-20250915-0-05,2025-09-15,P007,1,189.0,55.0,0.0
SYN-20250915-0-06,2025-09-15,P008,1,329.0,121.0,0.0
SYN-20250915-0-07,2025-09-15,P009,1,159.0,43.0,0.0
SYN-20250915-1-00,2025-09-15,P005,2,438.0,134.0,0.0
SYN-20250915-1-01,2025-09-15,P006,1,139.0,35.0,0.0
SYN-20250915-1-02,2025-09-15,P007,1,189.0,55.0,0.0
SYN-20250915-1-03,2025-09-15,P008,2,658.0,242.0,0.0
SYN-20250915-2-00,2025-09-15,P008,1,329.0,121.0,0.0
SYN-20250915-2-01,2025-09-15,P009,1,159.0,43.0,0.0
SYN-20250915-2-02,2025-09-15,P010,1,279.0,83.0,0.0
SYN-20250915-2-03,2025-09-15,P011,1,199.0,61.0,0.0
SYN-20250916-0-00,2025-09-16,P007,1,189.0,55.0,0.0
SYN-20250916-0-01,2025-09-16,P008,2,658.0,242.0,0.0
SYN-20250916-0-02,2025-09-16,P009,1,159.0,43.0,0.0
SYN-20250916-0-03,2025-09-16,P010,1,279.0,83.0,0.0
SYN-20250916-0-04,2025-09-16,P011,1,199.0,61.0,0.0
SYN-20250916-0-05,2025-09-16,P012,1,359.0,137.0,35.9
SYN-20250916-0-06,2025-09-16,P001,1,299.0,94.0,0.0
SYN-20250916-0-07,2025-09-16,P002,1,89.0,24.0,0.0
SYN-20250916-1-00,2025-09-16,P010,1,279.0,83.0,0.0
SYN-20250916-1-01,2025-09-16,P011,1,199.0,61.0,19.9
SYN-20250916-1-02,2025-09-16,P012,1,359.0,137.0,0.0
SYN-20250916-1-03,2025-09-16,P001,1,299.0,94.0,29.9
SYN-20250916-1-04,2025-09-16,P002,1,89.0,24.0,0.0
SYN-20250916-1-05,2025-09-16,P003,1,179.0,49.0,17.9
SYN-20250916-1-06,2025-09-16,P004,2,498.0,142.0,0.0
SYN-20250916-1-07,2025-09-16,P005,2,438.0,134.0,0.0
SYN-20250916-1-08,2025-09-16,P006,1,139.0,35.0,0.0
SYN-20250916-2-00,2025-09-16,P001,1,299.0,94.0,29.9
SYN-20250916-2-01,2025-09-16,P002,1,89.0,24.0,0.0
SYN-20250916-2-02,2025-09-16,P003,1,179.0,49.0,0.0
SYN-20250916-2-03,2025-09-16,P004,1,249.0,71.0,0.0
SYN-20250916-2-04,2025-09-16,P005,1,219.0,67.0,0.0
SYN-20250916-2-05,2025-09-16,P006,1,139.0,35.0,0.0
SYN-20250916-2-06,2025-09-16,P007,1,189.0,55.0,0.0
SYN-20250916-2-07,2025-09-16,P008,1,329.0,121.0,0.0
SYN-20250917-0-00,2025-09-17,P012,2,718.0,274.0,0.0
SYN-20250917-0-01,2025-09-17,P001,1,299.0,94.0,29.9
SYN-20250917-0-02,2025-09-17,P002,1,89.0,24.0,0.0
SYN-20250917-0-03,2025-09-17,P003,1,179.0,49.0,0.0
SYN-20250917-0-04,2025-09-17,P004,1,249.0,71.0,0.0
SYN-20250917-0-05,2025-09-17,P005,1,219.0,67.0,0.0
SYN-20250917-0-06,2025-09-17,P006,1,139.0,35.0,0.0
SYN-20250917-0-07,2025-09-17,P007,1,189.0,55.0,0.0
SYN-20250917-0-08,2025-09-17,P008,1,329.0,121.0,0.0
SYN-20250917-1-00,2025-09-17,P003,1,179.0,49.0,0.0
SYN-20250917-1-01,2025-09-17,P004,1,249.0,71.0,0.0
SYN-20250917-1-02,2025-09-17,P005,1,219.0,67.0,0.0
SYN-20250917-2-00,2025-09-17,P006,1,139.0,35.0,0.0
SYN-20250917-2-01,2025-09-17,P007,1,189.0,55.0,18.9
SYN-20250917-2-02,2025-09-17,P008,1,329.0,121.0,0.0
SYN-20250917-2-03,2025-09-17,P009,2,318.0,86.0,0.0
SYN-20250917-2-04,2025-09-17,P010,1,279.0,83.0,27.9
SYN-20250918-0-00,2025-09-18,P005,1,219.0,67.0,0.0
SYN-20250918-0-01,2025-09-18,P006,1,139.0,35.0,0.0
SYN-20250918-0-02,2025-09-18,P007,1,189.0,55.0,0.0
SYN-20250918-0-03,2025-09-18,P008,1,329.0,121.0,0.0
SYN-20250918-0-04,2025-09-18,P009,1,159.0,43.0,0.0
SYN-20250918-0-05,2025-09-18,P010,1,279.0,83.0,0.0
SYN-20250918-0-06,2025-09-18,P011,1,199.0,61.0,0.0
SYN-20250918-0-07,2025-09-18,P012,1,359.0,137.0,0.0
SYN-20250918-0-08,2025-09-18,P001,1,299.0,94.0,0.0
SYN-20250918-0-09,2025-09-18,P002,1,89.0,24.0,8.9
SYN-20250918-0-10,2025-09-18,P003,1,179.0,49.0,17.9
SYN-20250918-1-00,2025-09-18,P008,1,329.0,121.0,32.9
SYN-20250918-1-01,2025-09-18,P009,1,159.0,43.0,0.0
SYN-20250918-1-02,2025-09-18,P010,1,279.0,83.0,0.0
SYN-20250918-1-03,2025-09-18,P011,1,199.0,61.0,19.9
SYN-20250918-1-04,2025-09-18,P012,1,359.0,137.0,0.0
SYN-20250918-1-05,2025-09-18,P001,1,299.0,94.0,0.0
SYN-20250918-2-00,2025-09-18,P011,2,398.0,122.0,39.8
SYN-20250918-2-01,2025-09-18,P012,1,359.0,137.0,0.0
SYN-20250918-2-02,2025-09-18,P001,1,299.0,94.0,29.9
SYN-20250918-2-03,2025-09-18,P002,1,89.0,24.0,0.0
SYN-20250918-2-04,2025-09-18,P003,1,179.0,49.0,0.0
SYN-20250919-0-00,2025-09-19,P010,1,279.0,83.0,0.0
SYN-20250919-0-01,2025-09-19,P011,1,199.0,61.0,0.0
SYN-20250919-0-02,2025-09-19,P012,1,359.0,137.0,35.9
SYN-20250919-0-03,2025-09-19,P001,1,299.0,94.0,0.0
SYN-20250919-0-04,2025-09-19,P002,1,89.0,24.0,0.0
SYN-20250919-0-05,2025-09-19,P003,1,179.0,49.0,0.0
SYN-20250919-0-06,2025-09-19,P004,1,249.0,71.0,0.0
SYN-20250919-0-07,2025-09-19,P005,1,219.0,67.0,0.0
SYN-20250919-1-00,2025-09-19,P001,1,299.0,94.0,0.0
SYN-20250919-1-01,2025-09-19,P002,1,89.0,24.0,0.0
SYN-20250919-1-02,2025-09-19,P003,2,358.0,98.0,0.0
SYN-20250919-1-03,2025-09-19,P004,1,249.0,71.0,0.0
SYN-20250919-1-04,2025-09-19,P005,1,219.0,67.0,0.0
SYN-20250919-1-05,2025-09-19,P006,1,139.0,35.0,0.0
SYN-20250919-1-06,2025-09-19,P007,1,189.0,55.0,0.0
SYN-20250919-1-07,2025-09-19,P008,1,329.0,121.0,0.0
SYN-20250919-1-08,2025-09-19,P009,1,159.0,43.0,0.0
SYN-20250919-2-00,2025-09-19,P004,1,249.0,71.0,0.0
SYN-20250919-2-01,2025-09-19,P005,1,219.0,67.0,21.9
SYN-20250919-2-02,2025-09-19,P006,2,278.0,70.0,27.8
SYN-20250919-2-03,2025-09-19,P007,2,378.0,110.0,0.0
SYN-20250919-2-04,2025-09-19,P008,1,329.0,121.0,0.0
SYN-20250919-2-05,2025-09-19,P009,1,159.0,43.0,0.0
SYN-20250919-2-06,2025-09-19,P010,1,279.0,83.0,0.0
SYN-20250919-2-07,2025-09-19,P011,1,199.0,61.0,19.9
SYN-20250919-2-08,2025-09-19,P012,1,359.0,137.0,35.9
SYN-20250920-0-00,2025-09-20,P003,1,179.0,49.0,0.0
SYN-20250920-0-01,2025-09-20,P004,1,249.0,71.0,0.0
SYN-20250920-0-02,2025-09-20,P005,1,219.0,67.0,0.0
SYN-20250920-0-03,2025-09-20,P006,2,278.0,70.0,0.0
SYN-20250920-0-04,2025-09-20,P007,1,189.0,55.0,0.0
SYN-20250920-0-05,2025-09-20,P008,1,329.0,121.0,32.9
SYN-20250920-0-06,2025-09-20,P009,1,159.0,43.0,0.0
SYN-20250920-0-07,2025-09-20,P010,1,279.0,83.0,0.0
SYN-20250920-0-08,2025-09-20,P011,1,199.0,61.0,0.0
SYN-20250920-0-09,2025-09-20,P012,1,359.0,137.0,0.0
SYN-20250920-0-10,2025-09-20,P001,1,299.0,94.0,0.0
SYN-20250920-0-11,2025-09-20,P002,2,178.0,48.0,17.8
SYN-20250920-0-12,2025-09-20,P003,1,179.0,49.0,0.0
SYN-20250920-0-13,2025-09-20,P004,1,249.0,71.0,0.0
SYN-20250920-0-14,2025-09-20,P005,1,219.0,67.0,0.0
SYN-20250920-0-15,2025-09-20,P006,1,139.0,35.0,0.0
SYN-20250920-1-00,2025-09-20,P006,1,139.0,35.0,0.0
SYN-20250920-1-01,2025-09-20,P007,1,189.0,55.0,0.0
SYN-20250920-1-02,2025-09-20,P008,1,329.0,121.0,32.9
SYN-20250920-1-03,2025-09-20,P009,2,318.0,86.0,0.0
SYN-20250920-1-04,2025-09-20,P010,1,279.0,83.0,27.9
SYN-20250920-1-05,2025-09-20,P011,1,199.0,61.0,0.0
SYN-20250920-1-06,2025-09-20,P012,1,359.0,137.0,0.0
SYN-20250920-1-07,2025-09-20,P001,1,299.0,94.0,0.0
SYN-20250920-1-08,2025-09-20,P002,1,89.0,24.0,8.9
SYN-20250920-1-09,2025-09-20,P003,1,179.0,49.0,0.0
SYN-20250920-1-10,2025-09-20,P004,2,498.0,142.0,0.0
SYN-20250920-1-11,2025-09-20,P005,1,219.0,67.0,0.0
SYN-20250920-1-12,2025-09-20,P006,1,139.0,35.0,0.0
SYN-20250920-2-00,2025-09-20,P009,1,159.0,43.0,0.0
SYN-20250920-2-01,2025-09-20,P010,1,279.0,83.0,0.0
SYN-20250920-2-02,2025-09-20,P011,1,199.0,61.0,0.0
SYN-20250920-2-03,2025-09-20,P012,1,359.0,137.0,35.9
SYN-20250920-2-04,2025-09-20,P001,2,598.0,188.0,0.0
SYN-20250920-2-05,2025-09-20,P002,1,89.0,24.0,0.0
SYN-20250920-2-06,2025-09-20,P003,1,179.0,49.0,0.0
SYN-20250920-2-07,2025-09-20,P004,1,249.0,71.0,0.0
SYN-20250921-0-00,2025-09-21,P008,1,329.0,121.0,0.0
SYN-20250921-0-01,2025-09-21,P009,1,159.0,43.0,0.0
SYN-20250921-0-02,2025-09-21,P010,1,279.0,83.0,0.0
SYN-20250921-0-03,2025-09-21,P011,1,199.0,61.0,0.0
SYN-20250921-0-04,2025-09-21,P012,1,359.0,137.0,0.0
SYN-20250921-0-05,2025-09-21,P001,1,299.0,94.0,0.0
SYN-20250921-0-06,2025-09-21,P002,1,89.0,24.0,0.0
SYN-20250921-0-07,2025-09-21,P003,1,179.0,49.0,17.9
SYN-20250921-0-08,2025-09-21,P004,1,249.0,71.0,0.0
SYN-20250921-0-09,2025-09-21,P005,1,219.0,67.0,0.0
SYN-20250921-0-10,2025-09-21,P006,2,278.0,70.0,0.0
SYN-20250921-0-11,2025-09-21,P007,1,189.0,55.0,0.0
SYN-20250921-0-12,2025-09-21,P008,2,658.0,242.0,0.0
SYN-20250921-1-00,2025-09-21,P011,1,199.0,61.0,0.0
SYN-20250921-1-01,2025-09-21,P012,1,359.0,137.0,0.0
SYN-20250921-1-02,2025-09-21,P001,1,299.0,94.0,0.0
SYN-20250921-1-03,2025-09-21,P002,1,89.0,24.0,0.0
SYN-20250921-1-04,2025-09-21,P003,1,179.0,49.0,17.9
SYN-20250921-1-05,2025-09-21,P004,1,249.0,71.0,0.0
SYN-20250921-1-06,2025-09-21,P005,1,219.0,67.0,0.0
SYN-20250921-1-07,2025-09-21,P006,1,139.0,35.0,13.9
SYN-20250921-1-08,2025-09-21,P007,1,189.0,55.0,0.0
SYN-20250921-1-09,2025-09-21,P008,1,329.0,121.0,32.9
SYN-20250921-1-10,2025-09-21,P009,1,159.0,43.0,15.9
SYN-20250921-2-00,2025-09-21,P002,1,89.0,24.0,0.0
SYN-20250921-2-01,2025-09-21,P003,1,179.0,49.0,17.9
SYN-20250921-2-02,2025-09-21,P004,1,249.0,71.0,24.9
SYN-20250921-2-03,2025-09-21,P005,1,219.0,67.0,0.0
SYN-20250921-2-04,2025-09-21,P006,1,139.0,35.0,0.0
SYN-20250921-2-05,2025-09-21,P007,1,189.0,55.0,0.0
SYN-20250921-2-06,2025-09-21,P008,1,329.0,121.0,0.0
SYN-20250921-2-07,2025-09-21,P009,1,159.0,43.0,0.0
SYN-20250921-2-08,2025-09-21,P010,1,279.0,83.0,0.0
SYN-20250922-0-00,2025-09-22,P001,1,299.0,94.0,0.0
SYN-20250922-0-01,2025-09-22,P002,1,89.0,24.0,8.9
SYN-20250922-0-02,2025-09-22,P003,1,179.0,49.0,0.0
SYN-20250922-0-03,2025-09-22,P004,1,249.0,71.0,0.0
SYN-20250922-0-04,2025-09-22,P005,1,219.0,67.0,0.0
SYN-20250922-0-05,2025-09-22,P006,2,278.0,70.0,0.0
SYN-20250922-0-06,2025-09-22,P007,1,189.0,55.0,18.9
SYN-20250922-0-07,2025-09-22,P008,1,329.0,121.0,0.0
SYN-20250922-1-00,2025-09-22,P004,1,249.0,71.0,24.9
SYN-20250922-1-01,2025-09-22,P005,1,219.0,67.0,0.0
SYN-20250922-1-02,2025-09-22,P006,1,139.0,35.0,0.0
SYN-20250922-1-03,2025-09-22,P007,1,189.0,55.0,0.0
SYN-20250922-1-04,2025-09-22,P008,2,658.0,242.0,0.0
SYN-20250922-1-05,2025-09-22,P009,2,318.0,86.0,0.0
SYN-20250922-1-06,2025-09-22,P010,1,279.0,83.0,0.0
SYN-20250922-1-07,2025-09-22,P011,1,199.0,61.0,19.9
SYN-20250922-1-08,2025-09-22,P012,1,359.0,137.0,0.0
SYN-20250922-1-09,2025-09-22,P001,1,299.0,94.0,0.0
SYN-20250922-1-10,2025-09-22,P002,1,89.0,24.0,0.0
SYN-20250922-1-11,2025-09-22,P003,2,358.0,98.0,0.0
SYN-20250922-1-12,2025-09-22,P004,1,249.0,71.0,0.0
SYN-20250922-1-13,2025-09-22,P005,1,219.0,67.0,0.0
SYN-20250922-1-14,2025-09-22,P006,1,139.0,35.0,0.0
SYN-20250922-1-15,2025-09-22,P007,1,189.0,55.0,0.0
SYN-20250922-1-16,2025-09-22,P008,1,329.0,121.0,0.0
SYN-20250922-1-17,2025-09-22,P009,1,159.0,43.0,15.9
SYN-20250922-1-18,2025-09-22,P010,1,279.0,83.0,0.0
SYN-20250922-1-19,2025-09-22,P011,1,199.0,61.0,0.0
SYN-20250922-1-20,2025-09-22,P012,1,359.0,137.0,0.0
SYN-20250922-1-21,2025-09-22,P001,1,299.0,94.0,0.0
SYN-20250922-1-22,2025-09-22,P002,1,89.0,24.0,0.0
SYN-20250922-1-23,2025-09-22,P003,1,179.0,49.0,0.0
SYN-20250922-1-24,2025-09-22,P004,1,249.0,71.0,0.0
SYN-20250922-2-00,2025-09-22,P007,1,189.0,55.0,18.9
SYN-20250922-2-01,2025-09-22,P008,1,329.0,121.0,0.0
SYN-20250922-2-02,2025-09-22,P009,1,159.0,43.0,0.0
SYN-20250922-2-03,2025-09-22,P010,1,279.0,83.0,0.0
SYN-20250922-2-04,2025-09-22,P011,1,199.0,61.0,0.0
SYN-20250922-2-05,2025-09-22,P012,1,359.0,137.0,0.0
SYN-20250922-2-06,2025-09-22,P001,1,299.0,94.0,0.0
SYN-20250922-2-07,2025-09-22,P002,1,89.0,24.0,8.9
SYN-20250922-2-08,2025-09-22,P003,1,179.0,49.0,17.9
SYN-20250922-2-09,2025-09-22,P004,1,249.0,71.0,24.9
SYN-20250923-0-00,2025-09-23,P006,1,139.0,35.0,0.0
SYN-20250923-0-01,2025-09-23,P007,1,189.0,55.0,0.0
SYN-20250923-0-02,2025-09-23,P008,1,329.0,121.0,0.0
SYN-20250923-0-03,2025-09-23,P009,1,159.0,43.0,0.0
SYN-20250923-0-04,2025-09-23,P010,1,279.0,83.0,27.9
SYN-20250923-0-05,2025-09-23,P011,1,199.0,61.0,0.0
SYN-20250923-0-06,2025-09-23,P012,1,359.0,137.0,0.0
SYN-20250923-0-07,2025-09-23,P001,1,299.0,94.0,0.0
SYN-20250923-0-08,2025-09-23,P002,2,178.0,48.0,17.8
SYN-20250923-0-09,2025-09-23,P003,1,179.0,49.0,0.0
SYN-20250923-0-10,2025-09-23,P004,1,249.0,71.0,0.0
SYN-20250923-0-11,2025-09-23,P005,1,219.0,67.0,0.0
SYN-20250923-1-00,2025-09-23,P009,1,159.0,43.0,15.9
SYN-20250923-1-01,2025-09-23,P010,1,279.0,83.0,0.0
SYN-20250923-1-02,2025-09-23,P011,1,199.0,61.0,0.0
SYN-20250923-1-03,2025-09-23,P012,2,718.0,274.0,0.0
SYN-20250923-1-04,2025-09-23,P001,1,299.0,94.0,0.0
SYN-20250923-1-05,2025-09-23,P002,1,89.0,24.0,0.0
SYN-20250923-1-06,2025-09-23,P003,1,179.0,49.0,0.0
SYN-20250923-1-07,2025-09-23,P004,1,249.0,71.0,0.0
SYN-20250923-1-08,2025-09-23,P005,1,219.0,67.0,0.0
SYN-20250923-1-09,2025-09-23,P006,1,139.0,35.0,0.0
SYN-20250923-1-10,2025-09-23,P007,1,189.0,55.0,0.0
SYN-20250923-2-00,2025-09-23,P012,1,359.0,137.0,0.0
SYN-20250923-2-01,2025-09-23,P001,1,299.0,94.0,0.0
SYN-20250923-2-02,2025-09-23,P002,1,89.0,24.0,0.0
SYN-20250923-2-03,2025-09-23,P003,1,179.0,49.0,0.0
SYN-20250923-2-04,2025-09-23,P004,1,249.0,71.0,0.0
SYN-20250923-2-05,2025-09-23,P005,1,219.0,67.0,0.0
SYN-20250923-2-06,2025-09-23,P006,1,139.0,35.0,13.9
SYN-20250923-2-07,2025-09-23,P007,1,189.0,55.0,18.9
SYN-20250924-0-00,2025-09-24,P011,1,199.0,61.0,0.0
SYN-20250924-0-01,2025-09-24,P012,1,359.0,137.0,0.0
SYN-20250924-0-02,2025-09-24,P001,1,299.0,94.0,29.9
SYN-20250924-0-03,2025-09-24,P002,1,89.0,24.0,8.9
SYN-20250924-0-04,2025-09-24,P003,1,179.0,49.0,0.0
SYN-20250924-0-05,2025-09-24,P004,2,498.0,142.0,0.0
SYN-20250924-0-06,2025-09-24,P005,1,219.0,67.0,0.0
SYN-20250924-1-00,2025-09-24,P002,1,89.0,24.0,0.0
SYN-20250924-1-01,2025-09-24,P003,1,179.0,49.0,0.0
SYN-20250924-1-02,2025-09-24,P004,1,249.0,71.0,24.9
SYN-20250924-1-03,2025-09-24,P005,1,219.0,67.0,21.9
SYN-20250924-1-04,2025-09-24,P006,1,139.0,35.0,0.0
SYN-20250924-1-05,2025-09-24,P007,1,189.0,55.0,18.9
SYN-20250924-1-06,2025-09-24,P008,1,329.0,121.0,0.0
SYN-20250924-1-07,2025-09-24,P009,1,159.0,43.0,0.0
SYN-20250924-1-08,2025-09-24,P010,1,279.0,83.0,0.0
SYN-20250924-2-00,2025-09-24,P005,1,219.0,67.0,0.0
SYN-20250924-2-01,2025-09-24,P006,1,139.0,35.0,0.0
SYN-20250924-2-02,2025-09-24,P007,1,189.0,55.0,0.0
SYN-20250924-2-03,2025-09-24,P008,1,329.0,121.0,0.0
SYN-20250924-2-04,2025-09-24,P009,2,318.0,86.0,31.8
SYN-20250924-2-05,2025-09-24,P010,1,279.0,83.0,0.0
SYN-20250925-0-00,2025-09-25,P004,1,249.0,71.0,0.0
SYN-20250925-0-01,2025-09-25,P005,1,219.0,67.0,0.0
SYN-20250925-0-02,2025-09-25,P006,1,139.0,35.0,0.0
SYN-20250925-0-03,2025-09-25,P007,1,189.0,55.0,0.0
SYN-20250925-0-04,2025-09-25,P008,1,329.0,121.0,0.0
SYN-20250925-0-05,2025-09-25,P009,1,159.0,43.0,0.0
SYN-20250925-0-06,2025-09-25,P010,1,279.0,83.0,0.0
SYN-20250925-0-07,2025-09-25,P011,2,398.0,122.0,0.0
SYN-20250925-0-08,2025-09-25,P012,1,359.0,137.0,0.0
SYN-20250925-1-00,2025-09-25,P007,1,189.0,55.0,0.0
SYN-20250925-1-01,2025-09-25,P008,1,329.0,121.0,32.9
SYN-20250925-1-02,2025-09-25,P009,1,159.0,43.0,15.9
SYN-20250925-1-03,2025-09-25,P010,1,279.0,83.0,0.0
SYN-20250925-2-00,2025-09-25,P010,1,279.0,83.0,0.0
SYN-20250925-2-01,2025-09-25,P011,1,199.0,61.0,0.0
SYN-20250925-2-02,2025-09-25,P012,1,359.0,137.0,0.0
SYN-20250925-2-03,2025-09-25,P001,1,299.0,94.0,0.0
SYN-20250925-2-04,2025-09-25,P002,1,89.0,24.0,0.0
SYN-20250925-2-05,2025-09-25,P003,1,179.0,49.0,0.0
SYN-20250925-2-06,2025-09-25,P004,1,249.0,71.0,24.9
SYN-20250925-2-07,2025-09-25,P005,1,219.0,67.0,21.9
SYN-20250925-2-08,2025-09-25,P006,1,139.0,35.0,0.0
SYN-20250925-2-09,2025-09-25,P007,1,189.0,55.0,18.9
SYN-20250925-2-10,2025-09-25,P008,1,329.0,121.0,0.0
SYN-20250925-2-11,2025-09-25,P009,1,159.0,43.0,0.0
SYN-20250925-2-12,2025-09-25,P010,1,279.0,83.0,0.0
SYN-20250925-2-13,2025-09-25,P011,1,199.0,61.0,19.9
SYN-20250925-2-14,2025-09-25,P012,1,359.0,137.0,0.0
SYN-20250925-2-15,2025-09-25,P001,1,299.0,94.0,29.9
SYN-20250925-2-16,2025-09-25,P002,1,89.0,24.0,0.0
SYN-20250925-2-17,2025-09-25,P003,1,179.0,49.0,0.0
SYN-20250925-2-18,2025-09-25,P004,1,249.0,71.0,0.0
SYN-20250926-0-00,2025-09-26,P009,1,159.0,43.0,0.0
SYN-20250926-0-01,2025-09-26,P010,1,279.0,83.0,0.0
SYN-20250926-0-02,2025-09-26,P011,1,199.0,61.0,0.0
SYN-20250926-0-03,2025-09-26,P012,1,359.0,137.0,35.9
SYN-20250926-0-04,2025-09-26,P001,1,299.0,94.0,0.0
SYN-20250926-0-05,2025-09-26,P002,1,89.0,24.0,0.0
SYN-20250926-0-06,2025-09-26,P003,1,179.0,49.0,17.9
SYN-20250926-0-07,2025-09-26,P004,1,249.0,71.0,0.0
SYN-20250926-0-08,2025-09-26,P005,1,219.0,67.0,0.0
SYN-20250926-0-09,2025-09-26,P006,1,139.0,35.0,13.9
SYN-20250926-0-10,2025-09-26,P007,1,189.0,55.0,18.9
SYN-20250926-1-00,2025-09-26,P012,1,359.0,137.0,0.0
SYN-20250926-1-01,2025-09-26,P001,1,299.0,94.0,0.0
SYN-20250926-1-02,2025-09-26,P002,1,89.0,24.0,0.0
SYN-20250926-1-03,2025-09-26,P003,1,179.0,49.0,0.0
SYN-20250926-1-04,2025-09-26,P004,1,249.0,71.0,0.0
SYN-20250926-1-05,2025-09-26,P005,1,219.0,67.0,21.9
SYN-20250926-1-06,2025-09-26,P006,1,139.0,35.0,0.0
SYN-20250926-1-07,2025-09-26,P007,1,189.0,55.0,0.0
SYN-20250926-1-08,2025-09-26,P008,1,329.0,121.0,0.0
SYN-20250926-1-09,2025-09-26,P009,1,159.0,43.0,0.0
SYN-20250926-2-00,2025-09-26,P003,1,179.0,49.0,0.0
SYN-20250926-2-01,2025-09-26,P004,1,249.0,71.0,0.0
SYN-20250926-2-02,2025-09-26,P005,1,219.0,67.0,0.0
SYN-20250926-2-03,2025-09-26,P006,1,139.0,35.0,0.0
SYN-20250926-2-04,2025-09-26,P007,1,189.0,55.0,0.0
SYN-20250926-2-05,2025-09-26,P008,1,329.0,121.0,0.0
SYN-20250927-0-00,2025-09-27,P002,1,89.0,24.0,0.0
SYN-20250927-0-01,2025-09-27,P003,1,179.0,49.0,0.0
SYN-20250927-0-02,2025-09-27,P004,2,498.0,142.0,49.8
SYN-20250927-0-03,2025-09-27,P005,1,219.0,67.0,0.0
SYN-20250927-0-04,2025-09-27,P006,1,139.0,35.0,13.9
SYN-20250927-1-00,2025-09-27,P005,1,219.0,67.0,0.0
SYN-20250927-1-01,2025-09-27,P006,1,139.0,35.0,0.0
SYN-20250927-1-02,2025-09-27,P007,1,189.0,55.0,0.0
SYN-20250927-1-03,2025-09-27,P008,1,329.0,121.0,0.0
SYN-20250927-1-04,2025-09-27,P009,1,159.0,43.0,15.9
SYN-20250927-1-05,2025-09-27,P010,1,279.0,83.0,0.0
SYN-20250927-1-06,2025-09-27,P011,1,199.0,61.0,0.0
SYN-20250927-1-07,2025-09-27,P012,1,359.0,137.0,0.0
SYN-20250927-2-00,2025-09-27,P008,1,329.0,121.0,0.0
SYN-20250927-2-01,2025-09-27,P009,1,159.0,43.0,15.9
SYN-20250927-2-02,2025-09-27,P010,1,279.0,83.0,0.0
SYN-20250927-2-03,2025-09-27,P011,1,199.0,61.0,0.0
SYN-20250927-2-04,2025-09-27,P012,2,718.0,274.0,0.0
SYN-20250928-0-00,2025-09-28,P007,1,189.0,55.0,0.0
SYN-20250928-0-01,2025-09-28,P008,1,329.0,121.0,0.0
SYN-20250928-0-02,2025-09-28,P009,1,159.0,43.0,0.0
SYN-20250928-0-03,2025-09-28,P010,1,279.0,83.0,0.0
SYN-20250928-0-04,2025-09-28,P011,1,199.0,61.0,0.0
SYN-20250928-0-05,2025-09-28,P012,1,359.0,137.0,0.0
SYN-20250928-0-06,2025-09-28,P001,1,299.0,94.0,0.0
SYN-20250928-0-07,2025-09-28,P002,1,89.0,24.0,0.0
SYN-20250928-0-08,2025-09-28,P003,1,179.0,49.0,0.0
SYN-20250928-0-09,2025-09-28,P004,1,249.0,71.0,24.9
SYN-20250928-0-10,2025-09-28,P005,1,219.0,67.0,0.0
SYN-20250928-0-11,2025-09-28,P006,1,139.0,35.0,0.0
SYN-20250928-1-00,2025-09-28,P010,1,279.0,83.0,27.9
SYN-20250928-1-01,2025-09-28,P011,1,199.0,61.0,19.9
SYN-20250928-1-02,2025-09-28,P012,1,359.0,137.0,0.0
SYN-20250928-1-03,2025-09-28,P001,1,299.0,94.0,29.9
SYN-20250928-1-04,2025-09-28,P002,2,178.0,48.0,0.0
SYN-20250928-1-05,2025-09-28,P003,1,179.0,49.0,0.0
SYN-20250928-1-06,2025-09-28,P004,1,249.0,71.0,24.9
SYN-20250928-1-07,2025-09-28,P005,1,219.0,67.0,0.0
SYN-20250928-1-08,2025-09-28,P006,1,139.0,35.0,13.9
SYN-20250928-2-00,2025-09-28,P001,1,299.0,94.0,29.9
SYN-20250928-2-01,2025-09-28,P002,1,89.0,24.0,8.9
SYN-20250928-2-02,2025-09-28,P003,1,179.0,49.0,0.0
SYN-20250928-2-03,2025-09-28,P004,1,249.0,71.0,24.9
SYN-20250928-2-04,2025-09-28,P005,1,219.0,67.0,0.0
SYN-20250929-0-00,2025-09-29,P012,1,359.0,137.0,0.0
SYN-20250929-0-01,2025-09-29,P001,1,299.0,94.0,0.0
SYN-20250929-0-02,2025-09-29,P002,1,89.0,24.0,0.0
SYN-20250929-0-03,2025-09-29,P003,1,179.0,49.0,0.0
SYN-20250929-0-04,2025-09-29,P004,1,249.0,71.0,24.9
SYN-20250929-0-05,2025-09-29,P005,1,219.0,67.0,21.9
SYN-20250929-1-00,2025-09-29,P003,1,179.0,49.0,0.0
SYN-20250929-1-01,2025-09-29,P004,1,249.0,71.0,0.0
SYN-20250929-1-02,2025-09-29,P005,1,219.0,67.0,0.0
SYN-20250929-1-03,2025-09-29,P006,1,139.0,35.0,0.0
SYN-20250929-1-04,2025-09-29,P007,1,189.0,55.0,0.0
SYN-20250929-1-05,2025-09-29,P008,1,329.0,121.0,0.0
SYN-20250929-1-06,2025-09-29,P009,1,159.0,43.0,0.0
SYN-20250929-1-07,2025-09-29,P010,1,279.0,83.0,27.9
SYN-20250929-2-00,2025-09-29,P006,1,139.0,35.0,13.9
SYN-20250929-2-01,2025-09-29,P007,2,378.0,110.0,0.0
SYN-20250929-2-02,2025-09-29,P008,1,329.0,121.0,0.0
SYN-20250929-2-03,2025-09-29,P009,1,159.0,43.0,0.0
SYN-20250929-2-04,2025-09-29,P010,1,279.0,83.0,27.9
SYN-20250929-2-05,2025-09-29,P011,1,199.0,61.0,19.9
SYN-20250929-2-06,2025-09-29,P012,1,359.0,137.0,0.0
SYN-20250930-0-00,2025-09-30,P005,2,438.0,134.0,0.0
SYN-20250930-0-01,2025-09-30,P006,1,139.0,35.0,13.9
SYN-20250930-0-02,2025-09-30,P007,1,189.0,55.0,0.0
SYN-20250930-0-03,2025-09-30,P008,1,329.0,121.0,0.0
SYN-20250930-0-04,2025-09-30,P009,1,159.0,43.0,0.0
SYN-20250930-0-05,2025-09-30,P010,1,279.0,83.0,0.0
SYN-20250930-0-06,2025-09-30,P011,1,199.0,61.0,0.0
SYN-20250930-0-07,2025-09-30,P012,1,359.0,137.0,0.0
SYN-20250930-0-08,2025-09-30,P001,1,299.0,94.0,0.0
SYN-20250930-1-00,2025-09-30,P008,1,329.0,121.0,32.9
SYN-20250930-1-01,2025-09-30,P009,2,318.0,86.0,0.0
SYN-20250930-1-02,2025-09-30,P010,1,279.0,83.0,27.9
SYN-20250930-1-03,2025-09-30,P011,1,199.0,61.0,0.0
SYN-20250930-1-04,2025-09-30,P012,1,359.0,137.0,35.9
SYN-20250930-1-05,2025-09-30,P001,1,299.0,94.0,0.0
SYN-20250930-2-00,2025-09-30,P011,1,199.0,61.0,0.0
SYN-20250930-2-01,2025-09-30,P012,1,359.0,137.0,0.0
SYN-20250930-2-02,2025-09-30,P001,1,299.0,94.0,0.0
SYN-20250930-2-03,2025-09-30,P002,1,89.0,24.0,8.9
SYN-20250930-2-04,2025-09-30,P003,1,179.0,49.0,0.0
SYN-20250930-2-05,2025-09-30,P004,1,249.0,71.0,0.0
SYN-20250930-2-06,2025-09-30,P005,1,219.0,67.0,0.0
SYN-20250930-2-07,2025-09-30,P006,1,139.0,35.0,0.0
SYN-20250930-2-08,2025-09-30,P007,1,189.0,55.0,0.0
SYN-20250930-2-09,2025-09-30,P008,1,329.0,121.0,32.9
SYN-20250930-2-10,2025-09-30,P009,1,159.0,43.0,15.9
SYN-20250930-2-11,2025-09-30,P010,1,279.0,83.0,0.0
SYN-20250930-2-12,2025-09-30,P011,1,199.0,61.0,0.0
SYN-20250930-2-13,2025-09-30,P012,2,718.0,274.0,0.0
SYN-20250930-2-14,2025-09-30,P001,1,299.0,94.0,0.0
SYN-20250930-2-15,2025-09-30,P002,2,178.0,48.0,17.8
SYN-20251001-0-00,2025-10-01,P010,1,279.0,83.0,0.0
SYN-20251001-0-01,2025-10-01,P011,1,199.0,61.0,19.9
SYN-20251001-0-02,2025-10-01,P012,1,359.0,137.0,35.9
SYN-20251001-0-03,2025-10-01,P001,1,299.0,94.0,29.9
SYN-20251001-1-00,2025-10-01,P001,1,299.0,94.0,29.9
SYN-20251001-1-01,2025-10-01,P002,1,89.0,24.0,0.0
SYN-20251001-1-02,2025-10-01,P003,1,179.0,49.0,0.0
SYN-20251001-1-03,2025-10-01,P004,1,249.0,71.0,0.0
SYN-20251001-1-04,2025-10-01,P005,1,219.0,67.0,0.0
SYN-20251001-2-00,2025-10-01,P004,1,249.0,71.0,0.0
SYN-20251001-2-01,2025-10-01,P005,1,219.0,67.0,21.9
SYN-20251001-2-02,2025-10-01,P006,1,139.0,35.0,0.0
SYN-20251001-2-03,2025-10-01,P007,1,189.0,55.0,18.9
SYN-20251002-0-00,2025-10-02,P003,1,179.0,49.0,17.9
SYN-20251002-0-01,2025-10-02,P004,1,249.0,71.0,0.0
SYN-20251002-0-02,2025-10-02,P005,2,438.0,134.0,43.8
SYN-20251002-0-03,2025-10-02,P006,1,139.0,35.0,0.0
SYN-20251002-0-04,2025-10-02,P007,1,189.0,55.0,18.9
SYN-20251002-0-05,2025-10-02,P008,1,329.0,121.0,0.0
SYN-20251002-0-06,2025-10-02,P009,1,159.0,43.0,0.0
SYN-20251002-0-07,2025-10-02,P010,1,279.0,83.0,0.0
SYN-20251002-0-08,2025-10-02,P011,1,199.0,61.0,0.0
SYN-20251002-0-09,2025-10-02,P012,1,359.0,137.0,0.0
SYN-20251002-1-00,2025-10-02,P006,1,139.0,35.0,0.0
SYN-20251002-1-01,2025-10-02,P007,1,189.0,55.0,0.0
SYN-20251002-1-02,2025-10-02,P008,1,329.0,121.0,0.0
SYN-20251002-1-03,2025-10-02,P009,1,159.0,43.0,0.0
SYN-20251002-1-04,2025-10-02,P010,1,279.0,83.0,0.0
SYN-20251002-1-05,2025-10-02,P011,1,199.0,61.0,0.0
SYN-20251002-1-06,2025-10-02,P012,1,359.0,137.0,0.0
SYN-20251002-1-07,2025-10-02,P001,1,299.0,94.0,29.9
SYN-20251002-1-08,2025-10-02,P002,1,89.0,24.0,0.0
SYN-20251002-1-09,2025-10-02,P003,2,358.0,98.0,0.0
SYN-20251002-1-10,2025-10-02,P004,1,249.0,71.0,24.9
SYN-20251002-1-11,2025-10-02,P005,1,219.0,67.0,21.9
SYN-20251002-1-12,2025-10-02,P006,1,139.0,35.0,0.0
SYN-20251002-1-13,2025-10-02,P007,1,189.0,55.0,0.0
SYN-20251002-1-14,2025-10-02,P008,1,329.0,121.0,0.0
SYN-20251002-1-15,2025-10-02,P009,1,159.0,43.0,0.0
SYN-20251002-1-16,2025-10-02,P010,1,279.0,83.0,27.9
SYN-20251002-2-00,2025-10-02,P009,1,159.0,43.0,0.0
SYN-20251002-2-01,2025-10-02,P010,1,279.0,83.0,27.9
SYN-20251002-2-02,2025-10-02,P011,1,199.0,61.0,19.9
SYN-20251002-2-03,2025-10-02,P012,1,359.0,137.0,0.0
SYN-20251002-2-04,2025-10-02,P001,1,299.0,94.0,0.0
SYN-20251003-0-00,2025-10-03,P008,1,329.0,121.0,0.0
SYN-20251003-0-01,2025-10-03,P009,1,159.0,43.0,0.0
SYN-20251003-0-02,2025-10-03,P010,1,279.0,83.0,27.9
SYN-20251003-0-03,2025-10-03,P011,1,199.0,61.0,0.0
SYN-20251003-0-04,2025-10-03,P012,1,359.0,137.0,0.0
SYN-20251003-0-05,2025-10-03,P001,1,299.0,94.0,0.0
SYN-20251003-0-06,2025-10-03,P002,1,89.0,24.0,0.0
SYN-20251003-0-07,2025-10-03,P003,1,179.0,49.0,0.0
SYN-20251003-0-08,2025-10-03,P004,2,498.0,142.0,0.0
SYN-20251003-0-09,2025-10-03,P005,1,219.0,67.0,21.9
SYN-20251003-1-00,2025-10-03,P011,1,199.0,61.0,0.0
SYN-20251003-1-01,2025-10-03,P012,1,359.0,137.0,0.0
SYN-20251003-1-02,2025-10-03,P001,1,299.0,94.0,0.0
SYN-20251003-1-03,2025-10-03,P002,1,89.0,24.0,0.0
SYN-20251003-1-04,2025-10-03,P003,2,358.0,98.0,0.0
SYN-20251003-1-05,2025-10-03,P004,2,498.0,142.0,0.0
SYN-20251003-1-06,2025-10-03,P005,1,219.0,67.0,0.0
SYN-20251003-2-00,2025-10-03,P002,1,89.0,24.0,0.0
SYN-20251003-2-01,2025-10-03,P003,1,179.0,49.0,0.0
SYN-20251003-2-02,2025-10-03,P004,1,249.0,71.0,0.0
SYN-20251003-2-03,2025-10-03,P005,2,438.0,134.0,0.0
SYN-20251003-2-04,2025-10-03,P006,1,139.0,35.0,0.0
SYN-20251004-0-00,2025-10-04,P001,1,299.0,94.0,29.9
SYN-20251004-0-01,2025-10-04,P002,1,89.0,24.0,0.0
SYN-20251004-0-02,2025-10-04,P003,1,179.0,49.0,17.9
SYN-20251004-0-03,2025-10-04,P004,1,249.0,71.0,24.9
SYN-20251004-0-04,2025-10-04,P005,1,219.0,67.0,0.0
SYN-20251004-1-00,2025-10-04,P004,1,249.0,71.0,24.9
SYN-20251004-1-01,2025-10-04,P005,1,219.0,67.0,0.0
SYN-20251004-1-02,2025-10-04,P006,1,139.0,35.0,0.0
SYN-20251004-1-03,2025-10-04,P007,1,189.0,55.0,18.9
SYN-20251004-1-04,2025-10-04,P008,1,329.0,121.0,32.9
SYN-20251004-1-05,2025-10-04,P009,1,159.0,43.0,0.0
SYN-20251004-1-06,2025-10-04,P010,1,279.0,83.0,0.0
SYN-20251004-1-07,2025-10-04,P011,1,199.0,61.0,19.9
SYN-20251004-1-08,2025-10-04,P012,1,359.0,137.0,0.0
SYN-20251004-1-09,2025-10-04,P001,1,299.0,94.0,29.9
SYN-20251004-1-10,2025-10-04,P002,1,89.0,24.0,8.9
SYN-20251004-1-11,2025-10-04,P003,1,179.0,49.0,0.0
SYN-20251004-1-12,2025-10-04,P004,1,249.0,71.0,0.0
SYN-20251004-1-13,2025-10-04,P005,1,219.0,67.0,0.0
SYN-20251004-1-14,2025-10-04,P006,1,139.0,35.0,0.0
SYN-20251004-1-15,2025-10-04,P007,2,378.0,110.0,0.0
SYN-20251004-2-00,2025-10-04,P007,1,189.0,55.0,0.0
SYN-20251004-2-01,2025-10-04,P008,1,329.0,121.0,0.0
SYN-20251004-2-02,2025-10-04,P009,1,159.0,43.0,0.0
SYN-20251004-2-03,2025-10-04,P010,1,279.0,83.0,27.9
SYN-20251004-2-04,2025-10-04,P011,1,199.0,61.0,0.0
SYN-20251004-2-05,2025-10-04,P012,2,718.0,274.0,0.0
SYN-20251004-2-06,2025-10-04,P001,1,299.0,94.0,0.0
SYN-20251004-2-07,2025-10-04,P002,1,89.0,24.0,8.9
SYN-20251004-2-08,2025-10-04,P003,1,179.0,49.0,0.0
SYN-20251004-2-09,2025-10-04,P004,1,249.0,71.0,0.0
SYN-20251004-2-10,2025-10-04,P005,1,219.0,67.0,0.0
SYN-20251004-2-11,2025-10-04,P006,1,139.0,35.0,0.0
SYN-20251005-0-00,2025-10-05,P006,1,139.0,35.0,0.0
SYN-20251005-0-01,2025-10-05,P007,1,189.0,55.0,0.0
SYN-20251005-0-02,2025-10-05,P008,1,329.0,121.0,0.0
SYN-20251005-0-03,2025-10-05,P009,1,159.0,43.0,0.0
SYN-20251005-0-04,2025-10-05,P010,1,279.0,83.0,0.0
SYN-20251005-0-05,2025-10-05,P011,1,199.0,61.0,0.0
SYN-20251005-0-06,2025-10-05,P012,1,359.0,137.0,0.0
SYN-20251005-1-00,2025-10-05,P009,1,159.0,43.0,0.0
SYN-20251005-1-01,2025-10-05,P010,1,279.0,83.0,27.9
SYN-20251005-1-02,2025-10-05,P011,1,199.0,61.0,0.0
SYN-20251005-1-03,2025-10-05,P012,1,359.0,137.0,0.0
SYN-20251005-1-04,2025-10-05,P001,1,299.0,94.0,0.0
SYN-20251005-1-05,2025-10-05,P002,1,89.0,24.0,0.0
SYN-20251005-1-06,2025-10-05,P003,1,179.0,49.0,0.0
SYN-20251005-1-07,2025-10-05,P004,2,498.0,142.0,49.8
SYN-20251005-1-08,2025-10-05,P005,1,219.0,67.0,0.0
SYN-20251005-2-00,2025-10-05,P012,1,359.0,137.0,0.0
SYN-20251005-2-01,2025-10-05,P001,1,299.0,94.0,0.0
SYN-20251005-2-02,2025-10-05,P002,1,89.0,24.0,0.0
SYN-20251005-2-03,2025-10-05,P003,1,179.0,49.0,0.0
SYN-20251006-0-00,2025-10-06,P011,1,199.0,61.0,0.0
SYN-20251006-0-01,2025-10-06,P012,1,359.0,137.0,0.0
SYN-20251006-0-02,2025-10-06,P001,1,299.0,94.0,0.0
SYN-20251006-0-03,2025-10-06,P002,1,89.0,24.0,0.0
SYN-20251006-0-04,2025-10-06,P003,1,179.0,49.0,0.0
SYN-20251006-0-05,2025-10-06,P004,1,249.0,71.0,0.0
SYN-20251006-0-06,2025-10-06,P005,1,219.0,67.0,0.0
SYN-20251006-0-07,2025-10-06,P006,1,139.0,35.0,0.0
SYN-20251006-1-00,2025-10-06,P002,1,89.0,24.0,0.0
SYN-20251006-1-01,2025-10-06,P003,1,179.0,49.0,0.0
SYN-20251006-1-02,2025-10-06,P004,1,249.0,71.0,0.0
SYN-20251006-1-03,2025-10-06,P005,1,219.0,67.0,0.0
SYN-20251006-1-04,2025-10-06,P006,1,139.0,35.0,13.9
SYN-20251006-1-05,2025-10-06,P007,1,189.0,55.0,0.0
SYN-20251006-1-06,2025-10-06,P008,1,329.0,121.0,32.9
SYN-20251006-1-07,2025-10-06,P009,1,159.0,43.0,0.0
SYN-20251006-2-00,2025-10-06,P005,1,219.0,67.0,0.0
SYN-20251006-2-01,2025-10-06,P006,1,139.0,35.0,13.9
SYN-20251006-2-02,2025-10-06,P007,2,378.0,110.0,0.0
SYN-20251006-2-03,2025-10-06,P008,1,329.0,121.0,0.0
SYN-20251006-2-04,2025-10-06,P009,1,159.0,43.0,0.0
SYN-20251006-2-05,2025-10-06,P010,1,279.0,83.0,0.0
SYN-20251006-2-06,2025-10-06,P011,2,398.0,122.0,0.0
SYN-20251006-2-07,2025-10-06,P012,1,359.0,137.0,0.0
SYN-20251006-2-08,2025-10-06,P001,1,299.0,94.0,0.0
SYN-20251006-2-09,2025-10-06,P002,1,89.0,24.0,8.9
SYN-20251006-2-10,2025-10-06,P003,2,358.0,98.0,0.0
SYN-20251006-2-11,2025-10-06,P004,1,249.0,71.0,0.0
SYN-20251006-2-12,2025-10-06,P005,1,219.0,67.0,21.9
SYN-20251006-2-13,2025-10-06,P006,1,139.0,35.0,0.0
SYN-20251007-0-00,2025-10-07,P004,1,249.0,71.0,0.0
SYN-20251007-0-01,2025-10-07,P005,1,219.0,67.0,21.9
SYN-20251007-0-02,2025-10-07,P006,1,139.0,35.0,13.9
SYN-20251007-0-03,2025-10-07,P007,1,189.0,55.0,18.9
SYN-20251007-0-04,2025-10-07,P008,1,329.0,121.0,0.0
SYN-20251007-0-05,2025-10-07,P009,1,159.0,43.0,0.0
SYN-20251007-0-06,2025-10-07,P010,1,279.0,83.0,0.0
SYN-20251007-1-00,2025-10-07,P007,1,189.0,55.0,0.0
SYN-20251007-1-01,2025-10-07,P008,1,329.0,121.0,0.0
SYN-20251007-1-02,2025-10-07,P009,1,159.0,43.0,0.0
SYN-20251007-1-03,2025-10-07,P010,1,279.0,83.0,0.0
SYN-20251007-1-04,2025-10-07,P011,2,398.0,122.0,0.0
SYN-20251007-2-00,2025-10-07,P010,1,279.0,83.0,0.0
SYN-20251007-2-01,2025-10-07,P011,1,199.0,61.0,0.0
SYN-20251007-2-02,2025-10-07,P012,1,359.0,137.0,0.0
SYN-20251007-2-03,2025-10-07,P001,1,299.0,94.0,29.9
SYN-20251008-0-00,2025-10-08,P009,1,159.0,43.0,15.9
SYN-20251008-0-01,2025-10-08,P010,1,279.0,83.0,0.0
SYN-20251008-0-02,2025-10-08,P011,2,398.0,122.0,0.0
SYN-20251008-0-03,2025-10-08,P012,1,359.0,137.0,0.0
SYN-20251008-0-04,2025-10-08,P001,1,299.0,94.0,29.9
SYN-20251008-0-05,2025-10-08,P002,2,178.0,48.0,0.0
SYN-20251008-0-06,2025-10-08,P003,1,179.0,49.0,0.0
SYN-20251008-0-07,2025-10-08,P004,1,249.0,71.0,0.0
SYN-20251008-1-00,2025-10-08,P012,1,359.0,137.0,35.9
SYN-20251008-1-01,2025-10-08,P001,1,299.0,94.0,0.0
SYN-20251008-1-02,2025-10-08,P002,1,89.0,24.0,0.0
SYN-20251008-1-03,2025-10-08,P003,1,179.0,49.0,0.0
SYN-20251008-1-04,2025-10-08,P004,1,249.0,71.0,0.0
SYN-20251008-2-00,2025-10-08,P003,1,179.0,49.0,0.0
SYN-20251008-2-01,2025-10-08,P004,1,249.0,71.0,0.0
SYN-20251008-2-02,2025-10-08,P005,1,219.0,67.0,0.0
SYN-20251008-2-03,2025-10-08,P006,1,139.0,35.0,0.0
SYN-20251008-2-04,2025-10-08,P007,1,189.0,55.0,0.0
SYN-20251008-2-05,2025-10-08,P008,1,329.0,121.0,0.0
SYN-20251008-2-06,2025-10-08,P009,1,159.0,43.0,0.0
SYN-20251009-0-00,2025-10-09,P002,1,89.0,24.0,0.0
SYN-20251009-0-01,2025-10-09,P003,1,179.0,49.0,0.0
SYN-20251009-0-02,2025-10-09,P004,1,249.0,71.0,0.0
SYN-20251009-0-03,2025-10-09,P005,1,219.0,67.0,0.0
SYN-20251009-0-04,2025-10-09,P006,1,139.0,35.0,13.9
SYN-20251009-0-05,2025-10-09,P007,1,189.0,55.0,0.0
SYN-20251009-0-06,2025-10-09,P008,1,329.0,121.0,0.0
SYN-20251009-0-07,2025-10-09,P009,2,318.0,86.0,31.8
SYN-20251009-0-08,2025-10-09,P010,2,558.0,166.0,0.0
SYN-20251009-1-00,2025-10-09,P005,1,219.0,67.0,0.0
SYN-20251009-1-01,2025-10-09,P006,1,139.0,35.0,0.0
SYN-20251009-1-02,2025-10-09,P007,1,189.0,55.0,18.9
SYN-20251009-1-03,2025-10-09,P008,1,329.0,121.0,0.0
SYN-20251009-1-04,2025-10-09,P009,1,159.0,43.0,15.9
SYN-20251009-1-05,2025-10-09,P010,1,279.0,83.0,0.0
SYN-20251009-1-06,2025-10-09,P011,1,199.0,61.0,0.0
SYN-20251009-1-07,2025-10-09,P012,1,359.0,137.0,0.0
SYN-20251009-1-08,2025-10-09,P001,1,299.0,94.0,0.0
SYN-20251009-1-09,2025-10-09,P002,1,89.0,24.0,0.0
SYN-20251009-1-10,2025-10-09,P003,1,179.0,49.0,0.0
SYN-20251009-1-11,2025-10-09,P004,1,249.0,71.0,24.9
SYN-20251009-2-00,2025-10-09,P008,1,329.0,121.0,0.0
SYN-20251009-2-01,2025-10-09,P009,1,159.0,43.0,15.9
SYN-20251009-2-02,2025-10-09,P010,1,279.0,83.0,0.0
SYN-20251009-2-03,2025-10-09,P011,1,199.0,61.0,0.0
SYN-20251009-2-04,2025-10-09,P012,1,359.0,137.0,0.0
SYN-20251010-0-00,2025-10-10,P007,1,189.0,55.0,18.9
SYN-20251010-0-01,2025-10-10,P008,1,329.0,121.0,0.0
SYN-20251010-0-02,2025-10-10,P009,1,159.0,43.0,0.0
SYN-20251010-0-03,2025-10-10,P010,1,279.0,83.0,0.0
SYN-20251010-0-04,2025-10-10,P011,2,398.0,122.0,39.8
SYN-20251010-0-05,2025-10-10,P012,1,359.0,137.0,0.0
SYN-20251010-0-06,2025-10-10,P001,1,299.0,94.0,0.0
SYN-20251010-0-07,2025-10-10,P002,1,89.0,24.0,0.0
SYN-20251010-1-00,2025-10-10,P010,2,558.0,166.0,55.8
SYN-20251010-1-01,2025-10-10,P011,1,199.0,61.0,0.0
SYN-20251010-1-02,2025-10-10,P012,1,359.0,137.0,35.9
SYN-20251010-1-03,2025-10-10,P001,2,598.0,188.0,0.0
SYN-20251010-2-00,2025-10-10,P001,1,299.0,94.0,29.9
SYN-20251010-2-01,2025-10-10,P002,1,89.0,24.0,0.0
SYN-20251010-2-02,2025-10-10,P003,1,179.0,49.0,17.9
SYN-20251010-2-03,2025-10-10,P004,1,249.0,71.0,0.0
SYN-20251010-2-04,2025-10-10,P005,1,219.0,67.0,0.0
SYN-20251010-2-05,2025-10-10,P006,1,139.0,35.0,0.0
SYN-20251010-2-06,2025-10-10,P007,1,189.0,55.0,0.0
SYN-20251011-0-00,2025-10-11,P012,1,359.0,137.0,35.9
SYN-20251011-0-01,2025-10-11,P001,1,299.0,94.0,0.0
SYN-20251011-0-02,2025-10-11,P002,1,89.0,24.0,0.0
SYN-20251011-0-03,2025-10-11,P003,2,358.0,98.0,0.0
SYN-20251011-0-04,2025-10-11,P004,1,249.0,71.0,0.0
SYN-20251011-0-05,2025-10-11,P005,1,219.0,67.0,21.9
SYN-20251011-0-06,2025-10-11,P006,1,139.0,35.0,0.0
SYN-20251011-0-07,2025-10-11,P007,1,189.0,55.0,18.9
SYN-20251011-0-08,2025-10-11,P008,1,329.0,121.0,0.0
SYN-20251011-0-09,2025-10-11,P009,1,159.0,43.0,15.9
SYN-20251011-0-10,2025-10-11,P010,1,279.0,83.0,0.0
SYN-20251011-1-00,2025-10-11,P003,1,179.0,49.0,0.0
SYN-20251011-1-01,2025-10-11,P004,1,249.0,71.0,0.0
SYN-20251011-1-02,2025-10-11,P005,1,219.0,67.0,0.0
SYN-20251011-1-03,2025-10-11,P006,1,139.0,35.0,0.0
SYN-20251011-1-04,2025-10-11,P007,1,189.0,55.0,0.0
SYN-20251011-1-05,2025-10-11,P008,1,329.0,121.0,0.0
SYN-20251011-2-00,2025-10-11,P006,1,139.0,35.0,0.0
SYN-20251011-2-01,2025-10-11,P007,1,189.0,55.0,0.0
SYN-20251011-2-02,2025-10-11,P008,1,329.0,121.0,0.0
SYN-20251011-2-03,2025-10-11,P009,1,159.0,43.0,15.9
SYN-20251011-2-04,2025-10-11,P010,1,279.0,83.0,0.0
SYN-20251012-0-00,2025-10-12,P005,1,219.0,67.0,0.0
SYN-20251012-0-01,2025-10-12,P006,1,139.0,35.0,0.0
SYN-20251012-0-02,2025-10-12,P007,1,189.0,55.0,0.0
SYN-20251012-0-03,2025-10-12,P008,1,329.0,121.0,0.0
SYN-20251012-0-04,2025-10-12,P009,1,159.0,43.0,0.0
SYN-20251012-0-05,2025-10-12,P010,1,279.0,83.0,27.9
SYN-20251012-0-06,2025-10-12,P011,1,199.0,61.0,0.0
SYN-20251012-0-07,2025-10-12,P012,2,718.0,274.0,71.8
SYN-20251012-1-00,2025-10-12,P008,1,329.0,121.0,0.0
SYN-20251012-1-01,2025-10-12,P009,1,159.0,43.0,0.0
SYN-20251012-1-02,2025-10-12,P010,2,558.0,166.0,0.0
SYN-20251012-1-03,2025-10-12,P011,1,199.0,61.0,0.0
SYN-20251012-1-04,2025-10-12,P012,1,359.0,137.0,0.0
SYN-20251012-1-05,2025-10-12,P001,2,598.0,188.0,0.0
SYN-20251012-2-00,2025-10-12,P011,1,199.0,61.0,0.0
SYN-20251012-2-01,2025-10-12,P012,1,359.0,137.0,35.9
SYN-20251012-2-02,2025-10-12,P001,1,299.0,94.0,0.0
SYN-20251012-2-03,2025-10-12,P002,1,89.0,24.0,0.0
SYN-20251012-2-04,2025-10-12,P003,1,179.0,49.0,0.0
SYN-20251012-2-05,2025-10-12,P004,1,249.0,71.0,0.0
SYN-20251012-2-06,2025-10-12,P005,1,219.0,67.0,0.0
SYN-20251013-0-00,2025-10-13,P010,1,279.0,83.0,0.0
SYN-20251013-0-01,2025-10-13,P011,1,199.0,61.0,0.0
SYN-20251013-0-02,2025-10-13,P012,1,359.0,137.0,0.0
SYN-20251013-1-00,2025-10-13,P001,1,299.0,94.0,29.9
SYN-20251013-1-01,2025-10-13,P002,1,89.0,24.0,0.0
SYN-20251013-1-02,2025-10-13,P003,1,179.0,49.0,0.0
SYN-20251013-1-03,2025-10-13,P004,1,249.0,71.0,0.0
SYN-20251013-1-04,2025-10-13,P005,1,219.0,67.0,21.9
SYN-20251013-1-05,2025-10-13,P006,1,139.0,35.0,0.0
SYN-20251013-1-06,2025-10-13,P007,1,189.0,55.0,0.0
SYN-20251013-1-07,2025-10-13,P008,1,329.0,121.0,0.0
SYN-20251013-1-08,2025-10-13,P009,2,318.0,86.0,0.0
SYN-20251013-2-00,2025-10-13,P004,1,249.0,71.0,0.0
SYN-20251013-2-01,2025-10-13,P005,1,219.0,67.0,0.0
SYN-20251013-2-02,2025-10-13,P006,1,139.0,35.0,0.0
SYN-20251013-2-03,2025-10-13,P007,1,189.0,55.0,0.0
SYN-20251013-2-04,2025-10-13,P008,1,329.0,121.0,0.0
SYN-20251013-2-05,2025-10-13,P009,1,159.0,43.0,15.9
SYN-20251013-2-06,2025-10-13,P010,1,279.0,83.0,0.0
SYN-20251013-2-07,2025-10-13,P011,2,398.0,122.0,39.8
SYN-20251014-0-00,2025-10-14,P003,1,179.0,49.0,0.0
SYN-20251014-0-01,2025-10-14,P004,1,249.0,71.0,0.0
SYN-20251014-0-02,2025-10-14,P005,1,219.0,67.0,0.0
SYN-20251014-0-03,2025-10-14,P006,1,139.0,35.0,0.0
SYN-20251014-0-04,2025-10-14,P007,1,189.0,55.0,0.0
SYN-20251014-0-05,2025-10-14,P008,1,329.0,121.0,32.9
SYN-20251014-0-06,2025-10-14,P009,1,159.0,43.0,0.0
SYN-20251014-0-07,2025-10-14,P010,2,558.0,166.0,0.0
SYN-20251014-0-08,2025-10-14,P011,1,199.0,61.0,0.0
SYN-20251014-0-09,2025-10-14,P012,1,359.0,137.0,35.9
SYN-20251014-0-10,2025-10-14,P001,1,299.0,94.0,0.0
SYN-20251014-0-11,2025-10-14,P002,2,178.0,48.0,17.8
SYN-20251014-0-12,2025-10-14,P003,1,179.0,49.0,0.0
SYN-20251014-0-13,2025-10-14,P004,1,249.0,71.0,0.0
SYN-20251014-0-14,2025-10-14,P005,1,219.0,67.0,0.0
SYN-20251014-0-15,2025-10-14,P006,1,139.0,35.0,13.9
SYN-20251014-1-00,2025-10-14,P006,1,139.0,35.0,0.0
SYN-20251014-1-01,2025-10-14,P007,1,189.0,55.0,0.0
SYN-20251014-1-02,2025-10-14,P008,2,658.0,242.0,0.0
SYN-20251014-1-03,2025-10-14,P009,2,318.0,86.0,0.0
SYN-20251014-1-04,2025-10-14,P010,1,279.0,83.0,27.9
SYN-20251014-2-00,2025-10-14,P009,1,159.0,43.0,0.0
SYN-20251014-2-01,2025-10-14,P010,1,279.0,83.0,0.0
SYN-20251014-2-02,2025-10-14,P011,1,199.0,61.0,0.0
SYN-20251014-2-03,2025-10-14,P012,1,359.0,137.0,0.0
SYN-20251014-2-04,2025-10-14,P001,1,299.0,94.0,0.0
SYN-20251014-2-05,2025-10-14,P002,1,89.0,24.0,0.0
SYN-20251014-2-06,2025-10-14,P003,1,179.0,49.0,0.0
SYN-20251014-2-07,2025-10-14,P004,1,249.0,71.0,0.0
SYN-20251014-2-08,2025-10-14,P005,1,219.0,67.0,0.0
SYN-20251014-2-09,2025-10-14,P006,1,139.0,35.0,0.0
SYN-20251015-0-00,2025-10-15,P008,2,658.0,242.0,0.0
SYN-20251015-0-01,2025-10-15,P009,1,159.0,43.0,0.0
SYN-20251015-0-02,2025-10-15,P010,1,279.0,83.0,0.0
SYN-20251015-0-03,2025-10-15,P011,1,199.0,61.0,0.0
SYN-20251015-0-04,2025-10-15,P012,1,359.0,137.0,0.0
SYN-20251015-0-05,2025-10-15,P001,1,299.0,94.0,0.0
SYN-20251015-0-06,2025-10-15,P002,1,89.0,24.0,0.0
SYN-20251015-0-07,2025-10-15,P003,1,179.0,49.0,17.9
SYN-20251015-1-00,2025-10-15,P011,1,199.0,61.0,19.9
SYN-20251015-1-01,2025-10-15,P012,1,359.0,137.0,0.0
SYN-20251015-1-02,2025-10-15,P001,1,299.0,94.0,0.0
SYN-20251015-1-03,2025-10-15,P002,1,89.0,24.0,0.0
SYN-20251015-1-04,2025-10-15,P003,2,358.0,98.0,0.0
SYN-20251015-2-00,2025-10-15,P002,1,89.0,24.0,0.0
SYN-20251015-2-01,2025-10-15,P003,1,179.0,49.0,0.0
SYN-20251015-2-02,2025-10-15,P004,1,249.0,71.0,24.9
SYN-20251015-2-03,2025-10-15,P005,1,219.0,67.0,0.0
SYN-20251015-2-04,2025-10-15,P006,1,139.0,35.0,0.0
SYN-20251015-2-05,2025-10-15,P007,1,189.0,55.0,0.0
SYN-20251015-2-06,2025-10-15,P008,1,329.0,121.0,0.0
SYN-20251015-2-07,2025-10-15,P009,1,159.0,43.0,0.0
SYN-20251016-0-00,2025-10-16,P001,1,299.0,94.0,0.0
SYN-20251016-0-01,2025-10-16,P002,1,89.0,24.0,0.0
SYN-20251016-0-02,2025-10-16,P003,1,179.0,49.0,17.9
SYN-20251016-0-03,2025-10-16,P004,1,249.0,71.0,0.0
SYN-20251016-0-04,2025-10-16,P005,1,219.0,67.0,0.0
SYN-20251016-0-05,2025-10-16,P006,1,139.0,35.0,13.9
SYN-20251016-1-00,2025-10-16,P004,1,249.0,71.0,0.0
SYN-20251016-1-01,2025-10-16,P005,1,219.0,67.0,21.9
SYN-20251016-1-02,2025-10-16,P006,1,139.0,35.0,0.0
SYN-20251016-1-03,2025-10-16,P007,1,189.0,55.0,0.0
SYN-20251016-1-04,2025-10-16,P008,1,329.0,121.0,0.0
SYN-20251016-1-05,2025-10-16,P009,1,159.0,43.0,0.0
SYN-20251016-1-06,2025-10-16,P010,1,279.0,83.0,0.0
SYN-20251016-1-07,2025-10-16,P011,1,199.0,61.0,19.9
SYN-20251016-2-00,2025-10-16,P007,1,189.0,55.0,0.0
SYN-20251016-2-01,2025-10-16,P008,1,329.0,121.0,0.0
SYN-20251016-2-02,2025-10-16,P009,1,159.0,43.0,0.0
SYN-20251016-2-03,2025-10-16,P010,1,279.0,83.0,27.9
SYN-20251016-2-04,2025-10-16,P011,2,398.0,122.0,0.0
SYN-20251016-2-05,2025-10-16,P012,1,359.0,137.0,0.0
SYN-20251016-2-06,2025-10-16,P001,1,299.0,94.0,0.0
SYN-20251017-0-00,2025-10-17,P006,1,139.0,35.0,13.9
SYN-20251017-0-01,2025-10-17,P007,1,189.0,55.0,0.0
SYN-20251017-0-02,2025-10-17,P008,2,658.0,242.0,0.0
SYN-20251017-0-03,2025-10-17,P009,1,159.0,43.0,15.9
SYN-20251017-0-04,2025-10-17,P010,1,279.0,83.0,0.0
SYN-20251017-0-05,2025-10-17,P011,1,199.0,61.0,19.9
SYN-20251017-0-06,2025-10-17,P012,1,359.0,137.0,0.0
SYN-20251017-0-07,2025-10-17,P001,1,299.0,94.0,0.0
SYN-20251017-0-08,2025-10-17,P002,1,89.0,24.0,0.0
SYN-20251017-0-09,2025-10-17,P003,1,179.0,49.0,0.0
SYN-20251017-0-10,2025-10-17,P004,1,249.0,71.0,0.0
SYN-20251017-0-11,2025-10-17,P005,1,219.0,67.0,0.0
SYN-20251017-0-12,2025-10-17,P006,1,139.0,35.0,0.0
SYN-20251017-0-13,2025-10-17,P007,1,189.0,55.0,0.0
SYN-20251017-1-00,2025-10-17,P009,1,159.0,43.0,0.0
SYN-20251017-1-01,2025-10-17,P010,1,279.0,83.0,0.0
SYN-20251017-1-02,2025-10-17,P011,1,199.0,61.0,0.0
SYN-20251017-1-03,2025-10-17,P012,1,359.0,137.0,35.9
SYN-20251017-1-04,2025-10-17,P001,1,299.0,94.0,0.0
SYN-20251017-1-05,2025-10-17,P002,1,89.0,24.0,0.0
SYN-20251017-1-06,2025-10-17,P003,1,179.0,49.0,0.0
SYN-20251017-1-07,2025-10-17,P004,1,249.0,71.0,24.9
SYN-20251017-1-08,2025-10-17,P005,1,219.0,67.0,21.9
SYN-20251017-1-09,2025-10-17,P006,1,139.0,35.0,0.0
SYN-20251017-1-10,2025-10-17,P007,1,189.0,55.0,0.0
SYN-20251017-1-11,2025-10-17,P008,1,329.0,121.0,32.9
SYN-20251017-2-00,2025-10-17,P012,1,359.0,137.0,0.0
SYN-20251017-2-01,2025-10-17,P001,1,299.0,94.0,0.0
SYN-20251017-2-02,2025-10-17,P002,1,89.0,24.0,0.0
SYN-20251017-2-03,2025-10-17,P003,1,179.0,49.0,17.9
SYN-20251017-2-04,2025-10-17,P004,2,498.0,142.0,0.0
SYN-20251017-2-05,2025-10-17,P005,1,219.0,67.0,21.9
SYN-20251017-2-06,2025-10-17,P006,1,139.0,35.0,13.9
SYN-20251017-2-07,2025-10-17,P007,1,189.0,55.0,0.0
SYN-20251018-0-00,2025-10-18,P011,1,199.0,61.0,0.0
SYN-20251018-0-01,2025-10-18,P012,2,718.0,274.0,0.0
SYN-20251018-0-02,2025-10-18,P001,1,299.0,94.0,0.0
SYN-20251018-0-03,2025-10-18,P002,1,89.0,24.0,8.9
SYN-20251018-0-04,2025-10-18,P003,1,179.0,49.0,17.9
SYN-20251018-0-05,2025-10-18,P004,1,249.0,71.0,24.9
SYN-20251018-0-06,2025-10-18,P005,1,219.0,67.0,0.0
SYN-20251018-1-00,2025-10-18,P002,1,89.0,24.0,0.0
SYN-20251018-1-01,2025-10-18,P003,2,358.0,98.0,0.0
SYN-20251018-1-02,2025-10-18,P004,1,249.0,71.0,0.0
SYN-20251018-1-03,2025-10-18,P005,1,219.0,67.0,0.0
SYN-20251018-1-04,2025-10-18,P006,2,278.0,70.0,0.0
SYN-20251018-1-05,2025-10-18,P007,2,378.0,110.0,37.8
SYN-20251018-1-06,2025-10-18,P008,1,329.0,121.0,0.0
SYN-20251018-1-07,2025-10-18,P009,1,159.0,43.0,15.9
SYN-20251018-2-00,2025-10-18,P005,1,219.0,67.0,0.0
SYN-20251018-2-01,2025-10-18,P006,1,139.0,35.0,13.9
SYN-20251018-2-02,2025-10-18,P007,1,189.0,55.0,0.0
SYN-20251018-2-03,2025-10-18,P008,1,329.0,121.0,0.0
SYN-20251019-0-00,2025-10-19,P004,1,249.0,71.0,0.0
SYN-20251019-0-01,2025-10-19,P005,1,219.0,67.0,0.0
SYN-20251019-0-02,2025-10-19,P006,1,139.0,35.0,13.9
SYN-20251019-0-03,2025-10-19,P007,1,189.0,55.0,0.0
SYN-20251019-1-00,2025-10-19,P007,1,189.0,55.0,18.9
SYN-20251019-1-01,2025-10-19,P008,1,329.0,121.0,0.0
SYN-20251019-1-02,2025-10-19,P009,1,159.0,43.0,15.9
SYN-20251019-1-03,2025-10-19,P010,1,279.0,83.0,27.9
SYN-20251019-1-04,2025-10-19,P011,1,199.0,61.0,0.0
SYN-20251019-1-05,2025-10-19,P012,1,359.0,137.0,0.0
SYN-20251019-1-06,2025-10-19,P001,1,299.0,94.0,29.9
SYN-20251019-1-07,2025-10-19,P002,2,178.0,48.0,0.0
SYN-20251019-1-08,2025-10-19,P003,1,179.0,49.0,0.0
SYN-20251019-1-09,2025-10-19,P004,1,249.0,71.0,0.0
SYN-20251019-2-00,2025-10-19,P010,1,279.0,83.0,0.0
SYN-20251019-2-01,2025-10-19,P011,1,199.0,61.0,19.9
SYN-20251019-2-02,2025-10-19,P012,1,359.0,137.0,35.9
SYN-20251019-2-03,2025-10-19,P001,1,299.0,94.0,29.9
SYN-20251019-2-04,2025-10-19,P002,1,89.0,24.0,8.9
SYN-20251019-2-05,2025-10-19,P003,1,179.0,49.0,0.0
SYN-20251020-0-00,2025-10-20,P009,1,159.0,43.0,15.9
SYN-20251020-0-01,2025-10-20,P010,1,279.0,83.0,27.9
SYN-20251020-0-02,2025-10-20,P011,1,199.0,61.0,0.0
SYN-20251020-0-03,2025-10-20,P012,1,359.0,137.0,35.9
SYN-20251020-0-04,2025-10-20,P001,1,299.0,94.0,0.0
SYN-20251020-0-05,2025-10-20,P002,1,89.0,24.0,8.9
SYN-20251020-1-00,2025-10-20,P012,1,359.0,137.0,0.0
SYN-20251020-1-01,2025-10-20,P001,2,598.0,188.0,0.0
SYN-20251020-1-02,2025-10-20,P002,1,89.0,24.0,8.9
SYN-20251020-1-03,2025-10-20,P003,1,179.0,49.0,0.0
SYN-20251020-1-04,2025-10-20,P004,2,498.0,142.0,0.0
SYN-20251020-1-05,2025-10-20,P005,1,219.0,67.0,0.0
SYN-20251020-1-06,2025-10-20,P006,1,139.0,35.0,0.0
SYN-20251020-1-07,2025-10-20,P007,1,189.0,55.0,0.0
SYN-20251020-1-08,2025-10-20,P008,1,329.0,121.0,0.0
SYN-20251020-1-09,2025-10-20,P009,1,159.0,43.0,0.0
SYN-20251020-1-10,2025-10-20,P010,1,279.0,83.0,27.9
SYN-20251020-2-00,2025-10-20,P003,1,179.0,49.0,17.9
SYN-20251020-2-01,2025-10-20,P004,1,249.0,71.0,0.0
SYN-20251020-2-02,2025-10-20,P005,2,438.0,134.0,0.0
SYN-20251020-2-03,2025-10-20,P006,1,139.0,35.0,13.9
SYN-20251021-0-00,2025-10-21,P002,1,89.0,24.0,0.0
SYN-20251021-0-01,2025-10-21,P003,1,179.0,49.0,0.0
SYN-20251021-0-02,2025-10-21,P004,1,249.0,71.0,0.0
SYN-20251021-0-03,2025-10-21,P005,1,219.0,67.0,21.9
SYN-20251021-0-04,2025-10-21,P006,1,139.0,35.0,0.0
SYN-20251021-0-05,2025-10-21,P007,1,189.0,55.0,18.9
SYN-20251021-1-00,2025-10-21,P005,1,219.0,67.0,21.9
SYN-20251021-1-01,2025-10-21,P006,1,139.0,35.0,0.0
SYN-20251021-1-02,2025-10-21,P007,1,189.0,55.0,0.0
SYN-20251021-1-03,2025-10-21,P008,1,329.0,121.0,0.0
SYN-20251021-1-04,2025-10-21,P009,1,159.0,43.0,0.0
SYN-20251021-1-05,2025-10-21,P010,1,279.0,83.0,0.0
SYN-20251021-1-06,2025-10-21,P011,1,199.0,61.0,0.0
SYN-20251021-1-07,2025-10-21,P012,1,359.0,137.0,35.9
SYN-20251021-2-00,2025-10-21,P008,1,329.0,121.0,32.9
SYN-20251021-2-01,2025-10-21,P009,1,159.0,43.0,0.0
SYN-20251021-2-02,2025-10-21,P010,1,279.0,83.0,0.0
SYN-20251021-2-03,2025-10-21,P011,1,199.0,61.0,19.9
SYN-20251021-2-04,2025-10-21,P012,1,359.0,137.0,35.9
SYN-20251021-2-05,2025-10-21,P001,1,299.0,94.0,0.0
SYN-20251022-0-00,2025-10-22,P007,1,189.0,55.0,0.0
SYN-20251022-0-01,2025-10-22,P008,1,329.0,121.0,32.9
SYN-20251022-0-02,2025-10-22,P009,1,159.0,43.0,15.9
SYN-20251022-0-03,2025-10-22,P010,1,279.0,83.0,27.9
SYN-20251022-1-00,2025-10-22,P010,2,558.0,166.0,0.0
SYN-20251022-1-01,2025-10-22,P011,1,199.0,61.0,0.0
SYN-20251022-1-02,2025-10-22,P012,1,359.0,137.0,35.9
SYN-20251022-1-03,2025-10-22,P001,1,299.0,94.0,0.0
SYN-20251022-2-00,2025-10-22,P001,2,598.0,188.0,0.0
SYN-20251022-2-01,2025-10-22,P002,1,89.0,24.0,0.0
SYN-20251022-2-02,2025-10-22,P003,1,179.0,49.0,0.0
SYN-20251022-2-03,2025-10-22,P004,1,249.0,71.0,24.9
SYN-20251022-2-04,2025-10-22,P005,2,438.0,134.0,0.0
SYN-20251022-2-05,2025-10-22,P006,1,139.0,35.0,13.9
SYN-20251022-2-06,2025-10-22,P007,1,189.0,55.0,0.0
SYN-20251023-0-00,2025-10-23,P012,1,359.0,137.0,0.0
SYN-20251023-0-01,2025-10-23,P001,1,299.0,94.0,0.0
SYN-20251023-0-02,2025-10-23,P002,1,89.0,24.0,0.0
SYN-20251023-0-03,2025-10-23,P003,1,179.0,49.0,0.0
SYN-20251023-0-04,2025-10-23,P004,1,249.0,71.0,0.0
SYN-20251023-0-05,2025-10-23,P005,1,219.0,67.0,0.0
SYN-20251023-1-00,2025-10-23,P003,1,179.0,49.0,17.9
SYN-20251023-1-01,2025-10-23,P004,1,249.0,71.0,0.0
SYN-20251023-1-02,2025-10-23,P005,1,219.0,67.0,0.0
SYN-20251023-1-03,2025-10-23,P006,1,139.0,35.0,0.0
SYN-20251023-1-04,2025-10-23,P007,2,378.0,110.0,0.0
SYN-20251023-1-05,2025-10-23,P008,1,329.0,121.0,32.9
SYN-20251023-1-06,2025-10-23,P009,1,159.0,43.0,0.0
SYN-20251023-1-07,2025-10-23,P010,1,279.0,83.0,0.0
SYN-20251023-1-08,2025-10-23,P011,1,199.0,61.0,0.0
SYN-20251023-2-00,2025-10-23,P006,1,139.0,35.0,0.0
SYN-20251023-2-01,2025-10-23,P007,1,189.0,55.0,0.0
SYN-20251023-2-02,2025-10-23,P008,1,329.0,121.0,0.0
SYN-20251023-2-03,2025-10-23,P009,1,159.0,43.0,15.9
SYN-20251023-2-04,2025-10-23,P010,1,279.0,83.0,0.0
SYN-20251023-2-05,2025-10-23,P011,1,199.0,61.0,0.0
SYN-20251023-2-06,2025-10-23,P012,1,359.0,137.0,0.0
SYN-20251023-2-07,2025-10-23,P001,1,299.0,94.0,0.0
SYN-20251023-2-08,2025-10-23,P002,1,89.0,24.0,0.0
SYN-20251023-2-09,2025-10-23,P003,1,179.0,49.0,0.0
SYN-20251023-2-10,2025-10-23,P004,1,249.0,71.0,24.9
SYN-20251023-2-11,2025-10-23,P005,1,219.0,67.0,0.0
SYN-20251024-0-00,2025-10-24,P005,1,219.0,67.0,0.0
SYN-20251024-0-01,2025-10-24,P006,1,139.0,35.0,0.0
SYN-20251024-0-02,2025-10-24,P007,1,189.0,55.0,0.0
SYN-20251024-0-03,2025-10-24,P008,2,658.0,242.0,0.0
SYN-20251024-0-04,2025-10-24,P009,1,159.0,43.0,0.0
SYN-20251024-0-05,2025-10-24,P010,1,279.0,83.0,27.9
SYN-20251024-0-06,2025-10-24,P011,2,398.0,122.0,0.0
SYN-20251024-0-07,2025-10-24,P012,1,359.0,137.0,35.9
SYN-20251024-1-00,2025-10-24,P008,1,329.0,121.0,0.0
SYN-20251024-1-01,2025-10-24,P009,1,159.0,43.0,0.0
SYN-20251024-1-02,2025-10-24,P010,1,279.0,83.0,0.0
SYN-20251024-1-03,2025-10-24,P011,1,199.0,61.0,19.9
SYN-20251024-1-04,2025-10-24,P012,1,359.0,137.0,0.0
SYN-20251024-1-05,2025-10-24,P001,1,299.0,94.0,29.9
SYN-20251024-1-06,2025-10-24,P002,1,89.0,24.0,0.0
SYN-20251024-1-07,2025-10-24,P003,1,179.0,49.0,0.0
SYN-20251024-1-08,2025-10-24,P004,1,249.0,71.0,24.9
SYN-20251024-1-09,2025-10-24,P005,1,219.0,67.0,0.0
SYN-20251024-1-10,2025-10-24,P006,1,139.0,35.0,0.0
SYN-20251024-2-00,2025-10-24,P011,1,199.0,61.0,19.9
SYN-20251024-2-01,2025-10-24,P012,1,359.0,137.0,35.9
SYN-20251024-2-02,2025-10-24,P001,1,299.0,94.0,0.0
SYN-20251024-2-03,2025-10-24,P002,2,178.0,48.0,0.0
SYN-20251024-2-04,2025-10-24,P003,1,179.0,49.0,0.0
SYN-20251024-2-05,2025-10-24,P004,1,249.0,71.0,0.0
SYN-20251024-2-06,2025-10-24,P005,1,219.0,67.0,0.0
SYN-20251024-2-07,2025-10-24,P006,1,139.0,35.0,13.9
SYN-20251024-2-08,2025-10-24,P007,1,189.0,55.0,0.0
SYN-20251024-2-09,2025-10-24,P008,1,329.0,121.0,0.0
SYN-20251025-0-00,2025-10-25,P010,2,558.0,166.0,0.0
SYN-20251025-0-01,2025-10-25,P011,1,199.0,61.0,0.0
SYN-20251025-0-02,2025-10-25,P012,1,359.0,137.0,0.0
SYN-20251025-0-03,2025-10-25,P001,1,299.0,94.0,0.0
SYN-20251025-1-00,2025-10-25,P001,1,299.0,94.0,0.0
SYN-20251025-1-01,2025-10-25,P002,1,89.0,24.0,0.0
SYN-20251025-1-02,2025-10-25,P003,1,179.0,49.0,17.9
SYN-20251025-1-03,2025-10-25,P004,1,249.0,71.0,0.0
SYN-20251025-1-04,2025-10-25,P005,1,219.0,67.0,21.9
SYN-20251025-1-05,2025-10-25,P006,1,139.0,35.0,0.0
SYN-20251025-2-00,2025-10-25,P004,1,249.0,71.0,0.0
SYN-20251025-2-01,2025-10-25,P005,1,219.0,67.0,0.0
SYN-20251025-2-02,2025-10-25,P006,1,139.0,35.0,0.0
SYN-20251025-2-03,2025-10-25,P007,1,189.0,55.0,0.0
SYN-20251025-2-04,2025-10-25,P008,1,329.0,121.0,0.0
SYN-20251025-2-05,2025-10-25,P009,1,159.0,43.0,0.0
SYN-20251025-2-06,2025-10-25,P010,1,279.0,83.0,0.0
SYN-20251026-0-00,2025-10-26,P003,1,179.0,49.0,0.0
SYN-20251026-0-01,2025-10-26,P004,1,249.0,71.0,24.9
SYN-20251026-0-02,2025-10-26,P005,1,219.0,67.0,21.9
SYN-20251026-0-03,2025-10-26,P006,2,278.0,70.0,27.8
SYN-20251026-0-04,2025-10-26,P007,2,378.0,110.0,0.0
SYN-20251026-0-05,2025-10-26,P008,1,329.0,121.0,0.0
SYN-20251026-0-06,2025-10-26,P009,1,159.0,43.0,0.0
SYN-20251026-0-07,2025-10-26,P010,1,279.0,83.0,27.9
SYN-20251026-0-08,2025-10-26,P011,1,199.0,61.0,19.9
SYN-20251026-1-00,2025-10-26,P006,1,139.0,35.0,0.0
SYN-20251026-1-01,2025-10-26,P007,1,189.0,55.0,0.0
SYN-20251026-1-02,2025-10-26,P008,1,329.0,121.0,0.0
SYN-20251026-1-03,2025-10-26,P009,1,159.0,43.0,0.0
SYN-20251026-1-04,2025-10-26,P010,1,279.0,83.0,0.0
SYN-20251026-1-05,2025-10-26,P011,1,199.0,61.0,0.0
SYN-20251026-1-06,2025-10-26,P012,2,718.0,274.0,0.0
SYN-20251026-1-07,2025-10-26,P001,1,299.0,94.0,0.0
SYN-20251026-2-00,2025-10-26,P009,1,159.0,43.0,0.0
SYN-20251026-2-01,2025-10-26,P010,1,279.0,83.0,0.0
SYN-20251026-2-02,2025-10-26,P011,1,199.0,61.0,0.0
SYN-20251026-2-03,2025-10-26,P012,1,359.0,137.0,0.0
SYN-20251026-2-04,2025-10-26,P001,1,299.0,94.0,29.9
SYN-20251026-2-05,2025-10-26,P002,1,89.0,24.0,8.9
SYN-20251027-0-00,2025-10-27,P008,1,329.0,121.0,0.0
SYN-20251027-0-01,2025-10-27,P009,1,159.0,43.0,0.0
SYN-20251027-0-02,2025-10-27,P010,1,279.0,83.0,0.0
SYN-20251027-0-03,2025-10-27,P011,1,199.0,61.0,0.0
SYN-20251027-0-04,2025-10-27,P012,1,359.0,137.0,0.0
SYN-20251027-1-00,2025-10-27,P011,1,199.0,61.0,0.0
SYN-20251027-1-01,2025-10-27,P012,1,359.0,137.0,35.9
SYN-20251027-1-02,2025-10-27,P001,1,299.0,94.0,0.0
SYN-20251027-1-03,2025-10-27,P002,1,89.0,24.0,0.0
SYN-20251027-1-04,2025-10-27,P003,1,179.0,49.0,0.0
SYN-20251027-1-05,2025-10-27,P004,1,249.0,71.0,0.0
SYN-20251027-2-00,2025-10-27,P002,1,89.0,24.0,8.9
SYN-20251027-2-01,2025-10-27,P003,1,179.0,49.0,17.9
SYN-20251027-2-02,2025-10-27,P004,1,249.0,71.0,24.9
SYN-20251027-2-03,2025-10-27,P005,1,219.0,67.0,0.0
SYN-20251027-2-04,2025-10-27,P006,1,139.0,35.0,0.0
SYN-20251027-2-05,2025-10-27,P007,2,378.0,110.0,37.8
SYN-20251027-2-06,2025-10-27,P008,1,329.0,121.0,0.0
SYN-20251027-2-07,2025-10-27,P009,1,159.0,43.0,0.0
SYN-20251027-2-08,2025-10-27,P010,1,279.0,83.0,27.9
SYN-20251027-2-09,2025-10-27,P011,1,199.0,61.0,0.0
SYN-20251027-2-10,2025-10-27,P012,1,359.0,137.0,0.0
SYN-20251027-2-11,2025-10-27,P001,1,299.0,94.0,0.0
SYN-20251027-2-12,2025-10-27,P002,1,89.0,24.0,0.0
SYN-20251028-0-00,2025-10-28,P001,1,299.0,94.0,29.9
SYN-20251028-0-01,2025-10-28,P002,1,89.0,24.0,0.0
SYN-20251028-0-02,2025-10-28,P003,1,179.0,49.0,0.0
SYN-20251028-0-03,2025-10-28,P004,2,498.0,142.0,0.0
SYN-20251028-1-00,2025-10-28,P004,1,249.0,71.0,0.0
SYN-20251028-1-01,2025-10-28,P005,1,219.0,67.0,0.0
SYN-20251028-1-02,2025-10-28,P006,1,139.0,35.0,0.0
SYN-20251028-1-03,2025-10-28,P007,1,189.0,55.0,0.0
SYN-20251028-1-04,2025-10-28,P008,1,329.0,121.0,32.9
SYN-20251028-1-05,2025-10-28,P009,1,159.0,43.0,15.9
SYN-20251028-1-06,2025-10-28,P010,1,279.0,83.0,27.9
SYN-20251028-2-00,2025-10-28,P007,1,189.0,55.0,0.0
SYN-20251028-2-01,2025-10-28,P008,1,329.0,121.0,0.0
SYN-20251028-2-02,2025-10-28,P009,1,159.0,43.0,15.9
SYN-20251028-2-03,2025-10-28,P010,1,279.0,83.0,0.0
SYN-20251028-2-04,2025-10-28,P011,1,199.0,61.0,0.0
SYN-20251028-2-05,2025-10-28,P012,2,718.0,274.0,0.0
SYN-20251029-0-00,2025-10-29,P006,1,139.0,35.0,0.0
SYN-20251029-0-01,2025-10-29,P007,1,189.0,55.0,0.0
SYN-20251029-0-02,2025-10-29,P008,1,329.0,121.0,0.0
SYN-20251029-0-03,2025-10-29,P009,2,318.0,86.0,0.0
SYN-20251029-0-04,2025-10-29,P010,1,279.0,83.0,0.0
SYN-20251029-0-05,2025-10-29,P011,1,199.0,61.0,0.0
SYN-20251029-0-06,2025-10-29,P012,1,359.0,137.0,35.9
SYN-20251029-1-00,2025-10-29,P009,1,159.0,43.0,0.0
SYN-20251029-1-01,2025-10-29,P010,1,279.0,83.0,0.0
SYN-20251029-1-02,2025-10-29,P011,2,398.0,122.0,0.0
SYN-20251029-1-03,2025-10-29,P012,1,359.0,137.0,35.9
SYN-20251029-1-04,2025-10-29,P001,1,299.0,94.0,0.0
SYN-20251029-1-05,2025-10-29,P002,1,89.0,24.0,0.0
SYN-20251029-2-00,2025-10-29,P012,1,359.0,137.0,0.0
SYN-20251029-2-01,2025-10-29,P001,1,299.0,94.0,0.0
SYN-20251029-2-02,2025-10-29,P002,1,89.0,24.0,0.0
SYN-20251029-2-03,2025-10-29,P003,1,179.0,49.0,0.0
SYN-20251030-0-00,2025-10-30,P011,1,199.0,61.0,0.0
SYN-20251030-0-01,2025-10-30,P012,1,359.0,137.0,35.9
SYN-20251030-0-02,2025-10-30,P001,1,299.0,94.0,0.0
SYN-20251030-0-03,2025-10-30,P002,1,89.0,24.0,8.9
SYN-20251030-0-04,2025-10-30,P003,1,179.0,49.0,0.0
SYN-20251030-0-05,2025-10-30,P004,1,249.0,71.0,24.9
SYN-20251030-0-06,2025-10-30,P005,1,219.0,67.0,21.9
SYN-20251030-0-07,2025-10-30,P006,1,139.0,35.0,0.0
SYN-20251030-1-00,2025-10-30,P002,1,89.0,24.0,0.0
SYN-20251030-1-01,2025-10-30,P003,1,179.0,49.0,0.0
SYN-20251030-1-02,2025-10-30,P004,1,249.0,71.0,0.0
SYN-20251030-1-03,2025-10-30,P005,1,219.0,67.0,0.0
SYN-20251030-1-04,2025-10-30,P006,1,139.0,35.0,0.0
SYN-20251030-1-05,2025-10-30,P007,1,189.0,55.0,0.0
SYN-20251030-2-00,2025-10-30,P005,1,219.0,67.0,0.0
SYN-20251030-2-01,2025-10-30,P006,1,139.0,35.0,0.0
SYN-20251030-2-02,2025-10-30,P007,1,189.0,55.0,0.0
SYN-20251030-2-03,2025-10-30,P008,1,329.0,121.0,32.9
SYN-20251030-2-04,2025-10-30,P009,1,159.0,43.0,0.0
SYN-20251031-0-00,2025-10-31,P004,1,249.0,71.0,0.0
SYN-20251031-0-01,2025-10-31,P005,1,219.0,67.0,0.0
SYN-20251031-0-02,2025-10-31,P006,1,139.0,35.0,0.0
SYN-20251031-0-03,2025-10-31,P007,2,378.0,110.0,37.8
SYN-20251031-0-04,2025-10-31,P008,1,329.0,121.0,32.9
SYN-20251031-0-05,2025-10-31,P009,2,318.0,86.0,0.0
SYN-20251031-0-06,2025-10-31,P010,1,279.0,83.0,0.0
SYN-20251031-1-00,2025-10-31,P007,1,189.0,55.0,0.0
SYN-20251031-1-01,2025-10-31,P008,1,329.0,121.0,32.9
SYN-20251031-1-02,2025-10-31,P009,2,318.0,86.0,0.0
SYN-20251031-1-03,2025-10-31,P010,1,279.0,83.0,0.0
SYN-20251031-1-04,2025-10-31,P011,1,199.0,61.0,0.0
SYN-20251031-1-05,2025-10-31,P012,1,359.0,137.0,35.9
SYN-20251031-1-06,2025-10-31,P001,1,299.0,94.0,0.0
SYN-20251031-1-07,2025-10-31,P002,1,89.0,24.0,8.9
SYN-20251031-2-00,2025-10-31,P010,1,279.0,83.0,0.0
SYN-20251031-2-01,2025-10-31,P011,1,199.0,61.0,0.0
SYN-20251031-2-02,2025-10-31,P012,1,359.0,137.0,35.9
SYN-20251031-2-03,2025-10-31,P001,1,299.0,94.0,29.9
SYN-20251031-2-04,2025-10-31,P002,1,89.0,24.0,8.9
SYN-20251031-2-05,2025-10-31,P003,1,179.0,49.0,0.0
SYN-20251031-2-06,2025-10-31,P004,1,249.0,71.0,0.0
SYN-20251031-2-07,2025-10-31,P005,1,219.0,67.0,0.0
SYN-20251031-2-08,2025-10-31,P006,1,139.0,35.0,0.0
SYN-20251031-2-09,2025-10-31,P007,1,189.0,55.0,18.9
SYN-20251031-2-10,2025-10-31,P008,1,329.0,121.0,0.0
SYN-20251031-2-11,2025-10-31,P009,1,159.0,43.0,0.0
SYN-20251031-2-12,2025-10-31,P010,1,279.0,83.0,0.0
SYN-20251031-2-13,2025-10-31,P011,2,398.0,122.0,39.8
SYN-20251031-2-14,2025-10-31,P012,1,359.0,137.0,0.0
SYN-20251101-0-00,2025-11-01,P009,1,159.0,43.0,0.0
SYN-20251101-0-01,2025-11-01,P010,1,279.0,83.0,0.0
SYN-20251101-0-02,2025-11-01,P011,1,199.0,61.0,0.0
SYN-20251101-0-03,2025-11-01,P012,1,359.0,137.0,0.0
SYN-20251101-0-04,2025-11-01,P001,1,299.0,94.0,0.0
SYN-20251101-0-05,2025-11-01,P002,2,178.0,48.0,17.8
SYN-20251101-0-06,2025-11-01,P003,1,179.0,49.0,0.0
SYN-20251101-0-07,2025-11-01,P004,1,249.0,71.0,0.0
SYN-20251101-0-08,2025-11-01,P005,1,219.0,67.0,0.0
SYN-20251101-1-00,2025-11-01,P012,1,359.0,137.0,0.0
SYN-20251101-1-01,2025-11-01,P001,1,299.0,94.0,29.9
SYN-20251101-1-02,2025-11-01,P002,1,89.0,24.0,0.0
SYN-20251101-1-03,2025-11-01,P003,1,179.0,49.0,0.0
SYN-20251101-1-04,2025-11-01,P004,1,249.0,71.0,0.0
SYN-20251101-1-05,2025-11-01,P005,2,438.0,134.0,43.8
SYN-20251101-1-06,2025-11-01,P006,1,139.0,35.0,0.0
SYN-20251101-1-07,2025-11-01,P007,1,189.0,55.0,18.9
SYN-20251101-1-08,2025-11-01,P008,1,329.0,121.0,32.9
SYN-20251101-1-09,2025-11-01,P009,1,159.0,43.0,0.0
SYN-20251101-2-00,2025-11-01,P003,1,179.0,49.0,0.0
SYN-20251101-2-01,2025-11-01,P004,1,249.0,71.0,0.0
SYN-20251101-2-02,2025-11-01,P005,1,219.0,67.0,21.9
SYN-20251101-2-03,2025-11-01,P006,1,139.0,35.0,0.0
SYN-20251101-2-04,2025-11-01,P007,1,189.0,55.0,18.9
SYN-20251101-2-05,2025-11-01,P008,1,329.0,121.0,0.0
SYN-20251101-2-06,2025-11-01,P009,1,159.0,43.0,0.0
SYN-20251101-2-07,2025-11-01,P010,1,279.0,83.0,0.0
SYN-20251101-2-08,2025-11-01,P011,1,199.0,61.0,0.0
SYN-20251101-2-09,2025-11-01,P012,1,359.0,137.0,0.0
SYN-20251101-2-10,2025-11-01,P001,2,598.0,188.0,0.0
SYN-20251101-2-11,2025-11-01,P002,1,89.0,24.0,0.0
SYN-20251101-2-12,2025-11-01,P003,1,179.0,49.0,17.9
SYN-20251101-2-13,2025-11-01,P004,1,249.0,71.0,0.0
SYN-20251102-0-00,2025-11-02,P002,1,89.0,24.0,0.0
SYN-20251102-0-01,2025-11-02,P003,1,179.0,49.0,0.0
SYN-20251102-0-02,2025-11-02,P004,1,249.0,71.0,0.0
SYN-20251102-0-03,2025-11-02,P005,2,438.0,134.0,0.0
SYN-20251102-0-04,2025-11-02,P006,1,139.0,35.0,0.0
SYN-20251102-0-05,2025-11-02,P007,1,189.0,55.0,0.0
SYN-20251102-0-06,2025-11-02,P008,1,329.0,121.0,0.0
SYN-20251102-0-07,2025-11-02,P009,1,159.0,43.0,15.9
SYN-20251102-0-08,2025-11-02,P010,1,279.0,83.0,27.9
SYN-20251102-0-09,2025-11-02,P011,2,398.0,122.0,0.0
SYN-20251102-1-00,2025-11-02,P005,1,219.0,67.0,0.0
SYN-20251102-1-01,2025-11-02,P006,1,139.0,35.0,13.9
SYN-20251102-1-02,2025-11-02,P007,1,189.0,55.0,0.0
SYN-20251102-1-03,2025-11-02,P008,1,329.0,121.0,32.9
SYN-20251102-1-04,2025-11-02,P009,1,159.0,43.0,0.0
SYN-20251102-1-05,2025-11-02,P010,1,279.0,83.0,27.9
SYN-20251102-1-06,2025-11-02,P011,1,199.0,61.0,0.0
SYN-20251102-1-07,2025-11-02,P012,1,359.0,137.0,0.0
SYN-20251102-1-08,2025-11-02,P001,1,299.0,94.0,0.0
SYN-20251102-1-09,2025-11-02,P002,1,89.0,24.0,0.0
SYN-20251102-2-00,2025-11-02,P008,1,329.0,121.0,32.9
SYN-20251102-2-01,2025-11-02,P009,1,159.0,43.0,0.0
SYN-20251102-2-02,2025-11-02,P010,1,279.0,83.0,0.0
SYN-20251102-2-03,2025-11-02,P011,1,199.0,61.0,0.0
SYN-20251102-2-04,2025-11-02,P012,1,359.0,137.0,35.9
SYN-20251102-2-05,2025-11-02,P001,1,299.0,94.0,0.0
SYN-20251102-2-06,2025-11-02,P002,1,89.0,24.0,0.0
SYN-20251102-2-07,2025-11-02,P003,1,179.0,49.0,0.0
SYN-20251103-0-00,2025-11-03,P007,1,189.0,55.0,0.0
SYN-20251103-0-01,2025-11-03,P008,1,329.0,121.0,0.0
SYN-20251103-0-02,2025-11-03,P009,1,159.0,43.0,0.0
SYN-20251103-0-03,2025-11-03,P010,2,558.0,166.0,0.0
SYN-20251103-0-04,2025-11-03,P011,1,199.0,61.0,0.0
SYN-20251103-0-05,2025-11-03,P012,1,359.0,137.0,0.0
SYN-20251103-0-06,2025-11-03,P001,1,299.0,94.0,0.0
SYN-20251103-0-07,2025-11-03,P002,1,89.0,24.0,0.0
SYN-20251103-0-08,2025-11-03,P003,1,179.0,49.0,0.0
SYN-20251103-0-09,2025-11-03,P004,1,249.0,71.0,0.0
SYN-20251103-0-10,2025-11-03,P005,1,219.0,67.0,0.0
SYN-20251103-0-11,2025-11-03,P006,1,139.0,35.0,0.0
SYN-20251103-1-00,2025-11-03,P010,1,279.0,83.0,0.0
SYN-20251103-1-01,2025-11-03,P011,1,199.0,61.0,0.0
SYN-20251103-1-02,2025-11-03,P012,1,359.0,137.0,0.0
SYN-20251103-1-03,2025-11-03,P001,1,299.0,94.0,0.0
SYN-20251103-1-04,2025-11-03,P002,1,89.0,24.0,0.0
SYN-20251103-2-00,2025-11-03,P001,1,299.0,94.0,0.0
SYN-20251103-2-01,2025-11-03,P002,1,89.0,24.0,0.0
SYN-20251103-2-02,2025-11-03,P003,1,179.0,49.0,0.0
SYN-20251103-2-03,2025-11-03,P004,1,249.0,71.0,0.0
SYN-20251103-2-04,2025-11-03,P005,1,219.0,67.0,0.0
SYN-20251104-0-00,2025-11-04,P012,1,359.0,137.0,0.0
SYN-20251104-0-01,2025-11-04,P001,1,299.0,94.0,0.0
SYN-20251104-0-02,2025-11-04,P002,1,89.0,24.0,0.0
SYN-20251104-0-03,2025-11-04,P003,1,179.0,49.0,17.9
SYN-20251104-1-00,2025-11-04,P003,2,358.0,98.0,0.0
SYN-20251104-1-01,2025-11-04,P004,1,249.0,71.0,0.0
SYN-20251104-1-02,2025-11-04,P005,2,438.0,134.0,43.8
SYN-20251104-1-03,2025-11-04,P006,1,139.0,35.0,0.0
SYN-20251104-1-04,2025-11-04,P007,1,189.0,55.0,0.0
SYN-20251104-1-05,2025-11-04,P008,1,329.0,121.0,0.0
SYN-20251104-2-00,2025-11-04,P006,1,139.0,35.0,0.0
SYN-20251104-2-01,2025-11-04,P007,1,189.0,55.0,0.0
SYN-20251104-2-02,2025-11-04,P008,1,329.0,121.0,0.0
SYN-20251104-2-03,2025-11-04,P009,1,159.0,43.0,0.0
SYN-20251105-0-00,2025-11-05,P005,1,219.0,67.0,0.0
SYN-20251105-0-01,2025-11-05,P006,1,139.0,35.0,13.9
SYN-20251105-0-02,2025-11-05,P007,1,189.0,55.0,0.0
SYN-20251105-0-03,2025-11-05,P008,1,329.0,121.0,0.0
SYN-20251105-0-04,2025-11-05,P009,1,159.0,43.0,0.0
SYN-20251105-0-05,2025-11-05,P010,1,279.0,83.0,27.9
SYN-20251105-1-00,2025-11-05,P008,1,329.0,121.0,0.0
SYN-20251105-1-01,2025-11-05,P009,1,159.0,43.0,15.9
SYN-20251105-1-02,2025-11-05,P010,1,279.0,83.0,0.0
SYN-20251105-1-03,2025-11-05,P011,1,199.0,61.0,0.0
SYN-20251105-2-00,2025-11-05,P011,2,398.0,122.0,0.0
SYN-20251105-2-01,2025-11-05,P012,1,359.0,137.0,35.9
SYN-20251105-2-02,2025-11-05,P001,1,299.0,94.0,0.0
SYN-20251105-2-03,2025-11-05,P002,1,89.0,24.0,0.0
SYN-20251105-2-04,2025-11-05,P003,1,179.0,49.0,0.0
SYN-20251105-2-05,2025-11-05,P004,1,249.0,71.0,0.0
SYN-20251105-2-06,2025-11-05,P005,1,219.0,67.0,21.9
SYN-20251106-0-00,2025-11-06,P010,1,279.0,83.0,0.0
SYN-20251106-0-01,2025-11-06,P011,1,199.0,61.0,0.0
SYN-20251106-0-02,2025-11-06,P012,1,359.0,137.0,0.0
SYN-20251106-0-03,2025-11-06,P001,1,299.0,94.0,29.9
SYN-20251106-0-04,2025-11-06,P002,1,89.0,24.0,0.0
SYN-20251106-0-05,2025-11-06,P003,1,179.0,49.0,0.0
SYN-20251106-0-06,2025-11-06,P004,1,249.0,71.0,24.9
SYN-20251106-0-07,2025-11-06,P005,2,438.0,134.0,43.8
SYN-20251106-0-08,2025-11-06,P006,2,278.0,70.0,0.0
SYN-20251106-0-09,2025-11-06,P007,1,189.0,55.0,0.0
SYN-20251106-0-10,2025-11-06,P008,2,658.0,242.0,0.0
SYN-20251106-0-11,2025-11-06,P009,1,159.0,43.0,0.0
SYN-20251106-1-00,2025-11-06,P001,1,299.0,94.0,29.9
SYN-20251106-1-01,2025-11-06,P002,1,89.0,24.0,0.0
SYN-20251106-1-02,2025-11-06,P003,1,179.0,49.0,17.9
SYN-20251106-1-03,2025-11-06,P004,1,249.0,71.0,0.0
SYN-20251106-1-04,2025-11-06,P005,1,219.0,67.0,0.0
SYN-20251106-1-05,2025-11-06,P006,1,139.0,35.0,0.0
SYN-20251106-1-06,2025-11-06,P007,1,189.0,55.0,0.0
SYN-20251106-2-00,2025-11-06,P004,1,249.0,71.0,0.0
SYN-20251106-2-01,2025-11-06,P005,1,219.0,67.0,0.0
SYN-20251106-2-02,2025-11-06,P006,1,139.0,35.0,0.0
SYN-20251106-2-03,2025-11-06,P007,1,189.0,55.0,0.0
SYN-20251106-2-04,2025-11-06,P008,1,329.0,121.0,0.0
SYN-20251106-2-05,2025-11-06,P009,1,159.0,43.0,15.9
SYN-20251106-2-06,2025-11-06,P010,1,279.0,83.0,0.0
SYN-20251106-2-07,2025-11-06,P011,1,199.0,61.0,0.0
SYN-20251106-2-08,2025-11-06,P012,1,359.0,137.0,0.0
SYN-20251106-2-09,2025-11-06,P001,2,598.0,188.0,0.0
SYN-20251106-2-10,2025-11-06,P002,1,89.0,24.0,0.0
SYN-20251106-2-11,2025-11-06,P003,1,179.0,49.0,0.0
SYN-20251106-2-12,2025-11-06,P004,1,249.0,71.0,0.0
SYN-20251107-0-00,2025-11-07,P003,1,179.0,49.0,17.9
SYN-20251107-0-01,2025-11-07,P004,1,249.0,71.0,0.0
SYN-20251107-0-02,2025-11-07,P005,2,438.0,134.0,43.8
SYN-20251107-0-03,2025-11-07,P006,1,139.0,35.0,13.9
SYN-20251107-1-00,2025-11-07,P006,1,139.0,35.0,0.0
SYN-20251107-1-01,2025-11-07,P007,1,189.0,55.0,0.0
SYN-20251107-1-02,2025-11-07,P008,1,329.0,121.0,32.9
SYN-20251107-1-03,2025-11-07,P009,1,159.0,43.0,0.0
SYN-20251107-1-04,2025-11-07,P010,1,279.0,83.0,0.0
SYN-20251107-1-05,2025-11-07,P011,1,199.0,61.0,19.9
SYN-20251107-1-06,2025-11-07,P012,1,359.0,137.0,0.0
SYN-20251107-2-00,2025-11-07,P009,1,159.0,43.0,15.9
SYN-20251107-2-01,2025-11-07,P010,1,279.0,83.0,0.0
SYN-20251107-2-02,2025-11-07,P011,1,199.0,61.0,19.9
SYN-20251107-2-03,2025-11-07,P012,1,359.0,137.0,35.9
SYN-20251107-2-04,2025-11-07,P001,1,299.0,94.0,0.0
SYN-20251107-2-05,2025-11-07,P002,1,89.0,24.0,0.0
SYN-20251107-2-06,2025-11-07,P003,1,179.0,49.0,0.0
SYN-20251107-2-07,2025-11-07,P004,1,249.0,71.0,0.0
SYN-20251107-2-08,2025-11-07,P005,1,219.0,67.0,0.0
SYN-20251107-2-09,2025-11-07,P006,1,139.0,35.0,0.0
SYN-20251107-2-10,2025-11-07,P007,1,189.0,55.0,0.0
SYN-20251107-2-11,2025-11-07,P008,1,329.0,121.0,0.0
SYN-20251107-2-12,2025-11-07,P009,1,159.0,43.0,0.0
SYN-20251108-0-00,2025-11-08,P008,1,329.0,121.0,0.0
SYN-20251108-0-01,2025-11-08,P009,1,159.0,43.0,0.0
SYN-20251108-0-02,2025-11-08,P010,1,279.0,83.0,0.0
SYN-20251108-1-00,2025-11-08,P011,2,398.0,122.0,39.8
SYN-20251108-1-01,2025-11-08,P012,1,359.0,137.0,0.0
SYN-20251108-1-02,2025-11-08,P001,1,299.0,94.0,0.0
SYN-20251108-1-03,2025-11-08,P002,1,89.0,24.0,0.0
SYN-20251108-1-04,2025-11-08,P003,2,358.0,98.0,0.0
SYN-20251108-1-05,2025-11-08,P004,1,249.0,71.0,0.0
SYN-20251108-1-06,2025-11-08,P005,1,219.0,67.0,0.0
SYN-20251108-1-07,2025-11-08,P006,1,139.0,35.0,0.0
SYN-20251108-1-08,2025-11-08,P007,1,189.0,55.0,18.9
SYN-20251108-1-09,2025-11-08,P008,1,329.0,121.0,0.0
SYN-20251108-1-10,2025-11-08,P009,1,159.0,43.0,0.0
SYN-20251108-1-11,2025-11-08,P010,1,279.0,83.0,0.0
SYN-20251108-1-12,2025-11-08,P011,1,199.0,61.0,0.0
SYN-20251108-2-00,2025-11-08,P002,1,89.0,24.0,8.9
SYN-20251108-2-01,2025-11-08,P003,1,179.0,49.0,0.0
SYN-20251108-2-02,2025-11-08,P004,1,249.0,71.0,0.0
SYN-20251108-2-03,2025-11-08,P005,1,219.0,67.0,0.0
SYN-20251108-2-04,2025-11-08,P006,1,139.0,35.0,13.9
SYN-20251108-2-05,2025-11-08,P007,1,189.0,55.0,18.9
SYN-20251108-2-06,2025-11-08,P008,1,329.0,121.0,0.0
SYN-20251108-2-07,2025-11-08,P009,1,159.0,43.0,0.0
SYN-20251108-2-08,2025-11-08,P010,1,279.0,83.0,0.0
SYN-20251108-2-09,2025-11-08,P011,1,199.0,61.0,0.0
SYN-20251109-0-00,2025-11-09,P001,1,299.0,94.0,29.9
SYN-20251109-0-01,2025-11-09,P002,1,89.0,24.0,8.9
SYN-20251109-0-02,2025-11-09,P003,1,179.0,49.0,0.0
SYN-20251109-0-03,2025-11-09,P004,1,249.0,71.0,24.9
SYN-20251109-0-04,2025-11-09,P005,1,219.0,67.0,21.9
SYN-20251109-0-05,2025-11-09,P006,1,139.0,35.0,13.9
SYN-20251109-0-06,2025-11-09,P007,1,189.0,55.0,18.9
SYN-20251109-1-00,2025-11-09,P004,1,249.0,71.0,24.9
SYN-20251109-1-01,2025-11-09,P005,1,219.0,67.0,0.0
SYN-20251109-1-02,2025-11-09,P006,1,139.0,35.0,13.9
SYN-20251109-1-03,2025-11-09,P007,1,189.0,55.0,0.0
SYN-20251109-1-04,2025-11-09,P008,1,329.0,121.0,0.0
SYN-20251109-1-05,2025-11-09,P009,1,159.0,43.0,0.0
SYN-20251109-1-06,2025-11-09,P010,2,558.0,166.0,55.8
SYN-20251109-1-07,2025-11-09,P011,1,199.0,61.0,0.0
SYN-20251109-1-08,2025-11-09,P012,1,359.0,137.0,0.0
SYN-20251109-1-09,2025-11-09,P001,1,299.0,94.0,0.0
SYN-20251109-2-00,2025-11-09,P007,1,189.0,55.0,0.0
SYN-20251109-2-01,2025-11-09,P008,1,329.0,121.0,32.9
SYN-20251109-2-02,2025-11-09,P009,1,159.0,43.0,15.9
SYN-20251109-2-03,2025-11-09,P010,1,279.0,83.0,0.0
SYN-20251109-2-04,2025-11-09,P011,1,199.0,61.0,0.0
SYN-20251109-2-05,2025-11-09,P012,1,359.0,137.0,0.0
SYN-20251109-2-06,2025-11-09,P001,1,299.0,94.0,29.9
SYN-20251109-2-07,2025-11-09,P002,1,89.0,24.0,0.0
SYN-20251109-2-08,2025-11-09,P003,1,179.0,49.0,17.9
SYN-20251109-2-09,2025-11-09,P004,1,249.0,71.0,24.9
SYN-20251109-2-10,2025-11-09,P005,1,219.0,67.0,0.0
SYN-20251110-0-00,2025-11-10,P006,1,139.0,35.0,0.0
SYN-20251110-0-01,2025-11-10,P007,1,189.0,55.0,18.9
SYN-20251110-0-02,2025-11-10,P008,1,329.0,121.0,0.0
SYN-20251110-0-03,2025-11-10,P009,1,159.0,43.0,15.9
SYN-20251110-1-00,2025-11-10,P009,1,159.0,43.0,0.0
SYN-20251110-1-01,2025-11-10,P010,1,279.0,83.0,0.0
SYN-20251110-1-02,2025-11-10,P011,2,398.0,122.0,0.0
SYN-20251110-1-03,2025-11-10,P012,1,359.0,137.0,0.0
SYN-20251110-1-04,2025-11-10,P001,1,299.0,94.0,0.0
SYN-20251110-1-05,2025-11-10,P002,1,89.0,24.0,0.0
SYN-20251110-1-06,2025-11-10,P003,1,179.0,49.0,0.0
SYN-20251110-1-07,2025-11-10,P004,1,249.0,71.0,0.0
SYN-20251110-1-08,2025-11-10,P005,1,219.0,67.0,21.9
SYN-20251110-1-09,2025-11-10,P006,1,139.0,35.0,13.9
SYN-20251110-1-10,2025-11-10,P007,1,189.0,55.0,0.0
SYN-20251110-2-00,2025-11-10,P012,1,359.0,137.0,0.0
SYN-20251110-2-01,2025-11-10,P001,2,598.0,188.0,0.0
SYN-20251110-2-02,2025-11-10,P002,1,89.0,24.0,0.0
SYN-20251110-2-03,2025-11-10,P003,1,179.0,49.0,0.0
SYN-20251110-2-04,2025-11-10,P004,1,249.0,71.0,0.0
SYN-20251110-2-05,2025-11-10,P005,1,219.0,67.0,21.9
SYN-20251110-2-06,2025-11-10,P006,1,139.0,35.0,0.0
SYN-20251111-0-00,2025-11-11,P011,1,199.0,61.0,19.9
SYN-20251111-0-01,2025-11-11,P012,1,359.0,137.0,35.9
SYN-20251111-0-02,2025-11-11,P001,1,299.0,94.0,0.0
SYN-20251111-0-03,2025-11-11,P002,1,89.0,24.0,0.0
SYN-20251111-0-04,2025-11-11,P003,1,179.0,49.0,0.0
SYN-20251111-0-05,2025-11-11,P004,1,249.0,71.0,24.9
SYN-20251111-1-00,2025-11-11,P002,1,89.0,24.0,0.0
SYN-20251111-1-01,2025-11-11,P003,1,179.0,49.0,17.9
SYN-20251111-1-02,2025-11-11,P004,1,249.0,71.0,0.0
SYN-20251111-1-03,2025-11-11,P005,1,219.0,67.0,21.9
SYN-20251111-1-04,2025-11-11,P006,1,139.0,35.0,0.0
SYN-20251111-1-05,2025-11-11,P007,1,189.0,55.0,0.0
SYN-20251111-1-06,2025-11-11,P008,1,329.0,121.0,0.0
SYN-20251111-1-07,2025-11-11,P009,1,159.0,43.0,0.0
SYN-20251111-1-08,2025-11-11,P010,1,279.0,83.0,0.0
SYN-20251111-1-09,2025-11-11,P011,1,199.0,61.0,0.0
SYN-20251111-1-10,2025-11-11,P012,1,359.0,137.0,35.9
SYN-20251111-2-00,2025-11-11,P005,2,438.0,134.0,0.0
SYN-20251111-2-01,2025-11-11,P006,2,278.0,70.0,0.0
SYN-20251111-2-02,2025-11-11,P007,1,189.0,55.0,0.0
SYN-20251111-2-03,2025-11-11,P008,1,329.0,121.0,0.0
SYN-20251111-2-04,2025-11-11,P009,1,159.0,43.0,0.0
SYN-20251111-2-05,2025-11-11,P010,1,279.0,83.0,0.0
SYN-20251111-2-06,2025-11-11,P011,1,199.0,61.0,0.0
SYN-20251111-2-07,2025-11-11,P012,2,718.0,274.0,0.0
SYN-20251111-2-08,2025-11-11,P001,1,299.0,94.0,29.9
SYN-20251112-0-00,2025-11-12,P004,1,249.0,71.0,0.0
SYN-20251112-0-01,2025-11-12,P005,1,219.0,67.0,0.0
SYN-20251112-0-02,2025-11-12,P006,1,139.0,35.0,13.9
SYN-20251112-0-03,2025-11-12,P007,1,189.0,55.0,0.0
SYN-20251112-0-04,2025-11-12,P008,1,329.0,121.0,0.0
SYN-20251112-1-00,2025-11-12,P007,1,189.0,55.0,0.0
SYN-20251112-1-01,2025-11-12,P008,1,329.0,121.0,0.0
SYN-20251112-1-02,2025-11-12,P009,1,159.0,43.0,15.9
SYN-20251112-1-03,2025-11-12,P010,1,279.0,83.0,27.9
SYN-20251112-1-04,2025-11-12,P011,1,199.0,61.0,19.9
SYN-20251112-1-05,2025-11-12,P012,1,359.0,137.0,0.0
SYN-20251112-1-06,2025-11-12,P001,1,299.0,94.0,0.0
SYN-20251112-1-07,2025-11-12,P002,1,89.0,24.0,0.0
SYN-20251112-1-08,2025-11-12,P003,1,179.0,49.0,0.0
SYN-20251112-1-09,2025-11-12,P004,1,249.0,71.0,0.0
SYN-20251112-2-00,2025-11-12,P010,1,279.0,83.0,0.0
SYN-20251112-2-01,2025-11-12,P011,1,199.0,61.0,0.0
SYN-20251112-2-02,2025-11-12,P012,1,359.0,137.0,0.0
SYN-20251112-2-03,2025-11-12,P001,1,299.0,94.0,0.0
SYN-20251112-2-04,2025-11-12,P002,1,89.0,24.0,8.9
SYN-20251112-2-05,2025-11-12,P003,1,179.0,49.0,0.0
SYN-20251112-2-06,2025-11-12,P004,1,249.0,71.0,24.9
SYN-20251112-2-07,2025-11-12,P005,1,219.0,67.0,0.0
SYN-20251112-2-08,2025-11-12,P006,1,139.0,35.0,0.0
SYN-20251112-2-09,2025-11-12,P007,1,189.0,55.0,0.0
SYN-20251112-2-10,2025-11-12,P008,1,329.0,121.0,0.0
SYN-20251112-2-11,2025-11-12,P009,1,159.0,43.0,0.0
SYN-20251112-2-12,2025-11-12,P010,2,558.0,166.0,0.0
SYN-20251112-2-13,2025-11-12,P011,1,199.0,61.0,0.0
SYN-20251112-2-14,2025-11-12,P012,1,359.0,137.0,0.0
SYN-20251113-0-00,2025-11-13,P009,1,159.0,43.0,15.9
SYN-20251113-0-01,2025-11-13,P010,1,279.0,83.0,27.9
SYN-20251113-0-02,2025-11-13,P011,1,199.0,61.0,19.9
SYN-20251113-0-03,2025-11-13,P012,1,359.0,137.0,0.0
SYN-20251113-0-04,2025-11-13,P001,1,299.0,94.0,29.9
SYN-20251113-0-05,2025-11-13,P002,1,89.0,24.0,0.0
SYN-20251113-1-00,2025-11-13,P012,1,359.0,137.0,0.0
SYN-20251113-1-01,2025-11-13,P001,1,299.0,94.0,0.0
SYN-20251113-1-02,2025-11-13,P002,1,89.0,24.0,0.0
SYN-20251113-1-03,2025-11-13,P003,1,179.0,49.0,0.0
SYN-20251113-1-04,2025-11-13,P004,1,249.0,71.0,0.0
SYN-20251113-1-05,2025-11-13,P005,1,219.0,67.0,21.9
SYN-20251113-1-06,2025-11-13,P006,1,139.0,35.0,0.0
SYN-20251113-1-07,2025-11-13,P007,2,378.0,110.0,37.8
SYN-20251113-2-00,2025-11-13,P003,1,179.0,49.0,0.0
SYN-20251113-2-01,2025-11-13,P004,1,249.0,71.0,0.0
SYN-20251113-2-02,2025-11-13,P005,1,219.0,67.0,0.0
SYN-20251113-2-03,2025-11-13,P006,1,139.0,35.0,0.0
SYN-20251113-2-04,2025-11-13,P007,1,189.0,55.0,18.9
SYN-20251113-2-05,2025-11-13,P008,1,329.0,121.0,0.0
SYN-20251113-2-06,2025-11-13,P009,1,159.0,43.0,0.0
SYN-20251113-2-07,2025-11-13,P010,1,279.0,83.0,0.0
SYN-20251113-2-08,2025-11-13,P011,2,398.0,122.0,0.0
SYN-20251113-2-09,2025-11-13,P012,1,359.0,137.0,0.0
SYN-20251114-0-00,2025-11-14,P002,1,89.0,24.0,0.0
SYN-20251114-0-01,2025-11-14,P003,1,179.0,49.0,17.9
SYN-20251114-0-02,2025-11-14,P004,1,249.0,71.0,24.9
SYN-20251114-0-03,2025-11-14,P005,1,219.0,67.0,21.9
SYN-20251114-0-04,2025-11-14,P006,1,139.0,35.0,0.0
SYN-20251114-0-05,2025-11-14,P007,1,189.0,55.0,0.0
SYN-20251114-0-06,2025-11-14,P008,1,329.0,121.0,0.0
SYN-20251114-1-00,2025-11-14,P005,1,219.0,67.0,0.0
SYN-20251114-1-01,2025-11-14,P006,1,139.0,35.0,0.0
SYN-20251114-1-02,2025-11-14,P007,1,189.0,55.0,18.9
SYN-20251114-1-03,2025-11-14,P008,1,329.0,121.0,32.9
SYN-20251114-1-04,2025-11-14,P009,1,159.0,43.0,15.9
SYN-20251114-1-05,2025-11-14,P010,1,279.0,83.0,27.9
SYN-20251114-1-06,2025-11-14,P011,1,199.0,61.0,0.0
SYN-20251114-1-07,2025-11-14,P012,1,359.0,137.0,0.0
SYN-20251114-1-08,2025-11-14,P001,1,299.0,94.0,0.0
SYN-20251114-1-09,2025-11-14,P002,1,89.0,24.0,0.0
SYN-20251114-1-10,2025-11-14,P003,1,179.0,49.0,0.0
SYN-20251114-1-11,2025-11-14,P004,1,249.0,71.0,0.0
SYN-20251114-2-00,2025-11-14,P008,1,329.0,121.0,32.9
SYN-20251114-2-01,2025-11-14,P009,1,159.0,43.0,0.0
SYN-20251114-2-02,2025-11-14,P010,1,279.0,83.0,0.0
SYN-20251114-2-03,2025-11-14,P011,1,199.0,61.0,0.0
SYN-20251114-2-04,2025-11-14,P012,1,359.0,137.0,0.0
SYN-20251114-2-05,2025-11-14,P001,1,299.0,94.0,29.9
SYN-20251114-2-06,2025-11-14,P002,1,89.0,24.0,8.9
SYN-20251114-2-07,2025-11-14,P003,1,179.0,49.0,0.0
SYN-20251115-0-00,2025-11-15,P007,1,189.0,55.0,18.9
SYN-20251115-0-01,2025-11-15,P008,1,329.0,121.0,0.0
SYN-20251115-0-02,2025-11-15,P009,1,159.0,43.0,0.0
SYN-20251115-0-03,2025-11-15,P010,1,279.0,83.0,0.0
SYN-20251115-0-04,2025-11-15,P011,1,199.0,61.0,0.0
SYN-20251115-0-05,2025-11-15,P012,1,359.0,137.0,0.0
SYN-20251115-0-06,2025-11-15,P001,1,299.0,94.0,0.0
SYN-20251115-0-07,2025-11-15,P002,1,89.0,24.0,0.0
SYN-20251115-0-08,2025-11-15,P003,1,179.0,49.0,0.0
SYN-20251115-1-00,2025-11-15,P010,1,279.0,83.0,27.9
SYN-20251115-1-01,2025-11-15,P011,2,398.0,122.0,0.0
SYN-20251115-1-02,2025-11-15,P012,1,359.0,137.0,0.0
SYN-20251115-1-03,2025-11-15,P001,1,299.0,94.0,0.0
SYN-20251115-2-00,2025-11-15,P001,1,299.0,94.0,0.0
SYN-20251115-2-01,2025-11-15,P002,1,89.0,24.0,0.0
SYN-20251115-2-02,2025-11-15,P003,1,179.0,49.0,0.0
SYN-20251115-2-03,2025-11-15,P004,1,249.0,71.0,24.9
SYN-20251115-2-04,2025-11-15,P005,1,219.0,67.0,0.0
SYN-20251115-2-05,2025-11-15,P006,1,139.0,35.0,13.9
SYN-20251115-2-06,2025-11-15,P007,1,189.0,55.0,18.9
SYN-20251116-0-00,2025-11-16,P012,1,359.0,137.0,35.9
SYN-20251116-0-01,2025-11-16,P001,1,299.0,94.0,0.0
SYN-20251116-0-02,2025-11-16,P002,1,89.0,24.0,0.0
SYN-20251116-0-03,2025-11-16,P003,1,179.0,49.0,0.0
SYN-20251116-0-04,2025-11-16,P004,1,249.0,71.0,0.0
SYN-20251116-1-00,2025-11-16,P003,1,179.0,49.0,0.0
SYN-20251116-1-01,2025-11-16,P004,1,249.0,71.0,0.0
SYN-20251116-1-02,2025-11-16,P005,1,219.0,67.0,0.0
SYN-20251116-1-03,2025-11-16,P006,1,139.0,35.0,13.9
SYN-20251116-1-04,2025-11-16,P007,1,189.0,55.0,18.9
SYN-20251116-2-00,2025-11-16,P006,1,139.0,35.0,0.0
SYN-20251116-2-01,2025-11-16,P007,1,189.0,55.0,0.0
SYN-20251116-2-02,2025-11-16,P008,1,329.0,121.0,0.0
SYN-20251116-2-03,2025-11-16,P009,1,159.0,43.0,0.0
SYN-20251116-2-04,2025-11-16,P010,1,279.0,83.0,27.9
SYN-20251116-2-05,2025-11-16,P011,1,199.0,61.0,0.0
SYN-20251116-2-06,2025-11-16,P012,1,359.0,137.0,35.9
SYN-20251117-0-00,2025-11-17,P005,1,219.0,67.0,0.0
SYN-20251117-0-01,2025-11-17,P006,1,139.0,35.0,0.0
SYN-20251117-0-02,2025-11-17,P007,1,189.0,55.0,0.0
SYN-20251117-0-03,2025-11-17,P008,1,329.0,121.0,0.0
SYN-20251117-0-04,2025-11-17,P009,1,159.0,43.0,0.0
SYN-20251117-0-05,2025-11-17,P010,1,279.0,83.0,0.0
SYN-20251117-0-06,2025-11-17,P011,1,199.0,61.0,0.0
SYN-20251117-1-00,2025-11-17,P008,1,329.0,121.0,0.0
SYN-20251117-1-01,2025-11-17,P009,1,159.0,43.0,0.0
SYN-20251117-1-02,2025-11-17,P010,1,279.0,83.0,0.0
SYN-20251117-1-03,2025-11-17,P011,1,199.0,61.0,0.0
SYN-20251117-1-04,2025-11-17,P012,1,359.0,137.0,0.0
SYN-20251117-1-05,2025-11-17,P001,1,299.0,94.0,0.0
SYN-20251117-1-06,2025-11-17,P002,1,89.0,24.0,8.9
SYN-20251117-1-07,2025-11-17,P003,1,179.0,49.0,0.0
SYN-20251117-1-08,2025-11-17,P004,1,249.0,71.0,0.0
SYN-20251117-1-09,2025-11-17,P005,1,219.0,67.0,21.9
SYN-20251117-1-10,2025-11-17,P006,1,139.0,35.0,0.0
SYN-20251117-1-11,2025-11-17,P007,1,189.0,55.0,18.9
SYN-20251117-1-12,2025-11-17,P008,1,329.0,121.0,32.9
SYN-20251117-1-13,2025-11-17,P009,1,159.0,43.0,15.9
SYN-20251117-2-00,2025-11-17,P011,1,199.0,61.0,0.0
SYN-20251117-2-01,2025-11-17,P012,1,359.0,137.0,0.0
SYN-20251117-2-02,2025-11-17,P001,1,299.0,94.0,29.9
SYN-20251117-2-03,2025-11-17,P002,1,89.0,24.0,8.9
SYN-20251117-2-04,2025-11-17,P003,1,179.0,49.0,17.9
SYN-20251117-2-05,2025-11-17,P004,1,249.0,71.0,24.9
SYN-20251118-0-00,2025-11-18,P010,2,558.0,166.0,0.0
SYN-20251118-0-01,2025-11-18,P011,1,199.0,61.0,0.0
SYN-20251118-0-02,2025-11-18,P012,1,359.0,137.0,0.0
SYN-20251118-0-03,2025-11-18,P001,2,598.0,188.0,59.8
SYN-20251118-0-04,2025-11-18,P002,1,89.0,24.0,0.0
SYN-20251118-0-05,2025-11-18,P003,1,179.0,49.0,17.9
SYN-20251118-0-06,2025-11-18,P004,1,249.0,71.0,24.9
SYN-20251118-0-07,2025-11-18,P005,1,219.0,67.0,0.0
SYN-20251118-0-08,2025-11-18,P006,1,139.0,35.0,0.0
SYN-20251118-0-09,2025-11-18,P007,1,189.0,55.0,0.0
SYN-20251118-0-10,2025-11-18,P008,1,329.0,121.0,0.0
SYN-20251118-0-11,2025-11-18,P009,1,159.0,43.0,0.0
SYN-20251118-1-00,2025-11-18,P001,1,299.0,94.0,0.0
SYN-20251118-1-01,2025-11-18,P002,1,89.0,24.0,8.9
SYN-20251118-1-02,2025-11-18,P003,2,358.0,98.0,0.0
SYN-20251118-1-03,2025-11-18,P004,1,249.0,71.0,0.0
SYN-20251118-1-04,2025-11-18,P005,1,219.0,67.0,0.0
SYN-20251118-1-05,2025-11-18,P006,1,139.0,35.0,0.0
SYN-20251118-1-06,2025-11-18,P007,1,189.0,55.0,0.0
SYN-20251118-2-00,2025-11-18,P004,1,249.0,71.0,0.0
SYN-20251118-2-01,2025-11-18,P005,1,219.0,67.0,21.9
SYN-20251118-2-02,2025-11-18,P006,1,139.0,35.0,13.9
SYN-20251118-2-03,2025-11-18,P007,1,189.0,55.0,18.9
SYN-20251118-2-04,2025-11-18,P008,1,329.0,121.0,0.0
SYN-20251118-2-05,2025-11-18,P009,2,318.0,86.0,31.8
SYN-20251118-2-06,2025-11-18,P010,1,279.0,83.0,0.0
SYN-20251118-2-07,2025-11-18,P011,2,398.0,122.0,0.0
SYN-20251119-0-00,2025-11-19,P003,1,179.0,49.0,0.0
SYN-20251119-0-01,2025-11-19,P004,1,249.0,71.0,0.0
SYN-20251119-0-02,2025-11-19,P005,1,219.0,67.0,0.0
SYN-20251119-0-03,2025-11-19,P006,2,278.0,70.0,0.0
SYN-20251119-0-04,2025-11-19,P007,1,189.0,55.0,0.0
SYN-20251119-1-00,2025-11-19,P006,1,139.0,35.0,0.0
SYN-20251119-1-01,2025-11-19,P007,1,189.0,55.0,0.0
SYN-20251119-1-02,2025-11-19,P008,1,329.0,121.0,0.0
SYN-20251119-1-03,2025-11-19,P009,1,159.0,43.0,0.0
SYN-20251119-1-04,2025-11-19,P010,1,279.0,83.0,0.0
SYN-20251119-1-05,2025-11-19,P011,1,199.0,61.0,0.0
SYN-20251119-2-00,2025-11-19,P009,1,159.0,43.0,0.0
SYN-20251119-2-01,2025-11-19,P010,1,279.0,83.0,0.0
SYN-20251119-2-02,2025-11-19,P011,1,199.0,61.0,0.0
SYN-20251119-2-03,2025-11-19,P012,1,359.0,137.0,35.9
SYN-20251119-2-04,2025-11-19,P001,2,598.0,188.0,59.8
SYN-20251119-2-05,2025-11-19,P002,1,89.0,24.0,0.0
SYN-20251120-0-00,2025-11-20,P008,1,329.0,121.0,0.0
SYN-20251120-0-01,2025-11-20,P009,1,159.0,43.0,15.9
SYN-20251120-0-02,2025-11-20,P010,1,279.0,83.0,0.0
SYN-20251120-0-03,2025-11-20,P011,1,199.0,61.0,0.0
SYN-20251120-0-04,2025-11-20,P012,1,359.0,137.0,35.9
SYN-20251120-1-00,2025-11-20,P011,1,199.0,61.0,0.0
SYN-20251120-1-01,2025-11-20,P012,1,359.0,137.0,0.0
SYN-20251120-1-02,2025-11-20,P001,1,299.0,94.0,0.0
SYN-20251120-1-03,2025-11-20,P002,2,178.0,48.0,0.0
SYN-20251120-1-04,2025-11-20,P003,1,179.0,49.0,0.0
SYN-20251120-1-05,2025-11-20,P004,1,249.0,71.0,0.0
SYN-20251120-2-00,2025-11-20,P002,1,89.0,24.0,8.9
SYN-20251120-2-01,2025-11-20,P003,1,179.0,49.0,0.0
SYN-20251120-2-02,2025-11-20,P004,1,249.0,71.0,24.9
SYN-20251120-2-03,2025-11-20,P005,1,219.0,67.0,0.0
SYN-20251120-2-04,2025-11-20,P006,1,139.0,35.0,0.0
SYN-20251120-2-05,2025-11-20,P007,1,189.0,55.0,0.0
SYN-20251120-2-06,2025-11-20,P008,1,329.0,121.0,0.0
SYN-20251120-2-07,2025-11-20,P009,1,159.0,43.0,15.9
SYN-20251120-2-08,2025-11-20,P010,1,279.0,83.0,0.0
SYN-20251120-2-09,2025-11-20,P011,1,199.0,61.0,0.0
SYN-20251121-0-00,2025-11-21,P001,1,299.0,94.0,0.0
SYN-20251121-0-01,2025-11-21,P002,1,89.0,24.0,0.0
SYN-20251121-0-02,2025-11-21,P003,1,179.0,49.0,0.0
SYN-20251121-0-03,2025-11-21,P004,2,498.0,142.0,0.0
SYN-20251121-0-04,2025-11-21,P005,1,219.0,67.0,21.9
SYN-20251121-1-00,2025-11-21,P004,1,249.0,71.0,0.0
SYN-20251121-1-01,2025-11-21,P005,2,438.0,134.0,43.8
SYN-20251121-1-02,2025-11-21,P006,1,139.0,35.0,13.9
SYN-20251121-1-03,2025-11-21,P007,1,189.0,55.0,0.0
SYN-20251121-1-04,2025-11-21,P008,1,329.0,121.0,0.0
SYN-20251121-2-00,2025-11-21,P007,2,378.0,110.0,0.0
SYN-20251121-2-01,2025-11-21,P008,1,329.0,121.0,0.0
SYN-20251121-2-02,2025-11-21,P009,2,318.0,86.0,0.0
SYN-20251121-2-03,2025-11-21,P010,1,279.0,83.0,0.0
SYN-20251121-2-04,2025-11-21,P011,1,199.0,61.0,0.0
SYN-20251121-2-05,2025-11-21,P012,1,359.0,137.0,0.0
SYN-20251121-2-06,2025-11-21,P001,1,299.0,94.0,0.0
SYN-20251121-2-07,2025-11-21,P002,1,89.0,24.0,0.0
SYN-20251122-0-00,2025-11-22,P006,1,139.0,35.0,0.0
SYN-20251122-0-01,2025-11-22,P007,1,189.0,55.0,0.0
SYN-20251122-0-02,2025-11-22,P008,1,329.0,121.0,0.0
SYN-20251122-0-03,2025-11-22,P009,1,159.0,43.0,15.9
SYN-20251122-0-04,2025-11-22,P010,1,279.0,83.0,0.0
SYN-20251122-0-05,2025-11-22,P011,1,199.0,61.0,0.0
SYN-20251122-0-06,2025-11-22,P012,1,359.0,137.0,35.9
SYN-20251122-0-07,2025-11-22,P001,1,299.0,94.0,0.0
SYN-20251122-0-08,2025-11-22,P002,1,89.0,24.0,8.9
SYN-20251122-0-09,2025-11-22,P003,1,179.0,49.0,0.0
SYN-20251122-1-00,2025-11-22,P009,2,318.0,86.0,0.0
SYN-20251122-1-01,2025-11-22,P010,1,279.0,83.0,0.0
SYN-20251122-1-02,2025-11-22,P011,1,199.0,61.0,0.0
SYN-20251122-1-03,2025-11-22,P012,1,359.0,137.0,35.9
SYN-20251122-1-04,2025-11-22,P001,1,299.0,94.0,0.0
SYN-20251122-1-05,2025-11-22,P002,1,89.0,24.0,0.0
SYN-20251122-1-06,2025-11-22,P003,1,179.0,49.0,0.0
SYN-20251122-1-07,2025-11-22,P004,1,249.0,71.0,0.0
SYN-20251122-1-08,2025-11-22,P005,1,219.0,67.0,0.0
SYN-20251122-1-09,2025-11-22,P006,1,139.0,35.0,0.0
SYN-20251122-1-10,2025-11-22,P007,1,189.0,55.0,0.0
SYN-20251122-1-11,2025-11-22,P008,1,329.0,121.0,0.0
SYN-20251122-1-12,2025-11-22,P009,1,159.0,43.0,0.0
SYN-20251122-1-13,2025-11-22,P010,2,558.0,166.0,55.8
SYN-20251122-1-14,2025-11-22,P011,1,199.0,61.0,0.0
SYN-20251122-1-15,2025-11-22,P012,1,359.0,137.0,0.0
SYN-20251122-1-16,2025-11-22,P001,1,299.0,94.0,29.9
SYN-20251122-1-17,2025-11-22,P002,1,89.0,24.0,8.9
SYN-20251122-2-00,2025-11-22,P012,1,359.0,137.0,35.9
SYN-20251122-2-01,2025-11-22,P001,1,299.0,94.0,29.9
SYN-20251122-2-02,2025-11-22,P002,1,89.0,24.0,0.0
SYN-20251122-2-03,2025-11-22,P003,1,179.0,49.0,0.0
SYN-20251122-2-04,2025-11-22,P004,1,249.0,71.0,0.0
SYN-20251122-2-05,2025-11-22,P005,1,219.0,67.0,0.0
SYN-20251122-2-06,2025-11-22,P006,1,139.0,35.0,0.0
SYN-20251122-2-07,2025-11-22,P007,1,189.0,55.0,0.0
SYN-20251122-2-08,2025-11-22,P008,1,329.0,121.0,0.0
SYN-20251122-2-09,2025-11-22,P009,1,159.0,43.0,0.0
SYN-20251123-0-00,2025-11-23,P011,1,199.0,61.0,0.0
SYN-20251123-0-01,2025-11-23,P012,1,359.0,137.0,0.0
SYN-20251123-0-02,2025-11-23,P001,1,299.0,94.0,0.0
SYN-20251123-0-03,2025-11-23,P002,1,89.0,24.0,0.0
SYN-20251123-0-04,2025-11-23,P003,1,179.0,49.0,0.0
SYN-20251123-0-05,2025-11-23,P004,1,249.0,71.0,0.0
SYN-20251123-0-06,2025-11-23,P005,1,219.0,67.0,0.0
SYN-20251123-1-00,2025-11-23,P002,1,89.0,24.0,0.0
SYN-20251123-1-01,2025-11-23,P003,1,179.0,49.0,0.0
SYN-20251123-1-02,2025-11-23,P004,2,498.0,142.0,0.0
SYN-20251123-1-03,2025-11-23,P005,1,219.0,67.0,0.0
SYN-20251123-1-04,2025-11-23,P006,2,278.0,70.0,0.0
SYN-20251123-2-00,2025-11-23,P005,1,219.0,67.0,0.0
SYN-20251123-2-01,2025-11-23,P006,1,139.0,35.0,0.0
SYN-20251123-2-02,2025-11-23,P007,1,189.0,55.0,0.0
SYN-20251123-2-03,2025-11-23,P008,1,329.0,121.0,0.0
SYN-20251123-2-04,2025-11-23,P009,1,159.0,43.0,15.9
SYN-20251123-2-05,2025-11-23,P010,1,279.0,83.0,0.0
SYN-20251123-2-06,2025-11-23,P011,1,199.0,61.0,19.9
SYN-20251123-2-07,2025-11-23,P012,1,359.0,137.0,0.0
SYN-20251123-2-08,2025-11-23,P001,1,299.0,94.0,0.0
SYN-20251123-2-09,2025-11-23,P002,1,89.0,24.0,8.9
SYN-20251123-2-10,2025-11-23,P003,1,179.0,49.0,0.0
SYN-20251124-0-00,2025-11-24,P004,1,249.0,71.0,0.0
SYN-20251124-0-01,2025-11-24,P005,1,219.0,67.0,21.9
SYN-20251124-0-02,2025-11-24,P006,1,139.0,35.0,13.9
SYN-20251124-0-03,2025-11-24,P007,1,189.0,55.0,0.0
SYN-20251124-0-04,2025-11-24,P008,1,329.0,121.0,32.9
SYN-20251124-1-00,2025-11-24,P007,1,189.0,55.0,0.0
SYN-20251124-1-01,2025-11-24,P008,1,329.0,121.0,0.0
SYN-20251124-1-02,2025-11-24,P009,1,159.0,43.0,0.0
SYN-20251124-1-03,2025-11-24,P010,1,279.0,83.0,0.0
SYN-20251124-1-04,2025-11-24,P011,1,199.0,61.0,19.9
SYN-20251124-1-05,2025-11-24,P012,1,359.0,137.0,0.0
SYN-20251124-1-06,2025-11-24,P001,1,299.0,94.0,29.9
SYN-20251124-1-07,2025-11-24,P002,1,89.0,24.0,8.9
SYN-20251124-1-08,2025-11-24,P003,1,179.0,49.0,17.9
SYN-20251124-1-09,2025-11-24,P004,1,249.0,71.0,24.9
SYN-20251124-2-00,2025-11-24,P010,1,279.0,83.0,0.0
SYN-20251124-2-01,2025-11-24,P011,1,199.0,61.0,0.0
SYN-20251124-2-02,2025-11-24,P012,1,359.0,137.0,0.0
SYN-20251124-2-03,2025-11-24,P001,1,299.0,94.0,0.0
SYN-20251124-2-04,2025-11-24,P002,1,89.0,24.0,0.0
SYN-20251125-0-00,2025-11-25,P009,1,159.0,43.0,0.0
SYN-20251125-0-01,2025-11-25,P010,1,279.0,83.0,0.0
SYN-20251125-0-02,2025-11-25,P011,1,199.0,61.0,19.9
SYN-20251125-0-03,2025-11-25,P012,1,359.0,137.0,0.0
SYN-20251125-0-04,2025-11-25,P001,1,299.0,94.0,0.0
SYN-20251125-0-05,2025-11-25,P002,1,89.0,24.0,8.9
SYN-20251125-0-06,2025-11-25,P003,1,179.0,49.0,0.0
SYN-20251125-0-07,2025-11-25,P004,1,249.0,71.0,0.0
SYN-20251125-1-00,2025-11-25,P012,1,359.0,137.0,35.9
SYN-20251125-1-01,2025-11-25,P001,1,299.0,94.0,0.0
SYN-20251125-1-02,2025-11-25,P002,1,89.0,24.0,8.9
SYN-20251125-1-03,2025-11-25,P003,1,179.0,49.0,0.0
SYN-20251125-1-04,2025-11-25,P004,1,249.0,71.0,24.9
SYN-20251125-1-05,2025-11-25,P005,1,219.0,67.0,0.0
SYN-20251125-1-06,2025-11-25,P006,1,139.0,35.0,13.9
SYN-20251125-1-07,2025-11-25,P007,1,189.0,55.0,0.0
SYN-20251125-1-08,2025-11-25,P008,1,329.0,121.0,0.0
SYN-20251125-1-09,2025-11-25,P009,1,159.0,43.0,0.0
SYN-20251125-2-00,2025-11-25,P003,1,179.0,49.0,17.9
SYN-20251125-2-01,2025-11-25,P004,1,249.0,71.0,0.0
SYN-20251125-2-02,2025-11-25,P005,1,219.0,67.0,0.0
SYN-20251125-2-03,2025-11-25,P006,1,139.0,35.0,0.0
SYN-20251125-2-04,2025-11-25,P007,1,189.0,55.0,0.0
SYN-20251125-2-05,2025-11-25,P008,1,329.0,121.0,0.0
SYN-20251125-2-06,2025-11-25,P009,2,318.0,86.0,0.0
SYN-20251125-2-07,2025-11-25,P010,1,279.0,83.0,0.0
SYN-20251125-2-08,2025-11-25,P011,1,199.0,61.0,0.0
SYN-20251126-0-00,2025-11-26,P002,1,89.0,24.0,8.9
SYN-20251126-0-01,2025-11-26,P003,1,179.0,49.0,17.9
SYN-20251126-0-02,2025-11-26,P004,2,498.0,142.0,0.0
SYN-20251126-0-03,2025-11-26,P005,1,219.0,67.0,0.0
SYN-20251126-0-04,2025-11-26,P006,1,139.0,35.0,0.0
SYN-20251126-1-00,2025-11-26,P005,1,219.0,67.0,0.0
SYN-20251126-1-01,2025-11-26,P006,2,278.0,70.0,0.0
SYN-20251126-1-02,2025-11-26,P007,1,189.0,55.0,0.0
SYN-20251126-1-03,2025-11-26,P008,1,329.0,121.0,0.0
SYN-20251126-1-04,2025-11-26,P009,1,159.0,43.0,0.0
SYN-20251126-2-00,2025-11-26,P008,1,329.0,121.0,0.0
SYN-20251126-2-01,2025-11-26,P009,1,159.0,43.0,0.0
SYN-20251126-2-02,2025-11-26,P010,1,279.0,83.0,27.9
SYN-20251126-2-03,2025-11-26,P011,1,199.0,61.0,0.0
SYN-20251126-2-04,2025-11-26,P012,1,359.0,137.0,0.0
SYN-20251126-2-05,2025-11-26,P001,1,299.0,94.0,0.0
SYN-20251126-2-06,2025-11-26,P002,1,89.0,24.0,0.0
SYN-20251127-0-00,2025-11-27,P007,1,189.0,55.0,0.0
SYN-20251127-0-01,2025-11-27,P008,1,329.0,121.0,0.0
SYN-20251127-0-02,2025-11-27,P009,1,159.0,43.0,0.0
SYN-20251127-0-03,2025-11-27,P010,1,279.0,83.0,0.0
SYN-20251127-0-04,2025-11-27,P011,2,398.0,122.0,0.0
SYN-20251127-0-05,2025-11-27,P012,1,359.0,137.0,0.0
SYN-20251127-0-06,2025-11-27,P001,1,299.0,94.0,0.0
SYN-20251127-0-07,2025-11-27,P002,1,89.0,24.0,0.0
SYN-20251127-0-08,2025-11-27,P003,1,179.0,49.0,0.0
SYN-20251127-0-09,2025-11-27,P004,1,249.0,71.0,0.0
SYN-20251127-1-00,2025-11-27,P010,1,279.0,83.0,27.9
SYN-20251127-1-01,2025-11-27,P011,1,199.0,61.0,0.0
SYN-20251127-1-02,2025-11-27,P012,1,359.0,137.0,0.0
SYN-20251127-1-03,2025-11-27,P001,1,299.0,94.0,0.0
SYN-20251127-1-04,2025-11-27,P002,2,178.0,48.0,0.0
SYN-20251127-1-05,2025-11-27,P003,1,179.0,49.0,0.0
SYN-20251127-1-06,2025-11-27,P004,1,249.0,71.0,24.9
SYN-20251127-1-07,2025-11-27,P005,1,219.0,67.0,21.9
SYN-20251127-1-08,2025-11-27,P006,1,139.0,35.0,0.0
SYN-20251127-1-09,2025-11-27,P007,1,189.0,55.0,18.9
SYN-20251127-1-10,2025-11-27,P008,1,329.0,121.0,0.0
SYN-20251127-2-00,2025-11-27,P001,1,299.0,94.0,0.0
SYN-20251127-2-01,2025-11-27,P002,1,89.0,24.0,0.0
SYN-20251127-2-02,2025-11-27,P003,1,179.0,49.0,0.0
SYN-20251127-2-03,2025-11-27,P004,1,249.0,71.0,0.0
SYN-20251127-2-04,2025-11-27,P005,1,219.0,67.0,0.0
SYN-20251127-2-05,2025-11-27,P006,1,139.0,35.0,0.0
SYN-20251127-2-06,2025-11-27,P007,1,189.0,55.0,18.9
SYN-20251127-2-07,2025-11-27,P008,1,329.0,121.0,32.9
SYN-20251128-0-00,2025-11-28,P012,1,359.0,137.0,35.9
SYN-20251128-0-01,2025-11-28,P001,1,299.0,94.0,0.0
SYN-20251128-0-02,2025-11-28,P002,1,89.0,24.0,0.0
SYN-20251128-0-03,2025-11-28,P003,1,179.0,49.0,0.0
SYN-20251128-0-04,2025-11-28,P004,1,249.0,71.0,0.0
SYN-20251128-0-05,2025-11-28,P005,1,219.0,67.0,0.0
SYN-20251128-1-00,2025-11-28,P003,1,179.0,49.0,0.0
SYN-20251128-1-01,2025-11-28,P004,1,249.0,71.0,0.0
SYN-20251128-1-02,2025-11-28,P005,1,219.0,67.0,0.0
SYN-20251128-1-03,2025-11-28,P006,1,139.0,35.0,0.0
SYN-20251128-1-04,2025-11-28,P007,1,189.0,55.0,0.0
SYN-20251128-1-05,2025-11-28,P008,1,329.0,121.0,0.0
SYN-20251128-1-06,2025-11-28,P009,1,159.0,43.0,15.9
SYN-20251128-1-07,2025-11-28,P010,1,279.0,83.0,27.9
SYN-20251128-1-08,2025-11-28,P011,1,199.0,61.0,0.0
SYN-20251128-2-00,2025-11-28,P006,1,139.0,35.0,0.0
SYN-20251128-2-01,2025-11-28,P007,1,189.0,55.0,18.9
SYN-20251128-2-02,2025-11-28,P008,1,329.0,121.0,0.0
SYN-20251128-2-03,2025-11-28,P009,1,159.0,43.0,0.0
SYN-20251128-2-04,2025-11-28,P010,1,279.0,83.0,0.0
SYN-20251128-2-05,2025-11-28,P011,1,199.0,61.0,19.9
SYN-20251128-2-06,2025-11-28,P012,1,359.0,137.0,0.0
SYN-20251128-2-07,2025-11-28,P001,1,299.0,94.0,0.0
SYN-20251128-2-08,2025-11-28,P002,1,89.0,24.0,0.0
SYN-20251129-0-00,2025-11-29,P005,1,219.0,67.0,0.0
SYN-20251129-0-01,2025-11-29,P006,1,139.0,35.0,13.9
SYN-20251129-0-02,2025-11-29,P007,1,189.0,55.0,0.0
SYN-20251129-0-03,2025-11-29,P008,1,329.0,121.0,0.0
SYN-20251129-0-04,2025-11-29,P009,2,318.0,86.0,0.0
SYN-20251129-1-00,2025-11-29,P008,1,329.0,121.0,32.9
SYN-20251129-1-01,2025-11-29,P009,1,159.0,43.0,15.9
SYN-20251129-1-02,2025-11-29,P010,1,279.0,83.0,0.0
SYN-20251129-1-03,2025-11-29,P011,1,199.0,61.0,0.0
SYN-20251129-1-04,2025-11-29,P012,1,359.0,137.0,0.0
SYN-20251129-2-00,2025-11-29,P011,1,199.0,61.0,0.0
SYN-20251129-2-01,2025-11-29,P012,2,718.0,274.0,0.0
SYN-20251129-2-02,2025-11-29,P001,1,299.0,94.0,0.0
SYN-20251129-2-03,2025-11-29,P002,1,89.0,24.0,0.0
SYN-20251129-2-04,2025-11-29,P003,1,179.0,49.0,0.0
SYN-20251129-2-05,2025-11-29,P004,1,249.0,71.0,0.0
SYN-20251129-2-06,2025-11-29,P005,1,219.0,67.0,0.0
SYN-20251129-2-07,2025-11-29,P006,1,139.0,35.0,13.9
SYN-20251129-2-08,2025-11-29,P007,1,189.0,55.0,0.0
SYN-20251129-2-09,2025-11-29,P008,1,329.0,121.0,0.0
SYN-20251129-2-10,2025-11-29,P009,1,159.0,43.0,0.0
SYN-20251129-2-11,2025-11-29,P010,1,279.0,83.0,0.0
SYN-20251129-2-12,2025-11-29,P011,1,199.0,61.0,0.0
SYN-20251130-0-00,2025-11-30,P010,1,279.0,83.0,0.0
SYN-20251130-0-01,2025-11-30,P011,1,199.0,61.0,0.0
SYN-20251130-0-02,2025-11-30,P012,1,359.0,137.0,0.0
SYN-20251130-0-03,2025-11-30,P001,1,299.0,94.0,29.9
SYN-20251130-0-04,2025-11-30,P002,1,89.0,24.0,8.9
SYN-20251130-0-05,2025-11-30,P003,1,179.0,49.0,0.0
SYN-20251130-0-06,2025-11-30,P004,1,249.0,71.0,0.0
SYN-20251130-0-07,2025-11-30,P005,1,219.0,67.0,0.0
SYN-20251130-1-00,2025-11-30,P001,1,299.0,94.0,0.0
SYN-20251130-1-01,2025-11-30,P002,1,89.0,24.0,8.9
SYN-20251130-1-02,2025-11-30,P003,1,179.0,49.0,0.0
SYN-20251130-1-03,2025-11-30,P004,1,249.0,71.0,0.0
SYN-20251130-1-04,2025-11-30,P005,1,219.0,67.0,0.0
SYN-20251130-1-05,2025-11-30,P006,1,139.0,35.0,0.0
SYN-20251130-1-06,2025-11-30,P007,1,189.0,55.0,0.0
SYN-20251130-2-00,2025-11-30,P004,1,249.0,71.0,0.0
SYN-20251130-2-01,2025-11-30,P005,1,219.0,67.0,0.0
SYN-20251130-2-02,2025-11-30,P006,1,139.0,35.0,0.0
SYN-20251130-2-03,2025-11-30,P007,1,189.0,55.0,0.0
SYN-20251130-2-04,2025-11-30,P008,1,329.0,121.0,32.9
SYN-20251130-2-05,2025-11-30,P009,1,159.0,43.0,15.9
SYN-20251130-2-06,2025-11-30,P010,1,279.0,83.0,0.0
SYN-20251130-2-07,2025-11-30,P011,1,199.0,61.0,0.0
SYN-20251130-2-08,2025-11-30,P012,1,359.0,137.0,0.0
SYN-20251201-0-00,2025-12-01,P003,1,179.0,49.0,17.9
SYN-20251201-0-01,2025-12-01,P004,2,498.0,142.0,49.8
SYN-20251201-0-02,2025-12-01,P005,1,219.0,67.0,0.0
SYN-20251201-0-03,2025-12-01,P006,1,139.0,35.0,0.0
SYN-20251201-0-04,2025-12-01,P007,1,189.0,55.0,0.0
SYN-20251201-0-05,2025-12-01,P008,1,329.0,121.0,0.0
SYN-20251201-0-06,2025-12-01,P009,1,159.0,43.0,0.0
SYN-20251201-1-00,2025-12-01,P006,1,139.0,35.0,0.0
SYN-20251201-1-01,2025-12-01,P007,1,189.0,55.0,18.9
SYN-20251201-1-02,2025-12-01,P008,1,329.0,121.0,0.0
SYN-20251201-1-03,2025-12-01,P009,1,159.0,43.0,0.0
SYN-20251201-1-04,2025-12-01,P010,1,279.0,83.0,0.0
SYN-20251201-1-05,2025-12-01,P011,1,199.0,61.0,0.0
SYN-20251201-2-00,2025-12-01,P009,1,159.0,43.0,15.9
SYN-20251201-2-01,2025-12-01,P010,1,279.0,83.0,27.9
SYN-20251201-2-02,2025-12-01,P011,1,199.0,61.0,0.0
SYN-20251201-2-03,2025-12-01,P012,1,359.0,137.0,0.0
SYN-20251201-2-04,2025-12-01,P001,1,299.0,94.0,0.0
SYN-20251201-2-05,2025-12-01,P002,1,89.0,24.0,0.0
SYN-20251201-2-06,2025-12-01,P003,1,179.0,49.0,0.0
SYN-20251201-2-07,2025-12-01,P004,1,249.0,71.0,0.0
SYN-20251201-2-08,2025-12-01,P005,1,219.0,67.0,0.0
SYN-20251202-0-00,2025-12-02,P008,1,329.0,121.0,0.0
SYN-20251202-0-01,2025-12-02,P009,1,159.0,43.0,0.0
SYN-20251202-0-02,2025-12-02,P010,1,279.0,83.0,27.9
SYN-20251202-0-03,2025-12-02,P011,1,199.0,61.0,0.0
SYN-20251202-1-00,2025-12-02,P011,1,199.0,61.0,19.9
SYN-20251202-1-01,2025-12-02,P012,1,359.0,137.0,0.0
SYN-20251202-1-02,2025-12-02,P001,1,299.0,94.0,0.0
SYN-20251202-1-03,2025-12-02,P002,1,89.0,24.0,0.0
SYN-20251202-1-04,2025-12-02,P003,1,179.0,49.0,0.0
SYN-20251202-1-05,2025-12-02,P004,1,249.0,71.0,0.0
SYN-20251202-1-06,2025-12-02,P005,1,219.0,67.0,0.0
SYN-20251202-1-07,2025-12-02,P006,1,139.0,35.0,0.0
SYN-20251202-1-08,2025-12-02,P007,1,189.0,55.0,18.9
SYN-20251202-2-00,2025-12-02,P002,1,89.0,24.0,8.9
SYN-20251202-2-01,2025-12-02,P003,1,179.0,49.0,0.0
SYN-20251202-2-02,2025-12-02,P004,1,249.0,71.0,0.0
SYN-20251202-2-03,2025-12-02,P005,1,219.0,67.0,0.0
SYN-20251202-2-04,2025-12-02,P006,1,139.0,35.0,0.0
SYN-20251202-2-05,2025-12-02,P007,1,189.0,55.0,0.0
SYN-20251202-2-06,2025-12-02,P008,1,329.0,121.0,0.0
SYN-20251202-2-07,2025-12-02,P009,1,159.0,43.0,15.9
SYN-20251202-2-08,2025-12-02,P010,1,279.0,83.0,27.9
SYN-20251203-0-00,2025-12-03,P001,1,299.0,94.0,0.0
SYN-20251203-0-01,2025-12-03,P002,1,89.0,24.0,0.0
SYN-20251203-0-02,2025-12-03,P003,1,179.0,49.0,17.9
SYN-20251203-0-03,2025-12-03,P004,1,249.0,71.0,0.0
SYN-20251203-0-04,2025-12-03,P005,1,219.0,67.0,0.0
SYN-20251203-0-05,2025-12-03,P006,1,139.0,35.0,0.0
SYN-20251203-0-06,2025-12-03,P007,1,189.0,55.0,0.0
SYN-20251203-0-07,2025-12-03,P008,1,329.0,121.0,0.0
SYN-20251203-0-08,2025-12-03,P009,1,159.0,43.0,0.0
SYN-20251203-1-00,2025-12-03,P004,1,249.0,71.0,0.0
SYN-20251203-1-01,2025-12-03,P005,2,438.0,134.0,0.0
SYN-20251203-1-02,2025-12-03,P006,1,139.0,35.0,13.9
SYN-20251203-1-03,2025-12-03,P007,1,189.0,55.0,0.0
SYN-20251203-1-04,2025-12-03,P008,1,329.0,121.0,32.9
SYN-20251203-1-05,2025-12-03,P009,1,159.0,43.0,15.9
SYN-20251203-1-06,2025-12-03,P010,1,279.0,83.0,0.0
SYN-20251203-1-07,2025-12-03,P011,1,199.0,61.0,0.0
SYN-20251203-1-08,2025-12-03,P012,2,718.0,274.0,0.0
SYN-20251203-1-09,2025-12-03,P001,1,299.0,94.0,0.0
SYN-20251203-1-10,2025-12-03,P002,2,178.0,48.0,0.0
SYN-20251203-1-11,2025-12-03,P003,1,179.0,49.0,0.0
SYN-20251203-1-12,2025-12-03,P004,1,249.0,71.0,0.0
SYN-20251203-1-13,2025-12-03,P005,1,219.0,67.0,21.9
SYN-20251203-2-00,2025-12-03,P007,1,189.0,55.0,0.0
SYN-20251203-2-01,2025-12-03,P008,1,329.0,121.0,0.0
SYN-20251203-2-02,2025-12-03,P009,1,159.0,43.0,0.0
SYN-20251203-2-03,2025-12-03,P010,1,279.0,83.0,0.0
SYN-20251203-2-04,2025-12-03,P011,1,199.0,61.0,0.0
SYN-20251203-2-05,2025-12-03,P012,1,359.0,137.0,0.0
SYN-20251204-0-00,2025-12-04,P006,1,139.0,35.0,0.0
SYN-20251204-0-01,2025-12-04,P007,1,189.0,55.0,0.0
SYN-20251204-0-02,2025-12-04,P008,1,329.0,121.0,0.0
SYN-20251204-0-03,2025-12-04,P009,1,159.0,43.0,0.0
SYN-20251204-0-04,2025-12-04,P010,1,279.0,83.0,27.9
SYN-20251204-0-05,2025-12-04,P011,1,199.0,61.0,0.0
SYN-20251204-0-06,2025-12-04,P012,1,359.0,137.0,0.0
SYN-20251204-0-07,2025-12-04,P001,1,299.0,94.0,0.0
SYN-20251204-0-08,2025-12-04,P002,1,89.0,24.0,8.9
SYN-20251204-0-09,2025-12-04,P003,2,358.0,98.0,0.0
SYN-20251204-0-10,2025-12-04,P004,1,249.0,71.0,24.9
SYN-20251204-0-11,2025-12-04,P005,1,219.0,67.0,0.0
SYN-20251204-1-00,2025-12-04,P009,1,159.0,43.0,0.0
SYN-20251204-1-01,2025-12-04,P010,1,279.0,83.0,0.0
SYN-20251204-1-02,2025-12-04,P011,2,398.0,122.0,0.0
SYN-20251204-1-03,2025-12-04,P012,1,359.0,137.0,0.0
SYN-20251204-1-04,2025-12-04,P001,1,299.0,94.0,0.0
SYN-20251204-2-00,2025-12-04,P012,1,359.0,137.0,0.0
SYN-20251204-2-01,2025-12-04,P001,1,299.0,94.0,0.0
SYN-20251204-2-02,2025-12-04,P002,1,89.0,24.0,0.0
SYN-20251204-2-03,2025-12-04,P003,1,179.0,49.0,0.0
SYN-20251204-2-04,2025-12-04,P004,1,249.0,71.0,24.9
SYN-20251204-2-05,2025-12-04,P005,1,219.0,67.0,0.0
SYN-20251204-2-06,2025-12-04,P006,1,139.0,35.0,0.0
SYN-20251204-2-07,2025-12-04,P007,2,378.0,110.0,0.0
SYN-20251204-2-08,2025-12-04,P008,1,329.0,121.0,0.0
SYN-20251204-2-09,2025-12-04,P009,1,159.0,43.0,0.0
SYN-20251204-2-10,2025-12-04,P010,1,279.0,83.0,0.0
SYN-20251205-0-00,2025-12-05,P011,1,199.0,61.0,0.0
SYN-20251205-0-01,2025-12-05,P012,1,359.0,137.0,0.0
SYN-20251205-0-02,2025-12-05,P001,1,299.0,94.0,0.0
SYN-20251205-0-03,2025-12-05,P002,1,89.0,24.0,0.0
SYN-20251205-0-04,2025-12-05,P003,1,179.0,49.0,0.0
SYN-20251205-0-05,2025-12-05,P004,1,249.0,71.0,24.9
SYN-20251205-0-06,2025-12-05,P005,1,219.0,67.0,0.0
SYN-20251205-0-07,2025-12-05,P006,1,139.0,35.0,0.0
SYN-20251205-0-08,2025-12-05,P007,1,189.0,55.0,0.0
SYN-20251205-1-00,2025-12-05,P002,1,89.0,24.0,0.0
SYN-20251205-1-01,2025-12-05,P003,1,179.0,49.0,0.0
SYN-20251205-1-02,2025-12-05,P004,1,249.0,71.0,0.0
SYN-20251205-1-03,2025-12-05,P005,2,438.0,134.0,0.0
SYN-20251205-1-04,2025-12-05,P006,1,139.0,35.0,0.0
SYN-20251205-1-05,2025-12-05,P007,1,189.0,55.0,0.0
SYN-20251205-2-00,2025-12-05,P005,1,219.0,67.0,0.0
SYN-20251205-2-01,2025-12-05,P006,1,139.0,35.0,13.9
SYN-20251205-2-02,2025-12-05,P007,1,189.0,55.0,0.0
SYN-20251205-2-03,2025-12-05,P008,1,329.0,121.0,32.9
SYN-20251205-2-04,2025-12-05,P009,1,159.0,43.0,0.0
SYN-20251205-2-05,2025-12-05,P010,1,279.0,83.0,0.0
SYN-20251205-2-06,2025-12-05,P011,2,398.0,122.0,0.0
SYN-20251206-0-00,2025-12-06,P004,2,498.0,142.0,49.8
SYN-20251206-0-01,2025-12-06,P005,1,219.0,67.0,0.0
SYN-20251206-0-02,2025-12-06,P006,1,139.0,35.0,0.0
SYN-20251206-0-03,2025-12-06,P007,2,378.0,110.0,0.0
SYN-20251206-0-04,2025-12-06,P008,2,658.0,242.0,0.0
SYN-20251206-0-05,2025-12-06,P009,1,159.0,43.0,0.0
SYN-20251206-0-06,2025-12-06,P010,1,279.0,83.0,0.0
SYN-20251206-0-07,2025-12-06,P011,1,199.0,61.0,0.0
SYN-20251206-0-08,2025-12-06,P012,1,359.0,137.0,0.0
SYN-20251206-1-00,2025-12-06,P007,1,189.0,55.0,0.0
SYN-20251206-1-01,2025-12-06,P008,1,329.0,121.0,0.0
SYN-20251206-1-02,2025-12-06,P009,1,159.0,43.0,0.0
SYN-20251206-1-03,2025-12-06,P010,1,279.0,83.0,0.0
SYN-20251206-1-04,2025-12-06,P011,1,199.0,61.0,19.9
SYN-20251206-1-05,2025-12-06,P012,1,359.0,137.0,0.0
SYN-20251206-1-06,2025-12-06,P001,1,299.0,94.0,0.0
SYN-20251206-1-07,2025-12-06,P002,1,89.0,24.0,8.9
SYN-20251206-2-00,2025-12-06,P010,1,279.0,83.0,0.0
SYN-20251206-2-01,2025-12-06,P011,1,199.0,61.0,0.0
SYN-20251206-2-02,2025-12-06,P012,1,359.0,137.0,0.0
SYN-20251206-2-03,2025-12-06,P001,1,299.0,94.0,0.0
SYN-20251206-2-04,2025-12-06,P002,1,89.0,24.0,8.9
SYN-20251206-2-05,2025-12-06,P003,1,179.0,49.0,0.0
SYN-20251207-0-00,2025-12-07,P009,1,159.0,43.0,0.0
SYN-20251207-0-01,2025-12-07,P010,1,279.0,83.0,0.0
SYN-20251207-0-02,2025-12-07,P011,1,199.0,61.0,0.0
SYN-20251207-0-03,2025-12-07,P012,2,718.0,274.0,0.0
SYN-20251207-0-04,2025-12-07,P001,1,299.0,94.0,0.0
SYN-20251207-0-05,2025-12-07,P002,1,89.0,24.0,0.0
SYN-20251207-0-06,2025-12-07,P003,1,179.0,49.0,17.9
SYN-20251207-0-07,2025-12-07,P004,1,249.0,71.0,0.0
SYN-20251207-0-08,2025-12-07,P005,1,219.0,67.0,0.0
SYN-20251207-0-09,2025-12-07,P006,1,139.0,35.0,0.0
SYN-20251207-0-10,2025-12-07,P007,2,378.0,110.0,0.0
SYN-20251207-1-00,2025-12-07,P012,1,359.0,137.0,0.0
SYN-20251207-1-01,2025-12-07,P001,1,299.0,94.0,29.9
SYN-20251207-1-02,2025-12-07,P002,1,89.0,24.0,8.9
SYN-20251207-1-03,2025-12-07,P003,1,179.0,49.0,0.0
SYN-20251207-1-04,2025-12-07,P004,1,249.0,71.0,0.0
SYN-20251207-1-05,2025-12-07,P005,1,219.0,67.0,21.9
SYN-20251207-1-06,2025-12-07,P006,2,278.0,70.0,27.8
SYN-20251207-1-07,2025-12-07,P007,1,189.0,55.0,18.9
SYN-20251207-1-08,2025-12-07,P008,1,329.0,121.0,32.9
SYN-20251207-1-09,2025-12-07,P009,1,159.0,43.0,0.0
SYN-20251207-2-00,2025-12-07,P003,1,179.0,49.0,0.0
SYN-20251207-2-01,2025-12-07,P004,1,249.0,71.0,24.9
SYN-20251207-2-02,2025-12-07,P005,1,219.0,67.0,0.0
SYN-20251207-2-03,2025-12-07,P006,2,278.0,70.0,0.0
SYN-20251207-2-04,2025-12-07,P007,1,189.0,55.0,18.9
SYN-20251207-2-05,2025-12-07,P008,1,329.0,121.0,0.0
SYN-20251207-2-06,2025-12-07,P009,1,159.0,43.0,0.0
SYN-20251208-0-00,2025-12-08,P002,1,89.0,24.0,8.9
SYN-20251208-0-01,2025-12-08,P003,1,179.0,49.0,0.0
SYN-20251208-0-02,2025-12-08,P004,1,249.0,71.0,0.0
SYN-20251208-0-03,2025-12-08,P005,1,219.0,67.0,0.0
SYN-20251208-0-04,2025-12-08,P006,1,139.0,35.0,13.9
SYN-20251208-0-05,2025-12-08,P007,2,378.0,110.0,0.0
SYN-20251208-1-00,2025-12-08,P005,1,219.0,67.0,21.9
SYN-20251208-1-01,2025-12-08,P006,1,139.0,35.0,0.0
SYN-20251208-1-02,2025-12-08,P007,1,189.0,55.0,18.9
SYN-20251208-1-03,2025-12-08,P008,1,329.0,121.0,0.0
SYN-20251208-1-04,2025-12-08,P009,1,159.0,43.0,0.0
SYN-20251208-1-05,2025-12-08,P010,1,279.0,83.0,0.0
SYN-20251208-1-06,2025-12-08,P011,1,199.0,61.0,0.0
SYN-20251208-1-07,2025-12-08,P012,1,359.0,137.0,0.0
SYN-20251208-2-00,2025-12-08,P008,1,329.0,121.0,32.9
SYN-20251208-2-01,2025-12-08,P009,1,159.0,43.0,0.0
SYN-20251208-2-02,2025-12-08,P010,1,279.0,83.0,0.0
SYN-20251208-2-03,2025-12-08,P011,1,199.0,61.0,0.0
SYN-20251208-2-04,2025-12-08,P012,1,359.0,137.0,0.0
SYN-20251208-2-05,2025-12-08,P001,1,299.0,94.0,0.0
SYN-20251208-2-06,2025-12-08,P002,1,89.0,24.0,8.9
SYN-20251208-2-07,2025-12-08,P003,1,179.0,49.0,17.9
SYN-20251208-2-08,2025-12-08,P004,1,249.0,71.0,0.0
SYN-20251209-0-00,2025-12-09,P007,1,189.0,55.0,0.0
SYN-20251209-0-01,2025-12-09,P008,2,658.0,242.0,0.0
SYN-20251209-0-02,2025-12-09,P009,1,159.0,43.0,0.0
SYN-20251209-0-03,2025-12-09,P010,1,279.0,83.0,0.0
SYN-20251209-0-04,2025-12-09,P011,1,199.0,61.0,19.9
SYN-20251209-1-00,2025-12-09,P010,1,279.0,83.0,0.0
SYN-20251209-1-01,2025-12-09,P011,2,398.0,122.0,0.0
SYN-20251209-1-02,2025-12-09,P012,1,359.0,137.0,0.0
SYN-20251209-1-03,2025-12-09,P001,2,598.0,188.0,0.0
SYN-20251209-1-04,2025-12-09,P002,1,89.0,24.0,0.0
SYN-20251209-1-05,2025-12-09,P003,1,179.0,49.0,0.0
SYN-20251209-1-06,2025-12-09,P004,1,249.0,71.0,0.0
SYN-20251209-1-07,2025-12-09,P005,2,438.0,134.0,0.0
SYN-20251209-1-08,2025-12-09,P006,1,139.0,35.0,0.0
SYN-20251209-1-09,2025-12-09,P007,1,189.0,55.0,0.0
SYN-20251209-2-00,2025-12-09,P001,1,299.0,94.0,0.0
SYN-20251209-2-01,2025-12-09,P002,1,89.0,24.0,0.0
SYN-20251209-2-02,2025-12-09,P003,1,179.0,49.0,0.0
SYN-20251209-2-03,2025-12-09,P004,1,249.0,71.0,0.0
SYN-20251209-2-04,2025-12-09,P005,2,438.0,134.0,0.0
SYN-20251209-2-05,2025-12-09,P006,2,278.0,70.0,0.0
SYN-20251209-2-06,2025-12-09,P007,1,189.0,55.0,0.0
SYN-20251210-0-00,2025-12-10,P012,1,359.0,137.0,0.0
SYN-20251210-0-01,2025-12-10,P001,1,299.0,94.0,0.0
SYN-20251210-0-02,2025-12-10,P002,1,89.0,24.0,0.0
SYN-20251210-1-00,2025-12-10,P003,1,179.0,49.0,0.0
SYN-20251210-1-01,2025-12-10,P004,2,498.0,142.0,0.0
SYN-20251210-1-02,2025-12-10,P005,1,219.0,67.0,0.0
SYN-20251210-1-03,2025-12-10,P006,1,139.0,35.0,0.0
SYN-20251210-1-04,2025-12-10,P007,1,189.0,55.0,18.9
SYN-20251210-1-05,2025-12-10,P008,1,329.0,121.0,0.0
SYN-20251210-1-06,2025-12-10,P009,1,159.0,43.0,0.0
SYN-20251210-1-07,2025-12-10,P010,1,279.0,83.0,0.0
SYN-20251210-2-00,2025-12-10,P006,1,139.0,35.0,0.0
SYN-20251210-2-01,2025-12-10,P007,1,189.0,55.0,18.9
SYN-20251210-2-02,2025-12-10,P008,1,329.0,121.0,0.0
SYN-20251210-2-03,2025-12-10,P009,2,318.0,86.0,0.0
SYN-20251210-2-04,2025-12-10,P010,1,279.0,83.0,27.9
SYN-20251210-2-05,2025-12-10,P011,1,199.0,61.0,0.0
SYN-20251211-0-00,2025-12-11,P005,1,219.0,67.0,0.0
SYN-20251211-0-01,2025-12-11,P006,1,139.0,35.0,0.0
SYN-20251211-0-02,2025-12-11,P007,1,189.0,55.0,0.0
SYN-20251211-0-03,2025-12-11,P008,1,329.0,121.0,0.0
SYN-20251211-0-04,2025-12-11,P009,1,159.0,43.0,0.0
SYN-20251211-0-05,2025-12-11,P010,1,279.0,83.0,0.0
SYN-20251211-0-06,2025-12-11,P011,1,199.0,61.0,19.9
SYN-20251211-0-07,2025-12-11,P012,1,359.0,137.0,0.0
SYN-20251211-0-08,2025-12-11,P001,1,299.0,94.0,29.9
SYN-20251211-0-09,2025-12-11,P002,1,89.0,24.0,8.9
SYN-20251211-0-10,2025-12-11,P003,1,179.0,49.0,0.0
SYN-20251211-0-11,2025-12-11,P004,1,249.0,71.0,24.9
SYN-20251211-0-12,2025-12-11,P005,1,219.0,67.0,0.0
SYN-20251211-1-00,2025-12-11,P008,1,329.0,121.0,32.9
SYN-20251211-1-01,2025-12-11,P009,1,159.0,43.0,0.0
SYN-20251211-1-02,2025-12-11,P010,1,279.0,83.0,0.0
SYN-20251211-1-03,2025-12-11,P011,2,398.0,122.0,0.0
SYN-20251211-1-04,2025-12-11,P012,1,359.0,137.0,35.9
SYN-20251211-1-05,2025-12-11,P001,1,299.0,94.0,0.0
SYN-20251211-2-00,2025-12-11,P011,1,199.0,61.0,0.0
SYN-20251211-2-01,2025-12-11,P012,1,359.0,137.0,0.0
SYN-20251211-2-02,2025-12-11,P001,1,299.0,94.0,0.0
SYN-20251211-2-03,2025-12-11,P002,1,89.0,24.0,0.0
SYN-20251211-2-04,2025-12-11,P003,1,179.0,49.0,0.0
SYN-20251211-2-05,2025-12-11,P004,1,249.0,71.0,0.0
SYN-20251211-2-06,2025-12-11,P005,1,219.0,67.0,0.0
SYN-20251211-2-07,2025-12-11,P006,1,139.0,35.0,0.0
SYN-20251211-2-08,2025-12-11,P007,1,189.0,55.0,18.9
SYN-20251211-2-09,2025-12-11,P008,1,329.0,121.0,32.9
SYN-20251212-0-00,2025-12-12,P010,1,279.0,83.0,0.0
SYN-20251212-0-01,2025-12-12,P011,1,199.0,61.0,0.0
SYN-20251212-0-02,2025-12-12,P012,1,359.0,137.0,0.0
SYN-20251212-0-03,2025-12-12,P001,1,299.0,94.0,29.9
SYN-20251212-0-04,2025-12-12,P002,1,89.0,24.0,0.0
SYN-20251212-0-05,2025-12-12,P003,1,179.0,49.0,0.0
SYN-20251212-0-06,2025-12-12,P004,1,249.0,71.0,24.9
SYN-20251212-0-07,2025-12-12,P005,2,438.0,134.0,43.8
SYN-20251212-0-08,2025-12-12,P006,1,139.0,35.0,0.0
SYN-20251212-1-00,2025-12-12,P001,1,299.0,94.0,29.9
SYN-20251212-1-01,2025-12-12,P002,1,89.0,24.0,0.0
SYN-20251212-1-02,2025-12-12,P003,1,179.0,49.0,0.0
SYN-20251212-1-03,2025-12-12,P004,1,249.0,71.0,0.0
SYN-20251212-1-04,2025-12-12,P005,1,219.0,67.0,0.0
SYN-20251212-2-00,2025-12-12,P004,1,249.0,71.0,0.0
SYN-20251212-2-01,2025-12-12,P005,1,219.0,67.0,0.0
SYN-20251212-2-02,2025-12-12,P006,1,139.0,35.0,0.0
SYN-20251212-2-03,2025-12-12,P007,1,189.0,55.0,0.0
SYN-20251213-0-00,2025-12-13,P003,1,179.0,49.0,0.0
SYN-20251213-0-01,2025-12-13,P004,1,249.0,71.0,0.0
SYN-20251213-0-02,2025-12-13,P005,1,219.0,67.0,0.0
SYN-20251213-0-03,2025-12-13,P006,1,139.0,35.0,13.9
SYN-20251213-0-04,2025-12-13,P007,1,189.0,55.0,0.0
SYN-20251213-1-00,2025-12-13,P006,1,139.0,35.0,0.0
SYN-20251213-1-01,2025-12-13,P007,1,189.0,55.0,0.0
SYN-20251213-1-02,2025-12-13,P008,1,329.0,121.0,0.0
SYN-20251213-1-03,2025-12-13,P009,1,159.0,43.0,0.0
SYN-20251213-1-04,2025-12-13,P010,1,279.0,83.0,0.0
SYN-20251213-1-05,2025-12-13,P011,1,199.0,61.0,0.0
SYN-20251213-1-06,2025-12-13,P012,1,359.0,137.0,0.0
SYN-20251213-1-07,2025-12-13,P001,1,299.0,94.0,0.0
SYN-20251213-1-08,2025-12-13,P002,1,89.0,24.0,0.0
SYN-20251213-1-09,2025-12-13,P003,2,358.0,98.0,0.0
SYN-20251213-1-10,2025-12-13,P004,1,249.0,71.0,0.0
SYN-20251213-1-11,2025-12-13,P005,1,219.0,67.0,21.9
SYN-20251213-1-12,2025-12-13,P006,1,139.0,35.0,0.0
SYN-20251213-1-13,2025-12-13,P007,1,189.0,55.0,0.0
SYN-20251213-2-00,2025-12-13,P009,2,318.0,86.0,31.8
SYN-20251213-2-01,2025-12-13,P010,1,279.0,83.0,27.9
SYN-20251213-2-02,2025-12-13,P011,2,398.0,122.0,0.0
SYN-20251213-2-03,2025-12-13,P012,1,359.0,137.0,35.9
SYN-20251213-2-04,2025-12-13,P001,1,299.0,94.0,0.0
SYN-20251213-2-05,2025-12-13,P002,1,89.0,24.0,0.0
SYN-20251213-2-06,2025-12-13,P003,1,179.0,49.0,0.0
SYN-20251213-2-07,2025-12-13,P004,1,249.0,71.0,0.0
SYN-20251214-0-00,2025-12-14,P008,1,329.0,121.0,0.0
SYN-20251214-0-01,2025-12-14,P009,1,159.0,43.0,15.9
SYN-20251214-0-02,2025-12-14,P010,1,279.0,83.0,27.9
SYN-20251214-1-00,2025-12-14,P011,1,199.0,61.0,19.9
SYN-20251214-1-01,2025-12-14,P012,1,359.0,137.0,0.0
SYN-20251214-1-02,2025-12-14,P001,2,598.0,188.0,59.8
SYN-20251214-1-03,2025-12-14,P002,1,89.0,24.0,0.0
SYN-20251214-1-04,2025-12-14,P003,2,358.0,98.0,0.0
SYN-20251214-1-05,2025-12-14,P004,1,249.0,71.0,0.0
SYN-20251214-1-06,2025-12-14,P005,1,219.0,67.0,0.0
SYN-20251214-1-07,2025-12-14,P006,1,139.0,35.0,0.0
SYN-20251214-1-08,2025-12-14,P007,1,189.0,55.0,0.0
SYN-20251214-2-00,2025-12-14,P002,1,89.0,24.0,0.0
SYN-20251214-2-01,2025-12-14,P003,1,179.0,49.0,17.9
SYN-20251214-2-02,2025-12-14,P004,1,249.0,71.0,0.0
SYN-20251214-2-03,2025-12-14,P005,1,219.0,67.0,0.0
SYN-20251214-2-04,2025-12-14,P006,1,139.0,35.0,0.0
SYN-20251214-2-05,2025-12-14,P007,1,189.0,55.0,0.0
SYN-20251214-2-06,2025-12-14,P008,1,329.0,121.0,0.0
SYN-20251214-2-07,2025-12-14,P009,1,159.0,43.0,0.0
SYN-20251214-2-08,2025-12-14,P010,1,279.0,83.0,0.0
SYN-20251215-0-00,2025-12-15,P001,1,299.0,94.0,0.0
SYN-20251215-0-01,2025-12-15,P002,1,89.0,24.0,0.0
SYN-20251215-0-02,2025-12-15,P003,1,179.0,49.0,0.0
SYN-20251215-0-03,2025-12-15,P004,1,249.0,71.0,0.0
SYN-20251215-0-04,2025-12-15,P005,1,219.0,67.0,0.0
SYN-20251215-1-00,2025-12-15,P004,1,249.0,71.0,0.0
SYN-20251215-1-01,2025-12-15,P005,1,219.0,67.0,0.0
SYN-20251215-1-02,2025-12-15,P006,1,139.0,35.0,0.0
SYN-20251215-1-03,2025-12-15,P007,1,189.0,55.0,18.9
SYN-20251215-1-04,2025-12-15,P008,1,329.0,121.0,0.0
SYN-20251215-1-05,2025-12-15,P009,1,159.0,43.0,0.0
SYN-20251215-2-00,2025-12-15,P007,2,378.0,110.0,0.0
SYN-20251215-2-01,2025-12-15,P008,1,329.0,121.0,0.0
SYN-20251215-2-02,2025-12-15,P009,1,159.0,43.0,0.0
SYN-20251215-2-03,2025-12-15,P010,1,279.0,83.0,0.0
SYN-20251215-2-04,2025-12-15,P011,1,199.0,61.0,0.0
SYN-20251215-2-05,2025-12-15,P012,1,359.0,137.0,35.9
SYN-20251215-2-06,2025-12-15,P001,1,299.0,94.0,29.9
SYN-20251215-2-07,2025-12-15,P002,1,89.0,24.0,0.0
SYN-20251216-0-00,2025-12-16,P006,1,139.0,35.0,0.0
SYN-20251216-0-01,2025-12-16,P007,1,189.0,55.0,0.0
SYN-20251216-0-02,2025-12-16,P008,1,329.0,121.0,32.9
SYN-20251216-0-03,2025-12-16,P009,1,159.0,43.0,15.9
SYN-20251216-0-04,2025-12-16,P010,1,279.0,83.0,0.0
SYN-20251216-0-05,2025-12-16,P011,2,398.0,122.0,0.0
SYN-20251216-1-00,2025-12-16,P009,1,159.0,43.0,15.9
SYN-20251216-1-01,2025-12-16,P010,1,279.0,83.0,0.0
SYN-20251216-1-02,2025-12-16,P011,1,199.0,61.0,0.0
SYN-20251216-1-03,2025-12-16,P012,1,359.0,137.0,0.0
SYN-20251216-1-04,2025-12-16,P001,1,299.0,94.0,0.0
SYN-20251216-1-05,2025-12-16,P002,1,89.0,24.0,0.0
SYN-20251216-1-06,2025-12-16,P003,1,179.0,49.0,0.0
SYN-20251216-2-00,2025-12-16,P012,1,359.0,137.0,0.0
SYN-20251216-2-01,2025-12-16,P001,1,299.0,94.0,0.0
SYN-20251216-2-02,2025-12-16,P002,1,89.0,24.0,0.0
SYN-20251216-2-03,2025-12-16,P003,1,179.0,49.0,0.0
SYN-20251216-2-04,2025-12-16,P004,2,498.0,142.0,0.0
SYN-20251216-2-05,2025-12-16,P005,1,219.0,67.0,0.0
SYN-20251216-2-06,2025-12-16,P006,1,139.0,35.0,13.9
SYN-20251216-2-07,2025-12-16,P007,1,189.0,55.0,18.9
SYN-20251216-2-08,2025-12-16,P008,1,329.0,121.0,32.9
SYN-20251216-2-09,2025-12-16,P009,1,159.0,43.0,0.0
SYN-20251216-2-10,2025-12-16,P010,1,279.0,83.0,0.0
SYN-20251216-2-11,2025-12-16,P011,1,199.0,61.0,0.0
SYN-20251217-0-00,2025-12-17,P011,1,199.0,61.0,0.0
SYN-20251217-0-01,2025-12-17,P012,1,359.0,137.0,0.0
SYN-20251217-0-02,2025-12-17,P001,1,299.0,94.0,29.9
SYN-20251217-0-03,2025-12-17,P002,2,178.0,48.0,0.0
SYN-20251217-0-04,2025-12-17,P003,1,179.0,49.0,0.0
SYN-20251217-0-05,2025-12-17,P004,1,249.0,71.0,24.9
SYN-20251217-0-06,2025-12-17,P005,1,219.0,67.0,0.0
SYN-20251217-1-00,2025-12-17,P002,1,89.0,24.0,0.0
SYN-20251217-1-01,2025-12-17,P003,1,179.0,49.0,17.9
SYN-20251217-1-02,2025-12-17,P004,1,249.0,71.0,0.0
SYN-20251217-1-03,2025-12-17,P005,1,219.0,67.0,0.0
SYN-20251217-1-04,2025-12-17,P006,1,139.0,35.0,0.0
SYN-20251217-1-05,2025-12-17,P007,1,189.0,55.0,0.0
SYN-20251217-1-06,2025-12-17,P008,1,329.0,121.0,0.0
SYN-20251217-2-00,2025-12-17,P005,1,219.0,67.0,0.0
SYN-20251217-2-01,2025-12-17,P006,1,139.0,35.0,0.0
SYN-20251217-2-02,2025-12-17,P007,1,189.0,55.0,0.0
SYN-20251217-2-03,2025-12-17,P008,1,329.0,121.0,0.0
SYN-20251217-2-04,2025-12-17,P009,2,318.0,86.0,0.0
SYN-20251217-2-05,2025-12-17,P010,1,279.0,83.0,0.0
SYN-20251217-2-06,2025-12-17,P011,1,199.0,61.0,19.9
SYN-20251218-0-00,2025-12-18,P004,1,249.0,71.0,0.0
SYN-20251218-0-01,2025-12-18,P005,1,219.0,67.0,0.0
SYN-20251218-0-02,2025-12-18,P006,1,139.0,35.0,0.0
SYN-20251218-0-03,2025-12-18,P007,1,189.0,55.0,0.0
SYN-20251218-0-04,2025-12-18,P008,1,329.0,121.0,0.0
SYN-20251218-0-05,2025-12-18,P009,1,159.0,43.0,0.0
SYN-20251218-0-06,2025-12-18,P010,1,279.0,83.0,0.0
SYN-20251218-1-00,2025-12-18,P007,2,378.0,110.0,37.8
SYN-20251218-1-01,2025-12-18,P008,1,329.0,121.0,0.0
SYN-20251218-1-02,2025-12-18,P009,1,159.0,43.0,0.0
SYN-20251218-1-03,2025-12-18,P010,2,558.0,166.0,0.0
SYN-20251218-1-04,2025-12-18,P011,1,199.0,61.0,0.0
SYN-20251218-1-05,2025-12-18,P012,1,359.0,137.0,0.0
SYN-20251218-1-06,2025-12-18,P001,1,299.0,94.0,0.0
SYN-20251218-1-07,2025-12-18,P002,1,89.0,24.0,8.9
SYN-20251218-2-00,2025-12-18,P010,1,279.0,83.0,27.9
SYN-20251218-2-01,2025-12-18,P011,1,199.0,61.0,0.0
SYN-20251218-2-02,2025-12-18,P012,1,359.0,137.0,0.0
SYN-20251218-2-03,2025-12-18,P001,1,299.0,94.0,0.0
SYN-20251218-2-04,2025-12-18,P002,1,89.0,24.0,0.0
SYN-20251218-2-05,2025-12-18,P003,1,179.0,49.0,0.0
SYN-20251218-2-06,2025-12-18,P004,1,249.0,71.0,24.9
SYN-20251218-2-07,2025-12-18,P005,1,219.0,67.0,0.0
SYN-20251219-0-00,2025-12-19,P009,1,159.0,43.0,15.9
SYN-20251219-0-01,2025-12-19,P010,1,279.0,83.0,0.0
SYN-20251219-0-02,2025-12-19,P011,1,199.0,61.0,0.0
SYN-20251219-0-03,2025-12-19,P012,1,359.0,137.0,0.0
SYN-20251219-0-04,2025-12-19,P001,1,299.0,94.0,0.0
SYN-20251219-0-05,2025-12-19,P002,1,89.0,24.0,0.0
SYN-20251219-0-06,2025-12-19,P003,1,179.0,49.0,0.0
SYN-20251219-0-07,2025-12-19,P004,1,249.0,71.0,0.0
SYN-20251219-0-08,2025-12-19,P005,2,438.0,134.0,43.8
SYN-20251219-0-09,2025-12-19,P006,1,139.0,35.0,0.0
SYN-20251219-0-10,2025-12-19,P007,1,189.0,55.0,18.9
SYN-20251219-0-11,2025-12-19,P008,1,329.0,121.0,0.0
SYN-20251219-0-12,2025-12-19,P009,1,159.0,43.0,0.0
SYN-20251219-1-00,2025-12-19,P012,1,359.0,137.0,0.0
SYN-20251219-1-01,2025-12-19,P001,1,299.0,94.0,0.0
SYN-20251219-1-02,2025-12-19,P002,1,89.0,24.0,0.0
SYN-20251219-1-03,2025-12-19,P003,1,179.0,49.0,0.0
SYN-20251219-1-04,2025-12-19,P004,1,249.0,71.0,0.0
SYN-20251219-1-05,2025-12-19,P005,1,219.0,67.0,0.0
SYN-20251219-1-06,2025-12-19,P006,1,139.0,35.0,0.0
SYN-20251219-2-00,2025-12-19,P003,1,179.0,49.0,17.9
SYN-20251219-2-01,2025-12-19,P004,1,249.0,71.0,0.0
SYN-20251219-2-02,2025-12-19,P005,2,438.0,134.0,0.0
SYN-20251219-2-03,2025-12-19,P006,1,139.0,35.0,0.0
SYN-20251219-2-04,2025-12-19,P007,1,189.0,55.0,0.0
SYN-20251219-2-05,2025-12-19,P008,1,329.0,121.0,0.0
SYN-20251219-2-06,2025-12-19,P009,1,159.0,43.0,0.0
SYN-20251220-0-00,2025-12-20,P002,1,89.0,24.0,0.0
SYN-20251220-0-01,2025-12-20,P003,2,358.0,98.0,0.0
SYN-20251220-0-02,2025-12-20,P004,1,249.0,71.0,24.9
SYN-20251220-0-03,2025-12-20,P005,1,219.0,67.0,0.0
SYN-20251220-0-04,2025-12-20,P006,2,278.0,70.0,0.0
SYN-20251220-0-05,2025-12-20,P007,1,189.0,55.0,0.0
SYN-20251220-0-06,2025-12-20,P008,1,329.0,121.0,0.0
SYN-20251220-0-07,2025-12-20,P009,1,159.0,43.0,15.9
SYN-20251220-0-08,2025-12-20,P010,1,279.0,83.0,0.0
SYN-20251220-0-09,2025-12-20,P011,1,199.0,61.0,0.0
SYN-20251220-1-00,2025-12-20,P005,1,219.0,67.0,21.9
SYN-20251220-1-01,2025-12-20,P006,1,139.0,35.0,13.9
SYN-20251220-1-02,2025-12-20,P007,1,189.0,55.0,18.9
SYN-20251220-1-03,2025-12-20,P008,2,658.0,242.0,0.0
SYN-20251220-1-04,2025-12-20,P009,1,159.0,43.0,15.9
SYN-20251220-1-05,2025-12-20,P010,2,558.0,166.0,0.0
SYN-20251220-1-06,2025-12-20,P011,1,199.0,61.0,0.0
SYN-20251220-1-07,2025-12-20,P012,1,359.0,137.0,0.0
SYN-20251220-1-08,2025-12-20,P001,1,299.0,94.0,29.9
SYN-20251220-1-09,2025-12-20,P002,1,89.0,24.0,0.0
SYN-20251220-1-10,2025-12-20,P003,1,179.0,49.0,17.9
SYN-20251220-1-11,2025-12-20,P004,1,249.0,71.0,24.9
SYN-20251220-1-12,2025-12-20,P005,1,219.0,67.0,0.0
SYN-20251220-1-13,2025-12-20,P006,1,139.0,35.0,13.9
SYN-20251220-1-14,2025-12-20,P007,1,189.0,55.0,18.9
SYN-20251220-1-15,2025-12-20,P008,1,329.0,121.0,0.0
SYN-20251220-1-16,2025-12-20,P009,1,159.0,43.0,0.0
SYN-20251220-1-17,2025-12-20,P010,1,279.0,83.0,0.0
SYN-20251220-2-00,2025-12-20,P008,1,329.0,121.0,32.9
SYN-20251220-2-01,2025-12-20,P009,1,159.0,43.0,0.0
SYN-20251220-2-02,2025-12-20,P010,1,279.0,83.0,27.9
SYN-20251220-2-03,2025-12-20,P011,1,199.0,61.0,0.0
SYN-20251220-2-04,2025-12-20,P012,1,359.0,137.0,0.0
SYN-20251220-2-05,2025-12-20,P001,1,299.0,94.0,0.0
SYN-20251220-2-06,2025-12-20,P002,1,89.0,24.0,0.0
SYN-20251221-0-00,2025-12-21,P007,2,378.0,110.0,0.0
SYN-20251221-0-01,2025-12-21,P008,1,329.0,121.0,0.0
SYN-20251221-0-02,2025-12-21,P009,1,159.0,43.0,0.0
SYN-20251221-0-03,2025-12-21,P010,1,279.0,83.0,0.0
SYN-20251221-0-04,2025-12-21,P011,1,199.0,61.0,19.9
SYN-20251221-0-05,2025-12-21,P012,1,359.0,137.0,0.0
SYN-20251221-1-00,2025-12-21,P010,1,279.0,83.0,27.9
SYN-20251221-1-01,2025-12-21,P011,1,199.0,61.0,0.0
SYN-20251221-1-02,2025-12-21,P012,1,359.0,137.0,0.0
SYN-20251221-1-03,2025-12-21,P001,1,299.0,94.0,0.0
SYN-20251221-1-04,2025-12-21,P002,1,89.0,24.0,0.0
SYN-20251221-1-05,2025-12-21,P003,1,179.0,49.0,0.0
SYN-20251221-1-06,2025-12-21,P004,1,249.0,71.0,0.0
SYN-20251221-1-07,2025-12-21,P005,1,219.0,67.0,0.0
SYN-20251221-2-00,2025-12-21,P001,2,598.0,188.0,0.0
SYN-20251221-2-01,2025-12-21,P002,2,178.0,48.0,0.0
SYN-20251221-2-02,2025-12-21,P003,1,179.0,49.0,0.0
SYN-20251221-2-03,2025-12-21,P004,1,249.0,71.0,0.0
SYN-20251221-2-04,2025-12-21,P005,1,219.0,67.0,0.0
SYN-20251221-2-05,2025-12-21,P006,2,278.0,70.0,0.0
SYN-20251221-2-06,2025-12-21,P007,1,189.0,55.0,0.0
SYN-20251221-2-07,2025-12-21,P008,1,329.0,121.0,0.0
SYN-20251222-0-00,2025-12-22,P012,1,359.0,137.0,0.0
SYN-20251222-0-01,2025-12-22,P001,2,598.0,188.0,0.0
SYN-20251222-0-02,2025-12-22,P002,1,89.0,24.0,0.0
SYN-20251222-0-03,2025-12-22,P003,1,179.0,49.0,0.0
SYN-20251222-0-04,2025-12-22,P004,1,249.0,71.0,0.0
SYN-20251222-0-05,2025-12-22,P005,1,219.0,67.0,0.0
SYN-20251222-1-00,2025-12-22,P003,1,179.0,49.0,17.9
SYN-20251222-1-01,2025-12-22,P004,1,249.0,71.0,0.0
SYN-20251222-1-02,2025-12-22,P005,1,219.0,67.0,0.0
SYN-20251222-1-03,2025-12-22,P006,1,139.0,35.0,0.0
SYN-20251222-1-04,2025-12-22,P007,1,189.0,55.0,0.0
SYN-20251222-1-05,2025-12-22,P008,1,329.0,121.0,32.9
SYN-20251222-2-00,2025-12-22,P006,1,139.0,35.0,0.0
SYN-20251222-2-01,2025-12-22,P007,1,189.0,55.0,0.0
SYN-20251222-2-02,2025-12-22,P008,1,329.0,121.0,0.0
SYN-20251222-2-03,2025-12-22,P009,1,159.0,43.0,0.0
SYN-20251222-2-04,2025-12-22,P010,1,279.0,83.0,0.0
SYN-20251222-2-05,2025-12-22,P011,1,199.0,61.0,0.0
SYN-20251222-2-06,2025-12-22,P012,1,359.0,137.0,0.0
SYN-20251223-0-00,2025-12-23,P005,1,219.0,67.0,0.0
SYN-20251223-0-01,2025-12-23,P006,1,139.0,35.0,13.9
SYN-20251223-0-02,2025-12-23,P007,1,189.0,55.0,0.0
SYN-20251223-0-03,2025-12-23,P008,1,329.0,121.0,0.0
SYN-20251223-0-04,2025-12-23,P009,1,159.0,43.0,0.0
SYN-20251223-0-05,2025-12-23,P010,1,279.0,83.0,0.0
SYN-20251223-0-06,2025-12-23,P011,1,199.0,61.0,0.0
SYN-20251223-0-07,2025-12-23,P012,2,718.0,274.0,0.0
SYN-20251223-1-00,2025-12-23,P008,1,329.0,121.0,32.9
SYN-20251223-1-01,2025-12-23,P009,1,159.0,43.0,0.0
SYN-20251223-1-02,2025-12-23,P010,1,279.0,83.0,27.9
SYN-20251223-1-03,2025-12-23,P011,1,199.0,61.0,0.0
SYN-20251223-2-00,2025-12-23,P011,1,199.0,61.0,0.0
SYN-20251223-2-01,2025-12-23,P012,1,359.0,137.0,0.0
SYN-20251223-2-02,2025-12-23,P001,1,299.0,94.0,0.0
SYN-20251223-2-03,2025-12-23,P002,1,89.0,24.0,0.0
SYN-20251223-2-04,2025-12-23,P003,1,179.0,49.0,0.0
SYN-20251224-0-00,2025-12-24,P010,1,279.0,83.0,0.0
SYN-20251224-0-01,2025-12-24,P011,1,199.0,61.0,0.0
SYN-20251224-0-02,2025-12-24,P012,1,359.0,137.0,0.0
SYN-20251224-0-03,2025-12-24,P001,1,299.0,94.0,0.0
SYN-20251224-0-04,2025-12-24,P002,1,89.0,24.0,8.9
SYN-20251224-0-05,2025-12-24,P003,1,179.0,49.0,0.0
SYN-20251224-0-06,2025-12-24,P004,1,249.0,71.0,24.9
SYN-20251224-0-07,2025-12-24,P005,1,219.0,67.0,0.0
SYN-20251224-0-08,2025-12-24,P006,1,139.0,35.0,0.0
SYN-20251224-0-09,2025-12-24,P007,1,189.0,55.0,0.0
SYN-20251224-0-10,2025-12-24,P008,1,329.0,121.0,0.0
SYN-20251224-0-11,2025-12-24,P009,1,159.0,43.0,0.0
SYN-20251224-1-00,2025-12-24,P001,1,299.0,94.0,29.9
SYN-20251224-1-01,2025-12-24,P002,1,89.0,24.0,0.0
SYN-20251224-1-02,2025-12-24,P003,1,179.0,49.0,0.0
SYN-20251224-1-03,2025-12-24,P004,1,249.0,71.0,24.9
SYN-20251224-1-04,2025-12-24,P005,1,219.0,67.0,21.9
SYN-20251224-1-05,2025-12-24,P006,1,139.0,35.0,0.0
SYN-20251224-1-06,2025-12-24,P007,1,189.0,55.0,0.0
SYN-20251224-2-00,2025-12-24,P004,1,249.0,71.0,0.0
SYN-20251224-2-01,2025-12-24,P005,1,219.0,67.0,0.0
SYN-20251224-2-02,2025-12-24,P006,1,139.0,35.0,0.0
SYN-20251224-2-03,2025-12-24,P007,2,378.0,110.0,0.0
SYN-20251225-0-00,2025-12-25,P003,1,179.0,49.0,17.9
SYN-20251225-0-01,2025-12-25,P004,1,249.0,71.0,0.0
SYN-20251225-0-02,2025-12-25,P005,1,219.0,67.0,0.0
SYN-20251225-0-03,2025-12-25,P006,1,139.0,35.0,0.0
SYN-20251225-0-04,2025-12-25,P007,1,189.0,55.0,0.0
SYN-20251225-0-05,2025-12-25,P008,1,329.0,121.0,0.0
SYN-20251225-0-06,2025-12-25,P009,1,159.0,43.0,0.0
SYN-20251225-0-07,2025-12-25,P010,1,279.0,83.0,27.9
SYN-20251225-1-00,2025-12-25,P006,1,139.0,35.0,0.0
SYN-20251225-1-01,2025-12-25,P007,1,189.0,55.0,0.0
SYN-20251225-1-02,2025-12-25,P008,1,329.0,121.0,0.0
SYN-20251225-1-03,2025-12-25,P009,1,159.0,43.0,15.9
SYN-20251225-1-04,2025-12-25,P010,1,279.0,83.0,27.9
SYN-20251225-1-05,2025-12-25,P011,2,398.0,122.0,0.0
SYN-20251225-1-06,2025-12-25,P012,1,359.0,137.0,0.0
SYN-20251225-1-07,2025-12-25,P001,1,299.0,94.0,29.9
SYN-20251225-1-08,2025-12-25,P002,1,89.0,24.0,0.0
SYN-20251225-2-00,2025-12-25,P009,1,159.0,43.0,0.0
SYN-20251225-2-01,2025-12-25,P010,1,279.0,83.0,0.0
SYN-20251225-2-02,2025-12-25,P011,1,199.0,61.0,0.0
SYN-20251225-2-03,2025-12-25,P012,1,359.0,137.0,0.0
SYN-20251225-2-04,2025-12-25,P001,1,299.0,94.0,0.0
SYN-20251225-2-05,2025-12-25,P002,1,89.0,24.0,8.9
SYN-20251225-2-06,2025-12-25,P003,1,179.0,49.0,0.0
SYN-20251225-2-07,2025-12-25,P004,1,249.0,71.0,0.0
SYN-20251225-2-08,2025-12-25,P005,1,219.0,67.0,0.0
SYN-20251225-2-09,2025-12-25,P006,1,139.0,35.0,13.9
SYN-20251225-2-10,2025-12-25,P007,1,189.0,55.0,0.0
SYN-20251226-0-00,2025-12-26,P008,1,329.0,121.0,0.0
SYN-20251226-0-01,2025-12-26,P009,1,159.0,43.0,15.9
SYN-20251226-0-02,2025-12-26,P010,1,279.0,83.0,0.0
SYN-20251226-0-03,2025-12-26,P011,1,199.0,61.0,0.0
SYN-20251226-0-04,2025-12-26,P012,1,359.0,137.0,0.0
SYN-20251226-0-05,2025-12-26,P001,1,299.0,94.0,0.0
SYN-20251226-0-06,2025-12-26,P002,1,89.0,24.0,8.9
SYN-20251226-0-07,2025-12-26,P003,1,179.0,49.0,17.9
SYN-20251226-1-00,2025-12-26,P011,1,199.0,61.0,19.9
SYN-20251226-1-01,2025-12-26,P012,1,359.0,137.0,35.9
SYN-20251226-1-02,2025-12-26,P001,1,299.0,94.0,29.9
SYN-20251226-1-03,2025-12-26,P002,1,89.0,24.0,0.0
SYN-20251226-1-04,2025-12-26,P003,1,179.0,49.0,17.9
SYN-20251226-1-05,2025-12-26,P004,1,249.0,71.0,24.9
SYN-20251226-1-06,2025-12-26,P005,1,219.0,67.0,21.9
SYN-20251226-1-07,2025-12-26,P006,1,139.0,35.0,0.0
SYN-20251226-1-08,2025-12-26,P007,1,189.0,55.0,0.0
SYN-20251226-1-09,2025-12-26,P008,1,329.0,121.0,0.0
SYN-20251226-1-10,2025-12-26,P009,1,159.0,43.0,0.0
SYN-20251226-1-11,2025-12-26,P010,1,279.0,83.0,0.0
SYN-20251226-1-12,2025-12-26,P011,1,199.0,61.0,0.0
SYN-20251226-2-00,2025-12-26,P002,1,89.0,24.0,0.0
SYN-20251226-2-01,2025-12-26,P003,1,179.0,49.0,0.0
SYN-20251226-2-02,2025-12-26,P004,1,249.0,71.0,0.0
SYN-20251226-2-03,2025-12-26,P005,1,219.0,67.0,0.0
SYN-20251226-2-04,2025-12-26,P006,1,139.0,35.0,13.9
SYN-20251226-2-05,2025-12-26,P007,1,189.0,55.0,18.9
SYN-20251226-2-06,2025-12-26,P008,1,329.0,121.0,0.0
SYN-20251226-2-07,2025-12-26,P009,1,159.0,43.0,15.9
SYN-20251227-0-00,2025-12-27,P001,1,299.0,94.0,0.0
SYN-20251227-0-01,2025-12-27,P002,1,89.0,24.0,0.0
SYN-20251227-0-02,2025-12-27,P003,1,179.0,49.0,17.9
SYN-20251227-0-03,2025-12-27,P004,1,249.0,71.0,0.0
SYN-20251227-0-04,2025-12-27,P005,1,219.0,67.0,0.0
SYN-20251227-0-05,2025-12-27,P006,1,139.0,35.0,13.9
SYN-20251227-0-06,2025-12-27,P007,1,189.0,55.0,0.0
SYN-20251227-1-00,2025-12-27,P004,2,498.0,142.0,49.8
SYN-20251227-1-01,2025-12-27,P005,2,438.0,134.0,0.0
SYN-20251227-1-02,2025-12-27,P006,1,139.0,35.0,0.0
SYN-20251227-1-03,2025-12-27,P007,1,189.0,55.0,0.0
SYN-20251227-1-04,2025-12-27,P008,1,329.0,121.0,0.0
SYN-20251227-2-00,2025-12-27,P007,1,189.0,55.0,0.0
SYN-20251227-2-01,2025-12-27,P008,1,329.0,121.0,0.0
SYN-20251227-2-02,2025-12-27,P009,1,159.0,43.0,0.0
SYN-20251227-2-03,2025-12-27,P010,1,279.0,83.0,0.0
SYN-20251227-2-04,2025-12-27,P011,1,199.0,61.0,0.0
SYN-20251227-2-05,2025-12-27,P012,1,359.0,137.0,0.0
SYN-20251227-2-06,2025-12-27,P001,1,299.0,94.0,0.0
SYN-20251227-2-07,2025-12-27,P002,2,178.0,48.0,0.0
SYN-20251227-2-08,2025-12-27,P003,1,179.0,49.0,0.0
SYN-20251228-0-00,2025-12-28,P006,1,139.0,35.0,0.0
SYN-20251228-0-01,2025-12-28,P007,2,378.0,110.0,0.0
SYN-20251228-0-02,2025-12-28,P008,1,329.0,121.0,0.0
SYN-20251228-0-03,2025-12-28,P009,1,159.0,43.0,0.0
SYN-20251228-0-04,2025-12-28,P010,1,279.0,83.0,0.0
SYN-20251228-1-00,2025-12-28,P009,1,159.0,43.0,15.9
SYN-20251228-1-01,2025-12-28,P010,1,279.0,83.0,27.9
SYN-20251228-1-02,2025-12-28,P011,1,199.0,61.0,0.0
SYN-20251228-1-03,2025-12-28,P012,1,359.0,137.0,35.9
SYN-20251228-2-00,2025-12-28,P012,1,359.0,137.0,0.0
SYN-20251228-2-01,2025-12-28,P001,1,299.0,94.0,0.0
SYN-20251228-2-02,2025-12-28,P002,1,89.0,24.0,0.0
SYN-20251228-2-03,2025-12-28,P003,1,179.0,49.0,0.0
SYN-20251228-2-04,2025-12-28,P004,1,249.0,71.0,0.0
SYN-20251228-2-05,2025-12-28,P005,1,219.0,67.0,0.0
SYN-20251228-2-06,2025-12-28,P006,1,139.0,35.0,0.0
SYN-20251229-0-00,2025-12-29,P011,1,199.0,61.0,0.0
SYN-20251229-0-01,2025-12-29,P012,1,359.0,137.0,0.0
SYN-20251229-0-02,2025-12-29,P001,1,299.0,94.0,0.0
SYN-20251229-0-03,2025-12-29,P002,2,178.0,48.0,0.0
SYN-20251229-0-04,2025-12-29,P003,1,179.0,49.0,0.0
SYN-20251229-0-05,2025-12-29,P004,1,249.0,71.0,0.0
SYN-20251229-0-06,2025-12-29,P005,1,219.0,67.0,21.9
SYN-20251229-0-07,2025-12-29,P006,1,139.0,35.0,0.0
SYN-20251229-0-08,2025-12-29,P007,1,189.0,55.0,0.0
SYN-20251229-0-09,2025-12-29,P008,1,329.0,121.0,0.0
SYN-20251229-1-00,2025-12-29,P002,1,89.0,24.0,0.0
SYN-20251229-1-01,2025-12-29,P003,1,179.0,49.0,0.0
SYN-20251229-1-02,2025-12-29,P004,1,249.0,71.0,0.0
SYN-20251229-1-03,2025-12-29,P005,1,219.0,67.0,0.0
SYN-20251229-1-04,2025-12-29,P006,1,139.0,35.0,13.9
SYN-20251229-1-05,2025-12-29,P007,1,189.0,55.0,0.0
SYN-20251229-2-00,2025-12-29,P005,1,219.0,67.0,0.0
SYN-20251229-2-01,2025-12-29,P006,1,139.0,35.0,13.9
SYN-20251229-2-02,2025-12-29,P007,1,189.0,55.0,0.0
SYN-20251229-2-03,2025-12-29,P008,1,329.0,121.0,0.0
SYN-20251229-2-04,2025-12-29,P009,1,159.0,43.0,0.0
SYN-20251229-2-05,2025-12-29,P010,1,279.0,83.0,0.0
SYN-20251229-2-06,2025-12-29,P011,1,199.0,61.0,0.0
SYN-20251229-2-07,2025-12-29,P012,1,359.0,137.0,0.0
SYN-20251229-2-08,2025-12-29,P001,1,299.0,94.0,0.0
SYN-20251229-2-09,2025-12-29,P002,1,89.0,24.0,0.0
SYN-20251229-2-10,2025-12-29,P003,1,179.0,49.0,17.9
SYN-20251230-0-00,2025-12-30,P004,1,249.0,71.0,0.0
SYN-20251230-0-01,2025-12-30,P005,1,219.0,67.0,0.0
SYN-20251230-0-02,2025-12-30,P006,1,139.0,35.0,0.0
SYN-20251230-0-03,2025-12-30,P007,1,189.0,55.0,0.0
SYN-20251230-0-04,2025-12-30,P008,1,329.0,121.0,0.0
SYN-20251230-0-05,2025-12-30,P009,1,159.0,43.0,0.0
SYN-20251230-0-06,2025-12-30,P010,1,279.0,83.0,27.9
SYN-20251230-0-07,2025-12-30,P011,1,199.0,61.0,0.0
SYN-20251230-0-08,2025-12-30,P012,1,359.0,137.0,0.0
SYN-20251230-1-00,2025-12-30,P007,1,189.0,55.0,0.0
SYN-20251230-1-01,2025-12-30,P008,1,329.0,121.0,0.0
SYN-20251230-1-02,2025-12-30,P009,1,159.0,43.0,0.0
SYN-20251230-1-03,2025-12-30,P010,1,279.0,83.0,27.9
SYN-20251230-1-04,2025-12-30,P011,1,199.0,61.0,0.0
SYN-20251230-1-05,2025-12-30,P012,1,359.0,137.0,0.0
SYN-20251230-2-00,2025-12-30,P010,1,279.0,83.0,0.0
SYN-20251230-2-01,2025-12-30,P011,1,199.0,61.0,0.0
SYN-20251230-2-02,2025-12-30,P012,1,359.0,137.0,35.9
SYN-20251230-2-03,2025-12-30,P001,1,299.0,94.0,29.9
SYN-20251230-2-04,2025-12-30,P002,1,89.0,24.0,0.0
SYN-20251230-2-05,2025-12-30,P003,1,179.0,49.0,0.0
SYN-20251230-2-06,2025-12-30,P004,1,249.0,71.0,0.0
SYN-20251230-2-07,2025-12-30,P005,2,438.0,134.0,0.0
SYN-20251230-2-08,2025-12-30,P006,1,139.0,35.0,13.9
SYN-20251230-2-09,2025-12-30,P007,1,189.0,55.0,0.0
SYN-20251230-2-10,2025-12-30,P008,1,329.0,121.0,0.0
SYN-20251230-2-11,2025-12-30,P009,1,159.0,43.0,0.0
SYN-20251230-2-12,2025-12-30,P010,2,558.0,166.0,0.0
SYN-20251231-0-00,2025-12-31,P009,1,159.0,43.0,0.0
SYN-20251231-0-01,2025-12-31,P010,1,279.0,83.0,0.0
SYN-20251231-0-02,2025-12-31,P011,2,398.0,122.0,0.0
SYN-20251231-0-03,2025-12-31,P012,1,359.0,137.0,0.0
SYN-20251231-0-04,2025-12-31,P001,1,299.0,94.0,0.0
SYN-20251231-0-05,2025-12-31,P002,1,89.0,24.0,0.0
SYN-20251231-0-06,2025-12-31,P003,1,179.0,49.0,0.0
SYN-20251231-1-00,2025-12-31,P012,1,359.0,137.0,0.0
SYN-20251231-1-01,2025-12-31,P001,1,299.0,94.0,29.9
SYN-20251231-1-02,2025-12-31,P002,1,89.0,24.0,0.0
SYN-20251231-1-03,2025-12-31,P003,1,179.0,49.0,0.0
SYN-20251231-1-04,2025-12-31,P004,1,249.0,71.0,0.0
SYN-20251231-1-05,2025-12-31,P005,1,219.0,67.0,0.0
SYN-20251231-2-00,2025-12-31,P003,1,179.0,49.0,17.9
SYN-20251231-2-01,2025-12-31,P004,1,249.0,71.0,24.9
SYN-20251231-2-02,2025-12-31,P005,1,219.0,67.0,0.0
SYN-20251231-2-03,2025-12-31,P006,1,139.0,35.0,0.0
SYN-20251231-2-04,2025-12-31,P007,1,189.0,55.0,0.0
SYN-20251231-2-05,2025-12-31,P008,1,329.0,121.0,32.9
SYN-20251231-2-06,2025-12-31,P009,1,159.0,43.0,0.0
SYN-20251231-2-07,2025-12-31,P010,2,558.0,166.0,0.0
